Kategori;Seri;Model;Özet;Sitede;Satışa sunulsun (E/H);Liste fiyatı (KDV hariç);Para birimi;İndirim %
Anahtarlamalı güç kaynakları (SMPS);SPA;SPA-030-05;30 W, çıkış 5 VDC / 6 A, giriş 100–240 VAC;;;;USD;
Anahtarlamalı güç kaynakları (SMPS);SPA;SPA-030-12;30 W, çıkış 12 VDC / 2,5 A, giriş 100–240 VAC;;;;USD;
Anahtarlamalı güç kaynakları (SMPS);SPA;SPA-030-24;30 W, çıkış 24 VDC / 1,5 A, giriş 100–240 VAC;;;;USD;
Anahtarlamalı güç kaynakları (SMPS);SPA;SPA-050-05;50 W, çıkış 5 VDC / 10 A, giriş 100–240 VAC;;;;USD;
Anahtarlamalı güç kaynakları (SMPS);SPA;SPA-050-12;50 W, çıkış 12 VDC / 4,2 A, giriş 100–240 VAC;;;;USD;
Anahtarlamalı güç kaynakları (SMPS);SPA;SPA-050-24;50 W, çıkış 24 VDC / 2,1 A, giriş 100–240 VAC;;;;USD;
Anahtarlamalı güç kaynakları (SMPS);SPA;SPA-075-05;75 W, çıkış 5 VDC / 15 A, giriş 100–120 / 200–240 VAC;;;;USD;
Anahtarlamalı güç kaynakları (SMPS);SPA;SPA-075-12;75 W, çıkış 12 VDC / 6,3 A, giriş 100–120 / 200–240 VAC;;;;USD;
Anahtarlamalı güç kaynakları (SMPS);SPA;SPA-075-24;75 W, çıkış 24 VDC / 3,2 A, giriş 100–120 / 200–240 VAC;;;;USD;
Anahtarlamalı güç kaynakları (SMPS);SPA;SPA-100-05;100 W, çıkış 5 VDC / 20 A, giriş 100–120 / 200–240 VAC;;;;USD;
Anahtarlamalı güç kaynakları (SMPS);SPA;SPA-100-12;100 W, çıkış 12 VDC / 8,5 A, giriş 100–120 / 200–240 VAC;;;;USD;
Anahtarlamalı güç kaynakları (SMPS);SPA;SPA-100-24;100 W, çıkış 24 VDC / 4,2 A, giriş 100–120 / 200–240 VAC;;;;USD;
Anahtarlamalı güç kaynakları (SMPS);SPA;SPA-400-24;400,8 W, çıkış 24 VDC / 16,7 A, giriş 200–240 VAC;;;;USD;
Anahtarlamalı güç kaynakları (SMPS);SPB-A;SPB-A015-05;DIN ray, 15 W, çıkış 5 VDC, giriş 100–240 VAC / 90–350 VDC (model kodundan);;;;USD;
Anahtarlamalı güç kaynakları (SMPS);SPB-A;SPB-A015-12;DIN ray, 15 W, çıkış 12 VDC, giriş 100–240 VAC / 90–350 VDC (model kodundan);;;;USD;
Anahtarlamalı güç kaynakları (SMPS);SPB-A;SPB-A015-24;DIN ray, 15 W, çıkış 24 VDC, giriş 100–240 VAC / 90–350 VDC (model kodundan);;;;USD;
Anahtarlamalı güç kaynakları (SMPS);SPB-A;SPB-A030-05;DIN ray, 30 W, çıkış 5 VDC, giriş 100–240 VAC / 90–350 VDC (model kodundan);;;;USD;
Anahtarlamalı güç kaynakları (SMPS);SPB-A;SPB-A030-12;DIN ray, 30 W, çıkış 12 VDC, giriş 100–240 VAC / 90–350 VDC (model kodundan);;;;USD;
Anahtarlamalı güç kaynakları (SMPS);SPB-A;SPB-A030-24;DIN ray, 30 W, çıkış 24 VDC, giriş 100–240 VAC / 90–350 VDC (model kodundan);;;;USD;
Anahtarlamalı güç kaynakları (SMPS);SPB-A;SPB-A060-12;DIN ray, 60 W, çıkış 12 VDC, giriş 100–240 VAC / 90–350 VDC (model kodundan);;;;USD;
Anahtarlamalı güç kaynakları (SMPS);SPB-A;SPB-A060-24;DIN ray, 60 W, çıkış 24 VDC, giriş 100–240 VAC / 90–350 VDC (model kodundan);;;;USD;
Anahtarlamalı güç kaynakları (SMPS);SPB-A;SPB-A120-12;DIN ray, 120 W, çıkış 12 VDC, giriş 100–240 VAC / 90–350 VDC (model kodundan);;;;USD;
Anahtarlamalı güç kaynakları (SMPS);SPB-A;SPB-A120-24;DIN ray, 120 W, çıkış 24 VDC, giriş 100–240 VAC / 90–350 VDC (model kodundan);;;;USD;
Anahtarlamalı güç kaynakları (SMPS);SPB-A;SPB-A240-12;DIN ray, 240 W, çıkış 12 VDC, giriş 100–240 VAC / 90–350 VDC (model kodundan);;;;USD;
Anahtarlamalı güç kaynakları (SMPS);SPB-A;SPB-A240-24;DIN ray, 240 W, çıkış 24 VDC, giriş 100–240 VAC / 90–350 VDC (model kodundan);;;;USD;
Anahtarlamalı güç kaynakları (SMPS);SPB-A;SPB-A240-48;DIN ray, 240 W, çıkış 48 VDC, giriş 100–240 VAC / 90–350 VDC (model kodundan);;;;USD;
Anahtarlamalı güç kaynakları (SMPS);SPB-A;SPB-A480-24;DIN ray, 480 W, çıkış 24 VDC, giriş 100–240 VAC / 90–350 VDC (model kodundan);;;;USD;
Anahtarlamalı güç kaynakları (SMPS);SPB-A;SPB-A480-48;DIN ray, 480 W, çıkış 48 VDC, giriş 100–240 VAC / 90–350 VDC (model kodundan);;;;USD;
Güç kontrol cihazları;SPRS;SPRS-CM-R;Haberleşme modülü: RS485;Mağazada;;;USD;
Güç kontrol cihazları;SPRS;SPRS-CM-EI;Haberleşme modülü: RS485 + EtherNet/IP;Mağazada;;;USD;
Güç kontrol cihazları;SPRS;SPRS-CM-EC;Haberleşme modülü: RS485 + EtherCAT;Mağazada;;;USD;
Güç kontrol cihazları;SPRS;SPRS-CM-PN;Haberleşme modülü: RS485 + PROFINET;Mağazada;;;USD;
Güç kontrol cihazları;SPRS;SPRS-CM-CL;Haberleşme modülü: RS485 + CC-Link;Mağazada;;;USD;
Güç kontrol cihazları;SPRS;SPRS-F25;Güç modülü 25 A, serbest gerilim 220–490 VAC;Mağazada;;;USD;
Güç kontrol cihazları;SPRS;SPRS-F40;Güç modülü 40 A, serbest gerilim 220–490 VAC;Mağazada;;;USD;
Güç kontrol cihazları;SPRS;SPRS-F55;Güç modülü 55 A, serbest gerilim 220–490 VAC;Mağazada;;;USD;
Güç kontrol cihazları;SPRS;SPRS-F70;Güç modülü 70 A, serbest gerilim 220–490 VAC;Mağazada;;;USD;
Güç kontrol cihazları;SPRS;SPRS-F90;Güç modülü 90 A, serbest gerilim 220–490 VAC;Mağazada;;;USD;
Güç kontrol cihazları;SPRS;SPRS-F110;Güç modülü 110 A, serbest gerilim 220–490 VAC;Mağazada;;;USD;
Güç kontrol cihazları;SPRS;SPRS-F150;Güç modülü 150 A, serbest gerilim 220–490 VAC;Mağazada;;;USD;
Güç kontrol cihazları;SPRS;SPRS-F180;Güç modülü 180 A, serbest gerilim 220–490 VAC;Mağazada;;;USD;
Güç kontrol cihazları;SPRS;SPRS-F200;Güç modülü 200 A, serbest gerilim 220–490 VAC;Mağazada;;;USD;
Güç kontrol cihazları;SPRS;SPRS-F250;Güç modülü 250 A, serbest gerilim 220–490 VAC;Mağazada;;;USD;
Güç kontrol cihazları;SPRS;SPRS-F350;Güç modülü 350 A, serbest gerilim 220–490 VAC;Mağazada;;;USD;
Güç kontrol cihazları;SPRS;SPRS-F400;Güç modülü 400 A, serbest gerilim 220–490 VAC;Mağazada;;;USD;
Güç kontrol cihazları;SPRS;SPRS-F500;Güç modülü 500 A, serbest gerilim 220–490 VAC;Mağazada;;;USD;
Güç kontrol cihazları;SPRS;SPRS-F600;Güç modülü 600 A, serbest gerilim 220–490 VAC;Mağazada;;;USD;
Güç kontrol cihazları;SPRM;SPRM3-F25R;Çok kanallı (tek faz 3 kanal veya 3 faz), 25 A, 220–440 VAC, RS485;Mağazada;;;USD;
Güç kontrol cihazları;SPRM;SPRM3-F25EC;Çok kanallı (tek faz 3 kanal veya 3 faz), 25 A, 220–440 VAC, RS485 + EtherCAT;Mağazada;;;USD;
Güç kontrol cihazları;SPRM;SPRM3-F40R;Çok kanallı (tek faz 3 kanal veya 3 faz), 40 A, 220–440 VAC, RS485;Mağazada;;;USD;
Güç kontrol cihazları;SPRM;SPRM3-F40EC;Çok kanallı (tek faz 3 kanal veya 3 faz), 40 A, 220–440 VAC, RS485 + EtherCAT;Mağazada;;;USD;
Güç kontrol cihazları;SPRM;SPRM3-F55R;Çok kanallı (tek faz 3 kanal veya 3 faz), 55 A, 220–440 VAC, RS485;Mağazada;;;USD;
Güç kontrol cihazları;SPRM;SPRM3-F55EC;Çok kanallı (tek faz 3 kanal veya 3 faz), 55 A, 220–440 VAC, RS485 + EtherCAT;Mağazada;;;USD;
Güç kontrol cihazları;SPRM;SPRM3-F70R;Çok kanallı (tek faz 3 kanal veya 3 faz), 70 A, 220–440 VAC, RS485;Mağazada;;;USD;
Güç kontrol cihazları;SPRM;SPRM3-F70EC;Çok kanallı (tek faz 3 kanal veya 3 faz), 70 A, 220–440 VAC, RS485 + EtherCAT;Mağazada;;;USD;
Güç kontrol cihazları;SPRM;SPRM3-F90R;Çok kanallı (tek faz 3 kanal veya 3 faz), 90 A, 220–440 VAC, RS485;Mağazada;;;USD;
Güç kontrol cihazları;SPRM;SPRM3-F90EC;Çok kanallı (tek faz 3 kanal veya 3 faz), 90 A, 220–440 VAC, RS485 + EtherCAT;Mağazada;;;USD;
Güç kontrol cihazları;SPRM;SPRM3-F110R;Çok kanallı (tek faz 3 kanal veya 3 faz), 110 A, 220–440 VAC, RS485;Mağazada;;;USD;
Güç kontrol cihazları;SPRM;SPRM3-F110EC;Çok kanallı (tek faz 3 kanal veya 3 faz), 110 A, 220–440 VAC, RS485 + EtherCAT;Mağazada;;;USD;
Güç kontrol cihazları;SPRM;SPRM3-F160R;Çok kanallı (tek faz 3 kanal veya 3 faz), 160 A, 220–440 VAC, RS485;Mağazada;;;USD;
Güç kontrol cihazları;SPRM;SPRM3-F160EC;Çok kanallı (tek faz 3 kanal veya 3 faz), 160 A, 220–440 VAC, RS485 + EtherCAT;Mağazada;;;USD;
Güç kontrol cihazları;SPR1;SPR1-125NNN;"Monofaze ince tip, yük 110 VAC, 25 A; haberleşmesiz; normal kontrol; 3. seçenek N [TEYİT]";Mağazada;;;USD;
Güç kontrol cihazları;SPR1;SPR1-125NNF;"Monofaze ince tip, yük 110 VAC, 25 A; haberleşmesiz; normal kontrol; 3. seçenek F [TEYİT]";Mağazada;;;USD;
Güç kontrol cihazları;SPR1;SPR1-125NFN;"Monofaze ince tip, yük 110 VAC, 25 A; haberleşmesiz; geri beslemeli kontrol; 3. seçenek N [TEYİT]";Mağazada;;;USD;
Güç kontrol cihazları;SPR1;SPR1-125NFF;"Monofaze ince tip, yük 110 VAC, 25 A; haberleşmesiz; geri beslemeli kontrol; 3. seçenek F [TEYİT]";Mağazada;;;USD;
Güç kontrol cihazları;SPR1;SPR1-125TNN;"Monofaze ince tip, yük 110 VAC, 25 A; RS485; normal kontrol; 3. seçenek N [TEYİT]";Mağazada;;;USD;
Güç kontrol cihazları;SPR1;SPR1-125TNF;"Monofaze ince tip, yük 110 VAC, 25 A; RS485; normal kontrol; 3. seçenek F [TEYİT]";Mağazada;;;USD;
Güç kontrol cihazları;SPR1;SPR1-125TFN;"Monofaze ince tip, yük 110 VAC, 25 A; RS485; geri beslemeli kontrol; 3. seçenek N [TEYİT]";Mağazada;;;USD;
Güç kontrol cihazları;SPR1;SPR1-125TFF;"Monofaze ince tip, yük 110 VAC, 25 A; RS485; geri beslemeli kontrol; 3. seçenek F [TEYİT]";Mağazada;;;USD;
Güç kontrol cihazları;SPR1;SPR1-135NNN;"Monofaze ince tip, yük 110 VAC, 35 A; haberleşmesiz; normal kontrol; 3. seçenek N [TEYİT]";Mağazada;;;USD;
Güç kontrol cihazları;SPR1;SPR1-135NNF;"Monofaze ince tip, yük 110 VAC, 35 A; haberleşmesiz; normal kontrol; 3. seçenek F [TEYİT]";Mağazada;;;USD;
Güç kontrol cihazları;SPR1;SPR1-135NFN;"Monofaze ince tip, yük 110 VAC, 35 A; haberleşmesiz; geri beslemeli kontrol; 3. seçenek N [TEYİT]";Mağazada;;;USD;
Güç kontrol cihazları;SPR1;SPR1-135NFF;"Monofaze ince tip, yük 110 VAC, 35 A; haberleşmesiz; geri beslemeli kontrol; 3. seçenek F [TEYİT]";Mağazada;;;USD;
Güç kontrol cihazları;SPR1;SPR1-135TNN;"Monofaze ince tip, yük 110 VAC, 35 A; RS485; normal kontrol; 3. seçenek N [TEYİT]";Mağazada;;;USD;
Güç kontrol cihazları;SPR1;SPR1-135TNF;"Monofaze ince tip, yük 110 VAC, 35 A; RS485; normal kontrol; 3. seçenek F [TEYİT]";Mağazada;;;USD;
Güç kontrol cihazları;SPR1;SPR1-135TFN;"Monofaze ince tip, yük 110 VAC, 35 A; RS485; geri beslemeli kontrol; 3. seçenek N [TEYİT]";Mağazada;;;USD;
Güç kontrol cihazları;SPR1;SPR1-135TFF;"Monofaze ince tip, yük 110 VAC, 35 A; RS485; geri beslemeli kontrol; 3. seçenek F [TEYİT]";Mağazada;;;USD;
Güç kontrol cihazları;SPR1;SPR1-150NNN;"Monofaze ince tip, yük 110 VAC, 50 A; haberleşmesiz; normal kontrol; 3. seçenek N [TEYİT]";Mağazada;;;USD;
Güç kontrol cihazları;SPR1;SPR1-150NNF;"Monofaze ince tip, yük 110 VAC, 50 A; haberleşmesiz; normal kontrol; 3. seçenek F [TEYİT]";Mağazada;;;USD;
Güç kontrol cihazları;SPR1;SPR1-150NFN;"Monofaze ince tip, yük 110 VAC, 50 A; haberleşmesiz; geri beslemeli kontrol; 3. seçenek N [TEYİT]";Mağazada;;;USD;
Güç kontrol cihazları;SPR1;SPR1-150NFF;"Monofaze ince tip, yük 110 VAC, 50 A; haberleşmesiz; geri beslemeli kontrol; 3. seçenek F [TEYİT]";Mağazada;;;USD;
Güç kontrol cihazları;SPR1;SPR1-150TNN;"Monofaze ince tip, yük 110 VAC, 50 A; RS485; normal kontrol; 3. seçenek N [TEYİT]";Mağazada;;;USD;
Güç kontrol cihazları;SPR1;SPR1-150TNF;"Monofaze ince tip, yük 110 VAC, 50 A; RS485; normal kontrol; 3. seçenek F [TEYİT]";Mağazada;;;USD;
Güç kontrol cihazları;SPR1;SPR1-150TFN;"Monofaze ince tip, yük 110 VAC, 50 A; RS485; geri beslemeli kontrol; 3. seçenek N [TEYİT]";Mağazada;;;USD;
Güç kontrol cihazları;SPR1;SPR1-150TFF;"Monofaze ince tip, yük 110 VAC, 50 A; RS485; geri beslemeli kontrol; 3. seçenek F [TEYİT]";Mağazada;;;USD;
Güç kontrol cihazları;SPR1;SPR1-170NNN;"Monofaze ince tip, yük 110 VAC, 70 A; haberleşmesiz; normal kontrol; 3. seçenek N [TEYİT]";Mağazada;;;USD;
Güç kontrol cihazları;SPR1;SPR1-170NNF;"Monofaze ince tip, yük 110 VAC, 70 A; haberleşmesiz; normal kontrol; 3. seçenek F [TEYİT]";Mağazada;;;USD;
Güç kontrol cihazları;SPR1;SPR1-170NFN;"Monofaze ince tip, yük 110 VAC, 70 A; haberleşmesiz; geri beslemeli kontrol; 3. seçenek N [TEYİT]";Mağazada;;;USD;
Güç kontrol cihazları;SPR1;SPR1-170NFF;"Monofaze ince tip, yük 110 VAC, 70 A; haberleşmesiz; geri beslemeli kontrol; 3. seçenek F [TEYİT]";Mağazada;;;USD;
Güç kontrol cihazları;SPR1;SPR1-170TNN;"Monofaze ince tip, yük 110 VAC, 70 A; RS485; normal kontrol; 3. seçenek N [TEYİT]";Mağazada;;;USD;
Güç kontrol cihazları;SPR1;SPR1-170TNF;"Monofaze ince tip, yük 110 VAC, 70 A; RS485; normal kontrol; 3. seçenek F [TEYİT]";Mağazada;;;USD;
Güç kontrol cihazları;SPR1;SPR1-170TFN;"Monofaze ince tip, yük 110 VAC, 70 A; RS485; geri beslemeli kontrol; 3. seçenek N [TEYİT]";Mağazada;;;USD;
Güç kontrol cihazları;SPR1;SPR1-170TFF;"Monofaze ince tip, yük 110 VAC, 70 A; RS485; geri beslemeli kontrol; 3. seçenek F [TEYİT]";Mağazada;;;USD;
Güç kontrol cihazları;SPR1;SPR1-1100NNN;"Monofaze ince tip, yük 110 VAC, 100 A; haberleşmesiz; normal kontrol; 3. seçenek N [TEYİT]";Mağazada;;;USD;
Güç kontrol cihazları;SPR1;SPR1-1100NNF;"Monofaze ince tip, yük 110 VAC, 100 A; haberleşmesiz; normal kontrol; 3. seçenek F [TEYİT]";Mağazada;;;USD;
Güç kontrol cihazları;SPR1;SPR1-1100NFN;"Monofaze ince tip, yük 110 VAC, 100 A; haberleşmesiz; geri beslemeli kontrol; 3. seçenek N [TEYİT]";Mağazada;;;USD;
Güç kontrol cihazları;SPR1;SPR1-1100NFF;"Monofaze ince tip, yük 110 VAC, 100 A; haberleşmesiz; geri beslemeli kontrol; 3. seçenek F [TEYİT]";Mağazada;;;USD;
Güç kontrol cihazları;SPR1;SPR1-1100TNN;"Monofaze ince tip, yük 110 VAC, 100 A; RS485; normal kontrol; 3. seçenek N [TEYİT]";Mağazada;;;USD;
Güç kontrol cihazları;SPR1;SPR1-1100TNF;"Monofaze ince tip, yük 110 VAC, 100 A; RS485; normal kontrol; 3. seçenek F [TEYİT]";Mağazada;;;USD;
Güç kontrol cihazları;SPR1;SPR1-1100TFN;"Monofaze ince tip, yük 110 VAC, 100 A; RS485; geri beslemeli kontrol; 3. seçenek N [TEYİT]";Mağazada;;;USD;
Güç kontrol cihazları;SPR1;SPR1-1100TFF;"Monofaze ince tip, yük 110 VAC, 100 A; RS485; geri beslemeli kontrol; 3. seçenek F [TEYİT]";Mağazada;;;USD;
Güç kontrol cihazları;SPR1;SPR1-1150NNN;"Monofaze ince tip, yük 110 VAC, 150 A; haberleşmesiz; normal kontrol; 3. seçenek N [TEYİT]";Mağazada;;;USD;
Güç kontrol cihazları;SPR1;SPR1-1150NNF;"Monofaze ince tip, yük 110 VAC, 150 A; haberleşmesiz; normal kontrol; 3. seçenek F [TEYİT]";Mağazada;;;USD;
Güç kontrol cihazları;SPR1;SPR1-1150NFN;"Monofaze ince tip, yük 110 VAC, 150 A; haberleşmesiz; geri beslemeli kontrol; 3. seçenek N [TEYİT]";Mağazada;;;USD;
Güç kontrol cihazları;SPR1;SPR1-1150NFF;"Monofaze ince tip, yük 110 VAC, 150 A; haberleşmesiz; geri beslemeli kontrol; 3. seçenek F [TEYİT]";Mağazada;;;USD;
Güç kontrol cihazları;SPR1;SPR1-1150TNN;"Monofaze ince tip, yük 110 VAC, 150 A; RS485; normal kontrol; 3. seçenek N [TEYİT]";Mağazada;;;USD;
Güç kontrol cihazları;SPR1;SPR1-1150TNF;"Monofaze ince tip, yük 110 VAC, 150 A; RS485; normal kontrol; 3. seçenek F [TEYİT]";Mağazada;;;USD;
Güç kontrol cihazları;SPR1;SPR1-1150TFN;"Monofaze ince tip, yük 110 VAC, 150 A; RS485; geri beslemeli kontrol; 3. seçenek N [TEYİT]";Mağazada;;;USD;
Güç kontrol cihazları;SPR1;SPR1-1150TFF;"Monofaze ince tip, yük 110 VAC, 150 A; RS485; geri beslemeli kontrol; 3. seçenek F [TEYİT]";Mağazada;;;USD;
Güç kontrol cihazları;SPR1;SPR1-225NNN;"Monofaze ince tip, yük 220 VAC, 25 A; haberleşmesiz; normal kontrol; 3. seçenek N [TEYİT]";Mağazada;;;USD;
Güç kontrol cihazları;SPR1;SPR1-225NNF;"Monofaze ince tip, yük 220 VAC, 25 A; haberleşmesiz; normal kontrol; 3. seçenek F [TEYİT]";Mağazada;;;USD;
Güç kontrol cihazları;SPR1;SPR1-225NFN;"Monofaze ince tip, yük 220 VAC, 25 A; haberleşmesiz; geri beslemeli kontrol; 3. seçenek N [TEYİT]";Mağazada;;;USD;
Güç kontrol cihazları;SPR1;SPR1-225NFF;"Monofaze ince tip, yük 220 VAC, 25 A; haberleşmesiz; geri beslemeli kontrol; 3. seçenek F [TEYİT]";Mağazada;;;USD;
Güç kontrol cihazları;SPR1;SPR1-225TNN;"Monofaze ince tip, yük 220 VAC, 25 A; RS485; normal kontrol; 3. seçenek N [TEYİT]";Mağazada;;;USD;
Güç kontrol cihazları;SPR1;SPR1-225TNF;"Monofaze ince tip, yük 220 VAC, 25 A; RS485; normal kontrol; 3. seçenek F [TEYİT]";Mağazada;;;USD;
Güç kontrol cihazları;SPR1;SPR1-225TFN;"Monofaze ince tip, yük 220 VAC, 25 A; RS485; geri beslemeli kontrol; 3. seçenek N [TEYİT]";Mağazada;;;USD;
Güç kontrol cihazları;SPR1;SPR1-225TFF;"Monofaze ince tip, yük 220 VAC, 25 A; RS485; geri beslemeli kontrol; 3. seçenek F [TEYİT]";Mağazada;;;USD;
Güç kontrol cihazları;SPR1;SPR1-235NNN;"Monofaze ince tip, yük 220 VAC, 35 A; haberleşmesiz; normal kontrol; 3. seçenek N [TEYİT]";Mağazada;;;USD;
Güç kontrol cihazları;SPR1;SPR1-235NNF;"Monofaze ince tip, yük 220 VAC, 35 A; haberleşmesiz; normal kontrol; 3. seçenek F [TEYİT]";Mağazada;;;USD;
Güç kontrol cihazları;SPR1;SPR1-235NFN;"Monofaze ince tip, yük 220 VAC, 35 A; haberleşmesiz; geri beslemeli kontrol; 3. seçenek N [TEYİT]";Mağazada;;;USD;
Güç kontrol cihazları;SPR1;SPR1-235NFF;"Monofaze ince tip, yük 220 VAC, 35 A; haberleşmesiz; geri beslemeli kontrol; 3. seçenek F [TEYİT]";Mağazada;;;USD;
Güç kontrol cihazları;SPR1;SPR1-235TNN;"Monofaze ince tip, yük 220 VAC, 35 A; RS485; normal kontrol; 3. seçenek N [TEYİT]";Mağazada;;;USD;
Güç kontrol cihazları;SPR1;SPR1-235TNF;"Monofaze ince tip, yük 220 VAC, 35 A; RS485; normal kontrol; 3. seçenek F [TEYİT]";Mağazada;;;USD;
Güç kontrol cihazları;SPR1;SPR1-235TFN;"Monofaze ince tip, yük 220 VAC, 35 A; RS485; geri beslemeli kontrol; 3. seçenek N [TEYİT]";Mağazada;;;USD;
Güç kontrol cihazları;SPR1;SPR1-235TFF;"Monofaze ince tip, yük 220 VAC, 35 A; RS485; geri beslemeli kontrol; 3. seçenek F [TEYİT]";Mağazada;;;USD;
Güç kontrol cihazları;SPR1;SPR1-250NNN;"Monofaze ince tip, yük 220 VAC, 50 A; haberleşmesiz; normal kontrol; 3. seçenek N [TEYİT]";Mağazada;;;USD;
Güç kontrol cihazları;SPR1;SPR1-250NNF;"Monofaze ince tip, yük 220 VAC, 50 A; haberleşmesiz; normal kontrol; 3. seçenek F [TEYİT]";Mağazada;;;USD;
Güç kontrol cihazları;SPR1;SPR1-250NFN;"Monofaze ince tip, yük 220 VAC, 50 A; haberleşmesiz; geri beslemeli kontrol; 3. seçenek N [TEYİT]";Mağazada;;;USD;
Güç kontrol cihazları;SPR1;SPR1-250NFF;"Monofaze ince tip, yük 220 VAC, 50 A; haberleşmesiz; geri beslemeli kontrol; 3. seçenek F [TEYİT]";Mağazada;;;USD;
Güç kontrol cihazları;SPR1;SPR1-250TNN;"Monofaze ince tip, yük 220 VAC, 50 A; RS485; normal kontrol; 3. seçenek N [TEYİT]";Mağazada;;;USD;
Güç kontrol cihazları;SPR1;SPR1-250TNF;"Monofaze ince tip, yük 220 VAC, 50 A; RS485; normal kontrol; 3. seçenek F [TEYİT]";Mağazada;;;USD;
Güç kontrol cihazları;SPR1;SPR1-250TFN;"Monofaze ince tip, yük 220 VAC, 50 A; RS485; geri beslemeli kontrol; 3. seçenek N [TEYİT]";Mağazada;;;USD;
Güç kontrol cihazları;SPR1;SPR1-250TFF;"Monofaze ince tip, yük 220 VAC, 50 A; RS485; geri beslemeli kontrol; 3. seçenek F [TEYİT]";Mağazada;;;USD;
Güç kontrol cihazları;SPR1;SPR1-270NNN;"Monofaze ince tip, yük 220 VAC, 70 A; haberleşmesiz; normal kontrol; 3. seçenek N [TEYİT]";Mağazada;;;USD;
Güç kontrol cihazları;SPR1;SPR1-270NNF;"Monofaze ince tip, yük 220 VAC, 70 A; haberleşmesiz; normal kontrol; 3. seçenek F [TEYİT]";Mağazada;;;USD;
Güç kontrol cihazları;SPR1;SPR1-270NFN;"Monofaze ince tip, yük 220 VAC, 70 A; haberleşmesiz; geri beslemeli kontrol; 3. seçenek N [TEYİT]";Mağazada;;;USD;
Güç kontrol cihazları;SPR1;SPR1-270NFF;"Monofaze ince tip, yük 220 VAC, 70 A; haberleşmesiz; geri beslemeli kontrol; 3. seçenek F [TEYİT]";Mağazada;;;USD;
Güç kontrol cihazları;SPR1;SPR1-270TNN;"Monofaze ince tip, yük 220 VAC, 70 A; RS485; normal kontrol; 3. seçenek N [TEYİT]";Mağazada;;;USD;
Güç kontrol cihazları;SPR1;SPR1-270TNF;"Monofaze ince tip, yük 220 VAC, 70 A; RS485; normal kontrol; 3. seçenek F [TEYİT]";Mağazada;;;USD;
Güç kontrol cihazları;SPR1;SPR1-270TFN;"Monofaze ince tip, yük 220 VAC, 70 A; RS485; geri beslemeli kontrol; 3. seçenek N [TEYİT]";Mağazada;;;USD;
Güç kontrol cihazları;SPR1;SPR1-270TFF;"Monofaze ince tip, yük 220 VAC, 70 A; RS485; geri beslemeli kontrol; 3. seçenek F [TEYİT]";Mağazada;;;USD;
Güç kontrol cihazları;SPR1;SPR1-2100NNN;"Monofaze ince tip, yük 220 VAC, 100 A; haberleşmesiz; normal kontrol; 3. seçenek N [TEYİT]";Mağazada;;;USD;
Güç kontrol cihazları;SPR1;SPR1-2100NNF;"Monofaze ince tip, yük 220 VAC, 100 A; haberleşmesiz; normal kontrol; 3. seçenek F [TEYİT]";Mağazada;;;USD;
Güç kontrol cihazları;SPR1;SPR1-2100NFN;"Monofaze ince tip, yük 220 VAC, 100 A; haberleşmesiz; geri beslemeli kontrol; 3. seçenek N [TEYİT]";Mağazada;;;USD;
Güç kontrol cihazları;SPR1;SPR1-2100NFF;"Monofaze ince tip, yük 220 VAC, 100 A; haberleşmesiz; geri beslemeli kontrol; 3. seçenek F [TEYİT]";Mağazada;;;USD;
Güç kontrol cihazları;SPR1;SPR1-2100TNN;"Monofaze ince tip, yük 220 VAC, 100 A; RS485; normal kontrol; 3. seçenek N [TEYİT]";Mağazada;;;USD;
Güç kontrol cihazları;SPR1;SPR1-2100TNF;"Monofaze ince tip, yük 220 VAC, 100 A; RS485; normal kontrol; 3. seçenek F [TEYİT]";Mağazada;;;USD;
Güç kontrol cihazları;SPR1;SPR1-2100TFN;"Monofaze ince tip, yük 220 VAC, 100 A; RS485; geri beslemeli kontrol; 3. seçenek N [TEYİT]";Mağazada;;;USD;
Güç kontrol cihazları;SPR1;SPR1-2100TFF;"Monofaze ince tip, yük 220 VAC, 100 A; RS485; geri beslemeli kontrol; 3. seçenek F [TEYİT]";Mağazada;;;USD;
Güç kontrol cihazları;SPR1;SPR1-2150NNN;"Monofaze ince tip, yük 220 VAC, 150 A; haberleşmesiz; normal kontrol; 3. seçenek N [TEYİT]";Mağazada;;;USD;
Güç kontrol cihazları;SPR1;SPR1-2150NNF;"Monofaze ince tip, yük 220 VAC, 150 A; haberleşmesiz; normal kontrol; 3. seçenek F [TEYİT]";Mağazada;;;USD;
Güç kontrol cihazları;SPR1;SPR1-2150NFN;"Monofaze ince tip, yük 220 VAC, 150 A; haberleşmesiz; geri beslemeli kontrol; 3. seçenek N [TEYİT]";Mağazada;;;USD;
Güç kontrol cihazları;SPR1;SPR1-2150NFF;"Monofaze ince tip, yük 220 VAC, 150 A; haberleşmesiz; geri beslemeli kontrol; 3. seçenek F [TEYİT]";Mağazada;;;USD;
Güç kontrol cihazları;SPR1;SPR1-2150TNN;"Monofaze ince tip, yük 220 VAC, 150 A; RS485; normal kontrol; 3. seçenek N [TEYİT]";Mağazada;;;USD;
Güç kontrol cihazları;SPR1;SPR1-2150TNF;"Monofaze ince tip, yük 220 VAC, 150 A; RS485; normal kontrol; 3. seçenek F [TEYİT]";Mağazada;;;USD;
Güç kontrol cihazları;SPR1;SPR1-2150TFN;"Monofaze ince tip, yük 220 VAC, 150 A; RS485; geri beslemeli kontrol; 3. seçenek N [TEYİT]";Mağazada;;;USD;
Güç kontrol cihazları;SPR1;SPR1-2150TFF;"Monofaze ince tip, yük 220 VAC, 150 A; RS485; geri beslemeli kontrol; 3. seçenek F [TEYİT]";Mağazada;;;USD;
Güç kontrol cihazları;SPR1;SPR1-325NNN;"Monofaze ince tip, yük 380 VAC, 25 A; haberleşmesiz; normal kontrol; 3. seçenek N [TEYİT]";Mağazada;;;USD;
Güç kontrol cihazları;SPR1;SPR1-325NNF;"Monofaze ince tip, yük 380 VAC, 25 A; haberleşmesiz; normal kontrol; 3. seçenek F [TEYİT]";Mağazada;;;USD;
Güç kontrol cihazları;SPR1;SPR1-325NFN;"Monofaze ince tip, yük 380 VAC, 25 A; haberleşmesiz; geri beslemeli kontrol; 3. seçenek N [TEYİT]";Mağazada;;;USD;
Güç kontrol cihazları;SPR1;SPR1-325NFF;"Monofaze ince tip, yük 380 VAC, 25 A; haberleşmesiz; geri beslemeli kontrol; 3. seçenek F [TEYİT]";Mağazada;;;USD;
Güç kontrol cihazları;SPR1;SPR1-325TNN;"Monofaze ince tip, yük 380 VAC, 25 A; RS485; normal kontrol; 3. seçenek N [TEYİT]";Mağazada;;;USD;
Güç kontrol cihazları;SPR1;SPR1-325TNF;"Monofaze ince tip, yük 380 VAC, 25 A; RS485; normal kontrol; 3. seçenek F [TEYİT]";Mağazada;;;USD;
Güç kontrol cihazları;SPR1;SPR1-325TFN;"Monofaze ince tip, yük 380 VAC, 25 A; RS485; geri beslemeli kontrol; 3. seçenek N [TEYİT]";Mağazada;;;USD;
Güç kontrol cihazları;SPR1;SPR1-325TFF;"Monofaze ince tip, yük 380 VAC, 25 A; RS485; geri beslemeli kontrol; 3. seçenek F [TEYİT]";Mağazada;;;USD;
Güç kontrol cihazları;SPR1;SPR1-335NNN;"Monofaze ince tip, yük 380 VAC, 35 A; haberleşmesiz; normal kontrol; 3. seçenek N [TEYİT]";Mağazada;;;USD;
Güç kontrol cihazları;SPR1;SPR1-335NNF;"Monofaze ince tip, yük 380 VAC, 35 A; haberleşmesiz; normal kontrol; 3. seçenek F [TEYİT]";Mağazada;;;USD;
Güç kontrol cihazları;SPR1;SPR1-335NFN;"Monofaze ince tip, yük 380 VAC, 35 A; haberleşmesiz; geri beslemeli kontrol; 3. seçenek N [TEYİT]";Mağazada;;;USD;
Güç kontrol cihazları;SPR1;SPR1-335NFF;"Monofaze ince tip, yük 380 VAC, 35 A; haberleşmesiz; geri beslemeli kontrol; 3. seçenek F [TEYİT]";Mağazada;;;USD;
Güç kontrol cihazları;SPR1;SPR1-335TNN;"Monofaze ince tip, yük 380 VAC, 35 A; RS485; normal kontrol; 3. seçenek N [TEYİT]";Mağazada;;;USD;
Güç kontrol cihazları;SPR1;SPR1-335TNF;"Monofaze ince tip, yük 380 VAC, 35 A; RS485; normal kontrol; 3. seçenek F [TEYİT]";Mağazada;;;USD;
Güç kontrol cihazları;SPR1;SPR1-335TFN;"Monofaze ince tip, yük 380 VAC, 35 A; RS485; geri beslemeli kontrol; 3. seçenek N [TEYİT]";Mağazada;;;USD;
Güç kontrol cihazları;SPR1;SPR1-335TFF;"Monofaze ince tip, yük 380 VAC, 35 A; RS485; geri beslemeli kontrol; 3. seçenek F [TEYİT]";Mağazada;;;USD;
Güç kontrol cihazları;SPR1;SPR1-350NNN;"Monofaze ince tip, yük 380 VAC, 50 A; haberleşmesiz; normal kontrol; 3. seçenek N [TEYİT]";Mağazada;;;USD;
Güç kontrol cihazları;SPR1;SPR1-350NNF;"Monofaze ince tip, yük 380 VAC, 50 A; haberleşmesiz; normal kontrol; 3. seçenek F [TEYİT]";Mağazada;;;USD;
Güç kontrol cihazları;SPR1;SPR1-350NFN;"Monofaze ince tip, yük 380 VAC, 50 A; haberleşmesiz; geri beslemeli kontrol; 3. seçenek N [TEYİT]";Mağazada;;;USD;
Güç kontrol cihazları;SPR1;SPR1-350NFF;"Monofaze ince tip, yük 380 VAC, 50 A; haberleşmesiz; geri beslemeli kontrol; 3. seçenek F [TEYİT]";Mağazada;;;USD;
Güç kontrol cihazları;SPR1;SPR1-350TNN;"Monofaze ince tip, yük 380 VAC, 50 A; RS485; normal kontrol; 3. seçenek N [TEYİT]";Mağazada;;;USD;
Güç kontrol cihazları;SPR1;SPR1-350TNF;"Monofaze ince tip, yük 380 VAC, 50 A; RS485; normal kontrol; 3. seçenek F [TEYİT]";Mağazada;;;USD;
Güç kontrol cihazları;SPR1;SPR1-350TFN;"Monofaze ince tip, yük 380 VAC, 50 A; RS485; geri beslemeli kontrol; 3. seçenek N [TEYİT]";Mağazada;;;USD;
Güç kontrol cihazları;SPR1;SPR1-350TFF;"Monofaze ince tip, yük 380 VAC, 50 A; RS485; geri beslemeli kontrol; 3. seçenek F [TEYİT]";Mağazada;;;USD;
Güç kontrol cihazları;SPR1;SPR1-370NNN;"Monofaze ince tip, yük 380 VAC, 70 A; haberleşmesiz; normal kontrol; 3. seçenek N [TEYİT]";Mağazada;;;USD;
Güç kontrol cihazları;SPR1;SPR1-370NNF;"Monofaze ince tip, yük 380 VAC, 70 A; haberleşmesiz; normal kontrol; 3. seçenek F [TEYİT]";Mağazada;;;USD;
Güç kontrol cihazları;SPR1;SPR1-370NFN;"Monofaze ince tip, yük 380 VAC, 70 A; haberleşmesiz; geri beslemeli kontrol; 3. seçenek N [TEYİT]";Mağazada;;;USD;
Güç kontrol cihazları;SPR1;SPR1-370NFF;"Monofaze ince tip, yük 380 VAC, 70 A; haberleşmesiz; geri beslemeli kontrol; 3. seçenek F [TEYİT]";Mağazada;;;USD;
Güç kontrol cihazları;SPR1;SPR1-370TNN;"Monofaze ince tip, yük 380 VAC, 70 A; RS485; normal kontrol; 3. seçenek N [TEYİT]";Mağazada;;;USD;
Güç kontrol cihazları;SPR1;SPR1-370TNF;"Monofaze ince tip, yük 380 VAC, 70 A; RS485; normal kontrol; 3. seçenek F [TEYİT]";Mağazada;;;USD;
Güç kontrol cihazları;SPR1;SPR1-370TFN;"Monofaze ince tip, yük 380 VAC, 70 A; RS485; geri beslemeli kontrol; 3. seçenek N [TEYİT]";Mağazada;;;USD;
Güç kontrol cihazları;SPR1;SPR1-370TFF;"Monofaze ince tip, yük 380 VAC, 70 A; RS485; geri beslemeli kontrol; 3. seçenek F [TEYİT]";Mağazada;;;USD;
Güç kontrol cihazları;SPR1;SPR1-3100NNN;"Monofaze ince tip, yük 380 VAC, 100 A; haberleşmesiz; normal kontrol; 3. seçenek N [TEYİT]";Mağazada;;;USD;
Güç kontrol cihazları;SPR1;SPR1-3100NNF;"Monofaze ince tip, yük 380 VAC, 100 A; haberleşmesiz; normal kontrol; 3. seçenek F [TEYİT]";Mağazada;;;USD;
Güç kontrol cihazları;SPR1;SPR1-3100NFN;"Monofaze ince tip, yük 380 VAC, 100 A; haberleşmesiz; geri beslemeli kontrol; 3. seçenek N [TEYİT]";Mağazada;;;USD;
Güç kontrol cihazları;SPR1;SPR1-3100NFF;"Monofaze ince tip, yük 380 VAC, 100 A; haberleşmesiz; geri beslemeli kontrol; 3. seçenek F [TEYİT]";Mağazada;;;USD;
Güç kontrol cihazları;SPR1;SPR1-3100TNN;"Monofaze ince tip, yük 380 VAC, 100 A; RS485; normal kontrol; 3. seçenek N [TEYİT]";Mağazada;;;USD;
Güç kontrol cihazları;SPR1;SPR1-3100TNF;"Monofaze ince tip, yük 380 VAC, 100 A; RS485; normal kontrol; 3. seçenek F [TEYİT]";Mağazada;;;USD;
Güç kontrol cihazları;SPR1;SPR1-3100TFN;"Monofaze ince tip, yük 380 VAC, 100 A; RS485; geri beslemeli kontrol; 3. seçenek N [TEYİT]";Mağazada;;;USD;
Güç kontrol cihazları;SPR1;SPR1-3100TFF;"Monofaze ince tip, yük 380 VAC, 100 A; RS485; geri beslemeli kontrol; 3. seçenek F [TEYİT]";Mağazada;;;USD;
Güç kontrol cihazları;SPR1;SPR1-3150NNN;"Monofaze ince tip, yük 380 VAC, 150 A; haberleşmesiz; normal kontrol; 3. seçenek N [TEYİT]";Mağazada;;;USD;
Güç kontrol cihazları;SPR1;SPR1-3150NNF;"Monofaze ince tip, yük 380 VAC, 150 A; haberleşmesiz; normal kontrol; 3. seçenek F [TEYİT]";Mağazada;;;USD;
Güç kontrol cihazları;SPR1;SPR1-3150NFN;"Monofaze ince tip, yük 380 VAC, 150 A; haberleşmesiz; geri beslemeli kontrol; 3. seçenek N [TEYİT]";Mağazada;;;USD;
Güç kontrol cihazları;SPR1;SPR1-3150NFF;"Monofaze ince tip, yük 380 VAC, 150 A; haberleşmesiz; geri beslemeli kontrol; 3. seçenek F [TEYİT]";Mağazada;;;USD;
Güç kontrol cihazları;SPR1;SPR1-3150TNN;"Monofaze ince tip, yük 380 VAC, 150 A; RS485; normal kontrol; 3. seçenek N [TEYİT]";Mağazada;;;USD;
Güç kontrol cihazları;SPR1;SPR1-3150TNF;"Monofaze ince tip, yük 380 VAC, 150 A; RS485; normal kontrol; 3. seçenek F [TEYİT]";Mağazada;;;USD;
Güç kontrol cihazları;SPR1;SPR1-3150TFN;"Monofaze ince tip, yük 380 VAC, 150 A; RS485; geri beslemeli kontrol; 3. seçenek N [TEYİT]";Mağazada;;;USD;
Güç kontrol cihazları;SPR1;SPR1-3150TFF;"Monofaze ince tip, yük 380 VAC, 150 A; RS485; geri beslemeli kontrol; 3. seçenek F [TEYİT]";Mağazada;;;USD;
Güç kontrol cihazları;SPR1;SPR1-425NNN;"Monofaze ince tip, yük 440 VAC, 25 A; haberleşmesiz; normal kontrol; 3. seçenek N [TEYİT]";Mağazada;;;USD;
Güç kontrol cihazları;SPR1;SPR1-425NNF;"Monofaze ince tip, yük 440 VAC, 25 A; haberleşmesiz; normal kontrol; 3. seçenek F [TEYİT]";Mağazada;;;USD;
Güç kontrol cihazları;SPR1;SPR1-425NFN;"Monofaze ince tip, yük 440 VAC, 25 A; haberleşmesiz; geri beslemeli kontrol; 3. seçenek N [TEYİT]";Mağazada;;;USD;
Güç kontrol cihazları;SPR1;SPR1-425NFF;"Monofaze ince tip, yük 440 VAC, 25 A; haberleşmesiz; geri beslemeli kontrol; 3. seçenek F [TEYİT]";Mağazada;;;USD;
Güç kontrol cihazları;SPR1;SPR1-425TNN;"Monofaze ince tip, yük 440 VAC, 25 A; RS485; normal kontrol; 3. seçenek N [TEYİT]";Mağazada;;;USD;
Güç kontrol cihazları;SPR1;SPR1-425TNF;"Monofaze ince tip, yük 440 VAC, 25 A; RS485; normal kontrol; 3. seçenek F [TEYİT]";Mağazada;;;USD;
Güç kontrol cihazları;SPR1;SPR1-425TFN;"Monofaze ince tip, yük 440 VAC, 25 A; RS485; geri beslemeli kontrol; 3. seçenek N [TEYİT]";Mağazada;;;USD;
Güç kontrol cihazları;SPR1;SPR1-425TFF;"Monofaze ince tip, yük 440 VAC, 25 A; RS485; geri beslemeli kontrol; 3. seçenek F [TEYİT]";Mağazada;;;USD;
Güç kontrol cihazları;SPR1;SPR1-435NNN;"Monofaze ince tip, yük 440 VAC, 35 A; haberleşmesiz; normal kontrol; 3. seçenek N [TEYİT]";Mağazada;;;USD;
Güç kontrol cihazları;SPR1;SPR1-435NNF;"Monofaze ince tip, yük 440 VAC, 35 A; haberleşmesiz; normal kontrol; 3. seçenek F [TEYİT]";Mağazada;;;USD;
Güç kontrol cihazları;SPR1;SPR1-435NFN;"Monofaze ince tip, yük 440 VAC, 35 A; haberleşmesiz; geri beslemeli kontrol; 3. seçenek N [TEYİT]";Mağazada;;;USD;
Güç kontrol cihazları;SPR1;SPR1-435NFF;"Monofaze ince tip, yük 440 VAC, 35 A; haberleşmesiz; geri beslemeli kontrol; 3. seçenek F [TEYİT]";Mağazada;;;USD;
Güç kontrol cihazları;SPR1;SPR1-435TNN;"Monofaze ince tip, yük 440 VAC, 35 A; RS485; normal kontrol; 3. seçenek N [TEYİT]";Mağazada;;;USD;
Güç kontrol cihazları;SPR1;SPR1-435TNF;"Monofaze ince tip, yük 440 VAC, 35 A; RS485; normal kontrol; 3. seçenek F [TEYİT]";Mağazada;;;USD;
Güç kontrol cihazları;SPR1;SPR1-435TFN;"Monofaze ince tip, yük 440 VAC, 35 A; RS485; geri beslemeli kontrol; 3. seçenek N [TEYİT]";Mağazada;;;USD;
Güç kontrol cihazları;SPR1;SPR1-435TFF;"Monofaze ince tip, yük 440 VAC, 35 A; RS485; geri beslemeli kontrol; 3. seçenek F [TEYİT]";Mağazada;;;USD;
Güç kontrol cihazları;SPR1;SPR1-450NNN;"Monofaze ince tip, yük 440 VAC, 50 A; haberleşmesiz; normal kontrol; 3. seçenek N [TEYİT]";Mağazada;;;USD;
Güç kontrol cihazları;SPR1;SPR1-450NNF;"Monofaze ince tip, yük 440 VAC, 50 A; haberleşmesiz; normal kontrol; 3. seçenek F [TEYİT]";Mağazada;;;USD;
Güç kontrol cihazları;SPR1;SPR1-450NFN;"Monofaze ince tip, yük 440 VAC, 50 A; haberleşmesiz; geri beslemeli kontrol; 3. seçenek N [TEYİT]";Mağazada;;;USD;
Güç kontrol cihazları;SPR1;SPR1-450NFF;"Monofaze ince tip, yük 440 VAC, 50 A; haberleşmesiz; geri beslemeli kontrol; 3. seçenek F [TEYİT]";Mağazada;;;USD;
Güç kontrol cihazları;SPR1;SPR1-450TNN;"Monofaze ince tip, yük 440 VAC, 50 A; RS485; normal kontrol; 3. seçenek N [TEYİT]";Mağazada;;;USD;
Güç kontrol cihazları;SPR1;SPR1-450TNF;"Monofaze ince tip, yük 440 VAC, 50 A; RS485; normal kontrol; 3. seçenek F [TEYİT]";Mağazada;;;USD;
Güç kontrol cihazları;SPR1;SPR1-450TFN;"Monofaze ince tip, yük 440 VAC, 50 A; RS485; geri beslemeli kontrol; 3. seçenek N [TEYİT]";Mağazada;;;USD;
Güç kontrol cihazları;SPR1;SPR1-450TFF;"Monofaze ince tip, yük 440 VAC, 50 A; RS485; geri beslemeli kontrol; 3. seçenek F [TEYİT]";Mağazada;;;USD;
Güç kontrol cihazları;SPR1;SPR1-470NNN;"Monofaze ince tip, yük 440 VAC, 70 A; haberleşmesiz; normal kontrol; 3. seçenek N [TEYİT]";Mağazada;;;USD;
Güç kontrol cihazları;SPR1;SPR1-470NNF;"Monofaze ince tip, yük 440 VAC, 70 A; haberleşmesiz; normal kontrol; 3. seçenek F [TEYİT]";Mağazada;;;USD;
Güç kontrol cihazları;SPR1;SPR1-470NFN;"Monofaze ince tip, yük 440 VAC, 70 A; haberleşmesiz; geri beslemeli kontrol; 3. seçenek N [TEYİT]";Mağazada;;;USD;
Güç kontrol cihazları;SPR1;SPR1-470NFF;"Monofaze ince tip, yük 440 VAC, 70 A; haberleşmesiz; geri beslemeli kontrol; 3. seçenek F [TEYİT]";Mağazada;;;USD;
Güç kontrol cihazları;SPR1;SPR1-470TNN;"Monofaze ince tip, yük 440 VAC, 70 A; RS485; normal kontrol; 3. seçenek N [TEYİT]";Mağazada;;;USD;
Güç kontrol cihazları;SPR1;SPR1-470TNF;"Monofaze ince tip, yük 440 VAC, 70 A; RS485; normal kontrol; 3. seçenek F [TEYİT]";Mağazada;;;USD;
Güç kontrol cihazları;SPR1;SPR1-470TFN;"Monofaze ince tip, yük 440 VAC, 70 A; RS485; geri beslemeli kontrol; 3. seçenek N [TEYİT]";Mağazada;;;USD;
Güç kontrol cihazları;SPR1;SPR1-470TFF;"Monofaze ince tip, yük 440 VAC, 70 A; RS485; geri beslemeli kontrol; 3. seçenek F [TEYİT]";Mağazada;;;USD;
Güç kontrol cihazları;SPR1;SPR1-4100NNN;"Monofaze ince tip, yük 440 VAC, 100 A; haberleşmesiz; normal kontrol; 3. seçenek N [TEYİT]";Mağazada;;;USD;
Güç kontrol cihazları;SPR1;SPR1-4100NNF;"Monofaze ince tip, yük 440 VAC, 100 A; haberleşmesiz; normal kontrol; 3. seçenek F [TEYİT]";Mağazada;;;USD;
Güç kontrol cihazları;SPR1;SPR1-4100NFN;"Monofaze ince tip, yük 440 VAC, 100 A; haberleşmesiz; geri beslemeli kontrol; 3. seçenek N [TEYİT]";Mağazada;;;USD;
Güç kontrol cihazları;SPR1;SPR1-4100NFF;"Monofaze ince tip, yük 440 VAC, 100 A; haberleşmesiz; geri beslemeli kontrol; 3. seçenek F [TEYİT]";Mağazada;;;USD;
Güç kontrol cihazları;SPR1;SPR1-4100TNN;"Monofaze ince tip, yük 440 VAC, 100 A; RS485; normal kontrol; 3. seçenek N [TEYİT]";Mağazada;;;USD;
Güç kontrol cihazları;SPR1;SPR1-4100TNF;"Monofaze ince tip, yük 440 VAC, 100 A; RS485; normal kontrol; 3. seçenek F [TEYİT]";Mağazada;;;USD;
Güç kontrol cihazları;SPR1;SPR1-4100TFN;"Monofaze ince tip, yük 440 VAC, 100 A; RS485; geri beslemeli kontrol; 3. seçenek N [TEYİT]";Mağazada;;;USD;
Güç kontrol cihazları;SPR1;SPR1-4100TFF;"Monofaze ince tip, yük 440 VAC, 100 A; RS485; geri beslemeli kontrol; 3. seçenek F [TEYİT]";Mağazada;;;USD;
Güç kontrol cihazları;SPR1;SPR1-4150NNN;"Monofaze ince tip, yük 440 VAC, 150 A; haberleşmesiz; normal kontrol; 3. seçenek N [TEYİT]";Mağazada;;;USD;
Güç kontrol cihazları;SPR1;SPR1-4150NNF;"Monofaze ince tip, yük 440 VAC, 150 A; haberleşmesiz; normal kontrol; 3. seçenek F [TEYİT]";Mağazada;;;USD;
Güç kontrol cihazları;SPR1;SPR1-4150NFN;"Monofaze ince tip, yük 440 VAC, 150 A; haberleşmesiz; geri beslemeli kontrol; 3. seçenek N [TEYİT]";Mağazada;;;USD;
Güç kontrol cihazları;SPR1;SPR1-4150NFF;"Monofaze ince tip, yük 440 VAC, 150 A; haberleşmesiz; geri beslemeli kontrol; 3. seçenek F [TEYİT]";Mağazada;;;USD;
Güç kontrol cihazları;SPR1;SPR1-4150TNN;"Monofaze ince tip, yük 440 VAC, 150 A; RS485; normal kontrol; 3. seçenek N [TEYİT]";Mağazada;;;USD;
Güç kontrol cihazları;SPR1;SPR1-4150TNF;"Monofaze ince tip, yük 440 VAC, 150 A; RS485; normal kontrol; 3. seçenek F [TEYİT]";Mağazada;;;USD;
Güç kontrol cihazları;SPR1;SPR1-4150TFN;"Monofaze ince tip, yük 440 VAC, 150 A; RS485; geri beslemeli kontrol; 3. seçenek N [TEYİT]";Mağazada;;;USD;
Güç kontrol cihazları;SPR1;SPR1-4150TFF;"Monofaze ince tip, yük 440 VAC, 150 A; RS485; geri beslemeli kontrol; 3. seçenek F [TEYİT]";Mağazada;;;USD;
Güç kontrol cihazları;SPR3;SPR3-125NNN;"Trifaze ince tip, yük 110 VAC, 25 A; haberleşmesiz; normal kontrol; 3. seçenek N [TEYİT]";Mağazada;;;USD;
Güç kontrol cihazları;SPR3;SPR3-125NNF;"Trifaze ince tip, yük 110 VAC, 25 A; haberleşmesiz; normal kontrol; 3. seçenek F [TEYİT]";Mağazada;;;USD;
Güç kontrol cihazları;SPR3;SPR3-125NFN;"Trifaze ince tip, yük 110 VAC, 25 A; haberleşmesiz; geri beslemeli kontrol; 3. seçenek N [TEYİT]";Mağazada;;;USD;
Güç kontrol cihazları;SPR3;SPR3-125NFF;"Trifaze ince tip, yük 110 VAC, 25 A; haberleşmesiz; geri beslemeli kontrol; 3. seçenek F [TEYİT]";Mağazada;;;USD;
Güç kontrol cihazları;SPR3;SPR3-125TNN;"Trifaze ince tip, yük 110 VAC, 25 A; RS485; normal kontrol; 3. seçenek N [TEYİT]";Mağazada;;;USD;
Güç kontrol cihazları;SPR3;SPR3-125TNF;"Trifaze ince tip, yük 110 VAC, 25 A; RS485; normal kontrol; 3. seçenek F [TEYİT]";Mağazada;;;USD;
Güç kontrol cihazları;SPR3;SPR3-125TFN;"Trifaze ince tip, yük 110 VAC, 25 A; RS485; geri beslemeli kontrol; 3. seçenek N [TEYİT]";Mağazada;;;USD;
Güç kontrol cihazları;SPR3;SPR3-125TFF;"Trifaze ince tip, yük 110 VAC, 25 A; RS485; geri beslemeli kontrol; 3. seçenek F [TEYİT]";Mağazada;;;USD;
Güç kontrol cihazları;SPR3;SPR3-135NNN;"Trifaze ince tip, yük 110 VAC, 35 A; haberleşmesiz; normal kontrol; 3. seçenek N [TEYİT]";Mağazada;;;USD;
Güç kontrol cihazları;SPR3;SPR3-135NNF;"Trifaze ince tip, yük 110 VAC, 35 A; haberleşmesiz; normal kontrol; 3. seçenek F [TEYİT]";Mağazada;;;USD;
Güç kontrol cihazları;SPR3;SPR3-135NFN;"Trifaze ince tip, yük 110 VAC, 35 A; haberleşmesiz; geri beslemeli kontrol; 3. seçenek N [TEYİT]";Mağazada;;;USD;
Güç kontrol cihazları;SPR3;SPR3-135NFF;"Trifaze ince tip, yük 110 VAC, 35 A; haberleşmesiz; geri beslemeli kontrol; 3. seçenek F [TEYİT]";Mağazada;;;USD;
Güç kontrol cihazları;SPR3;SPR3-135TNN;"Trifaze ince tip, yük 110 VAC, 35 A; RS485; normal kontrol; 3. seçenek N [TEYİT]";Mağazada;;;USD;
Güç kontrol cihazları;SPR3;SPR3-135TNF;"Trifaze ince tip, yük 110 VAC, 35 A; RS485; normal kontrol; 3. seçenek F [TEYİT]";Mağazada;;;USD;
Güç kontrol cihazları;SPR3;SPR3-135TFN;"Trifaze ince tip, yük 110 VAC, 35 A; RS485; geri beslemeli kontrol; 3. seçenek N [TEYİT]";Mağazada;;;USD;
Güç kontrol cihazları;SPR3;SPR3-135TFF;"Trifaze ince tip, yük 110 VAC, 35 A; RS485; geri beslemeli kontrol; 3. seçenek F [TEYİT]";Mağazada;;;USD;
Güç kontrol cihazları;SPR3;SPR3-150NNN;"Trifaze ince tip, yük 110 VAC, 50 A; haberleşmesiz; normal kontrol; 3. seçenek N [TEYİT]";Mağazada;;;USD;
Güç kontrol cihazları;SPR3;SPR3-150NNF;"Trifaze ince tip, yük 110 VAC, 50 A; haberleşmesiz; normal kontrol; 3. seçenek F [TEYİT]";Mağazada;;;USD;
Güç kontrol cihazları;SPR3;SPR3-150NFN;"Trifaze ince tip, yük 110 VAC, 50 A; haberleşmesiz; geri beslemeli kontrol; 3. seçenek N [TEYİT]";Mağazada;;;USD;
Güç kontrol cihazları;SPR3;SPR3-150NFF;"Trifaze ince tip, yük 110 VAC, 50 A; haberleşmesiz; geri beslemeli kontrol; 3. seçenek F [TEYİT]";Mağazada;;;USD;
Güç kontrol cihazları;SPR3;SPR3-150TNN;"Trifaze ince tip, yük 110 VAC, 50 A; RS485; normal kontrol; 3. seçenek N [TEYİT]";Mağazada;;;USD;
Güç kontrol cihazları;SPR3;SPR3-150TNF;"Trifaze ince tip, yük 110 VAC, 50 A; RS485; normal kontrol; 3. seçenek F [TEYİT]";Mağazada;;;USD;
Güç kontrol cihazları;SPR3;SPR3-150TFN;"Trifaze ince tip, yük 110 VAC, 50 A; RS485; geri beslemeli kontrol; 3. seçenek N [TEYİT]";Mağazada;;;USD;
Güç kontrol cihazları;SPR3;SPR3-150TFF;"Trifaze ince tip, yük 110 VAC, 50 A; RS485; geri beslemeli kontrol; 3. seçenek F [TEYİT]";Mağazada;;;USD;
Güç kontrol cihazları;SPR3;SPR3-170NNN;"Trifaze ince tip, yük 110 VAC, 70 A; haberleşmesiz; normal kontrol; 3. seçenek N [TEYİT]";Mağazada;;;USD;
Güç kontrol cihazları;SPR3;SPR3-170NNF;"Trifaze ince tip, yük 110 VAC, 70 A; haberleşmesiz; normal kontrol; 3. seçenek F [TEYİT]";Mağazada;;;USD;
Güç kontrol cihazları;SPR3;SPR3-170NFN;"Trifaze ince tip, yük 110 VAC, 70 A; haberleşmesiz; geri beslemeli kontrol; 3. seçenek N [TEYİT]";Mağazada;;;USD;
Güç kontrol cihazları;SPR3;SPR3-170NFF;"Trifaze ince tip, yük 110 VAC, 70 A; haberleşmesiz; geri beslemeli kontrol; 3. seçenek F [TEYİT]";Mağazada;;;USD;
Güç kontrol cihazları;SPR3;SPR3-170TNN;"Trifaze ince tip, yük 110 VAC, 70 A; RS485; normal kontrol; 3. seçenek N [TEYİT]";Mağazada;;;USD;
Güç kontrol cihazları;SPR3;SPR3-170TNF;"Trifaze ince tip, yük 110 VAC, 70 A; RS485; normal kontrol; 3. seçenek F [TEYİT]";Mağazada;;;USD;
Güç kontrol cihazları;SPR3;SPR3-170TFN;"Trifaze ince tip, yük 110 VAC, 70 A; RS485; geri beslemeli kontrol; 3. seçenek N [TEYİT]";Mağazada;;;USD;
Güç kontrol cihazları;SPR3;SPR3-170TFF;"Trifaze ince tip, yük 110 VAC, 70 A; RS485; geri beslemeli kontrol; 3. seçenek F [TEYİT]";Mağazada;;;USD;
Güç kontrol cihazları;SPR3;SPR3-1100NNN;"Trifaze ince tip, yük 110 VAC, 100 A; haberleşmesiz; normal kontrol; 3. seçenek N [TEYİT]";Mağazada;;;USD;
Güç kontrol cihazları;SPR3;SPR3-1100NNF;"Trifaze ince tip, yük 110 VAC, 100 A; haberleşmesiz; normal kontrol; 3. seçenek F [TEYİT]";Mağazada;;;USD;
Güç kontrol cihazları;SPR3;SPR3-1100NFN;"Trifaze ince tip, yük 110 VAC, 100 A; haberleşmesiz; geri beslemeli kontrol; 3. seçenek N [TEYİT]";Mağazada;;;USD;
Güç kontrol cihazları;SPR3;SPR3-1100NFF;"Trifaze ince tip, yük 110 VAC, 100 A; haberleşmesiz; geri beslemeli kontrol; 3. seçenek F [TEYİT]";Mağazada;;;USD;
Güç kontrol cihazları;SPR3;SPR3-1100TNN;"Trifaze ince tip, yük 110 VAC, 100 A; RS485; normal kontrol; 3. seçenek N [TEYİT]";Mağazada;;;USD;
Güç kontrol cihazları;SPR3;SPR3-1100TNF;"Trifaze ince tip, yük 110 VAC, 100 A; RS485; normal kontrol; 3. seçenek F [TEYİT]";Mağazada;;;USD;
Güç kontrol cihazları;SPR3;SPR3-1100TFN;"Trifaze ince tip, yük 110 VAC, 100 A; RS485; geri beslemeli kontrol; 3. seçenek N [TEYİT]";Mağazada;;;USD;
Güç kontrol cihazları;SPR3;SPR3-1100TFF;"Trifaze ince tip, yük 110 VAC, 100 A; RS485; geri beslemeli kontrol; 3. seçenek F [TEYİT]";Mağazada;;;USD;
Güç kontrol cihazları;SPR3;SPR3-1150NNN;"Trifaze ince tip, yük 110 VAC, 150 A; haberleşmesiz; normal kontrol; 3. seçenek N [TEYİT]";Mağazada;;;USD;
Güç kontrol cihazları;SPR3;SPR3-1150NNF;"Trifaze ince tip, yük 110 VAC, 150 A; haberleşmesiz; normal kontrol; 3. seçenek F [TEYİT]";Mağazada;;;USD;
Güç kontrol cihazları;SPR3;SPR3-1150NFN;"Trifaze ince tip, yük 110 VAC, 150 A; haberleşmesiz; geri beslemeli kontrol; 3. seçenek N [TEYİT]";Mağazada;;;USD;
Güç kontrol cihazları;SPR3;SPR3-1150NFF;"Trifaze ince tip, yük 110 VAC, 150 A; haberleşmesiz; geri beslemeli kontrol; 3. seçenek F [TEYİT]";Mağazada;;;USD;
Güç kontrol cihazları;SPR3;SPR3-1150TNN;"Trifaze ince tip, yük 110 VAC, 150 A; RS485; normal kontrol; 3. seçenek N [TEYİT]";Mağazada;;;USD;
Güç kontrol cihazları;SPR3;SPR3-1150TNF;"Trifaze ince tip, yük 110 VAC, 150 A; RS485; normal kontrol; 3. seçenek F [TEYİT]";Mağazada;;;USD;
Güç kontrol cihazları;SPR3;SPR3-1150TFN;"Trifaze ince tip, yük 110 VAC, 150 A; RS485; geri beslemeli kontrol; 3. seçenek N [TEYİT]";Mağazada;;;USD;
Güç kontrol cihazları;SPR3;SPR3-1150TFF;"Trifaze ince tip, yük 110 VAC, 150 A; RS485; geri beslemeli kontrol; 3. seçenek F [TEYİT]";Mağazada;;;USD;
Güç kontrol cihazları;SPR3;SPR3-225NNN;"Trifaze ince tip, yük 220 VAC, 25 A; haberleşmesiz; normal kontrol; 3. seçenek N [TEYİT]";Mağazada;;;USD;
Güç kontrol cihazları;SPR3;SPR3-225NNF;"Trifaze ince tip, yük 220 VAC, 25 A; haberleşmesiz; normal kontrol; 3. seçenek F [TEYİT]";Mağazada;;;USD;
Güç kontrol cihazları;SPR3;SPR3-225NFN;"Trifaze ince tip, yük 220 VAC, 25 A; haberleşmesiz; geri beslemeli kontrol; 3. seçenek N [TEYİT]";Mağazada;;;USD;
Güç kontrol cihazları;SPR3;SPR3-225NFF;"Trifaze ince tip, yük 220 VAC, 25 A; haberleşmesiz; geri beslemeli kontrol; 3. seçenek F [TEYİT]";Mağazada;;;USD;
Güç kontrol cihazları;SPR3;SPR3-225TNN;"Trifaze ince tip, yük 220 VAC, 25 A; RS485; normal kontrol; 3. seçenek N [TEYİT]";Mağazada;;;USD;
Güç kontrol cihazları;SPR3;SPR3-225TNF;"Trifaze ince tip, yük 220 VAC, 25 A; RS485; normal kontrol; 3. seçenek F [TEYİT]";Mağazada;;;USD;
Güç kontrol cihazları;SPR3;SPR3-225TFN;"Trifaze ince tip, yük 220 VAC, 25 A; RS485; geri beslemeli kontrol; 3. seçenek N [TEYİT]";Mağazada;;;USD;
Güç kontrol cihazları;SPR3;SPR3-225TFF;"Trifaze ince tip, yük 220 VAC, 25 A; RS485; geri beslemeli kontrol; 3. seçenek F [TEYİT]";Mağazada;;;USD;
Güç kontrol cihazları;SPR3;SPR3-235NNN;"Trifaze ince tip, yük 220 VAC, 35 A; haberleşmesiz; normal kontrol; 3. seçenek N [TEYİT]";Mağazada;;;USD;
Güç kontrol cihazları;SPR3;SPR3-235NNF;"Trifaze ince tip, yük 220 VAC, 35 A; haberleşmesiz; normal kontrol; 3. seçenek F [TEYİT]";Mağazada;;;USD;
Güç kontrol cihazları;SPR3;SPR3-235NFN;"Trifaze ince tip, yük 220 VAC, 35 A; haberleşmesiz; geri beslemeli kontrol; 3. seçenek N [TEYİT]";Mağazada;;;USD;
Güç kontrol cihazları;SPR3;SPR3-235NFF;"Trifaze ince tip, yük 220 VAC, 35 A; haberleşmesiz; geri beslemeli kontrol; 3. seçenek F [TEYİT]";Mağazada;;;USD;
Güç kontrol cihazları;SPR3;SPR3-235TNN;"Trifaze ince tip, yük 220 VAC, 35 A; RS485; normal kontrol; 3. seçenek N [TEYİT]";Mağazada;;;USD;
Güç kontrol cihazları;SPR3;SPR3-235TNF;"Trifaze ince tip, yük 220 VAC, 35 A; RS485; normal kontrol; 3. seçenek F [TEYİT]";Mağazada;;;USD;
Güç kontrol cihazları;SPR3;SPR3-235TFN;"Trifaze ince tip, yük 220 VAC, 35 A; RS485; geri beslemeli kontrol; 3. seçenek N [TEYİT]";Mağazada;;;USD;
Güç kontrol cihazları;SPR3;SPR3-235TFF;"Trifaze ince tip, yük 220 VAC, 35 A; RS485; geri beslemeli kontrol; 3. seçenek F [TEYİT]";Mağazada;;;USD;
Güç kontrol cihazları;SPR3;SPR3-250NNN;"Trifaze ince tip, yük 220 VAC, 50 A; haberleşmesiz; normal kontrol; 3. seçenek N [TEYİT]";Mağazada;;;USD;
Güç kontrol cihazları;SPR3;SPR3-250NNF;"Trifaze ince tip, yük 220 VAC, 50 A; haberleşmesiz; normal kontrol; 3. seçenek F [TEYİT]";Mağazada;;;USD;
Güç kontrol cihazları;SPR3;SPR3-250NFN;"Trifaze ince tip, yük 220 VAC, 50 A; haberleşmesiz; geri beslemeli kontrol; 3. seçenek N [TEYİT]";Mağazada;;;USD;
Güç kontrol cihazları;SPR3;SPR3-250NFF;"Trifaze ince tip, yük 220 VAC, 50 A; haberleşmesiz; geri beslemeli kontrol; 3. seçenek F [TEYİT]";Mağazada;;;USD;
Güç kontrol cihazları;SPR3;SPR3-250TNN;"Trifaze ince tip, yük 220 VAC, 50 A; RS485; normal kontrol; 3. seçenek N [TEYİT]";Mağazada;;;USD;
Güç kontrol cihazları;SPR3;SPR3-250TNF;"Trifaze ince tip, yük 220 VAC, 50 A; RS485; normal kontrol; 3. seçenek F [TEYİT]";Mağazada;;;USD;
Güç kontrol cihazları;SPR3;SPR3-250TFN;"Trifaze ince tip, yük 220 VAC, 50 A; RS485; geri beslemeli kontrol; 3. seçenek N [TEYİT]";Mağazada;;;USD;
Güç kontrol cihazları;SPR3;SPR3-250TFF;"Trifaze ince tip, yük 220 VAC, 50 A; RS485; geri beslemeli kontrol; 3. seçenek F [TEYİT]";Mağazada;;;USD;
Güç kontrol cihazları;SPR3;SPR3-270NNN;"Trifaze ince tip, yük 220 VAC, 70 A; haberleşmesiz; normal kontrol; 3. seçenek N [TEYİT]";Mağazada;;;USD;
Güç kontrol cihazları;SPR3;SPR3-270NNF;"Trifaze ince tip, yük 220 VAC, 70 A; haberleşmesiz; normal kontrol; 3. seçenek F [TEYİT]";Mağazada;;;USD;
Güç kontrol cihazları;SPR3;SPR3-270NFN;"Trifaze ince tip, yük 220 VAC, 70 A; haberleşmesiz; geri beslemeli kontrol; 3. seçenek N [TEYİT]";Mağazada;;;USD;
Güç kontrol cihazları;SPR3;SPR3-270NFF;"Trifaze ince tip, yük 220 VAC, 70 A; haberleşmesiz; geri beslemeli kontrol; 3. seçenek F [TEYİT]";Mağazada;;;USD;
Güç kontrol cihazları;SPR3;SPR3-270TNN;"Trifaze ince tip, yük 220 VAC, 70 A; RS485; normal kontrol; 3. seçenek N [TEYİT]";Mağazada;;;USD;
Güç kontrol cihazları;SPR3;SPR3-270TNF;"Trifaze ince tip, yük 220 VAC, 70 A; RS485; normal kontrol; 3. seçenek F [TEYİT]";Mağazada;;;USD;
Güç kontrol cihazları;SPR3;SPR3-270TFN;"Trifaze ince tip, yük 220 VAC, 70 A; RS485; geri beslemeli kontrol; 3. seçenek N [TEYİT]";Mağazada;;;USD;
Güç kontrol cihazları;SPR3;SPR3-270TFF;"Trifaze ince tip, yük 220 VAC, 70 A; RS485; geri beslemeli kontrol; 3. seçenek F [TEYİT]";Mağazada;;;USD;
Güç kontrol cihazları;SPR3;SPR3-2100NNN;"Trifaze ince tip, yük 220 VAC, 100 A; haberleşmesiz; normal kontrol; 3. seçenek N [TEYİT]";Mağazada;;;USD;
Güç kontrol cihazları;SPR3;SPR3-2100NNF;"Trifaze ince tip, yük 220 VAC, 100 A; haberleşmesiz; normal kontrol; 3. seçenek F [TEYİT]";Mağazada;;;USD;
Güç kontrol cihazları;SPR3;SPR3-2100NFN;"Trifaze ince tip, yük 220 VAC, 100 A; haberleşmesiz; geri beslemeli kontrol; 3. seçenek N [TEYİT]";Mağazada;;;USD;
Güç kontrol cihazları;SPR3;SPR3-2100NFF;"Trifaze ince tip, yük 220 VAC, 100 A; haberleşmesiz; geri beslemeli kontrol; 3. seçenek F [TEYİT]";Mağazada;;;USD;
Güç kontrol cihazları;SPR3;SPR3-2100TNN;"Trifaze ince tip, yük 220 VAC, 100 A; RS485; normal kontrol; 3. seçenek N [TEYİT]";Mağazada;;;USD;
Güç kontrol cihazları;SPR3;SPR3-2100TNF;"Trifaze ince tip, yük 220 VAC, 100 A; RS485; normal kontrol; 3. seçenek F [TEYİT]";Mağazada;;;USD;
Güç kontrol cihazları;SPR3;SPR3-2100TFN;"Trifaze ince tip, yük 220 VAC, 100 A; RS485; geri beslemeli kontrol; 3. seçenek N [TEYİT]";Mağazada;;;USD;
Güç kontrol cihazları;SPR3;SPR3-2100TFF;"Trifaze ince tip, yük 220 VAC, 100 A; RS485; geri beslemeli kontrol; 3. seçenek F [TEYİT]";Mağazada;;;USD;
Güç kontrol cihazları;SPR3;SPR3-2150NNN;"Trifaze ince tip, yük 220 VAC, 150 A; haberleşmesiz; normal kontrol; 3. seçenek N [TEYİT]";Mağazada;;;USD;
Güç kontrol cihazları;SPR3;SPR3-2150NNF;"Trifaze ince tip, yük 220 VAC, 150 A; haberleşmesiz; normal kontrol; 3. seçenek F [TEYİT]";Mağazada;;;USD;
Güç kontrol cihazları;SPR3;SPR3-2150NFN;"Trifaze ince tip, yük 220 VAC, 150 A; haberleşmesiz; geri beslemeli kontrol; 3. seçenek N [TEYİT]";Mağazada;;;USD;
Güç kontrol cihazları;SPR3;SPR3-2150NFF;"Trifaze ince tip, yük 220 VAC, 150 A; haberleşmesiz; geri beslemeli kontrol; 3. seçenek F [TEYİT]";Mağazada;;;USD;
Güç kontrol cihazları;SPR3;SPR3-2150TNN;"Trifaze ince tip, yük 220 VAC, 150 A; RS485; normal kontrol; 3. seçenek N [TEYİT]";Mağazada;;;USD;
Güç kontrol cihazları;SPR3;SPR3-2150TNF;"Trifaze ince tip, yük 220 VAC, 150 A; RS485; normal kontrol; 3. seçenek F [TEYİT]";Mağazada;;;USD;
Güç kontrol cihazları;SPR3;SPR3-2150TFN;"Trifaze ince tip, yük 220 VAC, 150 A; RS485; geri beslemeli kontrol; 3. seçenek N [TEYİT]";Mağazada;;;USD;
Güç kontrol cihazları;SPR3;SPR3-2150TFF;"Trifaze ince tip, yük 220 VAC, 150 A; RS485; geri beslemeli kontrol; 3. seçenek F [TEYİT]";Mağazada;;;USD;
Güç kontrol cihazları;SPR3;SPR3-325NNN;"Trifaze ince tip, yük 380 VAC, 25 A; haberleşmesiz; normal kontrol; 3. seçenek N [TEYİT]";Mağazada;;;USD;
Güç kontrol cihazları;SPR3;SPR3-325NNF;"Trifaze ince tip, yük 380 VAC, 25 A; haberleşmesiz; normal kontrol; 3. seçenek F [TEYİT]";Mağazada;;;USD;
Güç kontrol cihazları;SPR3;SPR3-325NFN;"Trifaze ince tip, yük 380 VAC, 25 A; haberleşmesiz; geri beslemeli kontrol; 3. seçenek N [TEYİT]";Mağazada;;;USD;
Güç kontrol cihazları;SPR3;SPR3-325NFF;"Trifaze ince tip, yük 380 VAC, 25 A; haberleşmesiz; geri beslemeli kontrol; 3. seçenek F [TEYİT]";Mağazada;;;USD;
Güç kontrol cihazları;SPR3;SPR3-325TNN;"Trifaze ince tip, yük 380 VAC, 25 A; RS485; normal kontrol; 3. seçenek N [TEYİT]";Mağazada;;;USD;
Güç kontrol cihazları;SPR3;SPR3-325TNF;"Trifaze ince tip, yük 380 VAC, 25 A; RS485; normal kontrol; 3. seçenek F [TEYİT]";Mağazada;;;USD;
Güç kontrol cihazları;SPR3;SPR3-325TFN;"Trifaze ince tip, yük 380 VAC, 25 A; RS485; geri beslemeli kontrol; 3. seçenek N [TEYİT]";Mağazada;;;USD;
Güç kontrol cihazları;SPR3;SPR3-325TFF;"Trifaze ince tip, yük 380 VAC, 25 A; RS485; geri beslemeli kontrol; 3. seçenek F [TEYİT]";Mağazada;;;USD;
Güç kontrol cihazları;SPR3;SPR3-335NNN;"Trifaze ince tip, yük 380 VAC, 35 A; haberleşmesiz; normal kontrol; 3. seçenek N [TEYİT]";Mağazada;;;USD;
Güç kontrol cihazları;SPR3;SPR3-335NNF;"Trifaze ince tip, yük 380 VAC, 35 A; haberleşmesiz; normal kontrol; 3. seçenek F [TEYİT]";Mağazada;;;USD;
Güç kontrol cihazları;SPR3;SPR3-335NFN;"Trifaze ince tip, yük 380 VAC, 35 A; haberleşmesiz; geri beslemeli kontrol; 3. seçenek N [TEYİT]";Mağazada;;;USD;
Güç kontrol cihazları;SPR3;SPR3-335NFF;"Trifaze ince tip, yük 380 VAC, 35 A; haberleşmesiz; geri beslemeli kontrol; 3. seçenek F [TEYİT]";Mağazada;;;USD;
Güç kontrol cihazları;SPR3;SPR3-335TNN;"Trifaze ince tip, yük 380 VAC, 35 A; RS485; normal kontrol; 3. seçenek N [TEYİT]";Mağazada;;;USD;
Güç kontrol cihazları;SPR3;SPR3-335TNF;"Trifaze ince tip, yük 380 VAC, 35 A; RS485; normal kontrol; 3. seçenek F [TEYİT]";Mağazada;;;USD;
Güç kontrol cihazları;SPR3;SPR3-335TFN;"Trifaze ince tip, yük 380 VAC, 35 A; RS485; geri beslemeli kontrol; 3. seçenek N [TEYİT]";Mağazada;;;USD;
Güç kontrol cihazları;SPR3;SPR3-335TFF;"Trifaze ince tip, yük 380 VAC, 35 A; RS485; geri beslemeli kontrol; 3. seçenek F [TEYİT]";Mağazada;;;USD;
Güç kontrol cihazları;SPR3;SPR3-350NNN;"Trifaze ince tip, yük 380 VAC, 50 A; haberleşmesiz; normal kontrol; 3. seçenek N [TEYİT]";Mağazada;;;USD;
Güç kontrol cihazları;SPR3;SPR3-350NNF;"Trifaze ince tip, yük 380 VAC, 50 A; haberleşmesiz; normal kontrol; 3. seçenek F [TEYİT]";Mağazada;;;USD;
Güç kontrol cihazları;SPR3;SPR3-350NFN;"Trifaze ince tip, yük 380 VAC, 50 A; haberleşmesiz; geri beslemeli kontrol; 3. seçenek N [TEYİT]";Mağazada;;;USD;
Güç kontrol cihazları;SPR3;SPR3-350NFF;"Trifaze ince tip, yük 380 VAC, 50 A; haberleşmesiz; geri beslemeli kontrol; 3. seçenek F [TEYİT]";Mağazada;;;USD;
Güç kontrol cihazları;SPR3;SPR3-350TNN;"Trifaze ince tip, yük 380 VAC, 50 A; RS485; normal kontrol; 3. seçenek N [TEYİT]";Mağazada;;;USD;
Güç kontrol cihazları;SPR3;SPR3-350TNF;"Trifaze ince tip, yük 380 VAC, 50 A; RS485; normal kontrol; 3. seçenek F [TEYİT]";Mağazada;;;USD;
Güç kontrol cihazları;SPR3;SPR3-350TFN;"Trifaze ince tip, yük 380 VAC, 50 A; RS485; geri beslemeli kontrol; 3. seçenek N [TEYİT]";Mağazada;;;USD;
Güç kontrol cihazları;SPR3;SPR3-350TFF;"Trifaze ince tip, yük 380 VAC, 50 A; RS485; geri beslemeli kontrol; 3. seçenek F [TEYİT]";Mağazada;;;USD;
Güç kontrol cihazları;SPR3;SPR3-370NNN;"Trifaze ince tip, yük 380 VAC, 70 A; haberleşmesiz; normal kontrol; 3. seçenek N [TEYİT]";Mağazada;;;USD;
Güç kontrol cihazları;SPR3;SPR3-370NNF;"Trifaze ince tip, yük 380 VAC, 70 A; haberleşmesiz; normal kontrol; 3. seçenek F [TEYİT]";Mağazada;;;USD;
Güç kontrol cihazları;SPR3;SPR3-370NFN;"Trifaze ince tip, yük 380 VAC, 70 A; haberleşmesiz; geri beslemeli kontrol; 3. seçenek N [TEYİT]";Mağazada;;;USD;
Güç kontrol cihazları;SPR3;SPR3-370NFF;"Trifaze ince tip, yük 380 VAC, 70 A; haberleşmesiz; geri beslemeli kontrol; 3. seçenek F [TEYİT]";Mağazada;;;USD;
Güç kontrol cihazları;SPR3;SPR3-370TNN;"Trifaze ince tip, yük 380 VAC, 70 A; RS485; normal kontrol; 3. seçenek N [TEYİT]";Mağazada;;;USD;
Güç kontrol cihazları;SPR3;SPR3-370TNF;"Trifaze ince tip, yük 380 VAC, 70 A; RS485; normal kontrol; 3. seçenek F [TEYİT]";Mağazada;;;USD;
Güç kontrol cihazları;SPR3;SPR3-370TFN;"Trifaze ince tip, yük 380 VAC, 70 A; RS485; geri beslemeli kontrol; 3. seçenek N [TEYİT]";Mağazada;;;USD;
Güç kontrol cihazları;SPR3;SPR3-370TFF;"Trifaze ince tip, yük 380 VAC, 70 A; RS485; geri beslemeli kontrol; 3. seçenek F [TEYİT]";Mağazada;;;USD;
Güç kontrol cihazları;SPR3;SPR3-3100NNN;"Trifaze ince tip, yük 380 VAC, 100 A; haberleşmesiz; normal kontrol; 3. seçenek N [TEYİT]";Mağazada;;;USD;
Güç kontrol cihazları;SPR3;SPR3-3100NNF;"Trifaze ince tip, yük 380 VAC, 100 A; haberleşmesiz; normal kontrol; 3. seçenek F [TEYİT]";Mağazada;;;USD;
Güç kontrol cihazları;SPR3;SPR3-3100NFN;"Trifaze ince tip, yük 380 VAC, 100 A; haberleşmesiz; geri beslemeli kontrol; 3. seçenek N [TEYİT]";Mağazada;;;USD;
Güç kontrol cihazları;SPR3;SPR3-3100NFF;"Trifaze ince tip, yük 380 VAC, 100 A; haberleşmesiz; geri beslemeli kontrol; 3. seçenek F [TEYİT]";Mağazada;;;USD;
Güç kontrol cihazları;SPR3;SPR3-3100TNN;"Trifaze ince tip, yük 380 VAC, 100 A; RS485; normal kontrol; 3. seçenek N [TEYİT]";Mağazada;;;USD;
Güç kontrol cihazları;SPR3;SPR3-3100TNF;"Trifaze ince tip, yük 380 VAC, 100 A; RS485; normal kontrol; 3. seçenek F [TEYİT]";Mağazada;;;USD;
Güç kontrol cihazları;SPR3;SPR3-3100TFN;"Trifaze ince tip, yük 380 VAC, 100 A; RS485; geri beslemeli kontrol; 3. seçenek N [TEYİT]";Mağazada;;;USD;
Güç kontrol cihazları;SPR3;SPR3-3100TFF;"Trifaze ince tip, yük 380 VAC, 100 A; RS485; geri beslemeli kontrol; 3. seçenek F [TEYİT]";Mağazada;;;USD;
Güç kontrol cihazları;SPR3;SPR3-3150NNN;"Trifaze ince tip, yük 380 VAC, 150 A; haberleşmesiz; normal kontrol; 3. seçenek N [TEYİT]";Mağazada;;;USD;
Güç kontrol cihazları;SPR3;SPR3-3150NNF;"Trifaze ince tip, yük 380 VAC, 150 A; haberleşmesiz; normal kontrol; 3. seçenek F [TEYİT]";Mağazada;;;USD;
Güç kontrol cihazları;SPR3;SPR3-3150NFN;"Trifaze ince tip, yük 380 VAC, 150 A; haberleşmesiz; geri beslemeli kontrol; 3. seçenek N [TEYİT]";Mağazada;;;USD;
Güç kontrol cihazları;SPR3;SPR3-3150NFF;"Trifaze ince tip, yük 380 VAC, 150 A; haberleşmesiz; geri beslemeli kontrol; 3. seçenek F [TEYİT]";Mağazada;;;USD;
Güç kontrol cihazları;SPR3;SPR3-3150TNN;"Trifaze ince tip, yük 380 VAC, 150 A; RS485; normal kontrol; 3. seçenek N [TEYİT]";Mağazada;;;USD;
Güç kontrol cihazları;SPR3;SPR3-3150TNF;"Trifaze ince tip, yük 380 VAC, 150 A; RS485; normal kontrol; 3. seçenek F [TEYİT]";Mağazada;;;USD;
Güç kontrol cihazları;SPR3;SPR3-3150TFN;"Trifaze ince tip, yük 380 VAC, 150 A; RS485; geri beslemeli kontrol; 3. seçenek N [TEYİT]";Mağazada;;;USD;
Güç kontrol cihazları;SPR3;SPR3-3150TFF;"Trifaze ince tip, yük 380 VAC, 150 A; RS485; geri beslemeli kontrol; 3. seçenek F [TEYİT]";Mağazada;;;USD;
Güç kontrol cihazları;SPR3;SPR3-425NNN;"Trifaze ince tip, yük 440 VAC, 25 A; haberleşmesiz; normal kontrol; 3. seçenek N [TEYİT]";Mağazada;;;USD;
Güç kontrol cihazları;SPR3;SPR3-425NNF;"Trifaze ince tip, yük 440 VAC, 25 A; haberleşmesiz; normal kontrol; 3. seçenek F [TEYİT]";Mağazada;;;USD;
Güç kontrol cihazları;SPR3;SPR3-425NFN;"Trifaze ince tip, yük 440 VAC, 25 A; haberleşmesiz; geri beslemeli kontrol; 3. seçenek N [TEYİT]";Mağazada;;;USD;
Güç kontrol cihazları;SPR3;SPR3-425NFF;"Trifaze ince tip, yük 440 VAC, 25 A; haberleşmesiz; geri beslemeli kontrol; 3. seçenek F [TEYİT]";Mağazada;;;USD;
Güç kontrol cihazları;SPR3;SPR3-425TNN;"Trifaze ince tip, yük 440 VAC, 25 A; RS485; normal kontrol; 3. seçenek N [TEYİT]";Mağazada;;;USD;
Güç kontrol cihazları;SPR3;SPR3-425TNF;"Trifaze ince tip, yük 440 VAC, 25 A; RS485; normal kontrol; 3. seçenek F [TEYİT]";Mağazada;;;USD;
Güç kontrol cihazları;SPR3;SPR3-425TFN;"Trifaze ince tip, yük 440 VAC, 25 A; RS485; geri beslemeli kontrol; 3. seçenek N [TEYİT]";Mağazada;;;USD;
Güç kontrol cihazları;SPR3;SPR3-425TFF;"Trifaze ince tip, yük 440 VAC, 25 A; RS485; geri beslemeli kontrol; 3. seçenek F [TEYİT]";Mağazada;;;USD;
Güç kontrol cihazları;SPR3;SPR3-435NNN;"Trifaze ince tip, yük 440 VAC, 35 A; haberleşmesiz; normal kontrol; 3. seçenek N [TEYİT]";Mağazada;;;USD;
Güç kontrol cihazları;SPR3;SPR3-435NNF;"Trifaze ince tip, yük 440 VAC, 35 A; haberleşmesiz; normal kontrol; 3. seçenek F [TEYİT]";Mağazada;;;USD;
Güç kontrol cihazları;SPR3;SPR3-435NFN;"Trifaze ince tip, yük 440 VAC, 35 A; haberleşmesiz; geri beslemeli kontrol; 3. seçenek N [TEYİT]";Mağazada;;;USD;
Güç kontrol cihazları;SPR3;SPR3-435NFF;"Trifaze ince tip, yük 440 VAC, 35 A; haberleşmesiz; geri beslemeli kontrol; 3. seçenek F [TEYİT]";Mağazada;;;USD;
Güç kontrol cihazları;SPR3;SPR3-435TNN;"Trifaze ince tip, yük 440 VAC, 35 A; RS485; normal kontrol; 3. seçenek N [TEYİT]";Mağazada;;;USD;
Güç kontrol cihazları;SPR3;SPR3-435TNF;"Trifaze ince tip, yük 440 VAC, 35 A; RS485; normal kontrol; 3. seçenek F [TEYİT]";Mağazada;;;USD;
Güç kontrol cihazları;SPR3;SPR3-435TFN;"Trifaze ince tip, yük 440 VAC, 35 A; RS485; geri beslemeli kontrol; 3. seçenek N [TEYİT]";Mağazada;;;USD;
Güç kontrol cihazları;SPR3;SPR3-435TFF;"Trifaze ince tip, yük 440 VAC, 35 A; RS485; geri beslemeli kontrol; 3. seçenek F [TEYİT]";Mağazada;;;USD;
Güç kontrol cihazları;SPR3;SPR3-450NNN;"Trifaze ince tip, yük 440 VAC, 50 A; haberleşmesiz; normal kontrol; 3. seçenek N [TEYİT]";Mağazada;;;USD;
Güç kontrol cihazları;SPR3;SPR3-450NNF;"Trifaze ince tip, yük 440 VAC, 50 A; haberleşmesiz; normal kontrol; 3. seçenek F [TEYİT]";Mağazada;;;USD;
Güç kontrol cihazları;SPR3;SPR3-450NFN;"Trifaze ince tip, yük 440 VAC, 50 A; haberleşmesiz; geri beslemeli kontrol; 3. seçenek N [TEYİT]";Mağazada;;;USD;
Güç kontrol cihazları;SPR3;SPR3-450NFF;"Trifaze ince tip, yük 440 VAC, 50 A; haberleşmesiz; geri beslemeli kontrol; 3. seçenek F [TEYİT]";Mağazada;;;USD;
Güç kontrol cihazları;SPR3;SPR3-450TNN;"Trifaze ince tip, yük 440 VAC, 50 A; RS485; normal kontrol; 3. seçenek N [TEYİT]";Mağazada;;;USD;
Güç kontrol cihazları;SPR3;SPR3-450TNF;"Trifaze ince tip, yük 440 VAC, 50 A; RS485; normal kontrol; 3. seçenek F [TEYİT]";Mağazada;;;USD;
Güç kontrol cihazları;SPR3;SPR3-450TFN;"Trifaze ince tip, yük 440 VAC, 50 A; RS485; geri beslemeli kontrol; 3. seçenek N [TEYİT]";Mağazada;;;USD;
Güç kontrol cihazları;SPR3;SPR3-450TFF;"Trifaze ince tip, yük 440 VAC, 50 A; RS485; geri beslemeli kontrol; 3. seçenek F [TEYİT]";Mağazada;;;USD;
Güç kontrol cihazları;SPR3;SPR3-470NNN;"Trifaze ince tip, yük 440 VAC, 70 A; haberleşmesiz; normal kontrol; 3. seçenek N [TEYİT]";Mağazada;;;USD;
Güç kontrol cihazları;SPR3;SPR3-470NNF;"Trifaze ince tip, yük 440 VAC, 70 A; haberleşmesiz; normal kontrol; 3. seçenek F [TEYİT]";Mağazada;;;USD;
Güç kontrol cihazları;SPR3;SPR3-470NFN;"Trifaze ince tip, yük 440 VAC, 70 A; haberleşmesiz; geri beslemeli kontrol; 3. seçenek N [TEYİT]";Mağazada;;;USD;
Güç kontrol cihazları;SPR3;SPR3-470NFF;"Trifaze ince tip, yük 440 VAC, 70 A; haberleşmesiz; geri beslemeli kontrol; 3. seçenek F [TEYİT]";Mağazada;;;USD;
Güç kontrol cihazları;SPR3;SPR3-470TNN;"Trifaze ince tip, yük 440 VAC, 70 A; RS485; normal kontrol; 3. seçenek N [TEYİT]";Mağazada;;;USD;
Güç kontrol cihazları;SPR3;SPR3-470TNF;"Trifaze ince tip, yük 440 VAC, 70 A; RS485; normal kontrol; 3. seçenek F [TEYİT]";Mağazada;;;USD;
Güç kontrol cihazları;SPR3;SPR3-470TFN;"Trifaze ince tip, yük 440 VAC, 70 A; RS485; geri beslemeli kontrol; 3. seçenek N [TEYİT]";Mağazada;;;USD;
Güç kontrol cihazları;SPR3;SPR3-470TFF;"Trifaze ince tip, yük 440 VAC, 70 A; RS485; geri beslemeli kontrol; 3. seçenek F [TEYİT]";Mağazada;;;USD;
Güç kontrol cihazları;SPR3;SPR3-4100NNN;"Trifaze ince tip, yük 440 VAC, 100 A; haberleşmesiz; normal kontrol; 3. seçenek N [TEYİT]";Mağazada;;;USD;
Güç kontrol cihazları;SPR3;SPR3-4100NNF;"Trifaze ince tip, yük 440 VAC, 100 A; haberleşmesiz; normal kontrol; 3. seçenek F [TEYİT]";Mağazada;;;USD;
Güç kontrol cihazları;SPR3;SPR3-4100NFN;"Trifaze ince tip, yük 440 VAC, 100 A; haberleşmesiz; geri beslemeli kontrol; 3. seçenek N [TEYİT]";Mağazada;;;USD;
Güç kontrol cihazları;SPR3;SPR3-4100NFF;"Trifaze ince tip, yük 440 VAC, 100 A; haberleşmesiz; geri beslemeli kontrol; 3. seçenek F [TEYİT]";Mağazada;;;USD;
Güç kontrol cihazları;SPR3;SPR3-4100TNN;"Trifaze ince tip, yük 440 VAC, 100 A; RS485; normal kontrol; 3. seçenek N [TEYİT]";Mağazada;;;USD;
Güç kontrol cihazları;SPR3;SPR3-4100TNF;"Trifaze ince tip, yük 440 VAC, 100 A; RS485; normal kontrol; 3. seçenek F [TEYİT]";Mağazada;;;USD;
Güç kontrol cihazları;SPR3;SPR3-4100TFN;"Trifaze ince tip, yük 440 VAC, 100 A; RS485; geri beslemeli kontrol; 3. seçenek N [TEYİT]";Mağazada;;;USD;
Güç kontrol cihazları;SPR3;SPR3-4100TFF;"Trifaze ince tip, yük 440 VAC, 100 A; RS485; geri beslemeli kontrol; 3. seçenek F [TEYİT]";Mağazada;;;USD;
Güç kontrol cihazları;SPR3;SPR3-4150NNN;"Trifaze ince tip, yük 440 VAC, 150 A; haberleşmesiz; normal kontrol; 3. seçenek N [TEYİT]";Mağazada;;;USD;
Güç kontrol cihazları;SPR3;SPR3-4150NNF;"Trifaze ince tip, yük 440 VAC, 150 A; haberleşmesiz; normal kontrol; 3. seçenek F [TEYİT]";Mağazada;;;USD;
Güç kontrol cihazları;SPR3;SPR3-4150NFN;"Trifaze ince tip, yük 440 VAC, 150 A; haberleşmesiz; geri beslemeli kontrol; 3. seçenek N [TEYİT]";Mağazada;;;USD;
Güç kontrol cihazları;SPR3;SPR3-4150NFF;"Trifaze ince tip, yük 440 VAC, 150 A; haberleşmesiz; geri beslemeli kontrol; 3. seçenek F [TEYİT]";Mağazada;;;USD;
Güç kontrol cihazları;SPR3;SPR3-4150TNN;"Trifaze ince tip, yük 440 VAC, 150 A; RS485; normal kontrol; 3. seçenek N [TEYİT]";Mağazada;;;USD;
Güç kontrol cihazları;SPR3;SPR3-4150TNF;"Trifaze ince tip, yük 440 VAC, 150 A; RS485; normal kontrol; 3. seçenek F [TEYİT]";Mağazada;;;USD;
Güç kontrol cihazları;SPR3;SPR3-4150TFN;"Trifaze ince tip, yük 440 VAC, 150 A; RS485; geri beslemeli kontrol; 3. seçenek N [TEYİT]";Mağazada;;;USD;
Güç kontrol cihazları;SPR3;SPR3-4150TFF;"Trifaze ince tip, yük 440 VAC, 150 A; RS485; geri beslemeli kontrol; 3. seçenek F [TEYİT]";Mağazada;;;USD;
Güç kontrol cihazları;DPU;DPU31A-025A;Trifaze, 110 V, 25 A, A gövde, harici gösterge + RS485;Kod sayfasında (teklif);;;USD;
Güç kontrol cihazları;DPU;DPU31A-025A-A;Trifaze, 110 V, 25 A, A gövde, harici gösterge + RS485 (-A soneki [TEYİT]);Kod sayfasında (teklif);;;USD;
Güç kontrol cihazları;DPU;DPU31A-025D;Trifaze, 110 V, 25 A, A gövde, harici gösterge;Kod sayfasında (teklif);;;USD;
Güç kontrol cihazları;DPU;DPU31A-025D-A;Trifaze, 110 V, 25 A, A gövde, harici gösterge (-A soneki [TEYİT]);Kod sayfasında (teklif);;;USD;
Güç kontrol cihazları;DPU;DPU31A-025N;Trifaze, 110 V, 25 A, A gövde, seçeneksiz;Kod sayfasında (teklif);;;USD;
Güç kontrol cihazları;DPU;DPU31A-025N-A;Trifaze, 110 V, 25 A, A gövde, seçeneksiz (-A soneki [TEYİT]);Kod sayfasında (teklif);;;USD;
Güç kontrol cihazları;DPU;DPU31A-025R;Trifaze, 110 V, 25 A, A gövde, RS485;Kod sayfasında (teklif);;;USD;
Güç kontrol cihazları;DPU;DPU31A-025R-A;Trifaze, 110 V, 25 A, A gövde, RS485 (-A soneki [TEYİT]);Kod sayfasında (teklif);;;USD;
Güç kontrol cihazları;DPU;DPU31A-040A;Trifaze, 110 V, 40 A, A gövde, harici gösterge + RS485;Kod sayfasında (teklif);;;USD;
Güç kontrol cihazları;DPU;DPU31A-040A-A;Trifaze, 110 V, 40 A, A gövde, harici gösterge + RS485 (-A soneki [TEYİT]);Kod sayfasında (teklif);;;USD;
Güç kontrol cihazları;DPU;DPU31A-040D;Trifaze, 110 V, 40 A, A gövde, harici gösterge;Kod sayfasında (teklif);;;USD;
Güç kontrol cihazları;DPU;DPU31A-040D-A;Trifaze, 110 V, 40 A, A gövde, harici gösterge (-A soneki [TEYİT]);Kod sayfasında (teklif);;;USD;
Güç kontrol cihazları;DPU;DPU31A-040N;Trifaze, 110 V, 40 A, A gövde, seçeneksiz;Kod sayfasında (teklif);;;USD;
Güç kontrol cihazları;DPU;DPU31A-040N-A;Trifaze, 110 V, 40 A, A gövde, seçeneksiz (-A soneki [TEYİT]);Kod sayfasında (teklif);;;USD;
Güç kontrol cihazları;DPU;DPU31A-040R;Trifaze, 110 V, 40 A, A gövde, RS485;Kod sayfasında (teklif);;;USD;
Güç kontrol cihazları;DPU;DPU31A-040R-A;Trifaze, 110 V, 40 A, A gövde, RS485 (-A soneki [TEYİT]);Kod sayfasında (teklif);;;USD;
Güç kontrol cihazları;DPU;DPU31A-050A;Trifaze, 110 V, 50 A, A gövde, harici gösterge + RS485;Kod sayfasında (teklif);;;USD;
Güç kontrol cihazları;DPU;DPU31A-050A-A;Trifaze, 110 V, 50 A, A gövde, harici gösterge + RS485 (-A soneki [TEYİT]);Kod sayfasında (teklif);;;USD;
Güç kontrol cihazları;DPU;DPU31A-050D;Trifaze, 110 V, 50 A, A gövde, harici gösterge;Kod sayfasında (teklif);;;USD;
Güç kontrol cihazları;DPU;DPU31A-050D-A;Trifaze, 110 V, 50 A, A gövde, harici gösterge (-A soneki [TEYİT]);Kod sayfasında (teklif);;;USD;
Güç kontrol cihazları;DPU;DPU31A-050N;Trifaze, 110 V, 50 A, A gövde, seçeneksiz;Kod sayfasında (teklif);;;USD;
Güç kontrol cihazları;DPU;DPU31A-050N-A;Trifaze, 110 V, 50 A, A gövde, seçeneksiz (-A soneki [TEYİT]);Kod sayfasında (teklif);;;USD;
Güç kontrol cihazları;DPU;DPU31A-050R;Trifaze, 110 V, 50 A, A gövde, RS485;Kod sayfasında (teklif);;;USD;
Güç kontrol cihazları;DPU;DPU31A-050R-A;Trifaze, 110 V, 50 A, A gövde, RS485 (-A soneki [TEYİT]);Kod sayfasında (teklif);;;USD;
Güç kontrol cihazları;DPU;DPU31B-070A;Trifaze, 110 V, 70 A, B gövde, harici gösterge + RS485;Kod sayfasında (teklif);;;USD;
Güç kontrol cihazları;DPU;DPU31B-070A-A;Trifaze, 110 V, 70 A, B gövde, harici gösterge + RS485 (-A soneki [TEYİT]);Kod sayfasında (teklif);;;USD;
Güç kontrol cihazları;DPU;DPU31B-070D;Trifaze, 110 V, 70 A, B gövde, harici gösterge;Kod sayfasında (teklif);;;USD;
Güç kontrol cihazları;DPU;DPU31B-070D-A;Trifaze, 110 V, 70 A, B gövde, harici gösterge (-A soneki [TEYİT]);Kod sayfasında (teklif);;;USD;
Güç kontrol cihazları;DPU;DPU31B-070N;Trifaze, 110 V, 70 A, B gövde, seçeneksiz;Kod sayfasında (teklif);;;USD;
Güç kontrol cihazları;DPU;DPU31B-070N-A;Trifaze, 110 V, 70 A, B gövde, seçeneksiz (-A soneki [TEYİT]);Kod sayfasında (teklif);;;USD;
Güç kontrol cihazları;DPU;DPU31B-070R;Trifaze, 110 V, 70 A, B gövde, RS485;Kod sayfasında (teklif);;;USD;
Güç kontrol cihazları;DPU;DPU31B-070R-A;Trifaze, 110 V, 70 A, B gövde, RS485 (-A soneki [TEYİT]);Kod sayfasında (teklif);;;USD;
Güç kontrol cihazları;DPU;DPU31B-080A;Trifaze, 110 V, 80 A, B gövde, harici gösterge + RS485;Kod sayfasında (teklif);;;USD;
Güç kontrol cihazları;DPU;DPU31B-080A-A;Trifaze, 110 V, 80 A, B gövde, harici gösterge + RS485 (-A soneki [TEYİT]);Kod sayfasında (teklif);;;USD;
Güç kontrol cihazları;DPU;DPU31B-080D;Trifaze, 110 V, 80 A, B gövde, harici gösterge;Kod sayfasında (teklif);;;USD;
Güç kontrol cihazları;DPU;DPU31B-080D-A;Trifaze, 110 V, 80 A, B gövde, harici gösterge (-A soneki [TEYİT]);Kod sayfasında (teklif);;;USD;
Güç kontrol cihazları;DPU;DPU31B-080N;Trifaze, 110 V, 80 A, B gövde, seçeneksiz;Kod sayfasında (teklif);;;USD;
Güç kontrol cihazları;DPU;DPU31B-080N-A;Trifaze, 110 V, 80 A, B gövde, seçeneksiz (-A soneki [TEYİT]);Kod sayfasında (teklif);;;USD;
Güç kontrol cihazları;DPU;DPU31B-080R;Trifaze, 110 V, 80 A, B gövde, RS485;Kod sayfasında (teklif);;;USD;
Güç kontrol cihazları;DPU;DPU31B-080R-A;Trifaze, 110 V, 80 A, B gövde, RS485 (-A soneki [TEYİT]);Kod sayfasında (teklif);;;USD;
Güç kontrol cihazları;DPU;DPU31B-100A;Trifaze, 110 V, 100 A, B gövde, harici gösterge + RS485;Kod sayfasında (teklif);;;USD;
Güç kontrol cihazları;DPU;DPU31B-100A-A;Trifaze, 110 V, 100 A, B gövde, harici gösterge + RS485 (-A soneki [TEYİT]);Kod sayfasında (teklif);;;USD;
Güç kontrol cihazları;DPU;DPU31B-100D;Trifaze, 110 V, 100 A, B gövde, harici gösterge;Kod sayfasında (teklif);;;USD;
Güç kontrol cihazları;DPU;DPU31B-100D-A;Trifaze, 110 V, 100 A, B gövde, harici gösterge (-A soneki [TEYİT]);Kod sayfasında (teklif);;;USD;
Güç kontrol cihazları;DPU;DPU31B-100N;Trifaze, 110 V, 100 A, B gövde, seçeneksiz;Kod sayfasında (teklif);;;USD;
Güç kontrol cihazları;DPU;DPU31B-100N-A;Trifaze, 110 V, 100 A, B gövde, seçeneksiz (-A soneki [TEYİT]);Kod sayfasında (teklif);;;USD;
Güç kontrol cihazları;DPU;DPU31B-100R;Trifaze, 110 V, 100 A, B gövde, RS485;Kod sayfasında (teklif);;;USD;
Güç kontrol cihazları;DPU;DPU31B-100R-A;Trifaze, 110 V, 100 A, B gövde, RS485 (-A soneki [TEYİT]);Kod sayfasında (teklif);;;USD;
Güç kontrol cihazları;DPU;DPU31B-120A;Trifaze, 110 V, 120 A, B gövde, harici gösterge + RS485;Kod sayfasında (teklif);;;USD;
Güç kontrol cihazları;DPU;DPU31B-120A-A;Trifaze, 110 V, 120 A, B gövde, harici gösterge + RS485 (-A soneki [TEYİT]);Kod sayfasında (teklif);;;USD;
Güç kontrol cihazları;DPU;DPU31B-120D;Trifaze, 110 V, 120 A, B gövde, harici gösterge;Kod sayfasında (teklif);;;USD;
Güç kontrol cihazları;DPU;DPU31B-120D-A;Trifaze, 110 V, 120 A, B gövde, harici gösterge (-A soneki [TEYİT]);Kod sayfasında (teklif);;;USD;
Güç kontrol cihazları;DPU;DPU31B-120N;Trifaze, 110 V, 120 A, B gövde, seçeneksiz;Kod sayfasında (teklif);;;USD;
Güç kontrol cihazları;DPU;DPU31B-120N-A;Trifaze, 110 V, 120 A, B gövde, seçeneksiz (-A soneki [TEYİT]);Kod sayfasında (teklif);;;USD;
Güç kontrol cihazları;DPU;DPU31B-120R;Trifaze, 110 V, 120 A, B gövde, RS485;Kod sayfasında (teklif);;;USD;
Güç kontrol cihazları;DPU;DPU31B-120R-A;Trifaze, 110 V, 120 A, B gövde, RS485 (-A soneki [TEYİT]);Kod sayfasında (teklif);;;USD;
Güç kontrol cihazları;DPU;DPU31B-150A;Trifaze, 110 V, 150 A, B gövde, harici gösterge + RS485;Kod sayfasında (teklif);;;USD;
Güç kontrol cihazları;DPU;DPU31B-150A-A;Trifaze, 110 V, 150 A, B gövde, harici gösterge + RS485 (-A soneki [TEYİT]);Kod sayfasında (teklif);;;USD;
Güç kontrol cihazları;DPU;DPU31B-150D;Trifaze, 110 V, 150 A, B gövde, harici gösterge;Kod sayfasında (teklif);;;USD;
Güç kontrol cihazları;DPU;DPU31B-150D-A;Trifaze, 110 V, 150 A, B gövde, harici gösterge (-A soneki [TEYİT]);Kod sayfasında (teklif);;;USD;
Güç kontrol cihazları;DPU;DPU31B-150N;Trifaze, 110 V, 150 A, B gövde, seçeneksiz;Kod sayfasında (teklif);;;USD;
Güç kontrol cihazları;DPU;DPU31B-150N-A;Trifaze, 110 V, 150 A, B gövde, seçeneksiz (-A soneki [TEYİT]);Kod sayfasında (teklif);;;USD;
Güç kontrol cihazları;DPU;DPU31B-150R;Trifaze, 110 V, 150 A, B gövde, RS485;Kod sayfasında (teklif);;;USD;
Güç kontrol cihazları;DPU;DPU31B-150R-A;Trifaze, 110 V, 150 A, B gövde, RS485 (-A soneki [TEYİT]);Kod sayfasında (teklif);;;USD;
Güç kontrol cihazları;DPU;DPU31B-180A;Trifaze, 110 V, 180 A, B gövde, harici gösterge + RS485;Kod sayfasında (teklif);;;USD;
Güç kontrol cihazları;DPU;DPU31B-180A-A;Trifaze, 110 V, 180 A, B gövde, harici gösterge + RS485 (-A soneki [TEYİT]);Kod sayfasında (teklif);;;USD;
Güç kontrol cihazları;DPU;DPU31B-180D;Trifaze, 110 V, 180 A, B gövde, harici gösterge;Kod sayfasında (teklif);;;USD;
Güç kontrol cihazları;DPU;DPU31B-180D-A;Trifaze, 110 V, 180 A, B gövde, harici gösterge (-A soneki [TEYİT]);Kod sayfasında (teklif);;;USD;
Güç kontrol cihazları;DPU;DPU31B-180N;Trifaze, 110 V, 180 A, B gövde, seçeneksiz;Kod sayfasında (teklif);;;USD;
Güç kontrol cihazları;DPU;DPU31B-180N-A;Trifaze, 110 V, 180 A, B gövde, seçeneksiz (-A soneki [TEYİT]);Kod sayfasında (teklif);;;USD;
Güç kontrol cihazları;DPU;DPU31B-180R;Trifaze, 110 V, 180 A, B gövde, RS485;Kod sayfasında (teklif);;;USD;
Güç kontrol cihazları;DPU;DPU31B-180R-A;Trifaze, 110 V, 180 A, B gövde, RS485 (-A soneki [TEYİT]);Kod sayfasında (teklif);;;USD;
Güç kontrol cihazları;DPU;DPU31B-200A;Trifaze, 110 V, 200 A, B gövde, harici gösterge + RS485;Kod sayfasında (teklif);;;USD;
Güç kontrol cihazları;DPU;DPU31B-200A-A;Trifaze, 110 V, 200 A, B gövde, harici gösterge + RS485 (-A soneki [TEYİT]);Kod sayfasında (teklif);;;USD;
Güç kontrol cihazları;DPU;DPU31B-200D;Trifaze, 110 V, 200 A, B gövde, harici gösterge;Kod sayfasında (teklif);;;USD;
Güç kontrol cihazları;DPU;DPU31B-200D-A;Trifaze, 110 V, 200 A, B gövde, harici gösterge (-A soneki [TEYİT]);Kod sayfasında (teklif);;;USD;
Güç kontrol cihazları;DPU;DPU31B-200N;Trifaze, 110 V, 200 A, B gövde, seçeneksiz;Kod sayfasında (teklif);;;USD;
Güç kontrol cihazları;DPU;DPU31B-200N-A;Trifaze, 110 V, 200 A, B gövde, seçeneksiz (-A soneki [TEYİT]);Kod sayfasında (teklif);;;USD;
Güç kontrol cihazları;DPU;DPU31B-200R;Trifaze, 110 V, 200 A, B gövde, RS485;Kod sayfasında (teklif);;;USD;
Güç kontrol cihazları;DPU;DPU31B-200R-A;Trifaze, 110 V, 200 A, B gövde, RS485 (-A soneki [TEYİT]);Kod sayfasında (teklif);;;USD;
Güç kontrol cihazları;DPU;DPU31C-250A;Trifaze, 110 V, 250 A, C gövde, harici gösterge + RS485;Kod sayfasında (teklif);;;USD;
Güç kontrol cihazları;DPU;DPU31C-250A-A;Trifaze, 110 V, 250 A, C gövde, harici gösterge + RS485 (-A soneki [TEYİT]);Kod sayfasında (teklif);;;USD;
Güç kontrol cihazları;DPU;DPU31C-250D;Trifaze, 110 V, 250 A, C gövde, harici gösterge;Kod sayfasında (teklif);;;USD;
Güç kontrol cihazları;DPU;DPU31C-250D-A;Trifaze, 110 V, 250 A, C gövde, harici gösterge (-A soneki [TEYİT]);Kod sayfasında (teklif);;;USD;
Güç kontrol cihazları;DPU;DPU31C-250N;Trifaze, 110 V, 250 A, C gövde, seçeneksiz;Kod sayfasında (teklif);;;USD;
Güç kontrol cihazları;DPU;DPU31C-250N-A;Trifaze, 110 V, 250 A, C gövde, seçeneksiz (-A soneki [TEYİT]);Kod sayfasında (teklif);;;USD;
Güç kontrol cihazları;DPU;DPU31C-250R;Trifaze, 110 V, 250 A, C gövde, RS485;Kod sayfasında (teklif);;;USD;
Güç kontrol cihazları;DPU;DPU31C-250R-A;Trifaze, 110 V, 250 A, C gövde, RS485 (-A soneki [TEYİT]);Kod sayfasında (teklif);;;USD;
Güç kontrol cihazları;DPU;DPU31C-350A;Trifaze, 110 V, 350 A, C gövde, harici gösterge + RS485;Kod sayfasında (teklif);;;USD;
Güç kontrol cihazları;DPU;DPU31C-350A-A;Trifaze, 110 V, 350 A, C gövde, harici gösterge + RS485 (-A soneki [TEYİT]);Kod sayfasında (teklif);;;USD;
Güç kontrol cihazları;DPU;DPU31C-350D;Trifaze, 110 V, 350 A, C gövde, harici gösterge;Kod sayfasında (teklif);;;USD;
Güç kontrol cihazları;DPU;DPU31C-350D-A;Trifaze, 110 V, 350 A, C gövde, harici gösterge (-A soneki [TEYİT]);Kod sayfasında (teklif);;;USD;
Güç kontrol cihazları;DPU;DPU31C-350N;Trifaze, 110 V, 350 A, C gövde, seçeneksiz;Kod sayfasında (teklif);;;USD;
Güç kontrol cihazları;DPU;DPU31C-350N-A;Trifaze, 110 V, 350 A, C gövde, seçeneksiz (-A soneki [TEYİT]);Kod sayfasında (teklif);;;USD;
Güç kontrol cihazları;DPU;DPU31C-350R;Trifaze, 110 V, 350 A, C gövde, RS485;Kod sayfasında (teklif);;;USD;
Güç kontrol cihazları;DPU;DPU31C-350R-A;Trifaze, 110 V, 350 A, C gövde, RS485 (-A soneki [TEYİT]);Kod sayfasında (teklif);;;USD;
Güç kontrol cihazları;DPU;DPU31D-400A;Trifaze, 110 V, 400 A, D gövde, harici gösterge + RS485;Kod sayfasında (teklif);;;USD;
Güç kontrol cihazları;DPU;DPU31D-400A-A;Trifaze, 110 V, 400 A, D gövde, harici gösterge + RS485 (-A soneki [TEYİT]);Kod sayfasında (teklif);;;USD;
Güç kontrol cihazları;DPU;DPU31D-400D;Trifaze, 110 V, 400 A, D gövde, harici gösterge;Kod sayfasında (teklif);;;USD;
Güç kontrol cihazları;DPU;DPU31D-400D-A;Trifaze, 110 V, 400 A, D gövde, harici gösterge (-A soneki [TEYİT]);Kod sayfasında (teklif);;;USD;
Güç kontrol cihazları;DPU;DPU31D-400N;Trifaze, 110 V, 400 A, D gövde, seçeneksiz;Kod sayfasında (teklif);;;USD;
Güç kontrol cihazları;DPU;DPU31D-400N-A;Trifaze, 110 V, 400 A, D gövde, seçeneksiz (-A soneki [TEYİT]);Kod sayfasında (teklif);;;USD;
Güç kontrol cihazları;DPU;DPU31D-400R;Trifaze, 110 V, 400 A, D gövde, RS485;Kod sayfasında (teklif);;;USD;
Güç kontrol cihazları;DPU;DPU31D-400R-A;Trifaze, 110 V, 400 A, D gövde, RS485 (-A soneki [TEYİT]);Kod sayfasında (teklif);;;USD;
Güç kontrol cihazları;DPU;DPU31D-500A;Trifaze, 110 V, 500 A, D gövde, harici gösterge + RS485;Kod sayfasında (teklif);;;USD;
Güç kontrol cihazları;DPU;DPU31D-500A-A;Trifaze, 110 V, 500 A, D gövde, harici gösterge + RS485 (-A soneki [TEYİT]);Kod sayfasında (teklif);;;USD;
Güç kontrol cihazları;DPU;DPU31D-500D;Trifaze, 110 V, 500 A, D gövde, harici gösterge;Kod sayfasında (teklif);;;USD;
Güç kontrol cihazları;DPU;DPU31D-500D-A;Trifaze, 110 V, 500 A, D gövde, harici gösterge (-A soneki [TEYİT]);Kod sayfasında (teklif);;;USD;
Güç kontrol cihazları;DPU;DPU31D-500N;Trifaze, 110 V, 500 A, D gövde, seçeneksiz;Kod sayfasında (teklif);;;USD;
Güç kontrol cihazları;DPU;DPU31D-500N-A;Trifaze, 110 V, 500 A, D gövde, seçeneksiz (-A soneki [TEYİT]);Kod sayfasında (teklif);;;USD;
Güç kontrol cihazları;DPU;DPU31D-500R;Trifaze, 110 V, 500 A, D gövde, RS485;Kod sayfasında (teklif);;;USD;
Güç kontrol cihazları;DPU;DPU31D-500R-A;Trifaze, 110 V, 500 A, D gövde, RS485 (-A soneki [TEYİT]);Kod sayfasında (teklif);;;USD;
Güç kontrol cihazları;DPU;DPU31D-600A;Trifaze, 110 V, 600 A, D gövde, harici gösterge + RS485;Kod sayfasında (teklif);;;USD;
Güç kontrol cihazları;DPU;DPU31D-600A-A;Trifaze, 110 V, 600 A, D gövde, harici gösterge + RS485 (-A soneki [TEYİT]);Kod sayfasında (teklif);;;USD;
Güç kontrol cihazları;DPU;DPU31D-600D;Trifaze, 110 V, 600 A, D gövde, harici gösterge;Kod sayfasında (teklif);;;USD;
Güç kontrol cihazları;DPU;DPU31D-600D-A;Trifaze, 110 V, 600 A, D gövde, harici gösterge (-A soneki [TEYİT]);Kod sayfasında (teklif);;;USD;
Güç kontrol cihazları;DPU;DPU31D-600N;Trifaze, 110 V, 600 A, D gövde, seçeneksiz;Kod sayfasında (teklif);;;USD;
Güç kontrol cihazları;DPU;DPU31D-600N-A;Trifaze, 110 V, 600 A, D gövde, seçeneksiz (-A soneki [TEYİT]);Kod sayfasında (teklif);;;USD;
Güç kontrol cihazları;DPU;DPU31D-600R;Trifaze, 110 V, 600 A, D gövde, RS485;Kod sayfasında (teklif);;;USD;
Güç kontrol cihazları;DPU;DPU31D-600R-A;Trifaze, 110 V, 600 A, D gövde, RS485 (-A soneki [TEYİT]);Kod sayfasında (teklif);;;USD;
Güç kontrol cihazları;DPU;DPU32A-025A;Trifaze, 220 V, 25 A, A gövde, harici gösterge + RS485;Kod sayfasında (teklif);;;USD;
Güç kontrol cihazları;DPU;DPU32A-025A-A;Trifaze, 220 V, 25 A, A gövde, harici gösterge + RS485 (-A soneki [TEYİT]);Kod sayfasında (teklif);;;USD;
Güç kontrol cihazları;DPU;DPU32A-025D;Trifaze, 220 V, 25 A, A gövde, harici gösterge;Kod sayfasında (teklif);;;USD;
Güç kontrol cihazları;DPU;DPU32A-025D-A;Trifaze, 220 V, 25 A, A gövde, harici gösterge (-A soneki [TEYİT]);Kod sayfasında (teklif);;;USD;
Güç kontrol cihazları;DPU;DPU32A-025N;Trifaze, 220 V, 25 A, A gövde, seçeneksiz;Kod sayfasında (teklif);;;USD;
Güç kontrol cihazları;DPU;DPU32A-025N-A;Trifaze, 220 V, 25 A, A gövde, seçeneksiz (-A soneki [TEYİT]);Kod sayfasında (teklif);;;USD;
Güç kontrol cihazları;DPU;DPU32A-025R;Trifaze, 220 V, 25 A, A gövde, RS485;Kod sayfasında (teklif);;;USD;
Güç kontrol cihazları;DPU;DPU32A-025R-A;Trifaze, 220 V, 25 A, A gövde, RS485 (-A soneki [TEYİT]);Kod sayfasında (teklif);;;USD;
Güç kontrol cihazları;DPU;DPU32A-040A;Trifaze, 220 V, 40 A, A gövde, harici gösterge + RS485;Kod sayfasında (teklif);;;USD;
Güç kontrol cihazları;DPU;DPU32A-040A-A;Trifaze, 220 V, 40 A, A gövde, harici gösterge + RS485 (-A soneki [TEYİT]);Kod sayfasında (teklif);;;USD;
Güç kontrol cihazları;DPU;DPU32A-040D;Trifaze, 220 V, 40 A, A gövde, harici gösterge;Kod sayfasında (teklif);;;USD;
Güç kontrol cihazları;DPU;DPU32A-040D-A;Trifaze, 220 V, 40 A, A gövde, harici gösterge (-A soneki [TEYİT]);Kod sayfasında (teklif);;;USD;
Güç kontrol cihazları;DPU;DPU32A-040N;Trifaze, 220 V, 40 A, A gövde, seçeneksiz;Kod sayfasında (teklif);;;USD;
Güç kontrol cihazları;DPU;DPU32A-040N-A;Trifaze, 220 V, 40 A, A gövde, seçeneksiz (-A soneki [TEYİT]);Kod sayfasında (teklif);;;USD;
Güç kontrol cihazları;DPU;DPU32A-040R;Trifaze, 220 V, 40 A, A gövde, RS485;Kod sayfasında (teklif);;;USD;
Güç kontrol cihazları;DPU;DPU32A-040R-A;Trifaze, 220 V, 40 A, A gövde, RS485 (-A soneki [TEYİT]);Kod sayfasında (teklif);;;USD;
Güç kontrol cihazları;DPU;DPU32A-050A;Trifaze, 220 V, 50 A, A gövde, harici gösterge + RS485;Kod sayfasında (teklif);;;USD;
Güç kontrol cihazları;DPU;DPU32A-050A-A;Trifaze, 220 V, 50 A, A gövde, harici gösterge + RS485 (-A soneki [TEYİT]);Kod sayfasında (teklif);;;USD;
Güç kontrol cihazları;DPU;DPU32A-050D;Trifaze, 220 V, 50 A, A gövde, harici gösterge;Kod sayfasında (teklif);;;USD;
Güç kontrol cihazları;DPU;DPU32A-050D-A;Trifaze, 220 V, 50 A, A gövde, harici gösterge (-A soneki [TEYİT]);Kod sayfasında (teklif);;;USD;
Güç kontrol cihazları;DPU;DPU32A-050N;Trifaze, 220 V, 50 A, A gövde, seçeneksiz;Kod sayfasında (teklif);;;USD;
Güç kontrol cihazları;DPU;DPU32A-050N-A;Trifaze, 220 V, 50 A, A gövde, seçeneksiz (-A soneki [TEYİT]);Kod sayfasında (teklif);;;USD;
Güç kontrol cihazları;DPU;DPU32A-050R;Trifaze, 220 V, 50 A, A gövde, RS485;Kod sayfasında (teklif);;;USD;
Güç kontrol cihazları;DPU;DPU32A-050R-A;Trifaze, 220 V, 50 A, A gövde, RS485 (-A soneki [TEYİT]);Kod sayfasında (teklif);;;USD;
Güç kontrol cihazları;DPU;DPU32B-070A;Trifaze, 220 V, 70 A, B gövde, harici gösterge + RS485;Kod sayfasında (teklif);;;USD;
Güç kontrol cihazları;DPU;DPU32B-070A-A;Trifaze, 220 V, 70 A, B gövde, harici gösterge + RS485 (-A soneki [TEYİT]);Kod sayfasında (teklif);;;USD;
Güç kontrol cihazları;DPU;DPU32B-070D;Trifaze, 220 V, 70 A, B gövde, harici gösterge;Kod sayfasında (teklif);;;USD;
Güç kontrol cihazları;DPU;DPU32B-070D-A;Trifaze, 220 V, 70 A, B gövde, harici gösterge (-A soneki [TEYİT]);Kod sayfasında (teklif);;;USD;
Güç kontrol cihazları;DPU;DPU32B-070N;Trifaze, 220 V, 70 A, B gövde, seçeneksiz;Kod sayfasında (teklif);;;USD;
Güç kontrol cihazları;DPU;DPU32B-070N-A;Trifaze, 220 V, 70 A, B gövde, seçeneksiz (-A soneki [TEYİT]);Kod sayfasında (teklif);;;USD;
Güç kontrol cihazları;DPU;DPU32B-070R;Trifaze, 220 V, 70 A, B gövde, RS485;Kod sayfasında (teklif);;;USD;
Güç kontrol cihazları;DPU;DPU32B-070R-A;Trifaze, 220 V, 70 A, B gövde, RS485 (-A soneki [TEYİT]);Kod sayfasında (teklif);;;USD;
Güç kontrol cihazları;DPU;DPU32B-080A;Trifaze, 220 V, 80 A, B gövde, harici gösterge + RS485;Kod sayfasında (teklif);;;USD;
Güç kontrol cihazları;DPU;DPU32B-080A-A;Trifaze, 220 V, 80 A, B gövde, harici gösterge + RS485 (-A soneki [TEYİT]);Kod sayfasında (teklif);;;USD;
Güç kontrol cihazları;DPU;DPU32B-080D;Trifaze, 220 V, 80 A, B gövde, harici gösterge;Kod sayfasında (teklif);;;USD;
Güç kontrol cihazları;DPU;DPU32B-080D-A;Trifaze, 220 V, 80 A, B gövde, harici gösterge (-A soneki [TEYİT]);Kod sayfasında (teklif);;;USD;
Güç kontrol cihazları;DPU;DPU32B-080N;Trifaze, 220 V, 80 A, B gövde, seçeneksiz;Kod sayfasında (teklif);;;USD;
Güç kontrol cihazları;DPU;DPU32B-080N-A;Trifaze, 220 V, 80 A, B gövde, seçeneksiz (-A soneki [TEYİT]);Kod sayfasında (teklif);;;USD;
Güç kontrol cihazları;DPU;DPU32B-080R;Trifaze, 220 V, 80 A, B gövde, RS485;Kod sayfasında (teklif);;;USD;
Güç kontrol cihazları;DPU;DPU32B-080R-A;Trifaze, 220 V, 80 A, B gövde, RS485 (-A soneki [TEYİT]);Kod sayfasında (teklif);;;USD;
Güç kontrol cihazları;DPU;DPU32B-100A;Trifaze, 220 V, 100 A, B gövde, harici gösterge + RS485;Kod sayfasında (teklif);;;USD;
Güç kontrol cihazları;DPU;DPU32B-100A-A;Trifaze, 220 V, 100 A, B gövde, harici gösterge + RS485 (-A soneki [TEYİT]);Kod sayfasında (teklif);;;USD;
Güç kontrol cihazları;DPU;DPU32B-100D;Trifaze, 220 V, 100 A, B gövde, harici gösterge;Kod sayfasında (teklif);;;USD;
Güç kontrol cihazları;DPU;DPU32B-100D-A;Trifaze, 220 V, 100 A, B gövde, harici gösterge (-A soneki [TEYİT]);Kod sayfasında (teklif);;;USD;
Güç kontrol cihazları;DPU;DPU32B-100N;Trifaze, 220 V, 100 A, B gövde, seçeneksiz;Kod sayfasında (teklif);;;USD;
Güç kontrol cihazları;DPU;DPU32B-100N-A;Trifaze, 220 V, 100 A, B gövde, seçeneksiz (-A soneki [TEYİT]);Kod sayfasında (teklif);;;USD;
Güç kontrol cihazları;DPU;DPU32B-100R;Trifaze, 220 V, 100 A, B gövde, RS485;Kod sayfasında (teklif);;;USD;
Güç kontrol cihazları;DPU;DPU32B-100R-A;Trifaze, 220 V, 100 A, B gövde, RS485 (-A soneki [TEYİT]);Kod sayfasında (teklif);;;USD;
Güç kontrol cihazları;DPU;DPU32B-120A;Trifaze, 220 V, 120 A, B gövde, harici gösterge + RS485;Kod sayfasında (teklif);;;USD;
Güç kontrol cihazları;DPU;DPU32B-120A-A;Trifaze, 220 V, 120 A, B gövde, harici gösterge + RS485 (-A soneki [TEYİT]);Kod sayfasında (teklif);;;USD;
Güç kontrol cihazları;DPU;DPU32B-120D;Trifaze, 220 V, 120 A, B gövde, harici gösterge;Kod sayfasında (teklif);;;USD;
Güç kontrol cihazları;DPU;DPU32B-120D-A;Trifaze, 220 V, 120 A, B gövde, harici gösterge (-A soneki [TEYİT]);Kod sayfasında (teklif);;;USD;
Güç kontrol cihazları;DPU;DPU32B-120N;Trifaze, 220 V, 120 A, B gövde, seçeneksiz;Kod sayfasında (teklif);;;USD;
Güç kontrol cihazları;DPU;DPU32B-120N-A;Trifaze, 220 V, 120 A, B gövde, seçeneksiz (-A soneki [TEYİT]);Kod sayfasında (teklif);;;USD;
Güç kontrol cihazları;DPU;DPU32B-120R;Trifaze, 220 V, 120 A, B gövde, RS485;Kod sayfasında (teklif);;;USD;
Güç kontrol cihazları;DPU;DPU32B-120R-A;Trifaze, 220 V, 120 A, B gövde, RS485 (-A soneki [TEYİT]);Kod sayfasında (teklif);;;USD;
Güç kontrol cihazları;DPU;DPU32B-150A;Trifaze, 220 V, 150 A, B gövde, harici gösterge + RS485;Kod sayfasında (teklif);;;USD;
Güç kontrol cihazları;DPU;DPU32B-150A-A;Trifaze, 220 V, 150 A, B gövde, harici gösterge + RS485 (-A soneki [TEYİT]);Kod sayfasında (teklif);;;USD;
Güç kontrol cihazları;DPU;DPU32B-150D;Trifaze, 220 V, 150 A, B gövde, harici gösterge;Kod sayfasında (teklif);;;USD;
Güç kontrol cihazları;DPU;DPU32B-150D-A;Trifaze, 220 V, 150 A, B gövde, harici gösterge (-A soneki [TEYİT]);Kod sayfasında (teklif);;;USD;
Güç kontrol cihazları;DPU;DPU32B-150N;Trifaze, 220 V, 150 A, B gövde, seçeneksiz;Kod sayfasında (teklif);;;USD;
Güç kontrol cihazları;DPU;DPU32B-150N-A;Trifaze, 220 V, 150 A, B gövde, seçeneksiz (-A soneki [TEYİT]);Kod sayfasında (teklif);;;USD;
Güç kontrol cihazları;DPU;DPU32B-150R;Trifaze, 220 V, 150 A, B gövde, RS485;Kod sayfasında (teklif);;;USD;
Güç kontrol cihazları;DPU;DPU32B-150R-A;Trifaze, 220 V, 150 A, B gövde, RS485 (-A soneki [TEYİT]);Kod sayfasında (teklif);;;USD;
Güç kontrol cihazları;DPU;DPU32B-180A;Trifaze, 220 V, 180 A, B gövde, harici gösterge + RS485;Kod sayfasında (teklif);;;USD;
Güç kontrol cihazları;DPU;DPU32B-180A-A;Trifaze, 220 V, 180 A, B gövde, harici gösterge + RS485 (-A soneki [TEYİT]);Kod sayfasında (teklif);;;USD;
Güç kontrol cihazları;DPU;DPU32B-180D;Trifaze, 220 V, 180 A, B gövde, harici gösterge;Kod sayfasında (teklif);;;USD;
Güç kontrol cihazları;DPU;DPU32B-180D-A;Trifaze, 220 V, 180 A, B gövde, harici gösterge (-A soneki [TEYİT]);Kod sayfasında (teklif);;;USD;
Güç kontrol cihazları;DPU;DPU32B-180N;Trifaze, 220 V, 180 A, B gövde, seçeneksiz;Kod sayfasında (teklif);;;USD;
Güç kontrol cihazları;DPU;DPU32B-180N-A;Trifaze, 220 V, 180 A, B gövde, seçeneksiz (-A soneki [TEYİT]);Kod sayfasında (teklif);;;USD;
Güç kontrol cihazları;DPU;DPU32B-180R;Trifaze, 220 V, 180 A, B gövde, RS485;Kod sayfasında (teklif);;;USD;
Güç kontrol cihazları;DPU;DPU32B-180R-A;Trifaze, 220 V, 180 A, B gövde, RS485 (-A soneki [TEYİT]);Kod sayfasında (teklif);;;USD;
Güç kontrol cihazları;DPU;DPU32B-200A;Trifaze, 220 V, 200 A, B gövde, harici gösterge + RS485;Kod sayfasında (teklif);;;USD;
Güç kontrol cihazları;DPU;DPU32B-200A-A;Trifaze, 220 V, 200 A, B gövde, harici gösterge + RS485 (-A soneki [TEYİT]);Kod sayfasında (teklif);;;USD;
Güç kontrol cihazları;DPU;DPU32B-200D;Trifaze, 220 V, 200 A, B gövde, harici gösterge;Kod sayfasında (teklif);;;USD;
Güç kontrol cihazları;DPU;DPU32B-200D-A;Trifaze, 220 V, 200 A, B gövde, harici gösterge (-A soneki [TEYİT]);Kod sayfasında (teklif);;;USD;
Güç kontrol cihazları;DPU;DPU32B-200N;Trifaze, 220 V, 200 A, B gövde, seçeneksiz;Kod sayfasında (teklif);;;USD;
Güç kontrol cihazları;DPU;DPU32B-200N-A;Trifaze, 220 V, 200 A, B gövde, seçeneksiz (-A soneki [TEYİT]);Kod sayfasında (teklif);;;USD;
Güç kontrol cihazları;DPU;DPU32B-200R;Trifaze, 220 V, 200 A, B gövde, RS485;Kod sayfasında (teklif);;;USD;
Güç kontrol cihazları;DPU;DPU32B-200R-A;Trifaze, 220 V, 200 A, B gövde, RS485 (-A soneki [TEYİT]);Kod sayfasında (teklif);;;USD;
Güç kontrol cihazları;DPU;DPU32C-250A;Trifaze, 220 V, 250 A, C gövde, harici gösterge + RS485;Kod sayfasında (teklif);;;USD;
Güç kontrol cihazları;DPU;DPU32C-250A-A;Trifaze, 220 V, 250 A, C gövde, harici gösterge + RS485 (-A soneki [TEYİT]);Kod sayfasında (teklif);;;USD;
Güç kontrol cihazları;DPU;DPU32C-250D;Trifaze, 220 V, 250 A, C gövde, harici gösterge;Kod sayfasında (teklif);;;USD;
Güç kontrol cihazları;DPU;DPU32C-250D-A;Trifaze, 220 V, 250 A, C gövde, harici gösterge (-A soneki [TEYİT]);Kod sayfasında (teklif);;;USD;
Güç kontrol cihazları;DPU;DPU32C-250N;Trifaze, 220 V, 250 A, C gövde, seçeneksiz;Kod sayfasında (teklif);;;USD;
Güç kontrol cihazları;DPU;DPU32C-250N-A;Trifaze, 220 V, 250 A, C gövde, seçeneksiz (-A soneki [TEYİT]);Kod sayfasında (teklif);;;USD;
Güç kontrol cihazları;DPU;DPU32C-250R;Trifaze, 220 V, 250 A, C gövde, RS485;Kod sayfasında (teklif);;;USD;
Güç kontrol cihazları;DPU;DPU32C-250R-A;Trifaze, 220 V, 250 A, C gövde, RS485 (-A soneki [TEYİT]);Kod sayfasında (teklif);;;USD;
Güç kontrol cihazları;DPU;DPU32C-350A;Trifaze, 220 V, 350 A, C gövde, harici gösterge + RS485;Kod sayfasında (teklif);;;USD;
Güç kontrol cihazları;DPU;DPU32C-350A-A;Trifaze, 220 V, 350 A, C gövde, harici gösterge + RS485 (-A soneki [TEYİT]);Kod sayfasında (teklif);;;USD;
Güç kontrol cihazları;DPU;DPU32C-350D;Trifaze, 220 V, 350 A, C gövde, harici gösterge;Kod sayfasında (teklif);;;USD;
Güç kontrol cihazları;DPU;DPU32C-350D-A;Trifaze, 220 V, 350 A, C gövde, harici gösterge (-A soneki [TEYİT]);Kod sayfasında (teklif);;;USD;
Güç kontrol cihazları;DPU;DPU32C-350N;Trifaze, 220 V, 350 A, C gövde, seçeneksiz;Kod sayfasında (teklif);;;USD;
Güç kontrol cihazları;DPU;DPU32C-350N-A;Trifaze, 220 V, 350 A, C gövde, seçeneksiz (-A soneki [TEYİT]);Kod sayfasında (teklif);;;USD;
Güç kontrol cihazları;DPU;DPU32C-350R;Trifaze, 220 V, 350 A, C gövde, RS485;Kod sayfasında (teklif);;;USD;
Güç kontrol cihazları;DPU;DPU32C-350R-A;Trifaze, 220 V, 350 A, C gövde, RS485 (-A soneki [TEYİT]);Kod sayfasında (teklif);;;USD;
Güç kontrol cihazları;DPU;DPU32D-400A;Trifaze, 220 V, 400 A, D gövde, harici gösterge + RS485;Kod sayfasında (teklif);;;USD;
Güç kontrol cihazları;DPU;DPU32D-400A-A;Trifaze, 220 V, 400 A, D gövde, harici gösterge + RS485 (-A soneki [TEYİT]);Kod sayfasında (teklif);;;USD;
Güç kontrol cihazları;DPU;DPU32D-400D;Trifaze, 220 V, 400 A, D gövde, harici gösterge;Kod sayfasında (teklif);;;USD;
Güç kontrol cihazları;DPU;DPU32D-400D-A;Trifaze, 220 V, 400 A, D gövde, harici gösterge (-A soneki [TEYİT]);Kod sayfasında (teklif);;;USD;
Güç kontrol cihazları;DPU;DPU32D-400N;Trifaze, 220 V, 400 A, D gövde, seçeneksiz;Kod sayfasında (teklif);;;USD;
Güç kontrol cihazları;DPU;DPU32D-400N-A;Trifaze, 220 V, 400 A, D gövde, seçeneksiz (-A soneki [TEYİT]);Kod sayfasında (teklif);;;USD;
Güç kontrol cihazları;DPU;DPU32D-400R;Trifaze, 220 V, 400 A, D gövde, RS485;Kod sayfasında (teklif);;;USD;
Güç kontrol cihazları;DPU;DPU32D-400R-A;Trifaze, 220 V, 400 A, D gövde, RS485 (-A soneki [TEYİT]);Kod sayfasında (teklif);;;USD;
Güç kontrol cihazları;DPU;DPU32D-500A;Trifaze, 220 V, 500 A, D gövde, harici gösterge + RS485;Kod sayfasında (teklif);;;USD;
Güç kontrol cihazları;DPU;DPU32D-500A-A;Trifaze, 220 V, 500 A, D gövde, harici gösterge + RS485 (-A soneki [TEYİT]);Kod sayfasında (teklif);;;USD;
Güç kontrol cihazları;DPU;DPU32D-500D;Trifaze, 220 V, 500 A, D gövde, harici gösterge;Kod sayfasında (teklif);;;USD;
Güç kontrol cihazları;DPU;DPU32D-500D-A;Trifaze, 220 V, 500 A, D gövde, harici gösterge (-A soneki [TEYİT]);Kod sayfasında (teklif);;;USD;
Güç kontrol cihazları;DPU;DPU32D-500N;Trifaze, 220 V, 500 A, D gövde, seçeneksiz;Kod sayfasında (teklif);;;USD;
Güç kontrol cihazları;DPU;DPU32D-500N-A;Trifaze, 220 V, 500 A, D gövde, seçeneksiz (-A soneki [TEYİT]);Kod sayfasında (teklif);;;USD;
Güç kontrol cihazları;DPU;DPU32D-500R;Trifaze, 220 V, 500 A, D gövde, RS485;Kod sayfasında (teklif);;;USD;
Güç kontrol cihazları;DPU;DPU32D-500R-A;Trifaze, 220 V, 500 A, D gövde, RS485 (-A soneki [TEYİT]);Kod sayfasında (teklif);;;USD;
Güç kontrol cihazları;DPU;DPU32D-600A;Trifaze, 220 V, 600 A, D gövde, harici gösterge + RS485;Kod sayfasında (teklif);;;USD;
Güç kontrol cihazları;DPU;DPU32D-600A-A;Trifaze, 220 V, 600 A, D gövde, harici gösterge + RS485 (-A soneki [TEYİT]);Kod sayfasında (teklif);;;USD;
Güç kontrol cihazları;DPU;DPU32D-600D;Trifaze, 220 V, 600 A, D gövde, harici gösterge;Kod sayfasında (teklif);;;USD;
Güç kontrol cihazları;DPU;DPU32D-600D-A;Trifaze, 220 V, 600 A, D gövde, harici gösterge (-A soneki [TEYİT]);Kod sayfasında (teklif);;;USD;
Güç kontrol cihazları;DPU;DPU32D-600N;Trifaze, 220 V, 600 A, D gövde, seçeneksiz;Kod sayfasında (teklif);;;USD;
Güç kontrol cihazları;DPU;DPU32D-600N-A;Trifaze, 220 V, 600 A, D gövde, seçeneksiz (-A soneki [TEYİT]);Kod sayfasında (teklif);;;USD;
Güç kontrol cihazları;DPU;DPU32D-600R;Trifaze, 220 V, 600 A, D gövde, RS485;Kod sayfasında (teklif);;;USD;
Güç kontrol cihazları;DPU;DPU32D-600R-A;Trifaze, 220 V, 600 A, D gövde, RS485 (-A soneki [TEYİT]);Kod sayfasında (teklif);;;USD;
Güç kontrol cihazları;DPU;DPU33A-025A;Trifaze, 380 V, 25 A, A gövde, harici gösterge + RS485;Kod sayfasında (teklif);;;USD;
Güç kontrol cihazları;DPU;DPU33A-025A-A;Trifaze, 380 V, 25 A, A gövde, harici gösterge + RS485 (-A soneki [TEYİT]);Kod sayfasında (teklif);;;USD;
Güç kontrol cihazları;DPU;DPU33A-025D;Trifaze, 380 V, 25 A, A gövde, harici gösterge;Kod sayfasında (teklif);;;USD;
Güç kontrol cihazları;DPU;DPU33A-025D-A;Trifaze, 380 V, 25 A, A gövde, harici gösterge (-A soneki [TEYİT]);Kod sayfasında (teklif);;;USD;
Güç kontrol cihazları;DPU;DPU33A-025N;Trifaze, 380 V, 25 A, A gövde, seçeneksiz;Kod sayfasında (teklif);;;USD;
Güç kontrol cihazları;DPU;DPU33A-025N-A;Trifaze, 380 V, 25 A, A gövde, seçeneksiz (-A soneki [TEYİT]);Kod sayfasında (teklif);;;USD;
Güç kontrol cihazları;DPU;DPU33A-025R;Trifaze, 380 V, 25 A, A gövde, RS485;Kod sayfasında (teklif);;;USD;
Güç kontrol cihazları;DPU;DPU33A-025R-A;Trifaze, 380 V, 25 A, A gövde, RS485 (-A soneki [TEYİT]);Kod sayfasında (teklif);;;USD;
Güç kontrol cihazları;DPU;DPU33A-040A;Trifaze, 380 V, 40 A, A gövde, harici gösterge + RS485;Kod sayfasında (teklif);;;USD;
Güç kontrol cihazları;DPU;DPU33A-040A-A;Trifaze, 380 V, 40 A, A gövde, harici gösterge + RS485 (-A soneki [TEYİT]);Kod sayfasında (teklif);;;USD;
Güç kontrol cihazları;DPU;DPU33A-040D;Trifaze, 380 V, 40 A, A gövde, harici gösterge;Kod sayfasında (teklif);;;USD;
Güç kontrol cihazları;DPU;DPU33A-040D-A;Trifaze, 380 V, 40 A, A gövde, harici gösterge (-A soneki [TEYİT]);Kod sayfasında (teklif);;;USD;
Güç kontrol cihazları;DPU;DPU33A-040N;Trifaze, 380 V, 40 A, A gövde, seçeneksiz;Kod sayfasında (teklif);;;USD;
Güç kontrol cihazları;DPU;DPU33A-040N-A;Trifaze, 380 V, 40 A, A gövde, seçeneksiz (-A soneki [TEYİT]);Kod sayfasında (teklif);;;USD;
Güç kontrol cihazları;DPU;DPU33A-040R;Trifaze, 380 V, 40 A, A gövde, RS485;Kod sayfasında (teklif);;;USD;
Güç kontrol cihazları;DPU;DPU33A-040R-A;Trifaze, 380 V, 40 A, A gövde, RS485 (-A soneki [TEYİT]);Kod sayfasında (teklif);;;USD;
Güç kontrol cihazları;DPU;DPU33A-050A;Trifaze, 380 V, 50 A, A gövde, harici gösterge + RS485;Kod sayfasında (teklif);;;USD;
Güç kontrol cihazları;DPU;DPU33A-050A-A;Trifaze, 380 V, 50 A, A gövde, harici gösterge + RS485 (-A soneki [TEYİT]);Kod sayfasında (teklif);;;USD;
Güç kontrol cihazları;DPU;DPU33A-050D;Trifaze, 380 V, 50 A, A gövde, harici gösterge;Kod sayfasında (teklif);;;USD;
Güç kontrol cihazları;DPU;DPU33A-050D-A;Trifaze, 380 V, 50 A, A gövde, harici gösterge (-A soneki [TEYİT]);Kod sayfasında (teklif);;;USD;
Güç kontrol cihazları;DPU;DPU33A-050N;Trifaze, 380 V, 50 A, A gövde, seçeneksiz;Kod sayfasında (teklif);;;USD;
Güç kontrol cihazları;DPU;DPU33A-050N-A;Trifaze, 380 V, 50 A, A gövde, seçeneksiz (-A soneki [TEYİT]);Kod sayfasında (teklif);;;USD;
Güç kontrol cihazları;DPU;DPU33A-050R;Trifaze, 380 V, 50 A, A gövde, RS485;Kod sayfasında (teklif);;;USD;
Güç kontrol cihazları;DPU;DPU33A-050R-A;Trifaze, 380 V, 50 A, A gövde, RS485 (-A soneki [TEYİT]);Kod sayfasında (teklif);;;USD;
Güç kontrol cihazları;DPU;DPU33B-070A;Trifaze, 380 V, 70 A, B gövde, harici gösterge + RS485;Kod sayfasında (teklif);;;USD;
Güç kontrol cihazları;DPU;DPU33B-070A-A;Trifaze, 380 V, 70 A, B gövde, harici gösterge + RS485 (-A soneki [TEYİT]);Kod sayfasında (teklif);;;USD;
Güç kontrol cihazları;DPU;DPU33B-070D;Trifaze, 380 V, 70 A, B gövde, harici gösterge;Kod sayfasında (teklif);;;USD;
Güç kontrol cihazları;DPU;DPU33B-070D-A;Trifaze, 380 V, 70 A, B gövde, harici gösterge (-A soneki [TEYİT]);Kod sayfasında (teklif);;;USD;
Güç kontrol cihazları;DPU;DPU33B-070N;Trifaze, 380 V, 70 A, B gövde, seçeneksiz;Kod sayfasında (teklif);;;USD;
Güç kontrol cihazları;DPU;DPU33B-070N-A;Trifaze, 380 V, 70 A, B gövde, seçeneksiz (-A soneki [TEYİT]);Kod sayfasında (teklif);;;USD;
Güç kontrol cihazları;DPU;DPU33B-070R;Trifaze, 380 V, 70 A, B gövde, RS485;Kod sayfasında (teklif);;;USD;
Güç kontrol cihazları;DPU;DPU33B-070R-A;Trifaze, 380 V, 70 A, B gövde, RS485 (-A soneki [TEYİT]);Kod sayfasında (teklif);;;USD;
Güç kontrol cihazları;DPU;DPU33B-080A;Trifaze, 380 V, 80 A, B gövde, harici gösterge + RS485;Kod sayfasında (teklif);;;USD;
Güç kontrol cihazları;DPU;DPU33B-080A-A;Trifaze, 380 V, 80 A, B gövde, harici gösterge + RS485 (-A soneki [TEYİT]);Kod sayfasında (teklif);;;USD;
Güç kontrol cihazları;DPU;DPU33B-080D;Trifaze, 380 V, 80 A, B gövde, harici gösterge;Kod sayfasında (teklif);;;USD;
Güç kontrol cihazları;DPU;DPU33B-080D-A;Trifaze, 380 V, 80 A, B gövde, harici gösterge (-A soneki [TEYİT]);Kod sayfasında (teklif);;;USD;
Güç kontrol cihazları;DPU;DPU33B-080N;Trifaze, 380 V, 80 A, B gövde, seçeneksiz;Kod sayfasında (teklif);;;USD;
Güç kontrol cihazları;DPU;DPU33B-080N-A;Trifaze, 380 V, 80 A, B gövde, seçeneksiz (-A soneki [TEYİT]);Kod sayfasında (teklif);;;USD;
Güç kontrol cihazları;DPU;DPU33B-080R;Trifaze, 380 V, 80 A, B gövde, RS485;Kod sayfasında (teklif);;;USD;
Güç kontrol cihazları;DPU;DPU33B-080R-A;Trifaze, 380 V, 80 A, B gövde, RS485 (-A soneki [TEYİT]);Kod sayfasında (teklif);;;USD;
Güç kontrol cihazları;DPU;DPU33B-100A;Trifaze, 380 V, 100 A, B gövde, harici gösterge + RS485;Kod sayfasında (teklif);;;USD;
Güç kontrol cihazları;DPU;DPU33B-100A-A;Trifaze, 380 V, 100 A, B gövde, harici gösterge + RS485 (-A soneki [TEYİT]);Kod sayfasında (teklif);;;USD;
Güç kontrol cihazları;DPU;DPU33B-100D;Trifaze, 380 V, 100 A, B gövde, harici gösterge;Kod sayfasında (teklif);;;USD;
Güç kontrol cihazları;DPU;DPU33B-100D-A;Trifaze, 380 V, 100 A, B gövde, harici gösterge (-A soneki [TEYİT]);Kod sayfasında (teklif);;;USD;
Güç kontrol cihazları;DPU;DPU33B-100N;Trifaze, 380 V, 100 A, B gövde, seçeneksiz;Kod sayfasında (teklif);;;USD;
Güç kontrol cihazları;DPU;DPU33B-100N-A;Trifaze, 380 V, 100 A, B gövde, seçeneksiz (-A soneki [TEYİT]);Kod sayfasında (teklif);;;USD;
Güç kontrol cihazları;DPU;DPU33B-100R;Trifaze, 380 V, 100 A, B gövde, RS485;Kod sayfasında (teklif);;;USD;
Güç kontrol cihazları;DPU;DPU33B-100R-A;Trifaze, 380 V, 100 A, B gövde, RS485 (-A soneki [TEYİT]);Kod sayfasında (teklif);;;USD;
Güç kontrol cihazları;DPU;DPU33B-120A;Trifaze, 380 V, 120 A, B gövde, harici gösterge + RS485;Kod sayfasında (teklif);;;USD;
Güç kontrol cihazları;DPU;DPU33B-120A-A;Trifaze, 380 V, 120 A, B gövde, harici gösterge + RS485 (-A soneki [TEYİT]);Kod sayfasında (teklif);;;USD;
Güç kontrol cihazları;DPU;DPU33B-120D;Trifaze, 380 V, 120 A, B gövde, harici gösterge;Kod sayfasında (teklif);;;USD;
Güç kontrol cihazları;DPU;DPU33B-120D-A;Trifaze, 380 V, 120 A, B gövde, harici gösterge (-A soneki [TEYİT]);Kod sayfasında (teklif);;;USD;
Güç kontrol cihazları;DPU;DPU33B-120N;Trifaze, 380 V, 120 A, B gövde, seçeneksiz;Kod sayfasında (teklif);;;USD;
Güç kontrol cihazları;DPU;DPU33B-120N-A;Trifaze, 380 V, 120 A, B gövde, seçeneksiz (-A soneki [TEYİT]);Kod sayfasında (teklif);;;USD;
Güç kontrol cihazları;DPU;DPU33B-120R;Trifaze, 380 V, 120 A, B gövde, RS485;Kod sayfasında (teklif);;;USD;
Güç kontrol cihazları;DPU;DPU33B-120R-A;Trifaze, 380 V, 120 A, B gövde, RS485 (-A soneki [TEYİT]);Kod sayfasında (teklif);;;USD;
Güç kontrol cihazları;DPU;DPU33B-150A;Trifaze, 380 V, 150 A, B gövde, harici gösterge + RS485;Kod sayfasında (teklif);;;USD;
Güç kontrol cihazları;DPU;DPU33B-150A-A;Trifaze, 380 V, 150 A, B gövde, harici gösterge + RS485 (-A soneki [TEYİT]);Kod sayfasında (teklif);;;USD;
Güç kontrol cihazları;DPU;DPU33B-150D;Trifaze, 380 V, 150 A, B gövde, harici gösterge;Kod sayfasında (teklif);;;USD;
Güç kontrol cihazları;DPU;DPU33B-150D-A;Trifaze, 380 V, 150 A, B gövde, harici gösterge (-A soneki [TEYİT]);Kod sayfasında (teklif);;;USD;
Güç kontrol cihazları;DPU;DPU33B-150N;Trifaze, 380 V, 150 A, B gövde, seçeneksiz;Kod sayfasında (teklif);;;USD;
Güç kontrol cihazları;DPU;DPU33B-150N-A;Trifaze, 380 V, 150 A, B gövde, seçeneksiz (-A soneki [TEYİT]);Kod sayfasında (teklif);;;USD;
Güç kontrol cihazları;DPU;DPU33B-150R;Trifaze, 380 V, 150 A, B gövde, RS485;Kod sayfasında (teklif);;;USD;
Güç kontrol cihazları;DPU;DPU33B-150R-A;Trifaze, 380 V, 150 A, B gövde, RS485 (-A soneki [TEYİT]);Kod sayfasında (teklif);;;USD;
Güç kontrol cihazları;DPU;DPU33B-180A;Trifaze, 380 V, 180 A, B gövde, harici gösterge + RS485;Kod sayfasında (teklif);;;USD;
Güç kontrol cihazları;DPU;DPU33B-180A-A;Trifaze, 380 V, 180 A, B gövde, harici gösterge + RS485 (-A soneki [TEYİT]);Kod sayfasında (teklif);;;USD;
Güç kontrol cihazları;DPU;DPU33B-180D;Trifaze, 380 V, 180 A, B gövde, harici gösterge;Kod sayfasında (teklif);;;USD;
Güç kontrol cihazları;DPU;DPU33B-180D-A;Trifaze, 380 V, 180 A, B gövde, harici gösterge (-A soneki [TEYİT]);Kod sayfasında (teklif);;;USD;
Güç kontrol cihazları;DPU;DPU33B-180N;Trifaze, 380 V, 180 A, B gövde, seçeneksiz;Kod sayfasında (teklif);;;USD;
Güç kontrol cihazları;DPU;DPU33B-180N-A;Trifaze, 380 V, 180 A, B gövde, seçeneksiz (-A soneki [TEYİT]);Kod sayfasında (teklif);;;USD;
Güç kontrol cihazları;DPU;DPU33B-180R;Trifaze, 380 V, 180 A, B gövde, RS485;Kod sayfasında (teklif);;;USD;
Güç kontrol cihazları;DPU;DPU33B-180R-A;Trifaze, 380 V, 180 A, B gövde, RS485 (-A soneki [TEYİT]);Kod sayfasında (teklif);;;USD;
Güç kontrol cihazları;DPU;DPU33B-200A;Trifaze, 380 V, 200 A, B gövde, harici gösterge + RS485;Kod sayfasında (teklif);;;USD;
Güç kontrol cihazları;DPU;DPU33B-200A-A;Trifaze, 380 V, 200 A, B gövde, harici gösterge + RS485 (-A soneki [TEYİT]);Kod sayfasında (teklif);;;USD;
Güç kontrol cihazları;DPU;DPU33B-200D;Trifaze, 380 V, 200 A, B gövde, harici gösterge;Kod sayfasında (teklif);;;USD;
Güç kontrol cihazları;DPU;DPU33B-200D-A;Trifaze, 380 V, 200 A, B gövde, harici gösterge (-A soneki [TEYİT]);Kod sayfasında (teklif);;;USD;
Güç kontrol cihazları;DPU;DPU33B-200N;Trifaze, 380 V, 200 A, B gövde, seçeneksiz;Kod sayfasında (teklif);;;USD;
Güç kontrol cihazları;DPU;DPU33B-200N-A;Trifaze, 380 V, 200 A, B gövde, seçeneksiz (-A soneki [TEYİT]);Kod sayfasında (teklif);;;USD;
Güç kontrol cihazları;DPU;DPU33B-200R;Trifaze, 380 V, 200 A, B gövde, RS485;Kod sayfasında (teklif);;;USD;
Güç kontrol cihazları;DPU;DPU33B-200R-A;Trifaze, 380 V, 200 A, B gövde, RS485 (-A soneki [TEYİT]);Kod sayfasında (teklif);;;USD;
Güç kontrol cihazları;DPU;DPU33C-250A;Trifaze, 380 V, 250 A, C gövde, harici gösterge + RS485;Kod sayfasında (teklif);;;USD;
Güç kontrol cihazları;DPU;DPU33C-250A-A;Trifaze, 380 V, 250 A, C gövde, harici gösterge + RS485 (-A soneki [TEYİT]);Kod sayfasında (teklif);;;USD;
Güç kontrol cihazları;DPU;DPU33C-250D;Trifaze, 380 V, 250 A, C gövde, harici gösterge;Kod sayfasında (teklif);;;USD;
Güç kontrol cihazları;DPU;DPU33C-250D-A;Trifaze, 380 V, 250 A, C gövde, harici gösterge (-A soneki [TEYİT]);Kod sayfasında (teklif);;;USD;
Güç kontrol cihazları;DPU;DPU33C-250N;Trifaze, 380 V, 250 A, C gövde, seçeneksiz;Kod sayfasında (teklif);;;USD;
Güç kontrol cihazları;DPU;DPU33C-250N-A;Trifaze, 380 V, 250 A, C gövde, seçeneksiz (-A soneki [TEYİT]);Kod sayfasında (teklif);;;USD;
Güç kontrol cihazları;DPU;DPU33C-250R;Trifaze, 380 V, 250 A, C gövde, RS485;Kod sayfasında (teklif);;;USD;
Güç kontrol cihazları;DPU;DPU33C-250R-A;Trifaze, 380 V, 250 A, C gövde, RS485 (-A soneki [TEYİT]);Kod sayfasında (teklif);;;USD;
Güç kontrol cihazları;DPU;DPU33C-350A;Trifaze, 380 V, 350 A, C gövde, harici gösterge + RS485;Kod sayfasında (teklif);;;USD;
Güç kontrol cihazları;DPU;DPU33C-350A-A;Trifaze, 380 V, 350 A, C gövde, harici gösterge + RS485 (-A soneki [TEYİT]);Kod sayfasında (teklif);;;USD;
Güç kontrol cihazları;DPU;DPU33C-350D;Trifaze, 380 V, 350 A, C gövde, harici gösterge;Kod sayfasında (teklif);;;USD;
Güç kontrol cihazları;DPU;DPU33C-350D-A;Trifaze, 380 V, 350 A, C gövde, harici gösterge (-A soneki [TEYİT]);Kod sayfasında (teklif);;;USD;
Güç kontrol cihazları;DPU;DPU33C-350N;Trifaze, 380 V, 350 A, C gövde, seçeneksiz;Kod sayfasında (teklif);;;USD;
Güç kontrol cihazları;DPU;DPU33C-350N-A;Trifaze, 380 V, 350 A, C gövde, seçeneksiz (-A soneki [TEYİT]);Kod sayfasında (teklif);;;USD;
Güç kontrol cihazları;DPU;DPU33C-350R;Trifaze, 380 V, 350 A, C gövde, RS485;Kod sayfasında (teklif);;;USD;
Güç kontrol cihazları;DPU;DPU33C-350R-A;Trifaze, 380 V, 350 A, C gövde, RS485 (-A soneki [TEYİT]);Kod sayfasında (teklif);;;USD;
Güç kontrol cihazları;DPU;DPU33D-400A;Trifaze, 380 V, 400 A, D gövde, harici gösterge + RS485;Kod sayfasında (teklif);;;USD;
Güç kontrol cihazları;DPU;DPU33D-400A-A;Trifaze, 380 V, 400 A, D gövde, harici gösterge + RS485 (-A soneki [TEYİT]);Kod sayfasında (teklif);;;USD;
Güç kontrol cihazları;DPU;DPU33D-400D;Trifaze, 380 V, 400 A, D gövde, harici gösterge;Kod sayfasında (teklif);;;USD;
Güç kontrol cihazları;DPU;DPU33D-400D-A;Trifaze, 380 V, 400 A, D gövde, harici gösterge (-A soneki [TEYİT]);Kod sayfasında (teklif);;;USD;
Güç kontrol cihazları;DPU;DPU33D-400N;Trifaze, 380 V, 400 A, D gövde, seçeneksiz;Kod sayfasında (teklif);;;USD;
Güç kontrol cihazları;DPU;DPU33D-400N-A;Trifaze, 380 V, 400 A, D gövde, seçeneksiz (-A soneki [TEYİT]);Kod sayfasında (teklif);;;USD;
Güç kontrol cihazları;DPU;DPU33D-400R;Trifaze, 380 V, 400 A, D gövde, RS485;Kod sayfasında (teklif);;;USD;
Güç kontrol cihazları;DPU;DPU33D-400R-A;Trifaze, 380 V, 400 A, D gövde, RS485 (-A soneki [TEYİT]);Kod sayfasında (teklif);;;USD;
Güç kontrol cihazları;DPU;DPU33D-500A;Trifaze, 380 V, 500 A, D gövde, harici gösterge + RS485;Kod sayfasında (teklif);;;USD;
Güç kontrol cihazları;DPU;DPU33D-500A-A;Trifaze, 380 V, 500 A, D gövde, harici gösterge + RS485 (-A soneki [TEYİT]);Kod sayfasında (teklif);;;USD;
Güç kontrol cihazları;DPU;DPU33D-500D;Trifaze, 380 V, 500 A, D gövde, harici gösterge;Kod sayfasında (teklif);;;USD;
Güç kontrol cihazları;DPU;DPU33D-500D-A;Trifaze, 380 V, 500 A, D gövde, harici gösterge (-A soneki [TEYİT]);Kod sayfasında (teklif);;;USD;
Güç kontrol cihazları;DPU;DPU33D-500N;Trifaze, 380 V, 500 A, D gövde, seçeneksiz;Kod sayfasında (teklif);;;USD;
Güç kontrol cihazları;DPU;DPU33D-500N-A;Trifaze, 380 V, 500 A, D gövde, seçeneksiz (-A soneki [TEYİT]);Kod sayfasında (teklif);;;USD;
Güç kontrol cihazları;DPU;DPU33D-500R;Trifaze, 380 V, 500 A, D gövde, RS485;Kod sayfasında (teklif);;;USD;
Güç kontrol cihazları;DPU;DPU33D-500R-A;Trifaze, 380 V, 500 A, D gövde, RS485 (-A soneki [TEYİT]);Kod sayfasında (teklif);;;USD;
Güç kontrol cihazları;DPU;DPU33D-600A;Trifaze, 380 V, 600 A, D gövde, harici gösterge + RS485;Kod sayfasında (teklif);;;USD;
Güç kontrol cihazları;DPU;DPU33D-600A-A;Trifaze, 380 V, 600 A, D gövde, harici gösterge + RS485 (-A soneki [TEYİT]);Kod sayfasında (teklif);;;USD;
Güç kontrol cihazları;DPU;DPU33D-600D;Trifaze, 380 V, 600 A, D gövde, harici gösterge;Kod sayfasında (teklif);;;USD;
Güç kontrol cihazları;DPU;DPU33D-600D-A;Trifaze, 380 V, 600 A, D gövde, harici gösterge (-A soneki [TEYİT]);Kod sayfasında (teklif);;;USD;
Güç kontrol cihazları;DPU;DPU33D-600N;Trifaze, 380 V, 600 A, D gövde, seçeneksiz;Kod sayfasında (teklif);;;USD;
Güç kontrol cihazları;DPU;DPU33D-600N-A;Trifaze, 380 V, 600 A, D gövde, seçeneksiz (-A soneki [TEYİT]);Kod sayfasında (teklif);;;USD;
Güç kontrol cihazları;DPU;DPU33D-600R;Trifaze, 380 V, 600 A, D gövde, RS485;Kod sayfasında (teklif);;;USD;
Güç kontrol cihazları;DPU;DPU33D-600R-A;Trifaze, 380 V, 600 A, D gövde, RS485 (-A soneki [TEYİT]);Kod sayfasında (teklif);;;USD;
Güç kontrol cihazları;DPU;DPU34A-025A;Trifaze, 440 V, 25 A, A gövde, harici gösterge + RS485;Kod sayfasında (teklif);;;USD;
Güç kontrol cihazları;DPU;DPU34A-025A-A;Trifaze, 440 V, 25 A, A gövde, harici gösterge + RS485 (-A soneki [TEYİT]);Kod sayfasında (teklif);;;USD;
Güç kontrol cihazları;DPU;DPU34A-025D;Trifaze, 440 V, 25 A, A gövde, harici gösterge;Kod sayfasında (teklif);;;USD;
Güç kontrol cihazları;DPU;DPU34A-025D-A;Trifaze, 440 V, 25 A, A gövde, harici gösterge (-A soneki [TEYİT]);Kod sayfasında (teklif);;;USD;
Güç kontrol cihazları;DPU;DPU34A-025N;Trifaze, 440 V, 25 A, A gövde, seçeneksiz;Kod sayfasında (teklif);;;USD;
Güç kontrol cihazları;DPU;DPU34A-025N-A;Trifaze, 440 V, 25 A, A gövde, seçeneksiz (-A soneki [TEYİT]);Kod sayfasında (teklif);;;USD;
Güç kontrol cihazları;DPU;DPU34A-025R;Trifaze, 440 V, 25 A, A gövde, RS485;Kod sayfasında (teklif);;;USD;
Güç kontrol cihazları;DPU;DPU34A-025R-A;Trifaze, 440 V, 25 A, A gövde, RS485 (-A soneki [TEYİT]);Kod sayfasında (teklif);;;USD;
Güç kontrol cihazları;DPU;DPU34A-040A;Trifaze, 440 V, 40 A, A gövde, harici gösterge + RS485;Kod sayfasında (teklif);;;USD;
Güç kontrol cihazları;DPU;DPU34A-040A-A;Trifaze, 440 V, 40 A, A gövde, harici gösterge + RS485 (-A soneki [TEYİT]);Kod sayfasında (teklif);;;USD;
Güç kontrol cihazları;DPU;DPU34A-040D;Trifaze, 440 V, 40 A, A gövde, harici gösterge;Kod sayfasında (teklif);;;USD;
Güç kontrol cihazları;DPU;DPU34A-040D-A;Trifaze, 440 V, 40 A, A gövde, harici gösterge (-A soneki [TEYİT]);Kod sayfasında (teklif);;;USD;
Güç kontrol cihazları;DPU;DPU34A-040N;Trifaze, 440 V, 40 A, A gövde, seçeneksiz;Kod sayfasında (teklif);;;USD;
Güç kontrol cihazları;DPU;DPU34A-040N-A;Trifaze, 440 V, 40 A, A gövde, seçeneksiz (-A soneki [TEYİT]);Kod sayfasında (teklif);;;USD;
Güç kontrol cihazları;DPU;DPU34A-040R;Trifaze, 440 V, 40 A, A gövde, RS485;Kod sayfasında (teklif);;;USD;
Güç kontrol cihazları;DPU;DPU34A-040R-A;Trifaze, 440 V, 40 A, A gövde, RS485 (-A soneki [TEYİT]);Kod sayfasında (teklif);;;USD;
Güç kontrol cihazları;DPU;DPU34A-050A;Trifaze, 440 V, 50 A, A gövde, harici gösterge + RS485;Kod sayfasında (teklif);;;USD;
Güç kontrol cihazları;DPU;DPU34A-050A-A;Trifaze, 440 V, 50 A, A gövde, harici gösterge + RS485 (-A soneki [TEYİT]);Kod sayfasında (teklif);;;USD;
Güç kontrol cihazları;DPU;DPU34A-050D;Trifaze, 440 V, 50 A, A gövde, harici gösterge;Kod sayfasında (teklif);;;USD;
Güç kontrol cihazları;DPU;DPU34A-050D-A;Trifaze, 440 V, 50 A, A gövde, harici gösterge (-A soneki [TEYİT]);Kod sayfasında (teklif);;;USD;
Güç kontrol cihazları;DPU;DPU34A-050N;Trifaze, 440 V, 50 A, A gövde, seçeneksiz;Kod sayfasında (teklif);;;USD;
Güç kontrol cihazları;DPU;DPU34A-050N-A;Trifaze, 440 V, 50 A, A gövde, seçeneksiz (-A soneki [TEYİT]);Kod sayfasında (teklif);;;USD;
Güç kontrol cihazları;DPU;DPU34A-050R;Trifaze, 440 V, 50 A, A gövde, RS485;Kod sayfasında (teklif);;;USD;
Güç kontrol cihazları;DPU;DPU34A-050R-A;Trifaze, 440 V, 50 A, A gövde, RS485 (-A soneki [TEYİT]);Kod sayfasında (teklif);;;USD;
Güç kontrol cihazları;DPU;DPU34B-070A;Trifaze, 440 V, 70 A, B gövde, harici gösterge + RS485;Kod sayfasında (teklif);;;USD;
Güç kontrol cihazları;DPU;DPU34B-070A-A;Trifaze, 440 V, 70 A, B gövde, harici gösterge + RS485 (-A soneki [TEYİT]);Kod sayfasında (teklif);;;USD;
Güç kontrol cihazları;DPU;DPU34B-070D;Trifaze, 440 V, 70 A, B gövde, harici gösterge;Kod sayfasında (teklif);;;USD;
Güç kontrol cihazları;DPU;DPU34B-070D-A;Trifaze, 440 V, 70 A, B gövde, harici gösterge (-A soneki [TEYİT]);Kod sayfasında (teklif);;;USD;
Güç kontrol cihazları;DPU;DPU34B-070N;Trifaze, 440 V, 70 A, B gövde, seçeneksiz;Kod sayfasında (teklif);;;USD;
Güç kontrol cihazları;DPU;DPU34B-070N-A;Trifaze, 440 V, 70 A, B gövde, seçeneksiz (-A soneki [TEYİT]);Kod sayfasında (teklif);;;USD;
Güç kontrol cihazları;DPU;DPU34B-070R;Trifaze, 440 V, 70 A, B gövde, RS485;Kod sayfasında (teklif);;;USD;
Güç kontrol cihazları;DPU;DPU34B-070R-A;Trifaze, 440 V, 70 A, B gövde, RS485 (-A soneki [TEYİT]);Kod sayfasında (teklif);;;USD;
Güç kontrol cihazları;DPU;DPU34B-080A;Trifaze, 440 V, 80 A, B gövde, harici gösterge + RS485;Kod sayfasında (teklif);;;USD;
Güç kontrol cihazları;DPU;DPU34B-080A-A;Trifaze, 440 V, 80 A, B gövde, harici gösterge + RS485 (-A soneki [TEYİT]);Kod sayfasında (teklif);;;USD;
Güç kontrol cihazları;DPU;DPU34B-080D;Trifaze, 440 V, 80 A, B gövde, harici gösterge;Kod sayfasında (teklif);;;USD;
Güç kontrol cihazları;DPU;DPU34B-080D-A;Trifaze, 440 V, 80 A, B gövde, harici gösterge (-A soneki [TEYİT]);Kod sayfasında (teklif);;;USD;
Güç kontrol cihazları;DPU;DPU34B-080N;Trifaze, 440 V, 80 A, B gövde, seçeneksiz;Kod sayfasında (teklif);;;USD;
Güç kontrol cihazları;DPU;DPU34B-080N-A;Trifaze, 440 V, 80 A, B gövde, seçeneksiz (-A soneki [TEYİT]);Kod sayfasında (teklif);;;USD;
Güç kontrol cihazları;DPU;DPU34B-080R;Trifaze, 440 V, 80 A, B gövde, RS485;Kod sayfasında (teklif);;;USD;
Güç kontrol cihazları;DPU;DPU34B-080R-A;Trifaze, 440 V, 80 A, B gövde, RS485 (-A soneki [TEYİT]);Kod sayfasında (teklif);;;USD;
Güç kontrol cihazları;DPU;DPU34B-100A;Trifaze, 440 V, 100 A, B gövde, harici gösterge + RS485;Kod sayfasında (teklif);;;USD;
Güç kontrol cihazları;DPU;DPU34B-100A-A;Trifaze, 440 V, 100 A, B gövde, harici gösterge + RS485 (-A soneki [TEYİT]);Kod sayfasında (teklif);;;USD;
Güç kontrol cihazları;DPU;DPU34B-100D;Trifaze, 440 V, 100 A, B gövde, harici gösterge;Kod sayfasında (teklif);;;USD;
Güç kontrol cihazları;DPU;DPU34B-100D-A;Trifaze, 440 V, 100 A, B gövde, harici gösterge (-A soneki [TEYİT]);Kod sayfasında (teklif);;;USD;
Güç kontrol cihazları;DPU;DPU34B-100N;Trifaze, 440 V, 100 A, B gövde, seçeneksiz;Kod sayfasında (teklif);;;USD;
Güç kontrol cihazları;DPU;DPU34B-100N-A;Trifaze, 440 V, 100 A, B gövde, seçeneksiz (-A soneki [TEYİT]);Kod sayfasında (teklif);;;USD;
Güç kontrol cihazları;DPU;DPU34B-100R;Trifaze, 440 V, 100 A, B gövde, RS485;Kod sayfasında (teklif);;;USD;
Güç kontrol cihazları;DPU;DPU34B-100R-A;Trifaze, 440 V, 100 A, B gövde, RS485 (-A soneki [TEYİT]);Kod sayfasında (teklif);;;USD;
Güç kontrol cihazları;DPU;DPU34B-120A;Trifaze, 440 V, 120 A, B gövde, harici gösterge + RS485;Kod sayfasında (teklif);;;USD;
Güç kontrol cihazları;DPU;DPU34B-120A-A;Trifaze, 440 V, 120 A, B gövde, harici gösterge + RS485 (-A soneki [TEYİT]);Kod sayfasında (teklif);;;USD;
Güç kontrol cihazları;DPU;DPU34B-120D;Trifaze, 440 V, 120 A, B gövde, harici gösterge;Kod sayfasında (teklif);;;USD;
Güç kontrol cihazları;DPU;DPU34B-120D-A;Trifaze, 440 V, 120 A, B gövde, harici gösterge (-A soneki [TEYİT]);Kod sayfasında (teklif);;;USD;
Güç kontrol cihazları;DPU;DPU34B-120N;Trifaze, 440 V, 120 A, B gövde, seçeneksiz;Kod sayfasında (teklif);;;USD;
Güç kontrol cihazları;DPU;DPU34B-120N-A;Trifaze, 440 V, 120 A, B gövde, seçeneksiz (-A soneki [TEYİT]);Kod sayfasında (teklif);;;USD;
Güç kontrol cihazları;DPU;DPU34B-120R;Trifaze, 440 V, 120 A, B gövde, RS485;Mağazada;;;USD;
Güç kontrol cihazları;DPU;DPU34B-120R-A;Trifaze, 440 V, 120 A, B gövde, RS485 (-A soneki [TEYİT]);Kod sayfasında (teklif);;;USD;
Güç kontrol cihazları;DPU;DPU34B-150A;Trifaze, 440 V, 150 A, B gövde, harici gösterge + RS485;Mağazada;;;USD;
Güç kontrol cihazları;DPU;DPU34B-150A-A;Trifaze, 440 V, 150 A, B gövde, harici gösterge + RS485 (-A soneki [TEYİT]);Kod sayfasında (teklif);;;USD;
Güç kontrol cihazları;DPU;DPU34B-150D;Trifaze, 440 V, 150 A, B gövde, harici gösterge;Kod sayfasında (teklif);;;USD;
Güç kontrol cihazları;DPU;DPU34B-150D-A;Trifaze, 440 V, 150 A, B gövde, harici gösterge (-A soneki [TEYİT]);Kod sayfasında (teklif);;;USD;
Güç kontrol cihazları;DPU;DPU34B-150N;Trifaze, 440 V, 150 A, B gövde, seçeneksiz;Kod sayfasında (teklif);;;USD;
Güç kontrol cihazları;DPU;DPU34B-150N-A;Trifaze, 440 V, 150 A, B gövde, seçeneksiz (-A soneki [TEYİT]);Kod sayfasında (teklif);;;USD;
Güç kontrol cihazları;DPU;DPU34B-150R;Trifaze, 440 V, 150 A, B gövde, RS485;Kod sayfasında (teklif);;;USD;
Güç kontrol cihazları;DPU;DPU34B-150R-A;Trifaze, 440 V, 150 A, B gövde, RS485 (-A soneki [TEYİT]);Kod sayfasında (teklif);;;USD;
Güç kontrol cihazları;DPU;DPU34B-180A;Trifaze, 440 V, 180 A, B gövde, harici gösterge + RS485;Kod sayfasında (teklif);;;USD;
Güç kontrol cihazları;DPU;DPU34B-180A-A;Trifaze, 440 V, 180 A, B gövde, harici gösterge + RS485 (-A soneki [TEYİT]);Kod sayfasında (teklif);;;USD;
Güç kontrol cihazları;DPU;DPU34B-180D;Trifaze, 440 V, 180 A, B gövde, harici gösterge;Kod sayfasında (teklif);;;USD;
Güç kontrol cihazları;DPU;DPU34B-180D-A;Trifaze, 440 V, 180 A, B gövde, harici gösterge (-A soneki [TEYİT]);Kod sayfasında (teklif);;;USD;
Güç kontrol cihazları;DPU;DPU34B-180N;Trifaze, 440 V, 180 A, B gövde, seçeneksiz;Kod sayfasında (teklif);;;USD;
Güç kontrol cihazları;DPU;DPU34B-180N-A;Trifaze, 440 V, 180 A, B gövde, seçeneksiz (-A soneki [TEYİT]);Kod sayfasında (teklif);;;USD;
Güç kontrol cihazları;DPU;DPU34B-180R;Trifaze, 440 V, 180 A, B gövde, RS485;Kod sayfasında (teklif);;;USD;
Güç kontrol cihazları;DPU;DPU34B-180R-A;Trifaze, 440 V, 180 A, B gövde, RS485 (-A soneki [TEYİT]);Kod sayfasında (teklif);;;USD;
Güç kontrol cihazları;DPU;DPU34B-200A;Trifaze, 440 V, 200 A, B gövde, harici gösterge + RS485;Kod sayfasında (teklif);;;USD;
Güç kontrol cihazları;DPU;DPU34B-200A-A;Trifaze, 440 V, 200 A, B gövde, harici gösterge + RS485 (-A soneki [TEYİT]);Kod sayfasında (teklif);;;USD;
Güç kontrol cihazları;DPU;DPU34B-200D;Trifaze, 440 V, 200 A, B gövde, harici gösterge;Kod sayfasında (teklif);;;USD;
Güç kontrol cihazları;DPU;DPU34B-200D-A;Trifaze, 440 V, 200 A, B gövde, harici gösterge (-A soneki [TEYİT]);Kod sayfasında (teklif);;;USD;
Güç kontrol cihazları;DPU;DPU34B-200N;Trifaze, 440 V, 200 A, B gövde, seçeneksiz;Mağazada;;;USD;
Güç kontrol cihazları;DPU;DPU34B-200N-A;Trifaze, 440 V, 200 A, B gövde, seçeneksiz (-A soneki [TEYİT]);Kod sayfasında (teklif);;;USD;
Güç kontrol cihazları;DPU;DPU34B-200R;Trifaze, 440 V, 200 A, B gövde, RS485;Mağazada;;;USD;
Güç kontrol cihazları;DPU;DPU34B-200R-A;Trifaze, 440 V, 200 A, B gövde, RS485 (-A soneki [TEYİT]);Kod sayfasında (teklif);;;USD;
Güç kontrol cihazları;DPU;DPU34C-250A;Trifaze, 440 V, 250 A, C gövde, harici gösterge + RS485;Mağazada;;;USD;
Güç kontrol cihazları;DPU;DPU34C-250A-A;Trifaze, 440 V, 250 A, C gövde, harici gösterge + RS485 (-A soneki [TEYİT]);Kod sayfasında (teklif);;;USD;
Güç kontrol cihazları;DPU;DPU34C-250D;Trifaze, 440 V, 250 A, C gövde, harici gösterge;Kod sayfasında (teklif);;;USD;
Güç kontrol cihazları;DPU;DPU34C-250D-A;Trifaze, 440 V, 250 A, C gövde, harici gösterge (-A soneki [TEYİT]);Kod sayfasında (teklif);;;USD;
Güç kontrol cihazları;DPU;DPU34C-250N;Trifaze, 440 V, 250 A, C gövde, seçeneksiz;Kod sayfasında (teklif);;;USD;
Güç kontrol cihazları;DPU;DPU34C-250N-A;Trifaze, 440 V, 250 A, C gövde, seçeneksiz (-A soneki [TEYİT]);Kod sayfasında (teklif);;;USD;
Güç kontrol cihazları;DPU;DPU34C-250R;Trifaze, 440 V, 250 A, C gövde, RS485;Kod sayfasında (teklif);;;USD;
Güç kontrol cihazları;DPU;DPU34C-250R-A;Trifaze, 440 V, 250 A, C gövde, RS485 (-A soneki [TEYİT]);Kod sayfasında (teklif);;;USD;
Güç kontrol cihazları;DPU;DPU34C-350A;Trifaze, 440 V, 350 A, C gövde, harici gösterge + RS485;Kod sayfasında (teklif);;;USD;
Güç kontrol cihazları;DPU;DPU34C-350A-A;Trifaze, 440 V, 350 A, C gövde, harici gösterge + RS485 (-A soneki [TEYİT]);Kod sayfasında (teklif);;;USD;
Güç kontrol cihazları;DPU;DPU34C-350D;Trifaze, 440 V, 350 A, C gövde, harici gösterge;Kod sayfasında (teklif);;;USD;
Güç kontrol cihazları;DPU;DPU34C-350D-A;Trifaze, 440 V, 350 A, C gövde, harici gösterge (-A soneki [TEYİT]);Kod sayfasında (teklif);;;USD;
Güç kontrol cihazları;DPU;DPU34C-350N;Trifaze, 440 V, 350 A, C gövde, seçeneksiz;Kod sayfasında (teklif);;;USD;
Güç kontrol cihazları;DPU;DPU34C-350N-A;Trifaze, 440 V, 350 A, C gövde, seçeneksiz (-A soneki [TEYİT]);Kod sayfasında (teklif);;;USD;
Güç kontrol cihazları;DPU;DPU34C-350R;Trifaze, 440 V, 350 A, C gövde, RS485;Mağazada;;;USD;
Güç kontrol cihazları;DPU;DPU34C-350R-A;Trifaze, 440 V, 350 A, C gövde, RS485 (-A soneki [TEYİT]);Kod sayfasında (teklif);;;USD;
Güç kontrol cihazları;DPU;DPU34D-400A;Trifaze, 440 V, 400 A, D gövde, harici gösterge + RS485;Mağazada;;;USD;
Güç kontrol cihazları;DPU;DPU34D-400A-A;Trifaze, 440 V, 400 A, D gövde, harici gösterge + RS485 (-A soneki [TEYİT]);Kod sayfasında (teklif);;;USD;
Güç kontrol cihazları;DPU;DPU34D-400D;Trifaze, 440 V, 400 A, D gövde, harici gösterge;Kod sayfasında (teklif);;;USD;
Güç kontrol cihazları;DPU;DPU34D-400D-A;Trifaze, 440 V, 400 A, D gövde, harici gösterge (-A soneki [TEYİT]);Kod sayfasında (teklif);;;USD;
Güç kontrol cihazları;DPU;DPU34D-400N;Trifaze, 440 V, 400 A, D gövde, seçeneksiz;Kod sayfasında (teklif);;;USD;
Güç kontrol cihazları;DPU;DPU34D-400N-A;Trifaze, 440 V, 400 A, D gövde, seçeneksiz (-A soneki [TEYİT]);Kod sayfasında (teklif);;;USD;
Güç kontrol cihazları;DPU;DPU34D-400R;Trifaze, 440 V, 400 A, D gövde, RS485;Kod sayfasında (teklif);;;USD;
Güç kontrol cihazları;DPU;DPU34D-400R-A;Trifaze, 440 V, 400 A, D gövde, RS485 (-A soneki [TEYİT]);Kod sayfasında (teklif);;;USD;
Güç kontrol cihazları;DPU;DPU34D-500A;Trifaze, 440 V, 500 A, D gövde, harici gösterge + RS485;Mağazada;;;USD;
Güç kontrol cihazları;DPU;DPU34D-500A-A;Trifaze, 440 V, 500 A, D gövde, harici gösterge + RS485 (-A soneki [TEYİT]);Kod sayfasında (teklif);;;USD;
Güç kontrol cihazları;DPU;DPU34D-500D;Trifaze, 440 V, 500 A, D gövde, harici gösterge;Kod sayfasında (teklif);;;USD;
Güç kontrol cihazları;DPU;DPU34D-500D-A;Trifaze, 440 V, 500 A, D gövde, harici gösterge (-A soneki [TEYİT]);Kod sayfasında (teklif);;;USD;
Güç kontrol cihazları;DPU;DPU34D-500N;Trifaze, 440 V, 500 A, D gövde, seçeneksiz;Kod sayfasında (teklif);;;USD;
Güç kontrol cihazları;DPU;DPU34D-500N-A;Trifaze, 440 V, 500 A, D gövde, seçeneksiz (-A soneki [TEYİT]);Kod sayfasında (teklif);;;USD;
Güç kontrol cihazları;DPU;DPU34D-500R;Trifaze, 440 V, 500 A, D gövde, RS485;Kod sayfasında (teklif);;;USD;
Güç kontrol cihazları;DPU;DPU34D-500R-A;Trifaze, 440 V, 500 A, D gövde, RS485 (-A soneki [TEYİT]);Kod sayfasında (teklif);;;USD;
Güç kontrol cihazları;DPU;DPU34D-600A;Trifaze, 440 V, 600 A, D gövde, harici gösterge + RS485;Mağazada;;;USD;
Güç kontrol cihazları;DPU;DPU34D-600A-A;Trifaze, 440 V, 600 A, D gövde, harici gösterge + RS485 (-A soneki [TEYİT]);Kod sayfasında (teklif);;;USD;
Güç kontrol cihazları;DPU;DPU34D-600D;Trifaze, 440 V, 600 A, D gövde, harici gösterge;Kod sayfasında (teklif);;;USD;
Güç kontrol cihazları;DPU;DPU34D-600D-A;Trifaze, 440 V, 600 A, D gövde, harici gösterge (-A soneki [TEYİT]);Kod sayfasında (teklif);;;USD;
Güç kontrol cihazları;DPU;DPU34D-600N;Trifaze, 440 V, 600 A, D gövde, seçeneksiz;Kod sayfasında (teklif);;;USD;
Güç kontrol cihazları;DPU;DPU34D-600N-A;Trifaze, 440 V, 600 A, D gövde, seçeneksiz (-A soneki [TEYİT]);Kod sayfasında (teklif);;;USD;
Güç kontrol cihazları;DPU;DPU34D-600R;Trifaze, 440 V, 600 A, D gövde, RS485;Kod sayfasında (teklif);;;USD;
Güç kontrol cihazları;DPU;DPU34D-600R-A;Trifaze, 440 V, 600 A, D gövde, RS485 (-A soneki [TEYİT]);Kod sayfasında (teklif);;;USD;
Güç kontrol cihazları;DPU;DPU35A-025A;Trifaze, 480 V, 25 A, A gövde, harici gösterge + RS485;Kod sayfasında (teklif);;;USD;
Güç kontrol cihazları;DPU;DPU35A-025A-A;Trifaze, 480 V, 25 A, A gövde, harici gösterge + RS485 (-A soneki [TEYİT]);Kod sayfasında (teklif);;;USD;
Güç kontrol cihazları;DPU;DPU35A-025D;Trifaze, 480 V, 25 A, A gövde, harici gösterge;Kod sayfasında (teklif);;;USD;
Güç kontrol cihazları;DPU;DPU35A-025D-A;Trifaze, 480 V, 25 A, A gövde, harici gösterge (-A soneki [TEYİT]);Kod sayfasında (teklif);;;USD;
Güç kontrol cihazları;DPU;DPU35A-025N;Trifaze, 480 V, 25 A, A gövde, seçeneksiz;Kod sayfasında (teklif);;;USD;
Güç kontrol cihazları;DPU;DPU35A-025N-A;Trifaze, 480 V, 25 A, A gövde, seçeneksiz (-A soneki [TEYİT]);Kod sayfasında (teklif);;;USD;
Güç kontrol cihazları;DPU;DPU35A-025R;Trifaze, 480 V, 25 A, A gövde, RS485;Kod sayfasında (teklif);;;USD;
Güç kontrol cihazları;DPU;DPU35A-025R-A;Trifaze, 480 V, 25 A, A gövde, RS485 (-A soneki [TEYİT]);Kod sayfasında (teklif);;;USD;
Güç kontrol cihazları;DPU;DPU35A-040A;Trifaze, 480 V, 40 A, A gövde, harici gösterge + RS485;Kod sayfasında (teklif);;;USD;
Güç kontrol cihazları;DPU;DPU35A-040A-A;Trifaze, 480 V, 40 A, A gövde, harici gösterge + RS485 (-A soneki [TEYİT]);Kod sayfasında (teklif);;;USD;
Güç kontrol cihazları;DPU;DPU35A-040D;Trifaze, 480 V, 40 A, A gövde, harici gösterge;Kod sayfasında (teklif);;;USD;
Güç kontrol cihazları;DPU;DPU35A-040D-A;Trifaze, 480 V, 40 A, A gövde, harici gösterge (-A soneki [TEYİT]);Kod sayfasında (teklif);;;USD;
Güç kontrol cihazları;DPU;DPU35A-040N;Trifaze, 480 V, 40 A, A gövde, seçeneksiz;Kod sayfasında (teklif);;;USD;
Güç kontrol cihazları;DPU;DPU35A-040N-A;Trifaze, 480 V, 40 A, A gövde, seçeneksiz (-A soneki [TEYİT]);Kod sayfasında (teklif);;;USD;
Güç kontrol cihazları;DPU;DPU35A-040R;Trifaze, 480 V, 40 A, A gövde, RS485;Kod sayfasında (teklif);;;USD;
Güç kontrol cihazları;DPU;DPU35A-040R-A;Trifaze, 480 V, 40 A, A gövde, RS485 (-A soneki [TEYİT]);Kod sayfasında (teklif);;;USD;
Güç kontrol cihazları;DPU;DPU35A-050A;Trifaze, 480 V, 50 A, A gövde, harici gösterge + RS485;Kod sayfasında (teklif);;;USD;
Güç kontrol cihazları;DPU;DPU35A-050A-A;Trifaze, 480 V, 50 A, A gövde, harici gösterge + RS485 (-A soneki [TEYİT]);Kod sayfasında (teklif);;;USD;
Güç kontrol cihazları;DPU;DPU35A-050D;Trifaze, 480 V, 50 A, A gövde, harici gösterge;Kod sayfasında (teklif);;;USD;
Güç kontrol cihazları;DPU;DPU35A-050D-A;Trifaze, 480 V, 50 A, A gövde, harici gösterge (-A soneki [TEYİT]);Kod sayfasında (teklif);;;USD;
Güç kontrol cihazları;DPU;DPU35A-050N;Trifaze, 480 V, 50 A, A gövde, seçeneksiz;Kod sayfasında (teklif);;;USD;
Güç kontrol cihazları;DPU;DPU35A-050N-A;Trifaze, 480 V, 50 A, A gövde, seçeneksiz (-A soneki [TEYİT]);Kod sayfasında (teklif);;;USD;
Güç kontrol cihazları;DPU;DPU35A-050R;Trifaze, 480 V, 50 A, A gövde, RS485;Kod sayfasında (teklif);;;USD;
Güç kontrol cihazları;DPU;DPU35A-050R-A;Trifaze, 480 V, 50 A, A gövde, RS485 (-A soneki [TEYİT]);Kod sayfasında (teklif);;;USD;
Güç kontrol cihazları;DPU;DPU35B-070A;Trifaze, 480 V, 70 A, B gövde, harici gösterge + RS485;Kod sayfasında (teklif);;;USD;
Güç kontrol cihazları;DPU;DPU35B-070A-A;Trifaze, 480 V, 70 A, B gövde, harici gösterge + RS485 (-A soneki [TEYİT]);Kod sayfasında (teklif);;;USD;
Güç kontrol cihazları;DPU;DPU35B-070D;Trifaze, 480 V, 70 A, B gövde, harici gösterge;Kod sayfasında (teklif);;;USD;
Güç kontrol cihazları;DPU;DPU35B-070D-A;Trifaze, 480 V, 70 A, B gövde, harici gösterge (-A soneki [TEYİT]);Kod sayfasında (teklif);;;USD;
Güç kontrol cihazları;DPU;DPU35B-070N;Trifaze, 480 V, 70 A, B gövde, seçeneksiz;Kod sayfasında (teklif);;;USD;
Güç kontrol cihazları;DPU;DPU35B-070N-A;Trifaze, 480 V, 70 A, B gövde, seçeneksiz (-A soneki [TEYİT]);Kod sayfasında (teklif);;;USD;
Güç kontrol cihazları;DPU;DPU35B-070R;Trifaze, 480 V, 70 A, B gövde, RS485;Kod sayfasında (teklif);;;USD;
Güç kontrol cihazları;DPU;DPU35B-070R-A;Trifaze, 480 V, 70 A, B gövde, RS485 (-A soneki [TEYİT]);Kod sayfasında (teklif);;;USD;
Güç kontrol cihazları;DPU;DPU35B-080A;Trifaze, 480 V, 80 A, B gövde, harici gösterge + RS485;Kod sayfasında (teklif);;;USD;
Güç kontrol cihazları;DPU;DPU35B-080A-A;Trifaze, 480 V, 80 A, B gövde, harici gösterge + RS485 (-A soneki [TEYİT]);Kod sayfasında (teklif);;;USD;
Güç kontrol cihazları;DPU;DPU35B-080D;Trifaze, 480 V, 80 A, B gövde, harici gösterge;Kod sayfasında (teklif);;;USD;
Güç kontrol cihazları;DPU;DPU35B-080D-A;Trifaze, 480 V, 80 A, B gövde, harici gösterge (-A soneki [TEYİT]);Kod sayfasında (teklif);;;USD;
Güç kontrol cihazları;DPU;DPU35B-080N;Trifaze, 480 V, 80 A, B gövde, seçeneksiz;Kod sayfasında (teklif);;;USD;
Güç kontrol cihazları;DPU;DPU35B-080N-A;Trifaze, 480 V, 80 A, B gövde, seçeneksiz (-A soneki [TEYİT]);Kod sayfasında (teklif);;;USD;
Güç kontrol cihazları;DPU;DPU35B-080R;Trifaze, 480 V, 80 A, B gövde, RS485;Kod sayfasında (teklif);;;USD;
Güç kontrol cihazları;DPU;DPU35B-080R-A;Trifaze, 480 V, 80 A, B gövde, RS485 (-A soneki [TEYİT]);Kod sayfasında (teklif);;;USD;
Güç kontrol cihazları;DPU;DPU35B-100A;Trifaze, 480 V, 100 A, B gövde, harici gösterge + RS485;Kod sayfasında (teklif);;;USD;
Güç kontrol cihazları;DPU;DPU35B-100A-A;Trifaze, 480 V, 100 A, B gövde, harici gösterge + RS485 (-A soneki [TEYİT]);Kod sayfasında (teklif);;;USD;
Güç kontrol cihazları;DPU;DPU35B-100D;Trifaze, 480 V, 100 A, B gövde, harici gösterge;Kod sayfasında (teklif);;;USD;
Güç kontrol cihazları;DPU;DPU35B-100D-A;Trifaze, 480 V, 100 A, B gövde, harici gösterge (-A soneki [TEYİT]);Kod sayfasında (teklif);;;USD;
Güç kontrol cihazları;DPU;DPU35B-100N;Trifaze, 480 V, 100 A, B gövde, seçeneksiz;Kod sayfasında (teklif);;;USD;
Güç kontrol cihazları;DPU;DPU35B-100N-A;Trifaze, 480 V, 100 A, B gövde, seçeneksiz (-A soneki [TEYİT]);Kod sayfasında (teklif);;;USD;
Güç kontrol cihazları;DPU;DPU35B-100R;Trifaze, 480 V, 100 A, B gövde, RS485;Kod sayfasında (teklif);;;USD;
Güç kontrol cihazları;DPU;DPU35B-100R-A;Trifaze, 480 V, 100 A, B gövde, RS485 (-A soneki [TEYİT]);Kod sayfasında (teklif);;;USD;
Güç kontrol cihazları;DPU;DPU35B-120A;Trifaze, 480 V, 120 A, B gövde, harici gösterge + RS485;Kod sayfasında (teklif);;;USD;
Güç kontrol cihazları;DPU;DPU35B-120A-A;Trifaze, 480 V, 120 A, B gövde, harici gösterge + RS485 (-A soneki [TEYİT]);Kod sayfasında (teklif);;;USD;
Güç kontrol cihazları;DPU;DPU35B-120D;Trifaze, 480 V, 120 A, B gövde, harici gösterge;Kod sayfasında (teklif);;;USD;
Güç kontrol cihazları;DPU;DPU35B-120D-A;Trifaze, 480 V, 120 A, B gövde, harici gösterge (-A soneki [TEYİT]);Kod sayfasında (teklif);;;USD;
Güç kontrol cihazları;DPU;DPU35B-120N;Trifaze, 480 V, 120 A, B gövde, seçeneksiz;Kod sayfasında (teklif);;;USD;
Güç kontrol cihazları;DPU;DPU35B-120N-A;Trifaze, 480 V, 120 A, B gövde, seçeneksiz (-A soneki [TEYİT]);Kod sayfasında (teklif);;;USD;
Güç kontrol cihazları;DPU;DPU35B-120R;Trifaze, 480 V, 120 A, B gövde, RS485;Kod sayfasında (teklif);;;USD;
Güç kontrol cihazları;DPU;DPU35B-120R-A;Trifaze, 480 V, 120 A, B gövde, RS485 (-A soneki [TEYİT]);Kod sayfasında (teklif);;;USD;
Güç kontrol cihazları;DPU;DPU35B-150A;Trifaze, 480 V, 150 A, B gövde, harici gösterge + RS485;Kod sayfasında (teklif);;;USD;
Güç kontrol cihazları;DPU;DPU35B-150A-A;Trifaze, 480 V, 150 A, B gövde, harici gösterge + RS485 (-A soneki [TEYİT]);Kod sayfasında (teklif);;;USD;
Güç kontrol cihazları;DPU;DPU35B-150D;Trifaze, 480 V, 150 A, B gövde, harici gösterge;Kod sayfasında (teklif);;;USD;
Güç kontrol cihazları;DPU;DPU35B-150D-A;Trifaze, 480 V, 150 A, B gövde, harici gösterge (-A soneki [TEYİT]);Kod sayfasında (teklif);;;USD;
Güç kontrol cihazları;DPU;DPU35B-150N;Trifaze, 480 V, 150 A, B gövde, seçeneksiz;Kod sayfasında (teklif);;;USD;
Güç kontrol cihazları;DPU;DPU35B-150N-A;Trifaze, 480 V, 150 A, B gövde, seçeneksiz (-A soneki [TEYİT]);Kod sayfasında (teklif);;;USD;
Güç kontrol cihazları;DPU;DPU35B-150R;Trifaze, 480 V, 150 A, B gövde, RS485;Kod sayfasında (teklif);;;USD;
Güç kontrol cihazları;DPU;DPU35B-150R-A;Trifaze, 480 V, 150 A, B gövde, RS485 (-A soneki [TEYİT]);Kod sayfasında (teklif);;;USD;
Güç kontrol cihazları;DPU;DPU35B-180A;Trifaze, 480 V, 180 A, B gövde, harici gösterge + RS485;Kod sayfasında (teklif);;;USD;
Güç kontrol cihazları;DPU;DPU35B-180A-A;Trifaze, 480 V, 180 A, B gövde, harici gösterge + RS485 (-A soneki [TEYİT]);Kod sayfasında (teklif);;;USD;
Güç kontrol cihazları;DPU;DPU35B-180D;Trifaze, 480 V, 180 A, B gövde, harici gösterge;Kod sayfasında (teklif);;;USD;
Güç kontrol cihazları;DPU;DPU35B-180D-A;Trifaze, 480 V, 180 A, B gövde, harici gösterge (-A soneki [TEYİT]);Kod sayfasında (teklif);;;USD;
Güç kontrol cihazları;DPU;DPU35B-180N;Trifaze, 480 V, 180 A, B gövde, seçeneksiz;Kod sayfasında (teklif);;;USD;
Güç kontrol cihazları;DPU;DPU35B-180N-A;Trifaze, 480 V, 180 A, B gövde, seçeneksiz (-A soneki [TEYİT]);Kod sayfasında (teklif);;;USD;
Güç kontrol cihazları;DPU;DPU35B-180R;Trifaze, 480 V, 180 A, B gövde, RS485;Kod sayfasında (teklif);;;USD;
Güç kontrol cihazları;DPU;DPU35B-180R-A;Trifaze, 480 V, 180 A, B gövde, RS485 (-A soneki [TEYİT]);Kod sayfasında (teklif);;;USD;
Güç kontrol cihazları;DPU;DPU35B-200A;Trifaze, 480 V, 200 A, B gövde, harici gösterge + RS485;Kod sayfasında (teklif);;;USD;
Güç kontrol cihazları;DPU;DPU35B-200A-A;Trifaze, 480 V, 200 A, B gövde, harici gösterge + RS485 (-A soneki [TEYİT]);Kod sayfasında (teklif);;;USD;
Güç kontrol cihazları;DPU;DPU35B-200D;Trifaze, 480 V, 200 A, B gövde, harici gösterge;Kod sayfasında (teklif);;;USD;
Güç kontrol cihazları;DPU;DPU35B-200D-A;Trifaze, 480 V, 200 A, B gövde, harici gösterge (-A soneki [TEYİT]);Kod sayfasında (teklif);;;USD;
Güç kontrol cihazları;DPU;DPU35B-200N;Trifaze, 480 V, 200 A, B gövde, seçeneksiz;Kod sayfasında (teklif);;;USD;
Güç kontrol cihazları;DPU;DPU35B-200N-A;Trifaze, 480 V, 200 A, B gövde, seçeneksiz (-A soneki [TEYİT]);Kod sayfasında (teklif);;;USD;
Güç kontrol cihazları;DPU;DPU35B-200R;Trifaze, 480 V, 200 A, B gövde, RS485;Kod sayfasında (teklif);;;USD;
Güç kontrol cihazları;DPU;DPU35B-200R-A;Trifaze, 480 V, 200 A, B gövde, RS485 (-A soneki [TEYİT]);Kod sayfasında (teklif);;;USD;
Güç kontrol cihazları;DPU;DPU35C-250A;Trifaze, 480 V, 250 A, C gövde, harici gösterge + RS485;Kod sayfasında (teklif);;;USD;
Güç kontrol cihazları;DPU;DPU35C-250A-A;Trifaze, 480 V, 250 A, C gövde, harici gösterge + RS485 (-A soneki [TEYİT]);Kod sayfasında (teklif);;;USD;
Güç kontrol cihazları;DPU;DPU35C-250D;Trifaze, 480 V, 250 A, C gövde, harici gösterge;Kod sayfasında (teklif);;;USD;
Güç kontrol cihazları;DPU;DPU35C-250D-A;Trifaze, 480 V, 250 A, C gövde, harici gösterge (-A soneki [TEYİT]);Kod sayfasında (teklif);;;USD;
Güç kontrol cihazları;DPU;DPU35C-250N;Trifaze, 480 V, 250 A, C gövde, seçeneksiz;Kod sayfasında (teklif);;;USD;
Güç kontrol cihazları;DPU;DPU35C-250N-A;Trifaze, 480 V, 250 A, C gövde, seçeneksiz (-A soneki [TEYİT]);Kod sayfasında (teklif);;;USD;
Güç kontrol cihazları;DPU;DPU35C-250R;Trifaze, 480 V, 250 A, C gövde, RS485;Kod sayfasında (teklif);;;USD;
Güç kontrol cihazları;DPU;DPU35C-250R-A;Trifaze, 480 V, 250 A, C gövde, RS485 (-A soneki [TEYİT]);Kod sayfasında (teklif);;;USD;
Güç kontrol cihazları;DPU;DPU35C-350A;Trifaze, 480 V, 350 A, C gövde, harici gösterge + RS485;Kod sayfasında (teklif);;;USD;
Güç kontrol cihazları;DPU;DPU35C-350A-A;Trifaze, 480 V, 350 A, C gövde, harici gösterge + RS485 (-A soneki [TEYİT]);Kod sayfasında (teklif);;;USD;
Güç kontrol cihazları;DPU;DPU35C-350D;Trifaze, 480 V, 350 A, C gövde, harici gösterge;Kod sayfasında (teklif);;;USD;
Güç kontrol cihazları;DPU;DPU35C-350D-A;Trifaze, 480 V, 350 A, C gövde, harici gösterge (-A soneki [TEYİT]);Kod sayfasında (teklif);;;USD;
Güç kontrol cihazları;DPU;DPU35C-350N;Trifaze, 480 V, 350 A, C gövde, seçeneksiz;Kod sayfasında (teklif);;;USD;
Güç kontrol cihazları;DPU;DPU35C-350N-A;Trifaze, 480 V, 350 A, C gövde, seçeneksiz (-A soneki [TEYİT]);Kod sayfasında (teklif);;;USD;
Güç kontrol cihazları;DPU;DPU35C-350R;Trifaze, 480 V, 350 A, C gövde, RS485;Kod sayfasında (teklif);;;USD;
Güç kontrol cihazları;DPU;DPU35C-350R-A;Trifaze, 480 V, 350 A, C gövde, RS485 (-A soneki [TEYİT]);Kod sayfasında (teklif);;;USD;
Güç kontrol cihazları;DPU;DPU35D-400A;Trifaze, 480 V, 400 A, D gövde, harici gösterge + RS485;Kod sayfasında (teklif);;;USD;
Güç kontrol cihazları;DPU;DPU35D-400A-A;Trifaze, 480 V, 400 A, D gövde, harici gösterge + RS485 (-A soneki [TEYİT]);Kod sayfasında (teklif);;;USD;
Güç kontrol cihazları;DPU;DPU35D-400D;Trifaze, 480 V, 400 A, D gövde, harici gösterge;Kod sayfasında (teklif);;;USD;
Güç kontrol cihazları;DPU;DPU35D-400D-A;Trifaze, 480 V, 400 A, D gövde, harici gösterge (-A soneki [TEYİT]);Kod sayfasında (teklif);;;USD;
Güç kontrol cihazları;DPU;DPU35D-400N;Trifaze, 480 V, 400 A, D gövde, seçeneksiz;Kod sayfasında (teklif);;;USD;
Güç kontrol cihazları;DPU;DPU35D-400N-A;Trifaze, 480 V, 400 A, D gövde, seçeneksiz (-A soneki [TEYİT]);Kod sayfasında (teklif);;;USD;
Güç kontrol cihazları;DPU;DPU35D-400R;Trifaze, 480 V, 400 A, D gövde, RS485;Kod sayfasında (teklif);;;USD;
Güç kontrol cihazları;DPU;DPU35D-400R-A;Trifaze, 480 V, 400 A, D gövde, RS485 (-A soneki [TEYİT]);Kod sayfasında (teklif);;;USD;
Güç kontrol cihazları;DPU;DPU35D-500A;Trifaze, 480 V, 500 A, D gövde, harici gösterge + RS485;Kod sayfasında (teklif);;;USD;
Güç kontrol cihazları;DPU;DPU35D-500A-A;Trifaze, 480 V, 500 A, D gövde, harici gösterge + RS485 (-A soneki [TEYİT]);Kod sayfasında (teklif);;;USD;
Güç kontrol cihazları;DPU;DPU35D-500D;Trifaze, 480 V, 500 A, D gövde, harici gösterge;Kod sayfasında (teklif);;;USD;
Güç kontrol cihazları;DPU;DPU35D-500D-A;Trifaze, 480 V, 500 A, D gövde, harici gösterge (-A soneki [TEYİT]);Kod sayfasında (teklif);;;USD;
Güç kontrol cihazları;DPU;DPU35D-500N;Trifaze, 480 V, 500 A, D gövde, seçeneksiz;Kod sayfasında (teklif);;;USD;
Güç kontrol cihazları;DPU;DPU35D-500N-A;Trifaze, 480 V, 500 A, D gövde, seçeneksiz (-A soneki [TEYİT]);Kod sayfasında (teklif);;;USD;
Güç kontrol cihazları;DPU;DPU35D-500R;Trifaze, 480 V, 500 A, D gövde, RS485;Kod sayfasında (teklif);;;USD;
Güç kontrol cihazları;DPU;DPU35D-500R-A;Trifaze, 480 V, 500 A, D gövde, RS485 (-A soneki [TEYİT]);Kod sayfasında (teklif);;;USD;
Güç kontrol cihazları;DPU;DPU35D-600A;Trifaze, 480 V, 600 A, D gövde, harici gösterge + RS485;Kod sayfasında (teklif);;;USD;
Güç kontrol cihazları;DPU;DPU35D-600A-A;Trifaze, 480 V, 600 A, D gövde, harici gösterge + RS485 (-A soneki [TEYİT]);Kod sayfasında (teklif);;;USD;
Güç kontrol cihazları;DPU;DPU35D-600D;Trifaze, 480 V, 600 A, D gövde, harici gösterge;Kod sayfasında (teklif);;;USD;
Güç kontrol cihazları;DPU;DPU35D-600D-A;Trifaze, 480 V, 600 A, D gövde, harici gösterge (-A soneki [TEYİT]);Kod sayfasında (teklif);;;USD;
Güç kontrol cihazları;DPU;DPU35D-600N;Trifaze, 480 V, 600 A, D gövde, seçeneksiz;Kod sayfasında (teklif);;;USD;
Güç kontrol cihazları;DPU;DPU35D-600N-A;Trifaze, 480 V, 600 A, D gövde, seçeneksiz (-A soneki [TEYİT]);Kod sayfasında (teklif);;;USD;
Güç kontrol cihazları;DPU;DPU35D-600R;Trifaze, 480 V, 600 A, D gövde, RS485;Kod sayfasında (teklif);;;USD;
Güç kontrol cihazları;DPU;DPU35D-600R-A;Trifaze, 480 V, 600 A, D gövde, RS485 (-A soneki [TEYİT]);Kod sayfasında (teklif);;;USD;
Güç kontrol cihazları;DPU;DPU11A-025A;Monofaze, 110 V, 25 A, A gövde, harici gösterge + RS485;Kod sayfasında (teklif);;;USD;
Güç kontrol cihazları;DPU;DPU11A-025D;Monofaze, 110 V, 25 A, A gövde, harici gösterge;Kod sayfasında (teklif);;;USD;
Güç kontrol cihazları;DPU;DPU11A-025N;Monofaze, 110 V, 25 A, A gövde, seçeneksiz;Kod sayfasında (teklif);;;USD;
Güç kontrol cihazları;DPU;DPU11A-025R;Monofaze, 110 V, 25 A, A gövde, RS485;Kod sayfasında (teklif);;;USD;
Güç kontrol cihazları;DPU;DPU11A-040A;Monofaze, 110 V, 40 A, A gövde, harici gösterge + RS485;Kod sayfasında (teklif);;;USD;
Güç kontrol cihazları;DPU;DPU11A-040D;Monofaze, 110 V, 40 A, A gövde, harici gösterge;Kod sayfasında (teklif);;;USD;
Güç kontrol cihazları;DPU;DPU11A-040N;Monofaze, 110 V, 40 A, A gövde, seçeneksiz;Kod sayfasında (teklif);;;USD;
Güç kontrol cihazları;DPU;DPU11A-040R;Monofaze, 110 V, 40 A, A gövde, RS485;Kod sayfasında (teklif);;;USD;
Güç kontrol cihazları;DPU;DPU11A-050A;Monofaze, 110 V, 50 A, A gövde, harici gösterge + RS485;Kod sayfasında (teklif);;;USD;
Güç kontrol cihazları;DPU;DPU11A-050D;Monofaze, 110 V, 50 A, A gövde, harici gösterge;Kod sayfasında (teklif);;;USD;
Güç kontrol cihazları;DPU;DPU11A-050N;Monofaze, 110 V, 50 A, A gövde, seçeneksiz;Kod sayfasında (teklif);;;USD;
Güç kontrol cihazları;DPU;DPU11A-050R;Monofaze, 110 V, 50 A, A gövde, RS485;Kod sayfasında (teklif);;;USD;
Güç kontrol cihazları;DPU;DPU11A-070A;Monofaze, 110 V, 70 A, A gövde, harici gösterge + RS485;Kod sayfasında (teklif);;;USD;
Güç kontrol cihazları;DPU;DPU11A-070D;Monofaze, 110 V, 70 A, A gövde, harici gösterge;Kod sayfasında (teklif);;;USD;
Güç kontrol cihazları;DPU;DPU11A-070N;Monofaze, 110 V, 70 A, A gövde, seçeneksiz;Kod sayfasında (teklif);;;USD;
Güç kontrol cihazları;DPU;DPU11A-070R;Monofaze, 110 V, 70 A, A gövde, RS485;Kod sayfasında (teklif);;;USD;
Güç kontrol cihazları;DPU;DPU11B-080A;Monofaze, 110 V, 80 A, B gövde, harici gösterge + RS485;Kod sayfasında (teklif);;;USD;
Güç kontrol cihazları;DPU;DPU11B-080D;Monofaze, 110 V, 80 A, B gövde, harici gösterge;Kod sayfasında (teklif);;;USD;
Güç kontrol cihazları;DPU;DPU11B-080N;Monofaze, 110 V, 80 A, B gövde, seçeneksiz;Kod sayfasında (teklif);;;USD;
Güç kontrol cihazları;DPU;DPU11B-080R;Monofaze, 110 V, 80 A, B gövde, RS485;Kod sayfasında (teklif);;;USD;
Güç kontrol cihazları;DPU;DPU11B-100A;Monofaze, 110 V, 100 A, B gövde, harici gösterge + RS485;Kod sayfasında (teklif);;;USD;
Güç kontrol cihazları;DPU;DPU11B-100D;Monofaze, 110 V, 100 A, B gövde, harici gösterge;Kod sayfasında (teklif);;;USD;
Güç kontrol cihazları;DPU;DPU11B-100N;Monofaze, 110 V, 100 A, B gövde, seçeneksiz;Kod sayfasında (teklif);;;USD;
Güç kontrol cihazları;DPU;DPU11B-100R;Monofaze, 110 V, 100 A, B gövde, RS485;Kod sayfasında (teklif);;;USD;
Güç kontrol cihazları;DPU;DPU11B-120A;Monofaze, 110 V, 120 A, B gövde, harici gösterge + RS485;Kod sayfasında (teklif);;;USD;
Güç kontrol cihazları;DPU;DPU11B-120D;Monofaze, 110 V, 120 A, B gövde, harici gösterge;Kod sayfasında (teklif);;;USD;
Güç kontrol cihazları;DPU;DPU11B-120N;Monofaze, 110 V, 120 A, B gövde, seçeneksiz;Kod sayfasında (teklif);;;USD;
Güç kontrol cihazları;DPU;DPU11B-120R;Monofaze, 110 V, 120 A, B gövde, RS485;Kod sayfasında (teklif);;;USD;
Güç kontrol cihazları;DPU;DPU11B-150A;Monofaze, 110 V, 150 A, B gövde, harici gösterge + RS485;Kod sayfasında (teklif);;;USD;
Güç kontrol cihazları;DPU;DPU11B-150D;Monofaze, 110 V, 150 A, B gövde, harici gösterge;Kod sayfasında (teklif);;;USD;
Güç kontrol cihazları;DPU;DPU11B-150N;Monofaze, 110 V, 150 A, B gövde, seçeneksiz;Kod sayfasında (teklif);;;USD;
Güç kontrol cihazları;DPU;DPU11B-150R;Monofaze, 110 V, 150 A, B gövde, RS485;Kod sayfasında (teklif);;;USD;
Güç kontrol cihazları;DPU;DPU11B-180A;Monofaze, 110 V, 180 A, B gövde, harici gösterge + RS485;Kod sayfasında (teklif);;;USD;
Güç kontrol cihazları;DPU;DPU11B-180D;Monofaze, 110 V, 180 A, B gövde, harici gösterge;Kod sayfasında (teklif);;;USD;
Güç kontrol cihazları;DPU;DPU11B-180N;Monofaze, 110 V, 180 A, B gövde, seçeneksiz;Kod sayfasında (teklif);;;USD;
Güç kontrol cihazları;DPU;DPU11B-180R;Monofaze, 110 V, 180 A, B gövde, RS485;Kod sayfasında (teklif);;;USD;
Güç kontrol cihazları;DPU;DPU11B-200A;Monofaze, 110 V, 200 A, B gövde, harici gösterge + RS485;Kod sayfasında (teklif);;;USD;
Güç kontrol cihazları;DPU;DPU11B-200D;Monofaze, 110 V, 200 A, B gövde, harici gösterge;Kod sayfasında (teklif);;;USD;
Güç kontrol cihazları;DPU;DPU11B-200N;Monofaze, 110 V, 200 A, B gövde, seçeneksiz;Kod sayfasında (teklif);;;USD;
Güç kontrol cihazları;DPU;DPU11B-200R;Monofaze, 110 V, 200 A, B gövde, RS485;Kod sayfasında (teklif);;;USD;
Güç kontrol cihazları;DPU;DPU11C-250A;Monofaze, 110 V, 250 A, C gövde, harici gösterge + RS485;Kod sayfasında (teklif);;;USD;
Güç kontrol cihazları;DPU;DPU11C-250D;Monofaze, 110 V, 250 A, C gövde, harici gösterge;Kod sayfasında (teklif);;;USD;
Güç kontrol cihazları;DPU;DPU11C-250N;Monofaze, 110 V, 250 A, C gövde, seçeneksiz;Kod sayfasında (teklif);;;USD;
Güç kontrol cihazları;DPU;DPU11C-250R;Monofaze, 110 V, 250 A, C gövde, RS485;Kod sayfasında (teklif);;;USD;
Güç kontrol cihazları;DPU;DPU11C-350A;Monofaze, 110 V, 350 A, C gövde, harici gösterge + RS485;Kod sayfasında (teklif);;;USD;
Güç kontrol cihazları;DPU;DPU11C-350D;Monofaze, 110 V, 350 A, C gövde, harici gösterge;Kod sayfasında (teklif);;;USD;
Güç kontrol cihazları;DPU;DPU11C-350N;Monofaze, 110 V, 350 A, C gövde, seçeneksiz;Kod sayfasında (teklif);;;USD;
Güç kontrol cihazları;DPU;DPU11C-350R;Monofaze, 110 V, 350 A, C gövde, RS485;Kod sayfasında (teklif);;;USD;
Güç kontrol cihazları;DPU;DPU11D-400A;Monofaze, 110 V, 400 A, D gövde, harici gösterge + RS485;Kod sayfasında (teklif);;;USD;
Güç kontrol cihazları;DPU;DPU11D-400D;Monofaze, 110 V, 400 A, D gövde, harici gösterge;Kod sayfasında (teklif);;;USD;
Güç kontrol cihazları;DPU;DPU11D-400N;Monofaze, 110 V, 400 A, D gövde, seçeneksiz;Kod sayfasında (teklif);;;USD;
Güç kontrol cihazları;DPU;DPU11D-400R;Monofaze, 110 V, 400 A, D gövde, RS485;Kod sayfasında (teklif);;;USD;
Güç kontrol cihazları;DPU;DPU11D-500A;Monofaze, 110 V, 500 A, D gövde, harici gösterge + RS485;Kod sayfasında (teklif);;;USD;
Güç kontrol cihazları;DPU;DPU11D-500D;Monofaze, 110 V, 500 A, D gövde, harici gösterge;Kod sayfasında (teklif);;;USD;
Güç kontrol cihazları;DPU;DPU11D-500N;Monofaze, 110 V, 500 A, D gövde, seçeneksiz;Kod sayfasında (teklif);;;USD;
Güç kontrol cihazları;DPU;DPU11D-500R;Monofaze, 110 V, 500 A, D gövde, RS485;Kod sayfasında (teklif);;;USD;
Güç kontrol cihazları;DPU;DPU11D-600A;Monofaze, 110 V, 600 A, D gövde, harici gösterge + RS485;Kod sayfasında (teklif);;;USD;
Güç kontrol cihazları;DPU;DPU11D-600D;Monofaze, 110 V, 600 A, D gövde, harici gösterge;Kod sayfasında (teklif);;;USD;
Güç kontrol cihazları;DPU;DPU11D-600N;Monofaze, 110 V, 600 A, D gövde, seçeneksiz;Kod sayfasında (teklif);;;USD;
Güç kontrol cihazları;DPU;DPU11D-600R;Monofaze, 110 V, 600 A, D gövde, RS485;Kod sayfasında (teklif);;;USD;
Güç kontrol cihazları;DPU;DPU12A-025A;Monofaze, 220 V, 25 A, A gövde, harici gösterge + RS485;Kod sayfasında (teklif);;;USD;
Güç kontrol cihazları;DPU;DPU12A-025D;Monofaze, 220 V, 25 A, A gövde, harici gösterge;Kod sayfasında (teklif);;;USD;
Güç kontrol cihazları;DPU;DPU12A-025N;Monofaze, 220 V, 25 A, A gövde, seçeneksiz;Kod sayfasında (teklif);;;USD;
Güç kontrol cihazları;DPU;DPU12A-025R;Monofaze, 220 V, 25 A, A gövde, RS485;Kod sayfasında (teklif);;;USD;
Güç kontrol cihazları;DPU;DPU12A-040A;Monofaze, 220 V, 40 A, A gövde, harici gösterge + RS485;Kod sayfasında (teklif);;;USD;
Güç kontrol cihazları;DPU;DPU12A-040D;Monofaze, 220 V, 40 A, A gövde, harici gösterge;Kod sayfasında (teklif);;;USD;
Güç kontrol cihazları;DPU;DPU12A-040N;Monofaze, 220 V, 40 A, A gövde, seçeneksiz;Kod sayfasında (teklif);;;USD;
Güç kontrol cihazları;DPU;DPU12A-040R;Monofaze, 220 V, 40 A, A gövde, RS485;Kod sayfasında (teklif);;;USD;
Güç kontrol cihazları;DPU;DPU12A-050A;Monofaze, 220 V, 50 A, A gövde, harici gösterge + RS485;Kod sayfasında (teklif);;;USD;
Güç kontrol cihazları;DPU;DPU12A-050D;Monofaze, 220 V, 50 A, A gövde, harici gösterge;Kod sayfasında (teklif);;;USD;
Güç kontrol cihazları;DPU;DPU12A-050N;Monofaze, 220 V, 50 A, A gövde, seçeneksiz;Kod sayfasında (teklif);;;USD;
Güç kontrol cihazları;DPU;DPU12A-050R;Monofaze, 220 V, 50 A, A gövde, RS485;Kod sayfasında (teklif);;;USD;
Güç kontrol cihazları;DPU;DPU12A-070A;Monofaze, 220 V, 70 A, A gövde, harici gösterge + RS485;Kod sayfasında (teklif);;;USD;
Güç kontrol cihazları;DPU;DPU12A-070D;Monofaze, 220 V, 70 A, A gövde, harici gösterge;Kod sayfasında (teklif);;;USD;
Güç kontrol cihazları;DPU;DPU12A-070N;Monofaze, 220 V, 70 A, A gövde, seçeneksiz;Kod sayfasında (teklif);;;USD;
Güç kontrol cihazları;DPU;DPU12A-070R;Monofaze, 220 V, 70 A, A gövde, RS485;Kod sayfasında (teklif);;;USD;
Güç kontrol cihazları;DPU;DPU12B-080A;Monofaze, 220 V, 80 A, B gövde, harici gösterge + RS485;Kod sayfasında (teklif);;;USD;
Güç kontrol cihazları;DPU;DPU12B-080D;Monofaze, 220 V, 80 A, B gövde, harici gösterge;Kod sayfasında (teklif);;;USD;
Güç kontrol cihazları;DPU;DPU12B-080N;Monofaze, 220 V, 80 A, B gövde, seçeneksiz;Kod sayfasında (teklif);;;USD;
Güç kontrol cihazları;DPU;DPU12B-080R;Monofaze, 220 V, 80 A, B gövde, RS485;Kod sayfasında (teklif);;;USD;
Güç kontrol cihazları;DPU;DPU12B-100A;Monofaze, 220 V, 100 A, B gövde, harici gösterge + RS485;Kod sayfasında (teklif);;;USD;
Güç kontrol cihazları;DPU;DPU12B-100D;Monofaze, 220 V, 100 A, B gövde, harici gösterge;Kod sayfasında (teklif);;;USD;
Güç kontrol cihazları;DPU;DPU12B-100N;Monofaze, 220 V, 100 A, B gövde, seçeneksiz;Kod sayfasında (teklif);;;USD;
Güç kontrol cihazları;DPU;DPU12B-100R;Monofaze, 220 V, 100 A, B gövde, RS485;Kod sayfasında (teklif);;;USD;
Güç kontrol cihazları;DPU;DPU12B-120A;Monofaze, 220 V, 120 A, B gövde, harici gösterge + RS485;Kod sayfasında (teklif);;;USD;
Güç kontrol cihazları;DPU;DPU12B-120D;Monofaze, 220 V, 120 A, B gövde, harici gösterge;Kod sayfasında (teklif);;;USD;
Güç kontrol cihazları;DPU;DPU12B-120N;Monofaze, 220 V, 120 A, B gövde, seçeneksiz;Kod sayfasında (teklif);;;USD;
Güç kontrol cihazları;DPU;DPU12B-120R;Monofaze, 220 V, 120 A, B gövde, RS485;Kod sayfasında (teklif);;;USD;
Güç kontrol cihazları;DPU;DPU12B-150A;Monofaze, 220 V, 150 A, B gövde, harici gösterge + RS485;Kod sayfasında (teklif);;;USD;
Güç kontrol cihazları;DPU;DPU12B-150D;Monofaze, 220 V, 150 A, B gövde, harici gösterge;Kod sayfasında (teklif);;;USD;
Güç kontrol cihazları;DPU;DPU12B-150N;Monofaze, 220 V, 150 A, B gövde, seçeneksiz;Kod sayfasında (teklif);;;USD;
Güç kontrol cihazları;DPU;DPU12B-150R;Monofaze, 220 V, 150 A, B gövde, RS485;Kod sayfasında (teklif);;;USD;
Güç kontrol cihazları;DPU;DPU12B-180A;Monofaze, 220 V, 180 A, B gövde, harici gösterge + RS485;Kod sayfasında (teklif);;;USD;
Güç kontrol cihazları;DPU;DPU12B-180D;Monofaze, 220 V, 180 A, B gövde, harici gösterge;Kod sayfasında (teklif);;;USD;
Güç kontrol cihazları;DPU;DPU12B-180N;Monofaze, 220 V, 180 A, B gövde, seçeneksiz;Kod sayfasında (teklif);;;USD;
Güç kontrol cihazları;DPU;DPU12B-180R;Monofaze, 220 V, 180 A, B gövde, RS485;Kod sayfasında (teklif);;;USD;
Güç kontrol cihazları;DPU;DPU12B-200A;Monofaze, 220 V, 200 A, B gövde, harici gösterge + RS485;Kod sayfasında (teklif);;;USD;
Güç kontrol cihazları;DPU;DPU12B-200D;Monofaze, 220 V, 200 A, B gövde, harici gösterge;Kod sayfasında (teklif);;;USD;
Güç kontrol cihazları;DPU;DPU12B-200N;Monofaze, 220 V, 200 A, B gövde, seçeneksiz;Kod sayfasında (teklif);;;USD;
Güç kontrol cihazları;DPU;DPU12B-200R;Monofaze, 220 V, 200 A, B gövde, RS485;Kod sayfasında (teklif);;;USD;
Güç kontrol cihazları;DPU;DPU12C-250A;Monofaze, 220 V, 250 A, C gövde, harici gösterge + RS485;Kod sayfasında (teklif);;;USD;
Güç kontrol cihazları;DPU;DPU12C-250D;Monofaze, 220 V, 250 A, C gövde, harici gösterge;Kod sayfasında (teklif);;;USD;
Güç kontrol cihazları;DPU;DPU12C-250N;Monofaze, 220 V, 250 A, C gövde, seçeneksiz;Kod sayfasında (teklif);;;USD;
Güç kontrol cihazları;DPU;DPU12C-250R;Monofaze, 220 V, 250 A, C gövde, RS485;Kod sayfasında (teklif);;;USD;
Güç kontrol cihazları;DPU;DPU12C-350A;Monofaze, 220 V, 350 A, C gövde, harici gösterge + RS485;Kod sayfasında (teklif);;;USD;
Güç kontrol cihazları;DPU;DPU12C-350D;Monofaze, 220 V, 350 A, C gövde, harici gösterge;Kod sayfasında (teklif);;;USD;
Güç kontrol cihazları;DPU;DPU12C-350N;Monofaze, 220 V, 350 A, C gövde, seçeneksiz;Kod sayfasında (teklif);;;USD;
Güç kontrol cihazları;DPU;DPU12C-350R;Monofaze, 220 V, 350 A, C gövde, RS485;Kod sayfasında (teklif);;;USD;
Güç kontrol cihazları;DPU;DPU12D-400A;Monofaze, 220 V, 400 A, D gövde, harici gösterge + RS485;Kod sayfasında (teklif);;;USD;
Güç kontrol cihazları;DPU;DPU12D-400D;Monofaze, 220 V, 400 A, D gövde, harici gösterge;Kod sayfasında (teklif);;;USD;
Güç kontrol cihazları;DPU;DPU12D-400N;Monofaze, 220 V, 400 A, D gövde, seçeneksiz;Kod sayfasında (teklif);;;USD;
Güç kontrol cihazları;DPU;DPU12D-400R;Monofaze, 220 V, 400 A, D gövde, RS485;Kod sayfasında (teklif);;;USD;
Güç kontrol cihazları;DPU;DPU12D-500A;Monofaze, 220 V, 500 A, D gövde, harici gösterge + RS485;Kod sayfasında (teklif);;;USD;
Güç kontrol cihazları;DPU;DPU12D-500D;Monofaze, 220 V, 500 A, D gövde, harici gösterge;Kod sayfasında (teklif);;;USD;
Güç kontrol cihazları;DPU;DPU12D-500N;Monofaze, 220 V, 500 A, D gövde, seçeneksiz;Kod sayfasında (teklif);;;USD;
Güç kontrol cihazları;DPU;DPU12D-500R;Monofaze, 220 V, 500 A, D gövde, RS485;Kod sayfasında (teklif);;;USD;
Güç kontrol cihazları;DPU;DPU12D-600A;Monofaze, 220 V, 600 A, D gövde, harici gösterge + RS485;Kod sayfasında (teklif);;;USD;
Güç kontrol cihazları;DPU;DPU12D-600D;Monofaze, 220 V, 600 A, D gövde, harici gösterge;Kod sayfasında (teklif);;;USD;
Güç kontrol cihazları;DPU;DPU12D-600N;Monofaze, 220 V, 600 A, D gövde, seçeneksiz;Kod sayfasında (teklif);;;USD;
Güç kontrol cihazları;DPU;DPU12D-600R;Monofaze, 220 V, 600 A, D gövde, RS485;Kod sayfasında (teklif);;;USD;
Güç kontrol cihazları;DPU;DPU13A-025A;Monofaze, 380 V, 25 A, A gövde, harici gösterge + RS485;Kod sayfasında (teklif);;;USD;
Güç kontrol cihazları;DPU;DPU13A-025D;Monofaze, 380 V, 25 A, A gövde, harici gösterge;Kod sayfasında (teklif);;;USD;
Güç kontrol cihazları;DPU;DPU13A-025N;Monofaze, 380 V, 25 A, A gövde, seçeneksiz;Kod sayfasında (teklif);;;USD;
Güç kontrol cihazları;DPU;DPU13A-025R;Monofaze, 380 V, 25 A, A gövde, RS485;Kod sayfasında (teklif);;;USD;
Güç kontrol cihazları;DPU;DPU13A-040A;Monofaze, 380 V, 40 A, A gövde, harici gösterge + RS485;Kod sayfasında (teklif);;;USD;
Güç kontrol cihazları;DPU;DPU13A-040D;Monofaze, 380 V, 40 A, A gövde, harici gösterge;Kod sayfasında (teklif);;;USD;
Güç kontrol cihazları;DPU;DPU13A-040N;Monofaze, 380 V, 40 A, A gövde, seçeneksiz;Kod sayfasında (teklif);;;USD;
Güç kontrol cihazları;DPU;DPU13A-040R;Monofaze, 380 V, 40 A, A gövde, RS485;Kod sayfasında (teklif);;;USD;
Güç kontrol cihazları;DPU;DPU13A-050A;Monofaze, 380 V, 50 A, A gövde, harici gösterge + RS485;Kod sayfasında (teklif);;;USD;
Güç kontrol cihazları;DPU;DPU13A-050D;Monofaze, 380 V, 50 A, A gövde, harici gösterge;Kod sayfasında (teklif);;;USD;
Güç kontrol cihazları;DPU;DPU13A-050N;Monofaze, 380 V, 50 A, A gövde, seçeneksiz;Kod sayfasında (teklif);;;USD;
Güç kontrol cihazları;DPU;DPU13A-050R;Monofaze, 380 V, 50 A, A gövde, RS485;Kod sayfasında (teklif);;;USD;
Güç kontrol cihazları;DPU;DPU13A-070A;Monofaze, 380 V, 70 A, A gövde, harici gösterge + RS485;Kod sayfasında (teklif);;;USD;
Güç kontrol cihazları;DPU;DPU13A-070D;Monofaze, 380 V, 70 A, A gövde, harici gösterge;Kod sayfasında (teklif);;;USD;
Güç kontrol cihazları;DPU;DPU13A-070N;Monofaze, 380 V, 70 A, A gövde, seçeneksiz;Kod sayfasında (teklif);;;USD;
Güç kontrol cihazları;DPU;DPU13A-070R;Monofaze, 380 V, 70 A, A gövde, RS485;Kod sayfasında (teklif);;;USD;
Güç kontrol cihazları;DPU;DPU13B-080A;Monofaze, 380 V, 80 A, B gövde, harici gösterge + RS485;Kod sayfasında (teklif);;;USD;
Güç kontrol cihazları;DPU;DPU13B-080D;Monofaze, 380 V, 80 A, B gövde, harici gösterge;Kod sayfasında (teklif);;;USD;
Güç kontrol cihazları;DPU;DPU13B-080N;Monofaze, 380 V, 80 A, B gövde, seçeneksiz;Kod sayfasında (teklif);;;USD;
Güç kontrol cihazları;DPU;DPU13B-080R;Monofaze, 380 V, 80 A, B gövde, RS485;Kod sayfasında (teklif);;;USD;
Güç kontrol cihazları;DPU;DPU13B-100A;Monofaze, 380 V, 100 A, B gövde, harici gösterge + RS485;Kod sayfasında (teklif);;;USD;
Güç kontrol cihazları;DPU;DPU13B-100D;Monofaze, 380 V, 100 A, B gövde, harici gösterge;Kod sayfasında (teklif);;;USD;
Güç kontrol cihazları;DPU;DPU13B-100N;Monofaze, 380 V, 100 A, B gövde, seçeneksiz;Kod sayfasında (teklif);;;USD;
Güç kontrol cihazları;DPU;DPU13B-100R;Monofaze, 380 V, 100 A, B gövde, RS485;Kod sayfasında (teklif);;;USD;
Güç kontrol cihazları;DPU;DPU13B-120A;Monofaze, 380 V, 120 A, B gövde, harici gösterge + RS485;Kod sayfasında (teklif);;;USD;
Güç kontrol cihazları;DPU;DPU13B-120D;Monofaze, 380 V, 120 A, B gövde, harici gösterge;Kod sayfasında (teklif);;;USD;
Güç kontrol cihazları;DPU;DPU13B-120N;Monofaze, 380 V, 120 A, B gövde, seçeneksiz;Kod sayfasında (teklif);;;USD;
Güç kontrol cihazları;DPU;DPU13B-120R;Monofaze, 380 V, 120 A, B gövde, RS485;Kod sayfasında (teklif);;;USD;
Güç kontrol cihazları;DPU;DPU13B-150A;Monofaze, 380 V, 150 A, B gövde, harici gösterge + RS485;Kod sayfasında (teklif);;;USD;
Güç kontrol cihazları;DPU;DPU13B-150D;Monofaze, 380 V, 150 A, B gövde, harici gösterge;Kod sayfasında (teklif);;;USD;
Güç kontrol cihazları;DPU;DPU13B-150N;Monofaze, 380 V, 150 A, B gövde, seçeneksiz;Kod sayfasında (teklif);;;USD;
Güç kontrol cihazları;DPU;DPU13B-150R;Monofaze, 380 V, 150 A, B gövde, RS485;Kod sayfasında (teklif);;;USD;
Güç kontrol cihazları;DPU;DPU13B-180A;Monofaze, 380 V, 180 A, B gövde, harici gösterge + RS485;Kod sayfasında (teklif);;;USD;
Güç kontrol cihazları;DPU;DPU13B-180D;Monofaze, 380 V, 180 A, B gövde, harici gösterge;Kod sayfasında (teklif);;;USD;
Güç kontrol cihazları;DPU;DPU13B-180N;Monofaze, 380 V, 180 A, B gövde, seçeneksiz;Kod sayfasında (teklif);;;USD;
Güç kontrol cihazları;DPU;DPU13B-180R;Monofaze, 380 V, 180 A, B gövde, RS485;Kod sayfasında (teklif);;;USD;
Güç kontrol cihazları;DPU;DPU13B-200A;Monofaze, 380 V, 200 A, B gövde, harici gösterge + RS485;Kod sayfasında (teklif);;;USD;
Güç kontrol cihazları;DPU;DPU13B-200D;Monofaze, 380 V, 200 A, B gövde, harici gösterge;Kod sayfasında (teklif);;;USD;
Güç kontrol cihazları;DPU;DPU13B-200N;Monofaze, 380 V, 200 A, B gövde, seçeneksiz;Kod sayfasında (teklif);;;USD;
Güç kontrol cihazları;DPU;DPU13B-200R;Monofaze, 380 V, 200 A, B gövde, RS485;Kod sayfasında (teklif);;;USD;
Güç kontrol cihazları;DPU;DPU13C-250A;Monofaze, 380 V, 250 A, C gövde, harici gösterge + RS485;Kod sayfasında (teklif);;;USD;
Güç kontrol cihazları;DPU;DPU13C-250D;Monofaze, 380 V, 250 A, C gövde, harici gösterge;Kod sayfasında (teklif);;;USD;
Güç kontrol cihazları;DPU;DPU13C-250N;Monofaze, 380 V, 250 A, C gövde, seçeneksiz;Kod sayfasında (teklif);;;USD;
Güç kontrol cihazları;DPU;DPU13C-250R;Monofaze, 380 V, 250 A, C gövde, RS485;Kod sayfasında (teklif);;;USD;
Güç kontrol cihazları;DPU;DPU13C-350A;Monofaze, 380 V, 350 A, C gövde, harici gösterge + RS485;Kod sayfasında (teklif);;;USD;
Güç kontrol cihazları;DPU;DPU13C-350D;Monofaze, 380 V, 350 A, C gövde, harici gösterge;Kod sayfasında (teklif);;;USD;
Güç kontrol cihazları;DPU;DPU13C-350N;Monofaze, 380 V, 350 A, C gövde, seçeneksiz;Kod sayfasında (teklif);;;USD;
Güç kontrol cihazları;DPU;DPU13C-350R;Monofaze, 380 V, 350 A, C gövde, RS485;Kod sayfasında (teklif);;;USD;
Güç kontrol cihazları;DPU;DPU13D-400A;Monofaze, 380 V, 400 A, D gövde, harici gösterge + RS485;Kod sayfasında (teklif);;;USD;
Güç kontrol cihazları;DPU;DPU13D-400D;Monofaze, 380 V, 400 A, D gövde, harici gösterge;Kod sayfasında (teklif);;;USD;
Güç kontrol cihazları;DPU;DPU13D-400N;Monofaze, 380 V, 400 A, D gövde, seçeneksiz;Kod sayfasında (teklif);;;USD;
Güç kontrol cihazları;DPU;DPU13D-400R;Monofaze, 380 V, 400 A, D gövde, RS485;Kod sayfasında (teklif);;;USD;
Güç kontrol cihazları;DPU;DPU13D-500A;Monofaze, 380 V, 500 A, D gövde, harici gösterge + RS485;Kod sayfasında (teklif);;;USD;
Güç kontrol cihazları;DPU;DPU13D-500D;Monofaze, 380 V, 500 A, D gövde, harici gösterge;Kod sayfasında (teklif);;;USD;
Güç kontrol cihazları;DPU;DPU13D-500N;Monofaze, 380 V, 500 A, D gövde, seçeneksiz;Kod sayfasında (teklif);;;USD;
Güç kontrol cihazları;DPU;DPU13D-500R;Monofaze, 380 V, 500 A, D gövde, RS485;Kod sayfasında (teklif);;;USD;
Güç kontrol cihazları;DPU;DPU13D-600A;Monofaze, 380 V, 600 A, D gövde, harici gösterge + RS485;Kod sayfasında (teklif);;;USD;
Güç kontrol cihazları;DPU;DPU13D-600D;Monofaze, 380 V, 600 A, D gövde, harici gösterge;Kod sayfasında (teklif);;;USD;
Güç kontrol cihazları;DPU;DPU13D-600N;Monofaze, 380 V, 600 A, D gövde, seçeneksiz;Kod sayfasında (teklif);;;USD;
Güç kontrol cihazları;DPU;DPU13D-600R;Monofaze, 380 V, 600 A, D gövde, RS485;Kod sayfasında (teklif);;;USD;
Güç kontrol cihazları;DPU;DPU14A-025A;Monofaze, 440 V, 25 A, A gövde, harici gösterge + RS485;Kod sayfasında (teklif);;;USD;
Güç kontrol cihazları;DPU;DPU14A-025D;Monofaze, 440 V, 25 A, A gövde, harici gösterge;Kod sayfasında (teklif);;;USD;
Güç kontrol cihazları;DPU;DPU14A-025N;Monofaze, 440 V, 25 A, A gövde, seçeneksiz;Kod sayfasında (teklif);;;USD;
Güç kontrol cihazları;DPU;DPU14A-025R;Monofaze, 440 V, 25 A, A gövde, RS485;Kod sayfasında (teklif);;;USD;
Güç kontrol cihazları;DPU;DPU14A-040A;Monofaze, 440 V, 40 A, A gövde, harici gösterge + RS485;Kod sayfasında (teklif);;;USD;
Güç kontrol cihazları;DPU;DPU14A-040D;Monofaze, 440 V, 40 A, A gövde, harici gösterge;Kod sayfasında (teklif);;;USD;
Güç kontrol cihazları;DPU;DPU14A-040N;Monofaze, 440 V, 40 A, A gövde, seçeneksiz;Kod sayfasında (teklif);;;USD;
Güç kontrol cihazları;DPU;DPU14A-040R;Monofaze, 440 V, 40 A, A gövde, RS485;Kod sayfasında (teklif);;;USD;
Güç kontrol cihazları;DPU;DPU14A-050A;Monofaze, 440 V, 50 A, A gövde, harici gösterge + RS485;Kod sayfasında (teklif);;;USD;
Güç kontrol cihazları;DPU;DPU14A-050D;Monofaze, 440 V, 50 A, A gövde, harici gösterge;Kod sayfasında (teklif);;;USD;
Güç kontrol cihazları;DPU;DPU14A-050N;Monofaze, 440 V, 50 A, A gövde, seçeneksiz;Kod sayfasında (teklif);;;USD;
Güç kontrol cihazları;DPU;DPU14A-050R;Monofaze, 440 V, 50 A, A gövde, RS485;Kod sayfasında (teklif);;;USD;
Güç kontrol cihazları;DPU;DPU14A-070A;Monofaze, 440 V, 70 A, A gövde, harici gösterge + RS485;Kod sayfasında (teklif);;;USD;
Güç kontrol cihazları;DPU;DPU14A-070D;Monofaze, 440 V, 70 A, A gövde, harici gösterge;Kod sayfasında (teklif);;;USD;
Güç kontrol cihazları;DPU;DPU14A-070N;Monofaze, 440 V, 70 A, A gövde, seçeneksiz;Kod sayfasında (teklif);;;USD;
Güç kontrol cihazları;DPU;DPU14A-070R;Monofaze, 440 V, 70 A, A gövde, RS485;Kod sayfasında (teklif);;;USD;
Güç kontrol cihazları;DPU;DPU14B-080A;Monofaze, 440 V, 80 A, B gövde, harici gösterge + RS485;Kod sayfasında (teklif);;;USD;
Güç kontrol cihazları;DPU;DPU14B-080D;Monofaze, 440 V, 80 A, B gövde, harici gösterge;Kod sayfasında (teklif);;;USD;
Güç kontrol cihazları;DPU;DPU14B-080N;Monofaze, 440 V, 80 A, B gövde, seçeneksiz;Kod sayfasında (teklif);;;USD;
Güç kontrol cihazları;DPU;DPU14B-080R;Monofaze, 440 V, 80 A, B gövde, RS485;Kod sayfasında (teklif);;;USD;
Güç kontrol cihazları;DPU;DPU14B-100A;Monofaze, 440 V, 100 A, B gövde, harici gösterge + RS485;Kod sayfasında (teklif);;;USD;
Güç kontrol cihazları;DPU;DPU14B-100D;Monofaze, 440 V, 100 A, B gövde, harici gösterge;Kod sayfasında (teklif);;;USD;
Güç kontrol cihazları;DPU;DPU14B-100N;Monofaze, 440 V, 100 A, B gövde, seçeneksiz;Kod sayfasında (teklif);;;USD;
Güç kontrol cihazları;DPU;DPU14B-100R;Monofaze, 440 V, 100 A, B gövde, RS485;Kod sayfasında (teklif);;;USD;
Güç kontrol cihazları;DPU;DPU14B-120A;Monofaze, 440 V, 120 A, B gövde, harici gösterge + RS485;Kod sayfasında (teklif);;;USD;
Güç kontrol cihazları;DPU;DPU14B-120D;Monofaze, 440 V, 120 A, B gövde, harici gösterge;Kod sayfasında (teklif);;;USD;
Güç kontrol cihazları;DPU;DPU14B-120N;Monofaze, 440 V, 120 A, B gövde, seçeneksiz;Kod sayfasında (teklif);;;USD;
Güç kontrol cihazları;DPU;DPU14B-120R;Monofaze, 440 V, 120 A, B gövde, RS485;Kod sayfasında (teklif);;;USD;
Güç kontrol cihazları;DPU;DPU14B-150A;Monofaze, 440 V, 150 A, B gövde, harici gösterge + RS485;Kod sayfasında (teklif);;;USD;
Güç kontrol cihazları;DPU;DPU14B-150D;Monofaze, 440 V, 150 A, B gövde, harici gösterge;Kod sayfasında (teklif);;;USD;
Güç kontrol cihazları;DPU;DPU14B-150N;Monofaze, 440 V, 150 A, B gövde, seçeneksiz;Kod sayfasında (teklif);;;USD;
Güç kontrol cihazları;DPU;DPU14B-150R;Monofaze, 440 V, 150 A, B gövde, RS485;Kod sayfasında (teklif);;;USD;
Güç kontrol cihazları;DPU;DPU14B-180A;Monofaze, 440 V, 180 A, B gövde, harici gösterge + RS485;Kod sayfasında (teklif);;;USD;
Güç kontrol cihazları;DPU;DPU14B-180D;Monofaze, 440 V, 180 A, B gövde, harici gösterge;Kod sayfasında (teklif);;;USD;
Güç kontrol cihazları;DPU;DPU14B-180N;Monofaze, 440 V, 180 A, B gövde, seçeneksiz;Kod sayfasında (teklif);;;USD;
Güç kontrol cihazları;DPU;DPU14B-180R;Monofaze, 440 V, 180 A, B gövde, RS485;Kod sayfasında (teklif);;;USD;
Güç kontrol cihazları;DPU;DPU14B-200A;Monofaze, 440 V, 200 A, B gövde, harici gösterge + RS485;Kod sayfasında (teklif);;;USD;
Güç kontrol cihazları;DPU;DPU14B-200D;Monofaze, 440 V, 200 A, B gövde, harici gösterge;Kod sayfasında (teklif);;;USD;
Güç kontrol cihazları;DPU;DPU14B-200N;Monofaze, 440 V, 200 A, B gövde, seçeneksiz;Kod sayfasında (teklif);;;USD;
Güç kontrol cihazları;DPU;DPU14B-200R;Monofaze, 440 V, 200 A, B gövde, RS485;Kod sayfasında (teklif);;;USD;
Güç kontrol cihazları;DPU;DPU14C-250A;Monofaze, 440 V, 250 A, C gövde, harici gösterge + RS485;Kod sayfasında (teklif);;;USD;
Güç kontrol cihazları;DPU;DPU14C-250D;Monofaze, 440 V, 250 A, C gövde, harici gösterge;Kod sayfasında (teklif);;;USD;
Güç kontrol cihazları;DPU;DPU14C-250N;Monofaze, 440 V, 250 A, C gövde, seçeneksiz;Kod sayfasında (teklif);;;USD;
Güç kontrol cihazları;DPU;DPU14C-250R;Monofaze, 440 V, 250 A, C gövde, RS485;Kod sayfasında (teklif);;;USD;
Güç kontrol cihazları;DPU;DPU14C-350A;Monofaze, 440 V, 350 A, C gövde, harici gösterge + RS485;Kod sayfasında (teklif);;;USD;
Güç kontrol cihazları;DPU;DPU14C-350D;Monofaze, 440 V, 350 A, C gövde, harici gösterge;Kod sayfasında (teklif);;;USD;
Güç kontrol cihazları;DPU;DPU14C-350N;Monofaze, 440 V, 350 A, C gövde, seçeneksiz;Kod sayfasında (teklif);;;USD;
Güç kontrol cihazları;DPU;DPU14C-350R;Monofaze, 440 V, 350 A, C gövde, RS485;Kod sayfasında (teklif);;;USD;
Güç kontrol cihazları;DPU;DPU14D-400A;Monofaze, 440 V, 400 A, D gövde, harici gösterge + RS485;Kod sayfasında (teklif);;;USD;
Güç kontrol cihazları;DPU;DPU14D-400D;Monofaze, 440 V, 400 A, D gövde, harici gösterge;Kod sayfasında (teklif);;;USD;
Güç kontrol cihazları;DPU;DPU14D-400N;Monofaze, 440 V, 400 A, D gövde, seçeneksiz;Kod sayfasında (teklif);;;USD;
Güç kontrol cihazları;DPU;DPU14D-400R;Monofaze, 440 V, 400 A, D gövde, RS485;Kod sayfasında (teklif);;;USD;
Güç kontrol cihazları;DPU;DPU14D-500A;Monofaze, 440 V, 500 A, D gövde, harici gösterge + RS485;Kod sayfasında (teklif);;;USD;
Güç kontrol cihazları;DPU;DPU14D-500D;Monofaze, 440 V, 500 A, D gövde, harici gösterge;Kod sayfasında (teklif);;;USD;
Güç kontrol cihazları;DPU;DPU14D-500N;Monofaze, 440 V, 500 A, D gövde, seçeneksiz;Kod sayfasında (teklif);;;USD;
Güç kontrol cihazları;DPU;DPU14D-500R;Monofaze, 440 V, 500 A, D gövde, RS485;Kod sayfasında (teklif);;;USD;
Güç kontrol cihazları;DPU;DPU14D-600A;Monofaze, 440 V, 600 A, D gövde, harici gösterge + RS485;Kod sayfasında (teklif);;;USD;
Güç kontrol cihazları;DPU;DPU14D-600D;Monofaze, 440 V, 600 A, D gövde, harici gösterge;Kod sayfasında (teklif);;;USD;
Güç kontrol cihazları;DPU;DPU14D-600N;Monofaze, 440 V, 600 A, D gövde, seçeneksiz;Kod sayfasında (teklif);;;USD;
Güç kontrol cihazları;DPU;DPU14D-600R;Monofaze, 440 V, 600 A, D gövde, RS485;Kod sayfasında (teklif);;;USD;
Solid state röleler (SSR);SR1;SR1-1450R;Monofaze, 50 A, yük 48–480 VAC, giriş 4–30 VDC, rastgele geçişli;Mağazada;;;USD;
Solid state röleler (SSR);SR1;SR1-1475R;Monofaze, 75 A, yük 48–480 VAC, giriş 4–30 VDC, rastgele geçişli;Mağazada;;;USD;
Solid state röleler (SSR);SR1;SR1-1440R;Monofaze, 40 A, yük 48–480 VAC, giriş 4–30 VDC, rastgele geçişli;Mağazada;;;USD;
Solid state röleler (SSR);SR1;SR1-1425R;Monofaze, 25 A, yük 48–480 VAC, giriş 4–30 VDC, rastgele geçişli;Mağazada;;;USD;
Solid state röleler (SSR);SR1;SR1-1430R;Monofaze, 30 A, yük 48–480 VAC, giriş 4–30 VDC, rastgele geçişli;Mağazada;;;USD;
Solid state röleler (SSR);SR1;SR1-1415R;Monofaze, 15 A, yük 48–480 VAC, giriş 4–30 VDC, rastgele geçişli;Mağazada;;;USD;
Solid state röleler (SSR);SR1;SR1-1420R;Monofaze, 20 A, yük 48–480 VAC, giriş 4–30 VDC, rastgele geçişli;Mağazada;;;USD;
Solid state röleler (SSR);SR1;SR1-1410R;Monofaze, 10 A, yük 48–480 VAC, giriş 4–30 VDC, rastgele geçişli;Mağazada;;;USD;
Solid state röleler (SSR);SR1;SR1-4450;Monofaze, 50 A, yük 48–480 VAC, giriş 90–240 VAC, sıfır geçişli;Mağazada;;;USD;
Solid state röleler (SSR);SR1;SR1-4475;Monofaze, 75 A, yük 48–480 VAC, giriş 90–240 VAC, sıfır geçişli;Mağazada;;;USD;
Solid state röleler (SSR);SR1;SR1-4430;Monofaze, 30 A, yük 48–480 VAC, giriş 90–240 VAC, sıfır geçişli;Mağazada;;;USD;
Solid state röleler (SSR);SR1;SR1-4440;Monofaze, 40 A, yük 48–480 VAC, giriş 90–240 VAC, sıfır geçişli;Mağazada;;;USD;
Solid state röleler (SSR);SR1;SR1-4425;Monofaze, 25 A, yük 48–480 VAC, giriş 90–240 VAC, sıfır geçişli;Mağazada;;;USD;
Solid state röleler (SSR);SR1;SR1-4415;Monofaze, 15 A, yük 48–480 VAC, giriş 90–240 VAC, sıfır geçişli;Mağazada;;;USD;
Solid state röleler (SSR);SR1;SR1-4420;Monofaze, 20 A, yük 48–480 VAC, giriş 90–240 VAC, sıfır geçişli;Mağazada;;;USD;
Solid state röleler (SSR);SR1;SR1-1475;Monofaze, 75 A, yük 48–480 VAC, giriş 4–30 VDC, sıfır geçişli;Mağazada;;;USD;
Solid state röleler (SSR);SR1;SR1-4410;Monofaze, 10 A, yük 48–480 VAC, giriş 90–240 VAC, sıfır geçişli;Mağazada;;;USD;
Solid state röleler (SSR);SR1;SR1-1450;Monofaze, 50 A, yük 48–480 VAC, giriş 4–30 VDC, sıfır geçişli;Mağazada;;;USD;
Solid state röleler (SSR);SR1;SR1-1430;Monofaze, 30 A, yük 48–480 VAC, giriş 4–30 VDC, sıfır geçişli;Mağazada;;;USD;
Solid state röleler (SSR);SR1;SR1-1440;Monofaze, 40 A, yük 48–480 VAC, giriş 4–30 VDC, sıfır geçişli;Mağazada;;;USD;
Solid state röleler (SSR);SR1;SR1-1420;Monofaze, 20 A, yük 48–480 VAC, giriş 4–30 VDC, sıfır geçişli;Mağazada;;;USD;
Solid state röleler (SSR);SR1;SR1-1425;Monofaze, 25 A, yük 48–480 VAC, giriş 4–30 VDC, sıfır geçişli;Mağazada;;;USD;
Solid state röleler (SSR);SR1;SR1-1415;Monofaze, 15 A, yük 48–480 VAC, giriş 4–30 VDC, sıfır geçişli;Mağazada;;;USD;
Solid state röleler (SSR);SR1;SR1-1410;Monofaze, 10 A, yük 48–480 VAC, giriş 4–30 VDC, sıfır geçişli;Mağazada;;;USD;
Solid state röleler (SSR);SR1;SR1-4275;Monofaze, 75 A, yük 24–240 VAC, giriş 90–240 VAC, sıfır geçişli;Mağazada;;;USD;
Solid state röleler (SSR);SR1;SR1-4240;Monofaze, 40 A, yük 24–240 VAC, giriş 90–240 VAC, sıfır geçişli;Mağazada;;;USD;
Solid state röleler (SSR);SR1;SR1-4250;Monofaze, 50 A, yük 24–240 VAC, giriş 90–240 VAC, sıfır geçişli;Mağazada;;;USD;
Solid state röleler (SSR);SR1;SR1-4230;Monofaze, 30 A, yük 24–240 VAC, giriş 90–240 VAC, sıfır geçişli;Mağazada;;;USD;
Solid state röleler (SSR);SR1;SR1-4220;Monofaze, 20 A, yük 24–240 VAC, giriş 90–240 VAC, sıfır geçişli;Mağazada;;;USD;
Solid state röleler (SSR);SR1;SR1-4225;Monofaze, 25 A, yük 24–240 VAC, giriş 90–240 VAC, sıfır geçişli;Mağazada;;;USD;
Solid state röleler (SSR);SR1;SR1-4210;Monofaze, 10 A, yük 24–240 VAC, giriş 90–240 VAC, sıfır geçişli;Mağazada;;;USD;
Solid state röleler (SSR);SR1;SR1-4215;Monofaze, 15 A, yük 24–240 VAC, giriş 90–240 VAC, sıfır geçişli;Mağazada;;;USD;
Solid state röleler (SSR);SR1;SR1-1275;Monofaze, 75 A, yük 24–240 VAC, giriş 4–30 VDC, sıfır geçişli;Mağazada;;;USD;
Solid state röleler (SSR);SR1;SR1-1240;Monofaze, 40 A, yük 24–240 VAC, giriş 4–30 VDC, sıfır geçişli;Mağazada;;;USD;
Solid state röleler (SSR);SR1;SR1-1250;Monofaze, 50 A, yük 24–240 VAC, giriş 4–30 VDC, sıfır geçişli;Mağazada;;;USD;
Solid state röleler (SSR);SR1;SR1-1230;Monofaze, 30 A, yük 24–240 VAC, giriş 4–30 VDC, sıfır geçişli;Mağazada;;;USD;
Solid state röleler (SSR);SR1;SR1-1220;Monofaze, 20 A, yük 24–240 VAC, giriş 4–30 VDC, sıfır geçişli;Mağazada;;;USD;
Solid state röleler (SSR);SR1;SR1-1225;Monofaze, 25 A, yük 24–240 VAC, giriş 4–30 VDC, sıfır geçişli;Mağazada;;;USD;
Solid state röleler (SSR);SR1;SR1-1215;Monofaze, 15 A, yük 24–240 VAC, giriş 4–30 VDC, sıfır geçişli;Mağazada;;;USD;
Solid state röleler (SSR);SR1;SR1-1210;Monofaze, 10 A, yük 24–240 VAC, giriş 4–30 VDC, sıfır geçişli;Mağazada;;;USD;
Solid state röleler (SSR);SRC1;SRC1-1420R;Monofaze, 20 A, yük 48–480 VAC, giriş 4–30 VDC, rastgele geçişli;Mağazada;;;USD;
Solid state röleler (SSR);SRC1;SRC1-4420;Monofaze, 20 A, yük 48–480 VAC, giriş 90–240 VAC, sıfır geçişli;Mağazada;;;USD;
Solid state röleler (SSR);SRC1;SRC1-1420;Monofaze, 20 A, yük 48–480 VAC, giriş 4–30 VDC, sıfır geçişli;Mağazada;;;USD;
Solid state röleler (SSR);SRC1;SRC1-4230;Monofaze, 30 A, yük 24–240 VAC, giriş 90–240 VAC, sıfır geçişli;Mağazada;;;USD;
Solid state röleler (SSR);SRC1;SRC1-4220;Monofaze, 20 A, yük 24–240 VAC, giriş 90–240 VAC, sıfır geçişli;Mağazada;;;USD;
Solid state röleler (SSR);SRC1;SRC1-1230;Monofaze, 30 A, yük 24–240 VAC, giriş 4–30 VDC, sıfır geçişli;Mağazada;;;USD;
Solid state röleler (SSR);SRC1;SRC1-4215;Monofaze, 15 A, yük 24–240 VAC, giriş 90–240 VAC, sıfır geçişli;Mağazada;;;USD;
Solid state röleler (SSR);SRC1;SRC1-1220;Monofaze, 20 A, yük 24–240 VAC, giriş 4–30 VDC, sıfır geçişli;Mağazada;;;USD;
Solid state röleler (SSR);SRC1;SRC1-1215;Monofaze, 15 A, yük 24–240 VAC, giriş 4–30 VDC, sıfır geçişli;Mağazada;;;USD;
Solid state röleler (SSR);SRH1;SRH1-A430;Monofaze, 30 A, yük 200–480 VAC, giriş 4–20 mA DC, sıfır geçişli;Mağazada;;;USD;
Solid state röleler (SSR);SRH1;SRH1-A460;Monofaze, 60 A, yük 200–480 VAC, giriş 4–20 mA DC, sıfır geçişli;Mağazada;;;USD;
Solid state röleler (SSR);SRH1;SRH1-A420;Monofaze, 20 A, yük 200–480 VAC, giriş 4–20 mA DC, sıfır geçişli;Mağazada;;;USD;
Solid state röleler (SSR);SRH1;SRH1-A230;Monofaze, 30 A, yük 100–240 VAC, giriş 4–20 mA DC, sıfır geçişli;Mağazada;;;USD;
Solid state röleler (SSR);SRH1;SRH1-A260;Monofaze, 60 A, yük 100–240 VAC, giriş 4–20 mA DC, sıfır geçişli;Mağazada;;;USD;
Solid state röleler (SSR);SRH1;SRH1-A220;Monofaze, 20 A, yük 100–240 VAC, giriş 4–20 mA DC, sıfır geçişli;Mağazada;;;USD;
Solid state röleler (SSR);SRH1;SRH1-1460R;Monofaze, 60 A, yük 48–480 VAC, giriş 4–30 VDC, rastgele geçişli;Mağazada;;;USD;
Solid state röleler (SSR);SRH1;SRH1-1430R;Monofaze, 30 A, yük 48–480 VAC, giriş 4–30 VDC, rastgele geçişli;Mağazada;;;USD;
Solid state röleler (SSR);SRH1;SRH1-1440R;Monofaze, 40 A, yük 48–480 VAC, giriş 4–30 VDC, rastgele geçişli;Mağazada;;;USD;
Solid state röleler (SSR);SRH1;SRH1-1415R;Monofaze, 15 A, yük 48–480 VAC, giriş 4–30 VDC, rastgele geçişli;Mağazada;;;USD;
Solid state röleler (SSR);SRH1;SRH1-1420R;Monofaze, 20 A, yük 48–480 VAC, giriş 4–30 VDC, rastgele geçişli;Mağazada;;;USD;
Solid state röleler (SSR);SRH1;SRH1-1410R;Monofaze, 10 A, yük 48–480 VAC, giriş 4–30 VDC, rastgele geçişli;Mağazada;;;USD;
Solid state röleler (SSR);SRH1;SRH1-2440;Monofaze, 40 A, yük 48–480 VAC, giriş 24 VAC, sıfır geçişli;Mağazada;;;USD;
Solid state röleler (SSR);SRH1;SRH1-2460;Monofaze, 60 A, yük 48–480 VAC, giriş 24 VAC, sıfır geçişli;Mağazada;;;USD;
Solid state röleler (SSR);SRH1;SRH1-2430;Monofaze, 30 A, yük 48–480 VAC, giriş 24 VAC, sıfır geçişli;Mağazada;;;USD;
Solid state röleler (SSR);SRH1;SRH1-2415;Monofaze, 15 A, yük 48–480 VAC, giriş 24 VAC, sıfır geçişli;Mağazada;;;USD;
Solid state röleler (SSR);SRH1;SRH1-2420;Monofaze, 20 A, yük 48–480 VAC, giriş 24 VAC, sıfır geçişli;Mağazada;;;USD;
Solid state röleler (SSR);SRH1;SRH1-2410;Monofaze, 10 A, yük 48–480 VAC, giriş 24 VAC, sıfır geçişli;Mağazada;;;USD;
Solid state röleler (SSR);SRH1;SRH1-1440;Monofaze, 40 A, yük 48–480 VAC, giriş 4–30 VDC, sıfır geçişli;Mağazada;;;USD;
Solid state röleler (SSR);SRH1;SRH1-1460;Monofaze, 60 A, yük 48–480 VAC, giriş 4–30 VDC, sıfır geçişli;Mağazada;;;USD;
Solid state röleler (SSR);SRH1;SRH1-1430;Monofaze, 30 A, yük 48–480 VAC, giriş 4–30 VDC, sıfır geçişli;Mağazada;;;USD;
Solid state röleler (SSR);SRH1;SRH1-1415;Monofaze, 15 A, yük 48–480 VAC, giriş 4–30 VDC, sıfır geçişli;Mağazada;;;USD;
Solid state röleler (SSR);SRH1;SRH1-1420;Monofaze, 20 A, yük 48–480 VAC, giriş 4–30 VDC, sıfır geçişli;Mağazada;;;USD;
Solid state röleler (SSR);SRH1;SRH1-1410;Monofaze, 10 A, yük 48–480 VAC, giriş 4–30 VDC, sıfır geçişli;Mağazada;;;USD;
Solid state röleler (SSR);SRH1;SRH1-4240;Monofaze, 40 A, yük 24–240 VAC, giriş 90–240 VAC, sıfır geçişli;Mağazada;;;USD;
Solid state röleler (SSR);SRH1;SRH1-4260;Monofaze, 60 A, yük 24–240 VAC, giriş 90–240 VAC, sıfır geçişli;Mağazada;;;USD;
Solid state röleler (SSR);SRH1;SRH1-4220;Monofaze, 20 A, yük 24–240 VAC, giriş 90–240 VAC, sıfır geçişli;Mağazada;;;USD;
Solid state röleler (SSR);SRH1;SRH1-4230;Monofaze, 30 A, yük 24–240 VAC, giriş 90–240 VAC, sıfır geçişli;Mağazada;;;USD;
Solid state röleler (SSR);SRH1;SRH1-4215;Monofaze, 15 A, yük 24–240 VAC, giriş 90–240 VAC, sıfır geçişli;Mağazada;;;USD;
Solid state röleler (SSR);SRH1;SRH1-2260;Monofaze, 60 A, yük 24–240 VAC, giriş 24 VAC, sıfır geçişli;Mağazada;;;USD;
Solid state röleler (SSR);SRH1;SRH1-4210;Monofaze, 10 A, yük 24–240 VAC, giriş 90–240 VAC, sıfır geçişli;Mağazada;;;USD;
Solid state röleler (SSR);SRH1;SRH1-2240;Monofaze, 40 A, yük 24–240 VAC, giriş 24 VAC, sıfır geçişli;Mağazada;;;USD;
Solid state röleler (SSR);SRH1;SRH1-2220;Monofaze, 20 A, yük 24–240 VAC, giriş 24 VAC, sıfır geçişli;Mağazada;;;USD;
Solid state röleler (SSR);SRH1;SRH1-2230;Monofaze, 30 A, yük 24–240 VAC, giriş 24 VAC, sıfır geçişli;Mağazada;;;USD;
Solid state röleler (SSR);SRH1;SRH1-2210;Monofaze, 10 A, yük 24–240 VAC, giriş 24 VAC, sıfır geçişli;Mağazada;;;USD;
Solid state röleler (SSR);SRH1;SRH1-2215;Monofaze, 15 A, yük 24–240 VAC, giriş 24 VAC, sıfır geçişli;Mağazada;;;USD;
Solid state röleler (SSR);SRH1;SRH1-1260;Monofaze, 60 A, yük 24–240 VAC, giriş 4–30 VDC, sıfır geçişli;Mağazada;;;USD;
Solid state röleler (SSR);SRH1;SRH1-1230;Monofaze, 30 A, yük 24–240 VAC, giriş 4–30 VDC, sıfır geçişli;Mağazada;;;USD;
Solid state röleler (SSR);SRH1;SRH1-1240;Monofaze, 40 A, yük 24–240 VAC, giriş 4–30 VDC, sıfır geçişli;Mağazada;;;USD;
Solid state röleler (SSR);SRH1;SRH1-1220;Monofaze, 20 A, yük 24–240 VAC, giriş 4–30 VDC, sıfır geçişli;Mağazada;;;USD;
Solid state röleler (SSR);SRH1;SRH1-1210;Monofaze, 10 A, yük 24–240 VAC, giriş 4–30 VDC, sıfır geçişli;Mağazada;;;USD;
Solid state röleler (SSR);SRH1;SRH1-1215;Monofaze, 15 A, yük 24–240 VAC, giriş 4–30 VDC, sıfır geçişli;Mağazada;;;USD;
Solid state röleler (SSR);SRHL1;SRHL1-1215;Monofaze, 15 A, yük 24–240 VAC, giriş 10–30 VDC, sıfır geçişli;Mağazada;;;USD;
Solid state röleler (SSR);SRHL1;SRHL1-1210;Monofaze, 10 A, yük 24–240 VAC, giriş 10–30 VDC, sıfır geçişli;Mağazada;;;USD;
Solid state röleler (SSR);SRHL1;SRHL1-1220;Monofaze, 20 A, yük 24–240 VAC, giriş 10–30 VDC, sıfır geçişli;Mağazada;;;USD;
Solid state röleler (SSR);SRHL1;SRHL1-1225;Monofaze, 25 A, yük 24–240 VAC, giriş 10–30 VDC, sıfır geçişli;Mağazada;;;USD;
Solid state röleler (SSR);SRHL1;SRHL1-1240;Monofaze, 40 A, yük 24–240 VAC, giriş 10–30 VDC, sıfır geçişli;Mağazada;;;USD;
Solid state röleler (SSR);SRHL1;SRHL1-1410;Monofaze, 10 A, yük 48–480 VAC, giriş 10–30 VDC, sıfır geçişli;Mağazada;;;USD;
Solid state röleler (SSR);SRHL1;SRHL1-1415;Monofaze, 15 A, yük 48–480 VAC, giriş 10–30 VDC, sıfır geçişli;Mağazada;;;USD;
Solid state röleler (SSR);SRHL1;SRHL1-1420;Monofaze, 20 A, yük 48–480 VAC, giriş 10–30 VDC, sıfır geçişli;Mağazada;;;USD;
Solid state röleler (SSR);SRHL1;SRHL1-1410R;Monofaze, 10 A, yük 48–480 VAC, giriş 10–30 VDC, rastgele geçişli;Mağazada;;;USD;
Solid state röleler (SSR);SRHL1;SRHL1-1415R;Monofaze, 15 A, yük 48–480 VAC, giriş 10–30 VDC, rastgele geçişli;Mağazada;;;USD;
Solid state röleler (SSR);SRHL1;SRHL1-1425;Monofaze, 25 A, yük 48–480 VAC, giriş 10–30 VDC, sıfır geçişli;Mağazada;;;USD;
Solid state röleler (SSR);SRHL1;SRHL1-1440;Monofaze, 40 A, yük 48–480 VAC, giriş 10–30 VDC, sıfır geçişli;Mağazada;;;USD;
Solid state röleler (SSR);SRHL1;SRHL1-1425R;Monofaze, 25 A, yük 48–480 VAC, giriş 10–30 VDC, rastgele geçişli;Mağazada;;;USD;
Solid state röleler (SSR);SRHL1;SRHL1-1440R;Monofaze, 40 A, yük 48–480 VAC, giriş 10–30 VDC, rastgele geçişli;Mağazada;;;USD;
Solid state röleler (SSR);SRHL1;SRHL1-1420R;Monofaze, 20 A, yük 48–480 VAC, giriş 10–30 VDC, rastgele geçişli;Mağazada;;;USD;
Solid state röleler (SSR);SRHL1;SRHL1-4210;Monofaze, 10 A, yük 24–240 VAC, giriş 90–240 VAC, sıfır geçişli;Mağazada;;;USD;
Solid state röleler (SSR);SRHL1;SRHL1-4215;Monofaze, 15 A, yük 24–240 VAC, giriş 90–240 VAC, sıfır geçişli;Mağazada;;;USD;
Solid state röleler (SSR);SRHL1;SRHL1-4220;Monofaze, 20 A, yük 24–240 VAC, giriş 90–240 VAC, sıfır geçişli;Mağazada;;;USD;
Solid state röleler (SSR);SRHL1;SRHL1-4225;Monofaze, 25 A, yük 24–240 VAC, giriş 90–240 VAC, sıfır geçişli;Mağazada;;;USD;
Solid state röleler (SSR);SRHL1;SRHL1-4240;Monofaze, 40 A, yük 24–240 VAC, giriş 90–240 VAC, sıfır geçişli;Mağazada;;;USD;
Solid state röleler (SSR);SRHL1;SRHL1-4410;Monofaze, 10 A, yük 48–480 VAC, giriş 90–240 VAC, sıfır geçişli;Mağazada;;;USD;
Solid state röleler (SSR);SRHL1;SRHL1-4415;Monofaze, 15 A, yük 48–480 VAC, giriş 90–240 VAC, sıfır geçişli;Mağazada;;;USD;
Solid state röleler (SSR);SRHL1;SRHL1-4420;Monofaze, 20 A, yük 48–480 VAC, giriş 90–240 VAC, sıfır geçişli;Mağazada;;;USD;
Solid state röleler (SSR);SRHL1;SRHL1-4425;Monofaze, 25 A, yük 48–480 VAC, giriş 90–240 VAC, sıfır geçişli;Mağazada;;;USD;
Solid state röleler (SSR);SRHL1;SRHL1-4440;Monofaze, 40 A, yük 48–480 VAC, giriş 90–240 VAC, sıfır geçişli;Mağazada;;;USD;
Solid state röleler (SSR);SR3;SR3-4475;Trifaze, 75 A, yük 48–480 VAC, giriş 90–240 VAC, sıfır geçişli;Mağazada;;;USD;
Solid state röleler (SSR);SR3;SR3-4440;Trifaze, 40 A, yük 48–480 VAC, giriş 90–240 VAC, sıfır geçişli;Mağazada;;;USD;
Solid state röleler (SSR);SR3;SR3-4450;Trifaze, 50 A, yük 48–480 VAC, giriş 90–240 VAC, sıfır geçişli;Mağazada;;;USD;
Solid state röleler (SSR);SR3;SR3-4415;Trifaze, 15 A, yük 48–480 VAC, giriş 90–240 VAC, sıfır geçişli;Mağazada;;;USD;
Solid state röleler (SSR);SR3;SR3-4430;Trifaze, 30 A, yük 48–480 VAC, giriş 90–240 VAC, sıfır geçişli;Mağazada;;;USD;
Solid state röleler (SSR);SR3;SR3-4275;Trifaze, 75 A, yük 24–240 VAC, giriş 90–240 VAC, sıfır geçişli;Mağazada;;;USD;
Solid state röleler (SSR);SR3;SR3-2430;Trifaze, 30 A, yük 48–480 VAC, giriş 24 VAC, sıfır geçişli;Mağazada;;;USD;
Solid state röleler (SSR);SR3;SR3-4250;Trifaze, 50 A, yük 24–240 VAC, giriş 90–240 VAC, sıfır geçişli;Mağazada;;;USD;
Solid state röleler (SSR);SR3;SR3-2415;Trifaze, 15 A, yük 48–480 VAC, giriş 24 VAC, sıfır geçişli;Mağazada;;;USD;
Solid state röleler (SSR);SR3;SR3-2450;Trifaze, 50 A, yük 48–480 VAC, giriş 24 VAC, sıfır geçişli;Mağazada;;;USD;
Solid state röleler (SSR);SR3;SR3-2440;Trifaze, 40 A, yük 48–480 VAC, giriş 24 VAC, sıfır geçişli;Mağazada;;;USD;
Solid state röleler (SSR);SR3;SR3-4230;Trifaze, 30 A, yük 24–240 VAC, giriş 90–240 VAC, sıfır geçişli;Mağazada;;;USD;
Solid state röleler (SSR);SR3;SR3-2475;Trifaze, 75 A, yük 48–480 VAC, giriş 24 VAC, sıfır geçişli;Mağazada;;;USD;
Solid state röleler (SSR);SR3;SR3-4215;Trifaze, 15 A, yük 24–240 VAC, giriş 90–240 VAC, sıfır geçişli;Mağazada;;;USD;
Solid state röleler (SSR);SR3;SR3-1475;Trifaze, 75 A, yük 48–480 VAC, giriş 4–30 VDC, sıfır geçişli;Mağazada;;;USD;
Solid state röleler (SSR);SR3;SR3-1475R;Trifaze, 75 A, yük 48–480 VAC, giriş 4–30 VDC, rastgele geçişli;Mağazada;;;USD;
Solid state röleler (SSR);SR3;SR3-1450;Trifaze, 50 A, yük 48–480 VAC, giriş 4–30 VDC, sıfır geçişli;Mağazada;;;USD;
Solid state röleler (SSR);SR3;SR3-1450R;Trifaze, 50 A, yük 48–480 VAC, giriş 4–30 VDC, rastgele geçişli;Mağazada;;;USD;
Solid state röleler (SSR);SR3;SR3-1250;Trifaze, 50 A, yük 24–240 VAC, giriş 4–30 VDC, sıfır geçişli;Mağazada;;;USD;
Solid state röleler (SSR);SR3;SR3-1440R;Trifaze, 40 A, yük 48–480 VAC, giriş 4–30 VDC, rastgele geçişli;Mağazada;;;USD;
Solid state röleler (SSR);SR3;SR3-1275;Trifaze, 75 A, yük 24–240 VAC, giriş 4–30 VDC, sıfır geçişli;Mağazada;;;USD;
Solid state röleler (SSR);SR3;SR3-1415;Trifaze, 15 A, yük 48–480 VAC, giriş 4–30 VDC, sıfır geçişli;Mağazada;;;USD;
Solid state röleler (SSR);SR3;SR3-1415R;Trifaze, 15 A, yük 48–480 VAC, giriş 4–30 VDC, rastgele geçişli;Mağazada;;;USD;
Solid state röleler (SSR);SR3;SR3-1430;Trifaze, 30 A, yük 48–480 VAC, giriş 4–30 VDC, sıfır geçişli;Mağazada;;;USD;
Solid state röleler (SSR);SR3;SR3-1430R;Trifaze, 30 A, yük 48–480 VAC, giriş 4–30 VDC, rastgele geçişli;Mağazada;;;USD;
Solid state röleler (SSR);SR3;SR3-1440;Trifaze, 40 A, yük 48–480 VAC, giriş 4–30 VDC, sıfır geçişli;Mağazada;;;USD;
Solid state röleler (SSR);SR3;SR3-1230;Trifaze, 30 A, yük 24–240 VAC, giriş 4–30 VDC, sıfır geçişli;Mağazada;;;USD;
Solid state röleler (SSR);SR3;SR3-1215;Trifaze, 15 A, yük 24–240 VAC, giriş 4–30 VDC, sıfır geçişli;Mağazada;;;USD;
Solid state röleler (SSR);SRH3;SRH3-2415;Trifaze, 15 A, yük 48–480 VAC, giriş 24 VAC, sıfır geçişli;Mağazada;;;USD;
Solid state röleler (SSR);SRH3;SRH3-1230;Trifaze, 30 A, yük 24–240 VAC, giriş 4–30 VDC, sıfır geçişli;Mağazada;;;USD;
Solid state röleler (SSR);SRH3;SRH3-1250;Trifaze, 50 A, yük 24–240 VAC, giriş 4–30 VDC, sıfır geçişli;Mağazada;;;USD;
Solid state röleler (SSR);SRH3;SRH3-1275;Trifaze, 75 A, yük 24–240 VAC, giriş 4–30 VDC, sıfır geçişli;Mağazada;;;USD;
Solid state röleler (SSR);SRH3;SRH3-1415;Trifaze, 15 A, yük 48–480 VAC, giriş 4–30 VDC, sıfır geçişli;Mağazada;;;USD;
Solid state röleler (SSR);SRH3;SRH3-1415R;Trifaze, 15 A, yük 48–480 VAC, giriş 4–30 VDC, rastgele geçişli;Mağazada;;;USD;
Solid state röleler (SSR);SRH3;SRH3-1430;Trifaze, 30 A, yük 48–480 VAC, giriş 4–30 VDC, sıfır geçişli;Mağazada;;;USD;
Solid state röleler (SSR);SRH3;SRH3-1430R;Trifaze, 30 A, yük 48–480 VAC, giriş 4–30 VDC, rastgele geçişli;Mağazada;;;USD;
Solid state röleler (SSR);SRH3;SRH3-1440;Trifaze, 40 A, yük 48–480 VAC, giriş 4–30 VDC, sıfır geçişli;Mağazada;;;USD;
Solid state röleler (SSR);SRH3;SRH3-1440R;Trifaze, 40 A, yük 48–480 VAC, giriş 4–30 VDC, rastgele geçişli;Mağazada;;;USD;
Solid state röleler (SSR);SRH3;SRH3-1450;Trifaze, 50 A, yük 48–480 VAC, giriş 4–30 VDC, sıfır geçişli;Mağazada;;;USD;
Solid state röleler (SSR);SRH3;SRH3-1450R;Trifaze, 50 A, yük 48–480 VAC, giriş 4–30 VDC, rastgele geçişli;Mağazada;;;USD;
Solid state röleler (SSR);SRH3;SRH3-1475;Trifaze, 75 A, yük 48–480 VAC, giriş 4–30 VDC, sıfır geçişli;Mağazada;;;USD;
Solid state röleler (SSR);SRH3;SRH3-1475R;Trifaze, 75 A, yük 48–480 VAC, giriş 4–30 VDC, rastgele geçişli;Mağazada;;;USD;
Solid state röleler (SSR);SRH3;SRH3-2430;Trifaze, 30 A, yük 48–480 VAC, giriş 24 VAC, sıfır geçişli;Mağazada;;;USD;
Solid state röleler (SSR);SRH3;SRH3-1215;Trifaze, 15 A, yük 24–240 VAC, giriş 4–30 VDC, sıfır geçişli;Mağazada;;;USD;
Solid state röleler (SSR);SRH3;SRH3-2440;Trifaze, 40 A, yük 48–480 VAC, giriş 24 VAC, sıfır geçişli;Mağazada;;;USD;
Solid state röleler (SSR);SRH3;SRH3-2450;Trifaze, 50 A, yük 48–480 VAC, giriş 24 VAC, sıfır geçişli;Mağazada;;;USD;
Solid state röleler (SSR);SRH3;SRH3-2475;Trifaze, 75 A, yük 48–480 VAC, giriş 24 VAC, sıfır geçişli;Mağazada;;;USD;
Solid state röleler (SSR);SRH3;SRH3-4215;Trifaze, 15 A, yük 24–240 VAC, giriş 90–240 VAC, sıfır geçişli;Mağazada;;;USD;
Solid state röleler (SSR);SRH3;SRH3-4230;Trifaze, 30 A, yük 24–240 VAC, giriş 90–240 VAC, sıfır geçişli;Mağazada;;;USD;
Solid state röleler (SSR);SRH3;SRH3-4250;Trifaze, 50 A, yük 24–240 VAC, giriş 90–240 VAC, sıfır geçişli;Mağazada;;;USD;
Solid state röleler (SSR);SRH3;SRH3-4275;Trifaze, 75 A, yük 24–240 VAC, giriş 90–240 VAC, sıfır geçişli;Mağazada;;;USD;
Solid state röleler (SSR);SRH3;SRH3-4415;Trifaze, 15 A, yük 48–480 VAC, giriş 90–240 VAC, sıfır geçişli;Mağazada;;;USD;
Solid state röleler (SSR);SRH3;SRH3-4430;Trifaze, 30 A, yük 48–480 VAC, giriş 90–240 VAC, sıfır geçişli;Mağazada;;;USD;
Solid state röleler (SSR);SRH3;SRH3-4440;Trifaze, 40 A, yük 48–480 VAC, giriş 90–240 VAC, sıfır geçişli;Mağazada;;;USD;
Solid state röleler (SSR);SRH3;SRH3-4450;Trifaze, 50 A, yük 48–480 VAC, giriş 90–240 VAC, sıfır geçişli;Mağazada;;;USD;
Solid state röleler (SSR);SRH3;SRH3-4475;Trifaze, 75 A, yük 48–480 VAC, giriş 90–240 VAC, sıfır geçişli;Mağazada;;;USD;
Solid state röleler (SSR);SRHL3;SRHL3-1215;Trifaze, 15 A, yük 24–240 VAC, giriş 10–30 VDC, sıfır geçişli;Mağazada;;;USD;
Solid state röleler (SSR);SRHL3;SRHL3-1230;Trifaze, 30 A, yük 24–240 VAC, giriş 10–30 VDC, sıfır geçişli;Mağazada;;;USD;
Solid state röleler (SSR);SRHL3;SRHL3-1250;Trifaze, 50 A, yük 24–240 VAC, giriş 10–30 VDC, sıfır geçişli;Mağazada;;;USD;
Solid state röleler (SSR);SRHL3;SRHL3-1275;Trifaze, 75 A, yük 24–240 VAC, giriş 10–30 VDC, sıfır geçişli;Mağazada;;;USD;
Solid state röleler (SSR);SRHL3;SRHL3-4215;Trifaze, 15 A, yük 24–240 VAC, giriş 90–240 VAC, sıfır geçişli;Mağazada;;;USD;
Solid state röleler (SSR);SRHL3;SRHL3-4230;Trifaze, 30 A, yük 24–240 VAC, giriş 90–240 VAC, sıfır geçişli;Mağazada;;;USD;
Solid state röleler (SSR);SRHL3;SRHL3-4250;Trifaze, 50 A, yük 24–240 VAC, giriş 90–240 VAC, sıfır geçişli;Mağazada;;;USD;
Solid state röleler (SSR);SRHL3;SRHL3-4275;Trifaze, 75 A, yük 24–240 VAC, giriş 90–240 VAC, sıfır geçişli;Mağazada;;;USD;
Solid state röleler (SSR);SRHL3;SRHL3-1415;Trifaze, 15 A, yük 48–480 VAC, giriş 10–30 VDC, sıfır geçişli;Mağazada;;;USD;
Solid state röleler (SSR);SRHL3;SRHL3-1430;Trifaze, 30 A, yük 48–480 VAC, giriş 10–30 VDC, sıfır geçişli;Mağazada;;;USD;
Solid state röleler (SSR);SRHL3;SRHL3-1440;Trifaze, 40 A, yük 48–480 VAC, giriş 10–30 VDC, sıfır geçişli;Mağazada;;;USD;
Solid state röleler (SSR);SRHL3;SRHL3-1450;Trifaze, 50 A, yük 48–480 VAC, giriş 10–30 VDC, sıfır geçişli;Mağazada;;;USD;
Solid state röleler (SSR);SRHL3;SRHL3-1475;Trifaze, 75 A, yük 48–480 VAC, giriş 10–30 VDC, sıfır geçişli;Mağazada;;;USD;
Solid state röleler (SSR);SRHL3;SRHL3-2415;Trifaze, 15 A, yük 48–480 VAC, giriş 24 VAC, sıfır geçişli;Mağazada;;;USD;
Solid state röleler (SSR);SRHL3;SRHL3-2430;Trifaze, 30 A, yük 48–480 VAC, giriş 24 VAC, sıfır geçişli;Mağazada;;;USD;
Solid state röleler (SSR);SRHL3;SRHL3-2440;Trifaze, 40 A, yük 48–480 VAC, giriş 24 VAC, sıfır geçişli;Mağazada;;;USD;
Solid state röleler (SSR);SRHL3;SRHL3-2450;Trifaze, 50 A, yük 48–480 VAC, giriş 24 VAC, sıfır geçişli;Mağazada;;;USD;
Solid state röleler (SSR);SRHL3;SRHL3-2475;Trifaze, 75 A, yük 48–480 VAC, giriş 24 VAC, sıfır geçişli;Mağazada;;;USD;
Solid state röleler (SSR);SRHL3;SRHL3-4415;Trifaze, 15 A, yük 48–480 VAC, giriş 90–240 VAC, sıfır geçişli;Mağazada;;;USD;
Solid state röleler (SSR);SRHL3;SRHL3-4430;Trifaze, 30 A, yük 48–480 VAC, giriş 90–240 VAC, sıfır geçişli;Mağazada;;;USD;
Solid state röleler (SSR);SRHL3;SRHL3-4440;Trifaze, 40 A, yük 48–480 VAC, giriş 90–240 VAC, sıfır geçişli;Mağazada;;;USD;
Solid state röleler (SSR);SRHL3;SRHL3-4450;Trifaze, 50 A, yük 48–480 VAC, giriş 90–240 VAC, sıfır geçişli;Mağazada;;;USD;
Solid state röleler (SSR);SRHL3;SRHL3-4475;Trifaze, 75 A, yük 48–480 VAC, giriş 90–240 VAC, sıfır geçişli;Mağazada;;;USD;
Solid state röleler (SSR);SRHL3;SRHL3-1415R;Trifaze, 15 A, yük 48–480 VAC, giriş 10–30 VDC, rastgele geçişli;Mağazada;;;USD;
Solid state röleler (SSR);SRHL3;SRHL3-1430R;Trifaze, 30 A, yük 48–480 VAC, giriş 10–30 VDC, rastgele geçişli;Mağazada;;;USD;
Solid state röleler (SSR);SRHL3;SRHL3-1440R;Trifaze, 40 A, yük 48–480 VAC, giriş 10–30 VDC, rastgele geçişli;Mağazada;;;USD;
Solid state röleler (SSR);SRHL3;SRHL3-1450R;Trifaze, 50 A, yük 48–480 VAC, giriş 10–30 VDC, rastgele geçişli;Mağazada;;;USD;
Solid state röleler (SSR);SRHL3;SRHL3-1475R;Trifaze, 75 A, yük 48–480 VAC, giriş 10–30 VDC, rastgele geçişli;Mağazada;;;USD;
Solid state röleler (SSR);SRS1;SRS1-A1202;Monofaze, 2 A, yük 24–240 VAC, giriş 4–24 VDC, sıfır geçişli;Mağazada;;;USD;
Solid state röleler (SSR);SRS1;SRS1-A1202R;Monofaze, 2 A, yük 24–240 VAC, giriş 4–24 VDC, rastgele geçişli;Mağazada;;;USD;
Solid state röleler (SSR);SRS1;SRS1-A1203;Monofaze, 3 A, yük 24–240 VAC, giriş 4–24 VDC, sıfır geçişli;Mağazada;;;USD;
Solid state röleler (SSR);SRS1;SRS1-A1203R;Monofaze, 3 A, yük 24–240 VAC, giriş 4–24 VDC, rastgele geçişli;Mağazada;;;USD;
Solid state röleler (SSR);SRS1;SRS1-A1205;Monofaze, 5 A, yük 24–240 VAC, giriş 4–24 VDC, sıfır geçişli;Mağazada;;;USD;
Solid state röleler (SSR);SRS1;SRS1-A1205R;Monofaze, 5 A, yük 24–240 VAC, giriş 4–24 VDC, rastgele geçişli;Mağazada;;;USD;
Solid state röleler (SSR);SRS1;SRS1-B1203-1;Monofaze, 3 A, yük 90–240 VAC, giriş 4–30 VDC, sıfır geçişli;Mağazada;;;USD;
Solid state röleler (SSR);SRS1;SRS1-A1D101;Monofaze, 1 A, yük 5–100 VDC, giriş 4–24 VDC, sıfır geçişli;Mağazada;;;USD;
Solid state röleler (SSR);SRS1;SRS1-B1202R-2;Monofaze, 2 A, yük 90–240 VAC, giriş 4–30 VDC, rastgele geçişli;Mağazada;;;USD;
Solid state röleler (SSR);SRS1;SRS1-A1D102;Monofaze, 2 A, yük 5–100 VDC, giriş 4–24 VDC, sıfır geçişli;Mağazada;;;USD;
Solid state röleler (SSR);SRS1;SRS1-B1202-2;Monofaze, 2 A, yük 90–240 VAC, giriş 4–30 VDC, sıfır geçişli;Mağazada;;;USD;
Solid state röleler (SSR);SRS1;SRS1-A1D201;Monofaze, 1 A, yük 5–200 VDC, giriş 4–24 VDC, sıfır geçişli;Mağazada;;;USD;
Solid state röleler (SSR);SRS1;SRS1-A1X201;Monofaze, 1 A, yük 5–240 VAC / 5–200 VDC, giriş 4–24 VDC, sıfır geçişli;Mağazada;;;USD;
Solid state röleler (SSR);SRS1;SRS1-B1205-1;Monofaze, 5 A, yük 90–240 VAC, giriş 4–30 VDC, sıfır geçişli;Mağazada;;;USD;
Solid state röleler (SSR);SRS1;SRS1-B1205R-1;Monofaze, 5 A, yük 90–240 VAC, giriş 4–30 VDC, rastgele geçişli;Mağazada;;;USD;
Solid state röleler (SSR);SRS1;SRS1-C1202-2;Monofaze, 2 A, yük 90–240 VAC, giriş 4–30 VDC, sıfır geçişli;Mağazada;;;USD;
Solid state röleler (SSR);SRS1;SRS1-C1202R-2;Monofaze, 2 A, yük 90–240 VAC, giriş 4–30 VDC, rastgele geçişli;Mağazada;;;USD;
Solid state röleler (SSR);SRS1;SRS1-C1203-1;Monofaze, 3 A, yük 90–240 VAC, giriş 4–30 VDC, sıfır geçişli;Mağazada;;;USD;
Solid state röleler (SSR);SRS1;SRS1-C1203R-1;Monofaze, 3 A, yük 90–240 VAC, giriş 4–30 VDC, rastgele geçişli;Mağazada;;;USD;
Solid state röleler (SSR);SRS1;SRS1-B1203R-1;Monofaze, 3 A, yük 90–240 VAC, giriş 4–30 VDC, rastgele geçişli;Mağazada;;;USD;
Solid state röleler (SSR);SRS1;SRS1-C1205-1;Monofaze, 5 A, yük 90–240 VAC, giriş 4–30 VDC, sıfır geçişli;Mağazada;;;USD;
Solid state röleler (SSR);SRS1;SRS1-C1205R-1;Monofaze, 5 A, yük 90–240 VAC, giriş 4–30 VDC, rastgele geçişli;Mağazada;;;USD;
Solid state röleler (SSR);SRS1;SRS1-C1D102-1;Monofaze, 2 A, yük 5–100 VDC, giriş 4–24 VDC, sıfır geçişli;Mağazada;;;USD;
Solid state röleler (SSR);SRS1;SRS1-C1X201-1;Monofaze, 1 A, yük 5–240 VAC / 5–200 VDC, giriş 4–24 VDC, sıfır geçişli;Mağazada;;;USD;
