Kategori;Seri;Seri başlığı;Model kodu;Durum;Sitede;Satışa sunulacak (E/H);Liste fiyatı;Para birimi;İndirim %
Sıcaklık kontrol cihazları;TMH;Modüler Çok Kanallı Yüksek Performanslı Sıcaklık Kontrol Cihazları;TMH2-22C;Üretimde;Ürün (/magaza/autonics-tmh2-22c);;;;
Sıcaklık kontrol cihazları;TMH;Modüler Çok Kanallı Yüksek Performanslı Sıcaklık Kontrol Cihazları;TMH2-22C-L;Üretimde;Ürün (/magaza/autonics-tmh2-22c-l);;;;
Sıcaklık kontrol cihazları;TMH;Modüler Çok Kanallı Yüksek Performanslı Sıcaklık Kontrol Cihazları;TMH2-22R;Üretimde;Ürün (/magaza/autonics-tmh2-22r);;;;
Sıcaklık kontrol cihazları;TMH;Modüler Çok Kanallı Yüksek Performanslı Sıcaklık Kontrol Cihazları;TMH2-22R-L;Üretimde;Ürün (/magaza/autonics-tmh2-22r-l);;;;
Sıcaklık kontrol cihazları;TMH;Modüler Çok Kanallı Yüksek Performanslı Sıcaklık Kontrol Cihazları;TMH2-22S;Üretimde;Ürün (/magaza/autonics-tmh2-22s);;;;
Sıcaklık kontrol cihazları;TMH;Modüler Çok Kanallı Yüksek Performanslı Sıcaklık Kontrol Cihazları;TMH2-22S-L;Üretimde;Ürün (/magaza/autonics-tmh2-22s-l);;;;
Sıcaklık kontrol cihazları;TMH;Modüler Çok Kanallı Yüksek Performanslı Sıcaklık Kontrol Cihazları;TMH2-42C;Üretimde;Ürün (/magaza/autonics-tmh2-42c);;;;
Sıcaklık kontrol cihazları;TMH;Modüler Çok Kanallı Yüksek Performanslı Sıcaklık Kontrol Cihazları;TMH2-42C-L;Üretimde;Ürün (/magaza/autonics-tmh2-42c-l);;;;
Sıcaklık kontrol cihazları;TMH;Modüler Çok Kanallı Yüksek Performanslı Sıcaklık Kontrol Cihazları;TMH2-42R;Üretimde;Ürün (/magaza/autonics-tmh2-42r);;;;
Sıcaklık kontrol cihazları;TMH;Modüler Çok Kanallı Yüksek Performanslı Sıcaklık Kontrol Cihazları;TMH2-42R-L;Üretimde;Ürün (/magaza/autonics-tmh2-42r-l);;;;
Sıcaklık kontrol cihazları;TMH;Modüler Çok Kanallı Yüksek Performanslı Sıcaklık Kontrol Cihazları;TMH2-42S;Üretimde;Ürün (/magaza/autonics-tmh2-42s);;;;
Sıcaklık kontrol cihazları;TMH;Modüler Çok Kanallı Yüksek Performanslı Sıcaklık Kontrol Cihazları;TMH2-42S-L;Üretimde;Ürün (/magaza/autonics-tmh2-42s-l);;;;
Sıcaklık kontrol cihazları;TMH;Modüler Çok Kanallı Yüksek Performanslı Sıcaklık Kontrol Cihazları;TMH4-N2C;Üretimde;Ürün (/magaza/autonics-tmh4-n2c);;;;
Sıcaklık kontrol cihazları;TMH;Modüler Çok Kanallı Yüksek Performanslı Sıcaklık Kontrol Cihazları;TMH4-N2C-L;Üretimde;Ürün (/magaza/autonics-tmh4-n2c-l);;;;
Sıcaklık kontrol cihazları;TMH;Modüler Çok Kanallı Yüksek Performanslı Sıcaklık Kontrol Cihazları;TMH4-N2R;Üretimde;Ürün (/magaza/autonics-tmh4-n2r);;;;
Sıcaklık kontrol cihazları;TMH;Modüler Çok Kanallı Yüksek Performanslı Sıcaklık Kontrol Cihazları;TMH4-N2R-L;Üretimde;Ürün (/magaza/autonics-tmh4-n2r-l);;;;
Sıcaklık kontrol cihazları;TMH;Modüler Çok Kanallı Yüksek Performanslı Sıcaklık Kontrol Cihazları;TMH4-N2S;Üretimde;Ürün (/magaza/autonics-tmh4-n2s);;;;
Sıcaklık kontrol cihazları;TMH;Modüler Çok Kanallı Yüksek Performanslı Sıcaklık Kontrol Cihazları;TMH4-N2S-L;Üretimde;Ürün (/magaza/autonics-tmh4-n2s-l);;;;
Sıcaklık kontrol cihazları;TMH;Modüler Çok Kanallı Yüksek Performanslı Sıcaklık Kontrol Cihazları;TMHA-42A;Üretimde;Ürün (/magaza/autonics-tmha-42a);;;;
Sıcaklık kontrol cihazları;TMH;Modüler Çok Kanallı Yüksek Performanslı Sıcaklık Kontrol Cihazları;TMHA-42A-L;Üretimde;Ürün (/magaza/autonics-tmha-42a-l);;;;
Sıcaklık kontrol cihazları;TMH;Modüler Çok Kanallı Yüksek Performanslı Sıcaklık Kontrol Cihazları;TMHC-22E;Üretimde;Ürün (/magaza/autonics-tmhc-22e);;;;
Sıcaklık kontrol cihazları;TMH;Modüler Çok Kanallı Yüksek Performanslı Sıcaklık Kontrol Cihazları;TMHC-22L;Üretimde;Ürün (/magaza/autonics-tmhc-22l);;;;
Sıcaklık kontrol cihazları;TMH;Modüler Çok Kanallı Yüksek Performanslı Sıcaklık Kontrol Cihazları;TMHC-22L-L;Üretimde;Ürün (/magaza/autonics-tmhc-22l-l);;;;
Sıcaklık kontrol cihazları;TMH;Modüler Çok Kanallı Yüksek Performanslı Sıcaklık Kontrol Cihazları;TMHCT-82N;Üretimde;Ürün (/magaza/autonics-tmhct-82n);;;;
Sıcaklık kontrol cihazları;TMH;Modüler Çok Kanallı Yüksek Performanslı Sıcaklık Kontrol Cihazları;TMHCT-82N-L;Üretimde;Ürün (/magaza/autonics-tmhct-82n-l);;;;
Sıcaklık kontrol cihazları;TMH;Modüler Çok Kanallı Yüksek Performanslı Sıcaklık Kontrol Cihazları;TMHE-82R;Üretimde;Ürün (/magaza/autonics-tmhe-82r);;;;
Sıcaklık kontrol cihazları;TMH;Modüler Çok Kanallı Yüksek Performanslı Sıcaklık Kontrol Cihazları;TMHE-82R-L;Üretimde;Ürün (/magaza/autonics-tmhe-82r-l);;;;
Sıcaklık kontrol cihazları;TM;Modüler Çok Kanallı PID Sıcaklık Kontrol Cihazları;TM2-22CB;Üretimde;Ürün (/magaza/autonics-tm2-22cb);;;;
Sıcaklık kontrol cihazları;TM;Modüler Çok Kanallı PID Sıcaklık Kontrol Cihazları;TM2-22CE;Üretimde;Ürün (/magaza/autonics-tm2-22ce);;;;
Sıcaklık kontrol cihazları;TM;Modüler Çok Kanallı PID Sıcaklık Kontrol Cihazları;TM2-22RB;Üretimde;Ürün (/magaza/autonics-tm2-22rb);;;;
Sıcaklık kontrol cihazları;TM;Modüler Çok Kanallı PID Sıcaklık Kontrol Cihazları;TM2-22RE;Üretimde;Ürün (/magaza/autonics-tm2-22re);;;;
Sıcaklık kontrol cihazları;TM;Modüler Çok Kanallı PID Sıcaklık Kontrol Cihazları;TM2-42CB;Üretimde;Ürün (/magaza/autonics-tm2-42cb);;;;
Sıcaklık kontrol cihazları;TM;Modüler Çok Kanallı PID Sıcaklık Kontrol Cihazları;TM2-42CE;Üretimde;Ürün (/magaza/autonics-tm2-42ce);;;;
Sıcaklık kontrol cihazları;TM;Modüler Çok Kanallı PID Sıcaklık Kontrol Cihazları;TM2-42RB;Üretimde;Ürün (/magaza/autonics-tm2-42rb);;;;
Sıcaklık kontrol cihazları;TM;Modüler Çok Kanallı PID Sıcaklık Kontrol Cihazları;TM2-42RE;Üretimde;Ürün (/magaza/autonics-tm2-42re);;;;
Sıcaklık kontrol cihazları;TM;Modüler Çok Kanallı PID Sıcaklık Kontrol Cihazları;TM4-N2RB;Üretimde;Ürün (/magaza/autonics-tm4-n2rb);;;;
Sıcaklık kontrol cihazları;TM;Modüler Çok Kanallı PID Sıcaklık Kontrol Cihazları;TM4-N2RE;Üretimde;Ürün (/magaza/autonics-tm4-n2re);;;;
Sıcaklık kontrol cihazları;TM;Modüler Çok Kanallı PID Sıcaklık Kontrol Cihazları;TM4-N2SB;Üretimde;Ürün (/magaza/autonics-tm4-n2sb);;;;
Sıcaklık kontrol cihazları;TM;Modüler Çok Kanallı PID Sıcaklık Kontrol Cihazları;TM4-N2SE;Üretimde;Ürün (/magaza/autonics-tm4-n2se);;;;
Sıcaklık kontrol cihazları;TN;2 serbestlik Derecesi PID Sıcaklık Kontrol Cihazları (Program / Sabit Kontrol);TNH-44CC-RS-006;Üretimde;Kod sayfası (/magaza/kontrol-kodlari/tn);;;;
Sıcaklık kontrol cihazları;TN;2 serbestlik Derecesi PID Sıcaklık Kontrol Cihazları (Program / Sabit Kontrol);TNH-44CC-RS-009;Üretimde;Kod sayfası (/magaza/kontrol-kodlari/tn);;;;
Sıcaklık kontrol cihazları;TN;2 serbestlik Derecesi PID Sıcaklık Kontrol Cihazları (Program / Sabit Kontrol);TNH-44CC-RS-031;Üretimde;Kod sayfası (/magaza/kontrol-kodlari/tn);;;;
Sıcaklık kontrol cihazları;TN;2 serbestlik Derecesi PID Sıcaklık Kontrol Cihazları (Program / Sabit Kontrol);TNH-44CR-RS-006;Üretimde;Kod sayfası (/magaza/kontrol-kodlari/tn);;;;
Sıcaklık kontrol cihazları;TN;2 serbestlik Derecesi PID Sıcaklık Kontrol Cihazları (Program / Sabit Kontrol);TNH-44CR-RS-009;Üretimde;Kod sayfası (/magaza/kontrol-kodlari/tn);;;;
Sıcaklık kontrol cihazları;TN;2 serbestlik Derecesi PID Sıcaklık Kontrol Cihazları (Program / Sabit Kontrol);TNH-44CR-RS-031;Üretimde;Kod sayfası (/magaza/kontrol-kodlari/tn);;;;
Sıcaklık kontrol cihazları;TN;2 serbestlik Derecesi PID Sıcaklık Kontrol Cihazları (Program / Sabit Kontrol);TNH-44RR-RS-006;Üretimde;Kod sayfası (/magaza/kontrol-kodlari/tn);;;;
Sıcaklık kontrol cihazları;TN;2 serbestlik Derecesi PID Sıcaklık Kontrol Cihazları (Program / Sabit Kontrol);TNH-44RR-RS-009;Üretimde;Kod sayfası (/magaza/kontrol-kodlari/tn);;;;
Sıcaklık kontrol cihazları;TN;2 serbestlik Derecesi PID Sıcaklık Kontrol Cihazları (Program / Sabit Kontrol);TNH-44RR-RS-031;Üretimde;Kod sayfası (/magaza/kontrol-kodlari/tn);;;;
Sıcaklık kontrol cihazları;TN;2 serbestlik Derecesi PID Sıcaklık Kontrol Cihazları (Program / Sabit Kontrol);TNH-44SR-RS-006;Üretimde;Kod sayfası (/magaza/kontrol-kodlari/tn);;;;
Sıcaklık kontrol cihazları;TN;2 serbestlik Derecesi PID Sıcaklık Kontrol Cihazları (Program / Sabit Kontrol);TNH-44SR-RS-009;Üretimde;Kod sayfası (/magaza/kontrol-kodlari/tn);;;;
Sıcaklık kontrol cihazları;TN;2 serbestlik Derecesi PID Sıcaklık Kontrol Cihazları (Program / Sabit Kontrol);TNH-44SR-RS-031;Üretimde;Kod sayfası (/magaza/kontrol-kodlari/tn);;;;
Sıcaklık kontrol cihazları;TN;2 serbestlik Derecesi PID Sıcaklık Kontrol Cihazları (Program / Sabit Kontrol);TNH-44SS-RS-006;Üretimde;Kod sayfası (/magaza/kontrol-kodlari/tn);;;;
Sıcaklık kontrol cihazları;TN;2 serbestlik Derecesi PID Sıcaklık Kontrol Cihazları (Program / Sabit Kontrol);TNH-44SS-RS-009;Üretimde;Kod sayfası (/magaza/kontrol-kodlari/tn);;;;
Sıcaklık kontrol cihazları;TN;2 serbestlik Derecesi PID Sıcaklık Kontrol Cihazları (Program / Sabit Kontrol);TNH-44SS-RS-031;Üretimde;Kod sayfası (/magaza/kontrol-kodlari/tn);;;;
Sıcaklık kontrol cihazları;TN;2 serbestlik Derecesi PID Sıcaklık Kontrol Cihazları (Program / Sabit Kontrol);TNH-P44CC-RS-006;Üretimde;Kod sayfası (/magaza/kontrol-kodlari/tn);;;;
Sıcaklık kontrol cihazları;TN;2 serbestlik Derecesi PID Sıcaklık Kontrol Cihazları (Program / Sabit Kontrol);TNH-P44CC-RS-009;Üretimde;Kod sayfası (/magaza/kontrol-kodlari/tn);;;;
Sıcaklık kontrol cihazları;TN;2 serbestlik Derecesi PID Sıcaklık Kontrol Cihazları (Program / Sabit Kontrol);TNH-P44CC-RS-031;Üretimde;Kod sayfası (/magaza/kontrol-kodlari/tn);;;;
Sıcaklık kontrol cihazları;TN;2 serbestlik Derecesi PID Sıcaklık Kontrol Cihazları (Program / Sabit Kontrol);TNH-P44CR-RS-006;Üretimde;Kod sayfası (/magaza/kontrol-kodlari/tn);;;;
Sıcaklık kontrol cihazları;TN;2 serbestlik Derecesi PID Sıcaklık Kontrol Cihazları (Program / Sabit Kontrol);TNH-P44CR-RS-009;Üretimde;Kod sayfası (/magaza/kontrol-kodlari/tn);;;;
Sıcaklık kontrol cihazları;TN;2 serbestlik Derecesi PID Sıcaklık Kontrol Cihazları (Program / Sabit Kontrol);TNH-P44CR-RS-031;Üretimde;Kod sayfası (/magaza/kontrol-kodlari/tn);;;;
Sıcaklık kontrol cihazları;TN;2 serbestlik Derecesi PID Sıcaklık Kontrol Cihazları (Program / Sabit Kontrol);TNH-P44RR-RS-006;Üretimde;Kod sayfası (/magaza/kontrol-kodlari/tn);;;;
Sıcaklık kontrol cihazları;TN;2 serbestlik Derecesi PID Sıcaklık Kontrol Cihazları (Program / Sabit Kontrol);TNH-P44RR-RS-009;Üretimde;Kod sayfası (/magaza/kontrol-kodlari/tn);;;;
Sıcaklık kontrol cihazları;TN;2 serbestlik Derecesi PID Sıcaklık Kontrol Cihazları (Program / Sabit Kontrol);TNH-P44RR-RS-031;Üretimde;Kod sayfası (/magaza/kontrol-kodlari/tn);;;;
Sıcaklık kontrol cihazları;TN;2 serbestlik Derecesi PID Sıcaklık Kontrol Cihazları (Program / Sabit Kontrol);TNH-P44SR-RS-006;Üretimde;Kod sayfası (/magaza/kontrol-kodlari/tn);;;;
Sıcaklık kontrol cihazları;TN;2 serbestlik Derecesi PID Sıcaklık Kontrol Cihazları (Program / Sabit Kontrol);TNH-P44SR-RS-009;Üretimde;Kod sayfası (/magaza/kontrol-kodlari/tn);;;;
Sıcaklık kontrol cihazları;TN;2 serbestlik Derecesi PID Sıcaklık Kontrol Cihazları (Program / Sabit Kontrol);TNH-P44SR-RS-031;Üretimde;Kod sayfası (/magaza/kontrol-kodlari/tn);;;;
Sıcaklık kontrol cihazları;TN;2 serbestlik Derecesi PID Sıcaklık Kontrol Cihazları (Program / Sabit Kontrol);TNH-P44SS-RS-006;Üretimde;Kod sayfası (/magaza/kontrol-kodlari/tn);;;;
Sıcaklık kontrol cihazları;TN;2 serbestlik Derecesi PID Sıcaklık Kontrol Cihazları (Program / Sabit Kontrol);TNH-P44SS-RS-009;Üretimde;Kod sayfası (/magaza/kontrol-kodlari/tn);;;;
Sıcaklık kontrol cihazları;TN;2 serbestlik Derecesi PID Sıcaklık Kontrol Cihazları (Program / Sabit Kontrol);TNH-P44SS-RS-031;Üretimde;Kod sayfası (/magaza/kontrol-kodlari/tn);;;;
Sıcaklık kontrol cihazları;TN;2 serbestlik Derecesi PID Sıcaklık Kontrol Cihazları (Program / Sabit Kontrol);TNL-44CC-RS-009;Üretimde;Kod sayfası (/magaza/kontrol-kodlari/tn);;;;
Sıcaklık kontrol cihazları;TN;2 serbestlik Derecesi PID Sıcaklık Kontrol Cihazları (Program / Sabit Kontrol);TNL-44CC-RS-035;Üretimde;Kod sayfası (/magaza/kontrol-kodlari/tn);;;;
Sıcaklık kontrol cihazları;TN;2 serbestlik Derecesi PID Sıcaklık Kontrol Cihazları (Program / Sabit Kontrol);TNL-44CR-RS-009;Üretimde;Kod sayfası (/magaza/kontrol-kodlari/tn);;;;
Sıcaklık kontrol cihazları;TN;2 serbestlik Derecesi PID Sıcaklık Kontrol Cihazları (Program / Sabit Kontrol);TNL-44CR-RS-035;Üretimde;Kod sayfası (/magaza/kontrol-kodlari/tn);;;;
Sıcaklık kontrol cihazları;TN;2 serbestlik Derecesi PID Sıcaklık Kontrol Cihazları (Program / Sabit Kontrol);TNL-44RR-RS-009;Üretimde;Kod sayfası (/magaza/kontrol-kodlari/tn);;;;
Sıcaklık kontrol cihazları;TN;2 serbestlik Derecesi PID Sıcaklık Kontrol Cihazları (Program / Sabit Kontrol);TNL-44RR-RS-035;Üretimde;Kod sayfası (/magaza/kontrol-kodlari/tn);;;;
Sıcaklık kontrol cihazları;TN;2 serbestlik Derecesi PID Sıcaklık Kontrol Cihazları (Program / Sabit Kontrol);TNL-44SR-RS-009;Üretimde;Kod sayfası (/magaza/kontrol-kodlari/tn);;;;
Sıcaklık kontrol cihazları;TN;2 serbestlik Derecesi PID Sıcaklık Kontrol Cihazları (Program / Sabit Kontrol);TNL-44SR-RS-035;Üretimde;Kod sayfası (/magaza/kontrol-kodlari/tn);;;;
Sıcaklık kontrol cihazları;TN;2 serbestlik Derecesi PID Sıcaklık Kontrol Cihazları (Program / Sabit Kontrol);TNL-44SS-RS-009;Üretimde;Kod sayfası (/magaza/kontrol-kodlari/tn);;;;
Sıcaklık kontrol cihazları;TN;2 serbestlik Derecesi PID Sıcaklık Kontrol Cihazları (Program / Sabit Kontrol);TNL-44SS-RS-035;Üretimde;Kod sayfası (/magaza/kontrol-kodlari/tn);;;;
Sıcaklık kontrol cihazları;TN;2 serbestlik Derecesi PID Sıcaklık Kontrol Cihazları (Program / Sabit Kontrol);TNL-46CC-RS-014;Üretimde;Kod sayfası (/magaza/kontrol-kodlari/tn);;;;
Sıcaklık kontrol cihazları;TN;2 serbestlik Derecesi PID Sıcaklık Kontrol Cihazları (Program / Sabit Kontrol);TNL-46CC-RS-035;Üretimde;Kod sayfası (/magaza/kontrol-kodlari/tn);;;;
Sıcaklık kontrol cihazları;TN;2 serbestlik Derecesi PID Sıcaklık Kontrol Cihazları (Program / Sabit Kontrol);TNL-46CR-RS-014;Üretimde;Kod sayfası (/magaza/kontrol-kodlari/tn);;;;
Sıcaklık kontrol cihazları;TN;2 serbestlik Derecesi PID Sıcaklık Kontrol Cihazları (Program / Sabit Kontrol);TNL-46CR-RS-035;Üretimde;Kod sayfası (/magaza/kontrol-kodlari/tn);;;;
Sıcaklık kontrol cihazları;TN;2 serbestlik Derecesi PID Sıcaklık Kontrol Cihazları (Program / Sabit Kontrol);TNL-46RR-RS-014;Üretimde;Kod sayfası (/magaza/kontrol-kodlari/tn);;;;
Sıcaklık kontrol cihazları;TN;2 serbestlik Derecesi PID Sıcaklık Kontrol Cihazları (Program / Sabit Kontrol);TNL-46RR-RS-035;Üretimde;Kod sayfası (/magaza/kontrol-kodlari/tn);;;;
Sıcaklık kontrol cihazları;TN;2 serbestlik Derecesi PID Sıcaklık Kontrol Cihazları (Program / Sabit Kontrol);TNL-46SR-RS-014;Üretimde;Kod sayfası (/magaza/kontrol-kodlari/tn);;;;
Sıcaklık kontrol cihazları;TN;2 serbestlik Derecesi PID Sıcaklık Kontrol Cihazları (Program / Sabit Kontrol);TNL-46SR-RS-035;Üretimde;Kod sayfası (/magaza/kontrol-kodlari/tn);;;;
Sıcaklık kontrol cihazları;TN;2 serbestlik Derecesi PID Sıcaklık Kontrol Cihazları (Program / Sabit Kontrol);TNL-46SS-RS-014;Üretimde;Kod sayfası (/magaza/kontrol-kodlari/tn);;;;
Sıcaklık kontrol cihazları;TN;2 serbestlik Derecesi PID Sıcaklık Kontrol Cihazları (Program / Sabit Kontrol);TNL-46SS-RS-035;Üretimde;Kod sayfası (/magaza/kontrol-kodlari/tn);;;;
Sıcaklık kontrol cihazları;TN;2 serbestlik Derecesi PID Sıcaklık Kontrol Cihazları (Program / Sabit Kontrol);TNL-P44CC-RS-009;Üretimde;Kod sayfası (/magaza/kontrol-kodlari/tn);;;;
Sıcaklık kontrol cihazları;TN;2 serbestlik Derecesi PID Sıcaklık Kontrol Cihazları (Program / Sabit Kontrol);TNL-P44CC-RS-035;Üretimde;Kod sayfası (/magaza/kontrol-kodlari/tn);;;;
Sıcaklık kontrol cihazları;TN;2 serbestlik Derecesi PID Sıcaklık Kontrol Cihazları (Program / Sabit Kontrol);TNL-P44CR-RS-009;Üretimde;Kod sayfası (/magaza/kontrol-kodlari/tn);;;;
Sıcaklık kontrol cihazları;TN;2 serbestlik Derecesi PID Sıcaklık Kontrol Cihazları (Program / Sabit Kontrol);TNL-P44CR-RS-035;Üretimde;Kod sayfası (/magaza/kontrol-kodlari/tn);;;;
Sıcaklık kontrol cihazları;TN;2 serbestlik Derecesi PID Sıcaklık Kontrol Cihazları (Program / Sabit Kontrol);TNL-P44RR-RS-009;Üretimde;Kod sayfası (/magaza/kontrol-kodlari/tn);;;;
Sıcaklık kontrol cihazları;TN;2 serbestlik Derecesi PID Sıcaklık Kontrol Cihazları (Program / Sabit Kontrol);TNL-P44RR-RS-035;Üretimde;Kod sayfası (/magaza/kontrol-kodlari/tn);;;;
Sıcaklık kontrol cihazları;TN;2 serbestlik Derecesi PID Sıcaklık Kontrol Cihazları (Program / Sabit Kontrol);TNL-P44SR-RS-009;Üretimde;Kod sayfası (/magaza/kontrol-kodlari/tn);;;;
Sıcaklık kontrol cihazları;TN;2 serbestlik Derecesi PID Sıcaklık Kontrol Cihazları (Program / Sabit Kontrol);TNL-P44SR-RS-035;Üretimde;Kod sayfası (/magaza/kontrol-kodlari/tn);;;;
Sıcaklık kontrol cihazları;TN;2 serbestlik Derecesi PID Sıcaklık Kontrol Cihazları (Program / Sabit Kontrol);TNL-P44SS-RS-009;Üretimde;Kod sayfası (/magaza/kontrol-kodlari/tn);;;;
Sıcaklık kontrol cihazları;TN;2 serbestlik Derecesi PID Sıcaklık Kontrol Cihazları (Program / Sabit Kontrol);TNL-P44SS-RS-035;Üretimde;Kod sayfası (/magaza/kontrol-kodlari/tn);;;;
Sıcaklık kontrol cihazları;TN;2 serbestlik Derecesi PID Sıcaklık Kontrol Cihazları (Program / Sabit Kontrol);TNL-P46CC-RS-014;Üretimde;Kod sayfası (/magaza/kontrol-kodlari/tn);;;;
Sıcaklık kontrol cihazları;TN;2 serbestlik Derecesi PID Sıcaklık Kontrol Cihazları (Program / Sabit Kontrol);TNL-P46CC-RS-035;Üretimde;Kod sayfası (/magaza/kontrol-kodlari/tn);;;;
Sıcaklık kontrol cihazları;TN;2 serbestlik Derecesi PID Sıcaklık Kontrol Cihazları (Program / Sabit Kontrol);TNL-P46CR-RS-014;Üretimde;Kod sayfası (/magaza/kontrol-kodlari/tn);;;;
Sıcaklık kontrol cihazları;TN;2 serbestlik Derecesi PID Sıcaklık Kontrol Cihazları (Program / Sabit Kontrol);TNL-P46CR-RS-035;Üretimde;Kod sayfası (/magaza/kontrol-kodlari/tn);;;;
Sıcaklık kontrol cihazları;TN;2 serbestlik Derecesi PID Sıcaklık Kontrol Cihazları (Program / Sabit Kontrol);TNL-P46RR-RS-014;Üretimde;Kod sayfası (/magaza/kontrol-kodlari/tn);;;;
Sıcaklık kontrol cihazları;TN;2 serbestlik Derecesi PID Sıcaklık Kontrol Cihazları (Program / Sabit Kontrol);TNL-P46RR-RS-035;Üretimde;Kod sayfası (/magaza/kontrol-kodlari/tn);;;;
Sıcaklık kontrol cihazları;TN;2 serbestlik Derecesi PID Sıcaklık Kontrol Cihazları (Program / Sabit Kontrol);TNL-P46SR-RS-014;Üretimde;Kod sayfası (/magaza/kontrol-kodlari/tn);;;;
Sıcaklık kontrol cihazları;TN;2 serbestlik Derecesi PID Sıcaklık Kontrol Cihazları (Program / Sabit Kontrol);TNL-P46SR-RS-035;Üretimde;Kod sayfası (/magaza/kontrol-kodlari/tn);;;;
Sıcaklık kontrol cihazları;TN;2 serbestlik Derecesi PID Sıcaklık Kontrol Cihazları (Program / Sabit Kontrol);TNL-P46SS-RS-014;Üretimde;Kod sayfası (/magaza/kontrol-kodlari/tn);;;;
Sıcaklık kontrol cihazları;TN;2 serbestlik Derecesi PID Sıcaklık Kontrol Cihazları (Program / Sabit Kontrol);TNL-P46SS-RS-035;Üretimde;Kod sayfası (/magaza/kontrol-kodlari/tn);;;;
Sıcaklık kontrol cihazları;TN;2 serbestlik Derecesi PID Sıcaklık Kontrol Cihazları (Program / Sabit Kontrol);TNS-42CC-NS-006;Üretimde;Kod sayfası (/magaza/kontrol-kodlari/tn);;;;
Sıcaklık kontrol cihazları;TN;2 serbestlik Derecesi PID Sıcaklık Kontrol Cihazları (Program / Sabit Kontrol);TNS-42CC-NS-008;Üretimde;Kod sayfası (/magaza/kontrol-kodlari/tn);;;;
Sıcaklık kontrol cihazları;TN;2 serbestlik Derecesi PID Sıcaklık Kontrol Cihazları (Program / Sabit Kontrol);TNS-42CC-NS-026;Üretimde;Kod sayfası (/magaza/kontrol-kodlari/tn);;;;
Sıcaklık kontrol cihazları;TN;2 serbestlik Derecesi PID Sıcaklık Kontrol Cihazları (Program / Sabit Kontrol);TNS-42CC-RS-006;Üretimde;Kod sayfası (/magaza/kontrol-kodlari/tn);;;;
Sıcaklık kontrol cihazları;TN;2 serbestlik Derecesi PID Sıcaklık Kontrol Cihazları (Program / Sabit Kontrol);TNS-42CR-NS-006;Üretimde;Kod sayfası (/magaza/kontrol-kodlari/tn);;;;
Sıcaklık kontrol cihazları;TN;2 serbestlik Derecesi PID Sıcaklık Kontrol Cihazları (Program / Sabit Kontrol);TNS-42CR-NS-008;Üretimde;Kod sayfası (/magaza/kontrol-kodlari/tn);;;;
Sıcaklık kontrol cihazları;TN;2 serbestlik Derecesi PID Sıcaklık Kontrol Cihazları (Program / Sabit Kontrol);TNS-42CR-NS-026;Üretimde;Kod sayfası (/magaza/kontrol-kodlari/tn);;;;
Sıcaklık kontrol cihazları;TN;2 serbestlik Derecesi PID Sıcaklık Kontrol Cihazları (Program / Sabit Kontrol);TNS-42CR-RS-006;Üretimde;Kod sayfası (/magaza/kontrol-kodlari/tn);;;;
Sıcaklık kontrol cihazları;TN;2 serbestlik Derecesi PID Sıcaklık Kontrol Cihazları (Program / Sabit Kontrol);TNS-42RR-NS-006;Üretimde;Kod sayfası (/magaza/kontrol-kodlari/tn);;;;
Sıcaklık kontrol cihazları;TN;2 serbestlik Derecesi PID Sıcaklık Kontrol Cihazları (Program / Sabit Kontrol);TNS-42RR-NS-008;Üretimde;Kod sayfası (/magaza/kontrol-kodlari/tn);;;;
Sıcaklık kontrol cihazları;TN;2 serbestlik Derecesi PID Sıcaklık Kontrol Cihazları (Program / Sabit Kontrol);TNS-42RR-NS-026;Üretimde;Kod sayfası (/magaza/kontrol-kodlari/tn);;;;
Sıcaklık kontrol cihazları;TN;2 serbestlik Derecesi PID Sıcaklık Kontrol Cihazları (Program / Sabit Kontrol);TNS-42RR-RS-006;Üretimde;Kod sayfası (/magaza/kontrol-kodlari/tn);;;;
Sıcaklık kontrol cihazları;TN;2 serbestlik Derecesi PID Sıcaklık Kontrol Cihazları (Program / Sabit Kontrol);TNS-42SR-NS-006;Üretimde;Kod sayfası (/magaza/kontrol-kodlari/tn);;;;
Sıcaklık kontrol cihazları;TN;2 serbestlik Derecesi PID Sıcaklık Kontrol Cihazları (Program / Sabit Kontrol);TNS-42SR-NS-008;Üretimde;Kod sayfası (/magaza/kontrol-kodlari/tn);;;;
Sıcaklık kontrol cihazları;TN;2 serbestlik Derecesi PID Sıcaklık Kontrol Cihazları (Program / Sabit Kontrol);TNS-42SR-NS-026;Üretimde;Kod sayfası (/magaza/kontrol-kodlari/tn);;;;
Sıcaklık kontrol cihazları;TN;2 serbestlik Derecesi PID Sıcaklık Kontrol Cihazları (Program / Sabit Kontrol);TNS-42SR-RS-006;Üretimde;Kod sayfası (/magaza/kontrol-kodlari/tn);;;;
Sıcaklık kontrol cihazları;TN;2 serbestlik Derecesi PID Sıcaklık Kontrol Cihazları (Program / Sabit Kontrol);TNS-42SS-NS-006;Üretimde;Kod sayfası (/magaza/kontrol-kodlari/tn);;;;
Sıcaklık kontrol cihazları;TN;2 serbestlik Derecesi PID Sıcaklık Kontrol Cihazları (Program / Sabit Kontrol);TNS-42SS-NS-008;Üretimde;Kod sayfası (/magaza/kontrol-kodlari/tn);;;;
Sıcaklık kontrol cihazları;TN;2 serbestlik Derecesi PID Sıcaklık Kontrol Cihazları (Program / Sabit Kontrol);TNS-42SS-NS-026;Üretimde;Kod sayfası (/magaza/kontrol-kodlari/tn);;;;
Sıcaklık kontrol cihazları;TN;2 serbestlik Derecesi PID Sıcaklık Kontrol Cihazları (Program / Sabit Kontrol);TNS-42SS-RS-006;Üretimde;Kod sayfası (/magaza/kontrol-kodlari/tn);;;;
Sıcaklık kontrol cihazları;TN;2 serbestlik Derecesi PID Sıcaklık Kontrol Cihazları (Program / Sabit Kontrol);TNS-P42CC-NS-006;Üretimde;Kod sayfası (/magaza/kontrol-kodlari/tn);;;;
Sıcaklık kontrol cihazları;TN;2 serbestlik Derecesi PID Sıcaklık Kontrol Cihazları (Program / Sabit Kontrol);TNS-P42CC-NS-008;Üretimde;Kod sayfası (/magaza/kontrol-kodlari/tn);;;;
Sıcaklık kontrol cihazları;TN;2 serbestlik Derecesi PID Sıcaklık Kontrol Cihazları (Program / Sabit Kontrol);TNS-P42CC-NS-026;Üretimde;Kod sayfası (/magaza/kontrol-kodlari/tn);;;;
Sıcaklık kontrol cihazları;TN;2 serbestlik Derecesi PID Sıcaklık Kontrol Cihazları (Program / Sabit Kontrol);TNS-P42CC-RS-006;Üretimde;Kod sayfası (/magaza/kontrol-kodlari/tn);;;;
Sıcaklık kontrol cihazları;TN;2 serbestlik Derecesi PID Sıcaklık Kontrol Cihazları (Program / Sabit Kontrol);TNS-P42CR-NS-006;Üretimde;Kod sayfası (/magaza/kontrol-kodlari/tn);;;;
Sıcaklık kontrol cihazları;TN;2 serbestlik Derecesi PID Sıcaklık Kontrol Cihazları (Program / Sabit Kontrol);TNS-P42CR-NS-008;Üretimde;Kod sayfası (/magaza/kontrol-kodlari/tn);;;;
Sıcaklık kontrol cihazları;TN;2 serbestlik Derecesi PID Sıcaklık Kontrol Cihazları (Program / Sabit Kontrol);TNS-P42CR-NS-026;Üretimde;Kod sayfası (/magaza/kontrol-kodlari/tn);;;;
Sıcaklık kontrol cihazları;TN;2 serbestlik Derecesi PID Sıcaklık Kontrol Cihazları (Program / Sabit Kontrol);TNS-P42CR-RS-006;Üretimde;Kod sayfası (/magaza/kontrol-kodlari/tn);;;;
Sıcaklık kontrol cihazları;TN;2 serbestlik Derecesi PID Sıcaklık Kontrol Cihazları (Program / Sabit Kontrol);TNS-P42RR-NS-006;Üretimde;Kod sayfası (/magaza/kontrol-kodlari/tn);;;;
Sıcaklık kontrol cihazları;TN;2 serbestlik Derecesi PID Sıcaklık Kontrol Cihazları (Program / Sabit Kontrol);TNS-P42RR-NS-008;Üretimde;Kod sayfası (/magaza/kontrol-kodlari/tn);;;;
Sıcaklık kontrol cihazları;TN;2 serbestlik Derecesi PID Sıcaklık Kontrol Cihazları (Program / Sabit Kontrol);TNS-P42RR-NS-026;Üretimde;Kod sayfası (/magaza/kontrol-kodlari/tn);;;;
Sıcaklık kontrol cihazları;TN;2 serbestlik Derecesi PID Sıcaklık Kontrol Cihazları (Program / Sabit Kontrol);TNS-P42RR-RS-006;Üretimde;Kod sayfası (/magaza/kontrol-kodlari/tn);;;;
Sıcaklık kontrol cihazları;TN;2 serbestlik Derecesi PID Sıcaklık Kontrol Cihazları (Program / Sabit Kontrol);TNS-P42SR-NS-006;Üretimde;Kod sayfası (/magaza/kontrol-kodlari/tn);;;;
Sıcaklık kontrol cihazları;TN;2 serbestlik Derecesi PID Sıcaklık Kontrol Cihazları (Program / Sabit Kontrol);TNS-P42SR-NS-008;Üretimde;Kod sayfası (/magaza/kontrol-kodlari/tn);;;;
Sıcaklık kontrol cihazları;TN;2 serbestlik Derecesi PID Sıcaklık Kontrol Cihazları (Program / Sabit Kontrol);TNS-P42SR-NS-026;Üretimde;Kod sayfası (/magaza/kontrol-kodlari/tn);;;;
Sıcaklık kontrol cihazları;TN;2 serbestlik Derecesi PID Sıcaklık Kontrol Cihazları (Program / Sabit Kontrol);TNS-P42SR-RS-006;Üretimde;Kod sayfası (/magaza/kontrol-kodlari/tn);;;;
Sıcaklık kontrol cihazları;TN;2 serbestlik Derecesi PID Sıcaklık Kontrol Cihazları (Program / Sabit Kontrol);TNS-P42SS-NS-006;Üretimde;Kod sayfası (/magaza/kontrol-kodlari/tn);;;;
Sıcaklık kontrol cihazları;TN;2 serbestlik Derecesi PID Sıcaklık Kontrol Cihazları (Program / Sabit Kontrol);TNS-P42SS-NS-008;Üretimde;Kod sayfası (/magaza/kontrol-kodlari/tn);;;;
Sıcaklık kontrol cihazları;TN;2 serbestlik Derecesi PID Sıcaklık Kontrol Cihazları (Program / Sabit Kontrol);TNS-P42SS-NS-026;Üretimde;Kod sayfası (/magaza/kontrol-kodlari/tn);;;;
Sıcaklık kontrol cihazları;TN;2 serbestlik Derecesi PID Sıcaklık Kontrol Cihazları (Program / Sabit Kontrol);TNS-P42SS-RS-006;Üretimde;Kod sayfası (/magaza/kontrol-kodlari/tn);;;;
Sıcaklık kontrol cihazları;TH4M;LCD Sıcaklık/Nem Kontrol Cihazları;TH4M-24R;Üretimde;Kod sayfası (/magaza/kontrol-kodlari/th4m);;;;
Sıcaklık kontrol cihazları;TR1D;İnce Tek Ekranlı PID'Sıcaklık Kontrol Cihazları;TR1D-14CC;Üretimde;Kod sayfası (/magaza/kontrol-kodlari/tr1d);;;;
Sıcaklık kontrol cihazları;TR1D;İnce Tek Ekranlı PID'Sıcaklık Kontrol Cihazları;TR1D-14CN;Üretimde;Kod sayfası (/magaza/kontrol-kodlari/tr1d);;;;
Sıcaklık kontrol cihazları;TR1D;İnce Tek Ekranlı PID'Sıcaklık Kontrol Cihazları;TR1D-14RN;Üretimde;Kod sayfası (/magaza/kontrol-kodlari/tr1d);;;;
Sıcaklık kontrol cihazları;TR1D;İnce Tek Ekranlı PID'Sıcaklık Kontrol Cihazları;TR1D-14RR;Üretimde;Kod sayfası (/magaza/kontrol-kodlari/tr1d);;;;
Sıcaklık kontrol cihazları;TR1D;İnce Tek Ekranlı PID'Sıcaklık Kontrol Cihazları;TR1D-R4CC;Üretimde;Kod sayfası (/magaza/kontrol-kodlari/tr1d);;;;
Sıcaklık kontrol cihazları;TR1D;İnce Tek Ekranlı PID'Sıcaklık Kontrol Cihazları;TR1D-R4RR;Üretimde;Kod sayfası (/magaza/kontrol-kodlari/tr1d);;;;
Sıcaklık kontrol cihazları;TR1D;İnce Tek Ekranlı PID'Sıcaklık Kontrol Cihazları;TR1D-T4CC;Üretimde;Kod sayfası (/magaza/kontrol-kodlari/tr1d);;;;
Sıcaklık kontrol cihazları;TR1D;İnce Tek Ekranlı PID'Sıcaklık Kontrol Cihazları;TR1D-T4RR;Üretimde;Kod sayfası (/magaza/kontrol-kodlari/tr1d);;;;
Sıcaklık kontrol cihazları;TX;LCD Ekranlı PID’li Sıcaklık Kontrol Cihazları;TX4H-12C;Üretimde;Kod sayfası (/magaza/kontrol-kodlari/tx);;;;
Sıcaklık kontrol cihazları;TX;LCD Ekranlı PID’li Sıcaklık Kontrol Cihazları;TX4H-12C-L;Üretimde;Kod sayfası (/magaza/kontrol-kodlari/tx);;;;
Sıcaklık kontrol cihazları;TX;LCD Ekranlı PID’li Sıcaklık Kontrol Cihazları;TX4H-12R;Üretimde;Kod sayfası (/magaza/kontrol-kodlari/tx);;;;
Sıcaklık kontrol cihazları;TX;LCD Ekranlı PID’li Sıcaklık Kontrol Cihazları;TX4H-12R-L;Üretimde;Kod sayfası (/magaza/kontrol-kodlari/tx);;;;
Sıcaklık kontrol cihazları;TX;LCD Ekranlı PID’li Sıcaklık Kontrol Cihazları;TX4H-14C;Üretimde;Kod sayfası (/magaza/kontrol-kodlari/tx);;;;
Sıcaklık kontrol cihazları;TX;LCD Ekranlı PID’li Sıcaklık Kontrol Cihazları;TX4H-14C-L;Üretimde;Kod sayfası (/magaza/kontrol-kodlari/tx);;;;
Sıcaklık kontrol cihazları;TX;LCD Ekranlı PID’li Sıcaklık Kontrol Cihazları;TX4H-14R;Üretimde;Kod sayfası (/magaza/kontrol-kodlari/tx);;;;
Sıcaklık kontrol cihazları;TX;LCD Ekranlı PID’li Sıcaklık Kontrol Cihazları;TX4H-14R-L;Üretimde;Kod sayfası (/magaza/kontrol-kodlari/tx);;;;
Sıcaklık kontrol cihazları;TX;LCD Ekranlı PID’li Sıcaklık Kontrol Cihazları;TX4H-14S;Üretimde;Kod sayfası (/magaza/kontrol-kodlari/tx);;;;
Sıcaklık kontrol cihazları;TX;LCD Ekranlı PID’li Sıcaklık Kontrol Cihazları;TX4H-14S-L;Üretimde;Kod sayfası (/magaza/kontrol-kodlari/tx);;;;
Sıcaklık kontrol cihazları;TX;LCD Ekranlı PID’li Sıcaklık Kontrol Cihazları;TX4H-22C;Üretimde;Kod sayfası (/magaza/kontrol-kodlari/tx);;;;
Sıcaklık kontrol cihazları;TX;LCD Ekranlı PID’li Sıcaklık Kontrol Cihazları;TX4H-22C-L;Üretimde;Kod sayfası (/magaza/kontrol-kodlari/tx);;;;
Sıcaklık kontrol cihazları;TX;LCD Ekranlı PID’li Sıcaklık Kontrol Cihazları;TX4H-22R;Üretimde;Kod sayfası (/magaza/kontrol-kodlari/tx);;;;
Sıcaklık kontrol cihazları;TX;LCD Ekranlı PID’li Sıcaklık Kontrol Cihazları;TX4H-22R-L;Üretimde;Kod sayfası (/magaza/kontrol-kodlari/tx);;;;
Sıcaklık kontrol cihazları;TX;LCD Ekranlı PID’li Sıcaklık Kontrol Cihazları;TX4H-24C;Üretimde;Kod sayfası (/magaza/kontrol-kodlari/tx);;;;
Sıcaklık kontrol cihazları;TX;LCD Ekranlı PID’li Sıcaklık Kontrol Cihazları;TX4H-24C-L;Üretimde;Kod sayfası (/magaza/kontrol-kodlari/tx);;;;
Sıcaklık kontrol cihazları;TX;LCD Ekranlı PID’li Sıcaklık Kontrol Cihazları;TX4H-24R;Üretimde;Kod sayfası (/magaza/kontrol-kodlari/tx);;;;
Sıcaklık kontrol cihazları;TX;LCD Ekranlı PID’li Sıcaklık Kontrol Cihazları;TX4H-24R-L;Üretimde;Kod sayfası (/magaza/kontrol-kodlari/tx);;;;
Sıcaklık kontrol cihazları;TX;LCD Ekranlı PID’li Sıcaklık Kontrol Cihazları;TX4H-24S;Üretimde;Kod sayfası (/magaza/kontrol-kodlari/tx);;;;
Sıcaklık kontrol cihazları;TX;LCD Ekranlı PID’li Sıcaklık Kontrol Cihazları;TX4H-24S-L;Üretimde;Kod sayfası (/magaza/kontrol-kodlari/tx);;;;
Sıcaklık kontrol cihazları;TX;LCD Ekranlı PID’li Sıcaklık Kontrol Cihazları;TX4H-A2C;Üretimde;Kod sayfası (/magaza/kontrol-kodlari/tx);;;;
Sıcaklık kontrol cihazları;TX;LCD Ekranlı PID’li Sıcaklık Kontrol Cihazları;TX4H-A2C-L;Üretimde;Kod sayfası (/magaza/kontrol-kodlari/tx);;;;
Sıcaklık kontrol cihazları;TX;LCD Ekranlı PID’li Sıcaklık Kontrol Cihazları;TX4H-A2R;Üretimde;Kod sayfası (/magaza/kontrol-kodlari/tx);;;;
Sıcaklık kontrol cihazları;TX;LCD Ekranlı PID’li Sıcaklık Kontrol Cihazları;TX4H-A2R-L;Üretimde;Kod sayfası (/magaza/kontrol-kodlari/tx);;;;
Sıcaklık kontrol cihazları;TX;LCD Ekranlı PID’li Sıcaklık Kontrol Cihazları;TX4H-A4C;Üretimde;Kod sayfası (/magaza/kontrol-kodlari/tx);;;;
Sıcaklık kontrol cihazları;TX;LCD Ekranlı PID’li Sıcaklık Kontrol Cihazları;TX4H-A4C-L;Üretimde;Kod sayfası (/magaza/kontrol-kodlari/tx);;;;
Sıcaklık kontrol cihazları;TX;LCD Ekranlı PID’li Sıcaklık Kontrol Cihazları;TX4H-A4R;Üretimde;Kod sayfası (/magaza/kontrol-kodlari/tx);;;;
Sıcaklık kontrol cihazları;TX;LCD Ekranlı PID’li Sıcaklık Kontrol Cihazları;TX4H-A4R-L;Üretimde;Kod sayfası (/magaza/kontrol-kodlari/tx);;;;
Sıcaklık kontrol cihazları;TX;LCD Ekranlı PID’li Sıcaklık Kontrol Cihazları;TX4H-A4S;Üretimde;Kod sayfası (/magaza/kontrol-kodlari/tx);;;;
Sıcaklık kontrol cihazları;TX;LCD Ekranlı PID’li Sıcaklık Kontrol Cihazları;TX4H-A4S-L;Üretimde;Kod sayfası (/magaza/kontrol-kodlari/tx);;;;
Sıcaklık kontrol cihazları;TX;LCD Ekranlı PID’li Sıcaklık Kontrol Cihazları;TX4H-B2C;Üretimde;Kod sayfası (/magaza/kontrol-kodlari/tx);;;;
Sıcaklık kontrol cihazları;TX;LCD Ekranlı PID’li Sıcaklık Kontrol Cihazları;TX4H-B2C-L;Üretimde;Kod sayfası (/magaza/kontrol-kodlari/tx);;;;
Sıcaklık kontrol cihazları;TX;LCD Ekranlı PID’li Sıcaklık Kontrol Cihazları;TX4H-B2R;Üretimde;Kod sayfası (/magaza/kontrol-kodlari/tx);;;;
Sıcaklık kontrol cihazları;TX;LCD Ekranlı PID’li Sıcaklık Kontrol Cihazları;TX4H-B2R-L;Üretimde;Kod sayfası (/magaza/kontrol-kodlari/tx);;;;
Sıcaklık kontrol cihazları;TX;LCD Ekranlı PID’li Sıcaklık Kontrol Cihazları;TX4H-B4C;Üretimde;Kod sayfası (/magaza/kontrol-kodlari/tx);;;;
Sıcaklık kontrol cihazları;TX;LCD Ekranlı PID’li Sıcaklık Kontrol Cihazları;TX4H-B4C-L;Üretimde;Kod sayfası (/magaza/kontrol-kodlari/tx);;;;
Sıcaklık kontrol cihazları;TX;LCD Ekranlı PID’li Sıcaklık Kontrol Cihazları;TX4H-B4R;Üretimde;Kod sayfası (/magaza/kontrol-kodlari/tx);;;;
Sıcaklık kontrol cihazları;TX;LCD Ekranlı PID’li Sıcaklık Kontrol Cihazları;TX4H-B4R-L;Üretimde;Kod sayfası (/magaza/kontrol-kodlari/tx);;;;
Sıcaklık kontrol cihazları;TX;LCD Ekranlı PID’li Sıcaklık Kontrol Cihazları;TX4H-B4S;Üretimde;Kod sayfası (/magaza/kontrol-kodlari/tx);;;;
Sıcaklık kontrol cihazları;TX;LCD Ekranlı PID’li Sıcaklık Kontrol Cihazları;TX4H-B4S-L;Üretimde;Kod sayfası (/magaza/kontrol-kodlari/tx);;;;
Sıcaklık kontrol cihazları;TX;LCD Ekranlı PID’li Sıcaklık Kontrol Cihazları;TX4L-12C;Üretimde;Kod sayfası (/magaza/kontrol-kodlari/tx);;;;
Sıcaklık kontrol cihazları;TX;LCD Ekranlı PID’li Sıcaklık Kontrol Cihazları;TX4L-12R;Üretimde;Kod sayfası (/magaza/kontrol-kodlari/tx);;;;
Sıcaklık kontrol cihazları;TX;LCD Ekranlı PID’li Sıcaklık Kontrol Cihazları;TX4L-14C;Üretimde;Kod sayfası (/magaza/kontrol-kodlari/tx);;;;
Sıcaklık kontrol cihazları;TX;LCD Ekranlı PID’li Sıcaklık Kontrol Cihazları;TX4L-14R;Üretimde;Kod sayfası (/magaza/kontrol-kodlari/tx);;;;
Sıcaklık kontrol cihazları;TX;LCD Ekranlı PID’li Sıcaklık Kontrol Cihazları;TX4L-14S;Üretimde;Kod sayfası (/magaza/kontrol-kodlari/tx);;;;
Sıcaklık kontrol cihazları;TX;LCD Ekranlı PID’li Sıcaklık Kontrol Cihazları;TX4L-22C;Üretimde;Kod sayfası (/magaza/kontrol-kodlari/tx);;;;
Sıcaklık kontrol cihazları;TX;LCD Ekranlı PID’li Sıcaklık Kontrol Cihazları;TX4L-22R;Üretimde;Kod sayfası (/magaza/kontrol-kodlari/tx);;;;
Sıcaklık kontrol cihazları;TX;LCD Ekranlı PID’li Sıcaklık Kontrol Cihazları;TX4L-24C;Üretimde;Kod sayfası (/magaza/kontrol-kodlari/tx);;;;
Sıcaklık kontrol cihazları;TX;LCD Ekranlı PID’li Sıcaklık Kontrol Cihazları;TX4L-24R;Üretimde;Kod sayfası (/magaza/kontrol-kodlari/tx);;;;
Sıcaklık kontrol cihazları;TX;LCD Ekranlı PID’li Sıcaklık Kontrol Cihazları;TX4L-24S;Üretimde;Kod sayfası (/magaza/kontrol-kodlari/tx);;;;
Sıcaklık kontrol cihazları;TX;LCD Ekranlı PID’li Sıcaklık Kontrol Cihazları;TX4L-A2C;Üretimde;Kod sayfası (/magaza/kontrol-kodlari/tx);;;;
Sıcaklık kontrol cihazları;TX;LCD Ekranlı PID’li Sıcaklık Kontrol Cihazları;TX4L-A2R;Üretimde;Kod sayfası (/magaza/kontrol-kodlari/tx);;;;
Sıcaklık kontrol cihazları;TX;LCD Ekranlı PID’li Sıcaklık Kontrol Cihazları;TX4L-A4C;Üretimde;Kod sayfası (/magaza/kontrol-kodlari/tx);;;;
Sıcaklık kontrol cihazları;TX;LCD Ekranlı PID’li Sıcaklık Kontrol Cihazları;TX4L-A4R;Üretimde;Kod sayfası (/magaza/kontrol-kodlari/tx);;;;
Sıcaklık kontrol cihazları;TX;LCD Ekranlı PID’li Sıcaklık Kontrol Cihazları;TX4L-A4S;Üretimde;Kod sayfası (/magaza/kontrol-kodlari/tx);;;;
Sıcaklık kontrol cihazları;TX;LCD Ekranlı PID’li Sıcaklık Kontrol Cihazları;TX4L-B2C;Üretimde;Kod sayfası (/magaza/kontrol-kodlari/tx);;;;
Sıcaklık kontrol cihazları;TX;LCD Ekranlı PID’li Sıcaklık Kontrol Cihazları;TX4L-B2R;Üretimde;Kod sayfası (/magaza/kontrol-kodlari/tx);;;;
Sıcaklık kontrol cihazları;TX;LCD Ekranlı PID’li Sıcaklık Kontrol Cihazları;TX4L-B4C;Üretimde;Kod sayfası (/magaza/kontrol-kodlari/tx);;;;
Sıcaklık kontrol cihazları;TX;LCD Ekranlı PID’li Sıcaklık Kontrol Cihazları;TX4L-B4R;Üretimde;Kod sayfası (/magaza/kontrol-kodlari/tx);;;;
Sıcaklık kontrol cihazları;TX;LCD Ekranlı PID’li Sıcaklık Kontrol Cihazları;TX4L-B4S;Üretimde;Kod sayfası (/magaza/kontrol-kodlari/tx);;;;
Sıcaklık kontrol cihazları;TX;LCD Ekranlı PID’li Sıcaklık Kontrol Cihazları;TX4M-12C;Üretimde;Kod sayfası (/magaza/kontrol-kodlari/tx);;;;
Sıcaklık kontrol cihazları;TX;LCD Ekranlı PID’li Sıcaklık Kontrol Cihazları;TX4M-12R;Üretimde;Kod sayfası (/magaza/kontrol-kodlari/tx);;;;
Sıcaklık kontrol cihazları;TX;LCD Ekranlı PID’li Sıcaklık Kontrol Cihazları;TX4M-14C;Üretimde;Kod sayfası (/magaza/kontrol-kodlari/tx);;;;
Sıcaklık kontrol cihazları;TX;LCD Ekranlı PID’li Sıcaklık Kontrol Cihazları;TX4M-14R;Üretimde;Kod sayfası (/magaza/kontrol-kodlari/tx);;;;
Sıcaklık kontrol cihazları;TX;LCD Ekranlı PID’li Sıcaklık Kontrol Cihazları;TX4M-14S;Üretimde;Kod sayfası (/magaza/kontrol-kodlari/tx);;;;
Sıcaklık kontrol cihazları;TX;LCD Ekranlı PID’li Sıcaklık Kontrol Cihazları;TX4M-22C;Üretimde;Kod sayfası (/magaza/kontrol-kodlari/tx);;;;
Sıcaklık kontrol cihazları;TX;LCD Ekranlı PID’li Sıcaklık Kontrol Cihazları;TX4M-22R;Üretimde;Kod sayfası (/magaza/kontrol-kodlari/tx);;;;
Sıcaklık kontrol cihazları;TX;LCD Ekranlı PID’li Sıcaklık Kontrol Cihazları;TX4M-24C;Üretimde;Kod sayfası (/magaza/kontrol-kodlari/tx);;;;
Sıcaklık kontrol cihazları;TX;LCD Ekranlı PID’li Sıcaklık Kontrol Cihazları;TX4M-24R;Üretimde;Kod sayfası (/magaza/kontrol-kodlari/tx);;;;
Sıcaklık kontrol cihazları;TX;LCD Ekranlı PID’li Sıcaklık Kontrol Cihazları;TX4M-24S;Üretimde;Kod sayfası (/magaza/kontrol-kodlari/tx);;;;
Sıcaklık kontrol cihazları;TX;LCD Ekranlı PID’li Sıcaklık Kontrol Cihazları;TX4M-A2C;Üretimde;Kod sayfası (/magaza/kontrol-kodlari/tx);;;;
Sıcaklık kontrol cihazları;TX;LCD Ekranlı PID’li Sıcaklık Kontrol Cihazları;TX4M-A2R;Üretimde;Kod sayfası (/magaza/kontrol-kodlari/tx);;;;
Sıcaklık kontrol cihazları;TX;LCD Ekranlı PID’li Sıcaklık Kontrol Cihazları;TX4M-A4C;Üretimde;Kod sayfası (/magaza/kontrol-kodlari/tx);;;;
Sıcaklık kontrol cihazları;TX;LCD Ekranlı PID’li Sıcaklık Kontrol Cihazları;TX4M-A4R;Üretimde;Kod sayfası (/magaza/kontrol-kodlari/tx);;;;
Sıcaklık kontrol cihazları;TX;LCD Ekranlı PID’li Sıcaklık Kontrol Cihazları;TX4M-A4S;Üretimde;Kod sayfası (/magaza/kontrol-kodlari/tx);;;;
Sıcaklık kontrol cihazları;TX;LCD Ekranlı PID’li Sıcaklık Kontrol Cihazları;TX4M-B2C;Üretimde;Kod sayfası (/magaza/kontrol-kodlari/tx);;;;
Sıcaklık kontrol cihazları;TX;LCD Ekranlı PID’li Sıcaklık Kontrol Cihazları;TX4M-B2R;Üretimde;Kod sayfası (/magaza/kontrol-kodlari/tx);;;;
Sıcaklık kontrol cihazları;TX;LCD Ekranlı PID’li Sıcaklık Kontrol Cihazları;TX4M-B4C;Üretimde;Kod sayfası (/magaza/kontrol-kodlari/tx);;;;
Sıcaklık kontrol cihazları;TX;LCD Ekranlı PID’li Sıcaklık Kontrol Cihazları;TX4M-B4R;Üretimde;Kod sayfası (/magaza/kontrol-kodlari/tx);;;;
Sıcaklık kontrol cihazları;TX;LCD Ekranlı PID’li Sıcaklık Kontrol Cihazları;TX4M-B4S;Üretimde;Kod sayfası (/magaza/kontrol-kodlari/tx);;;;
Sıcaklık kontrol cihazları;TX;LCD Ekranlı PID’li Sıcaklık Kontrol Cihazları;TX4N-12C;Üretimde;Kod sayfası (/magaza/kontrol-kodlari/tx);;;;
Sıcaklık kontrol cihazları;TX;LCD Ekranlı PID’li Sıcaklık Kontrol Cihazları;TX4N-12R;Üretimde;Kod sayfası (/magaza/kontrol-kodlari/tx);;;;
Sıcaklık kontrol cihazları;TX;LCD Ekranlı PID’li Sıcaklık Kontrol Cihazları;TX4N-14C;Üretimde;Kod sayfası (/magaza/kontrol-kodlari/tx);;;;
Sıcaklık kontrol cihazları;TX;LCD Ekranlı PID’li Sıcaklık Kontrol Cihazları;TX4N-14R;Üretimde;Kod sayfası (/magaza/kontrol-kodlari/tx);;;;
Sıcaklık kontrol cihazları;TX;LCD Ekranlı PID’li Sıcaklık Kontrol Cihazları;TX4N-14S;Üretimde;Kod sayfası (/magaza/kontrol-kodlari/tx);;;;
Sıcaklık kontrol cihazları;TX;LCD Ekranlı PID’li Sıcaklık Kontrol Cihazları;TX4N-22C;Üretimde;Kod sayfası (/magaza/kontrol-kodlari/tx);;;;
Sıcaklık kontrol cihazları;TX;LCD Ekranlı PID’li Sıcaklık Kontrol Cihazları;TX4N-22R;Üretimde;Kod sayfası (/magaza/kontrol-kodlari/tx);;;;
Sıcaklık kontrol cihazları;TX;LCD Ekranlı PID’li Sıcaklık Kontrol Cihazları;TX4N-24C;Üretimde;Kod sayfası (/magaza/kontrol-kodlari/tx);;;;
Sıcaklık kontrol cihazları;TX;LCD Ekranlı PID’li Sıcaklık Kontrol Cihazları;TX4N-24R;Üretimde;Kod sayfası (/magaza/kontrol-kodlari/tx);;;;
Sıcaklık kontrol cihazları;TX;LCD Ekranlı PID’li Sıcaklık Kontrol Cihazları;TX4N-24S;Üretimde;Kod sayfası (/magaza/kontrol-kodlari/tx);;;;
Sıcaklık kontrol cihazları;TX;LCD Ekranlı PID’li Sıcaklık Kontrol Cihazları;TX4N-R2C;Üretimde;Kod sayfası (/magaza/kontrol-kodlari/tx);;;;
Sıcaklık kontrol cihazları;TX;LCD Ekranlı PID’li Sıcaklık Kontrol Cihazları;TX4N-R2R;Üretimde;Kod sayfası (/magaza/kontrol-kodlari/tx);;;;
Sıcaklık kontrol cihazları;TX;LCD Ekranlı PID’li Sıcaklık Kontrol Cihazları;TX4N-R4C;Üretimde;Kod sayfası (/magaza/kontrol-kodlari/tx);;;;
Sıcaklık kontrol cihazları;TX;LCD Ekranlı PID’li Sıcaklık Kontrol Cihazları;TX4N-R4R;Üretimde;Kod sayfası (/magaza/kontrol-kodlari/tx);;;;
Sıcaklık kontrol cihazları;TX;LCD Ekranlı PID’li Sıcaklık Kontrol Cihazları;TX4N-R4S;Üretimde;Kod sayfası (/magaza/kontrol-kodlari/tx);;;;
Sıcaklık kontrol cihazları;TX;LCD Ekranlı PID’li Sıcaklık Kontrol Cihazları;TX4N-T2C;Üretimde;Kod sayfası (/magaza/kontrol-kodlari/tx);;;;
Sıcaklık kontrol cihazları;TX;LCD Ekranlı PID’li Sıcaklık Kontrol Cihazları;TX4N-T2R;Üretimde;Kod sayfası (/magaza/kontrol-kodlari/tx);;;;
Sıcaklık kontrol cihazları;TX;LCD Ekranlı PID’li Sıcaklık Kontrol Cihazları;TX4N-T4C;Üretimde;Kod sayfası (/magaza/kontrol-kodlari/tx);;;;
Sıcaklık kontrol cihazları;TX;LCD Ekranlı PID’li Sıcaklık Kontrol Cihazları;TX4N-T4R;Üretimde;Kod sayfası (/magaza/kontrol-kodlari/tx);;;;
Sıcaklık kontrol cihazları;TX;LCD Ekranlı PID’li Sıcaklık Kontrol Cihazları;TX4N-T4S;Üretimde;Kod sayfası (/magaza/kontrol-kodlari/tx);;;;
Sıcaklık kontrol cihazları;TX;LCD Ekranlı PID’li Sıcaklık Kontrol Cihazları;TX4S-12C;Üretimde;Kod sayfası (/magaza/kontrol-kodlari/tx);;;;
Sıcaklık kontrol cihazları;TX;LCD Ekranlı PID’li Sıcaklık Kontrol Cihazları;TX4S-12C-L;Üretimde;Kod sayfası (/magaza/kontrol-kodlari/tx);;;;
Sıcaklık kontrol cihazları;TX;LCD Ekranlı PID’li Sıcaklık Kontrol Cihazları;TX4S-12R;Üretimde;Kod sayfası (/magaza/kontrol-kodlari/tx);;;;
Sıcaklık kontrol cihazları;TX;LCD Ekranlı PID’li Sıcaklık Kontrol Cihazları;TX4S-12R-L;Üretimde;Kod sayfası (/magaza/kontrol-kodlari/tx);;;;
Sıcaklık kontrol cihazları;TX;LCD Ekranlı PID’li Sıcaklık Kontrol Cihazları;TX4S-14C;Üretimde;Kod sayfası (/magaza/kontrol-kodlari/tx);;;;
Sıcaklık kontrol cihazları;TX;LCD Ekranlı PID’li Sıcaklık Kontrol Cihazları;TX4S-14C-L;Üretimde;Kod sayfası (/magaza/kontrol-kodlari/tx);;;;
Sıcaklık kontrol cihazları;TX;LCD Ekranlı PID’li Sıcaklık Kontrol Cihazları;TX4S-14R;Üretimde;Kod sayfası (/magaza/kontrol-kodlari/tx);;;;
Sıcaklık kontrol cihazları;TX;LCD Ekranlı PID’li Sıcaklık Kontrol Cihazları;TX4S-14R-L;Üretimde;Kod sayfası (/magaza/kontrol-kodlari/tx);;;;
Sıcaklık kontrol cihazları;TX;LCD Ekranlı PID’li Sıcaklık Kontrol Cihazları;TX4S-14S;Üretimde;Kod sayfası (/magaza/kontrol-kodlari/tx);;;;
Sıcaklık kontrol cihazları;TX;LCD Ekranlı PID’li Sıcaklık Kontrol Cihazları;TX4S-14S-L;Üretimde;Kod sayfası (/magaza/kontrol-kodlari/tx);;;;
Sıcaklık kontrol cihazları;TX;LCD Ekranlı PID’li Sıcaklık Kontrol Cihazları;TX4S-22C;Üretimde;Kod sayfası (/magaza/kontrol-kodlari/tx);;;;
Sıcaklık kontrol cihazları;TX;LCD Ekranlı PID’li Sıcaklık Kontrol Cihazları;TX4S-22C-L;Üretimde;Kod sayfası (/magaza/kontrol-kodlari/tx);;;;
Sıcaklık kontrol cihazları;TX;LCD Ekranlı PID’li Sıcaklık Kontrol Cihazları;TX4S-22R;Üretimde;Kod sayfası (/magaza/kontrol-kodlari/tx);;;;
Sıcaklık kontrol cihazları;TX;LCD Ekranlı PID’li Sıcaklık Kontrol Cihazları;TX4S-22R-L;Üretimde;Kod sayfası (/magaza/kontrol-kodlari/tx);;;;
Sıcaklık kontrol cihazları;TX;LCD Ekranlı PID’li Sıcaklık Kontrol Cihazları;TX4S-24C;Üretimde;Kod sayfası (/magaza/kontrol-kodlari/tx);;;;
Sıcaklık kontrol cihazları;TX;LCD Ekranlı PID’li Sıcaklık Kontrol Cihazları;TX4S-24C-L;Üretimde;Kod sayfası (/magaza/kontrol-kodlari/tx);;;;
Sıcaklık kontrol cihazları;TX;LCD Ekranlı PID’li Sıcaklık Kontrol Cihazları;TX4S-24R;Üretimde;Kod sayfası (/magaza/kontrol-kodlari/tx);;;;
Sıcaklık kontrol cihazları;TX;LCD Ekranlı PID’li Sıcaklık Kontrol Cihazları;TX4S-24R-L;Üretimde;Kod sayfası (/magaza/kontrol-kodlari/tx);;;;
Sıcaklık kontrol cihazları;TX;LCD Ekranlı PID’li Sıcaklık Kontrol Cihazları;TX4S-24S;Üretimde;Kod sayfası (/magaza/kontrol-kodlari/tx);;;;
Sıcaklık kontrol cihazları;TX;LCD Ekranlı PID’li Sıcaklık Kontrol Cihazları;TX4S-24S-L;Üretimde;Kod sayfası (/magaza/kontrol-kodlari/tx);;;;
Sıcaklık kontrol cihazları;TX;LCD Ekranlı PID’li Sıcaklık Kontrol Cihazları;TX4S-A2C;Üretimde;Kod sayfası (/magaza/kontrol-kodlari/tx);;;;
Sıcaklık kontrol cihazları;TX;LCD Ekranlı PID’li Sıcaklık Kontrol Cihazları;TX4S-A2C-L;Üretimde;Kod sayfası (/magaza/kontrol-kodlari/tx);;;;
Sıcaklık kontrol cihazları;TX;LCD Ekranlı PID’li Sıcaklık Kontrol Cihazları;TX4S-A2R;Üretimde;Kod sayfası (/magaza/kontrol-kodlari/tx);;;;
Sıcaklık kontrol cihazları;TX;LCD Ekranlı PID’li Sıcaklık Kontrol Cihazları;TX4S-A2R-L;Üretimde;Kod sayfası (/magaza/kontrol-kodlari/tx);;;;
Sıcaklık kontrol cihazları;TX;LCD Ekranlı PID’li Sıcaklık Kontrol Cihazları;TX4S-A4C;Üretimde;Kod sayfası (/magaza/kontrol-kodlari/tx);;;;
Sıcaklık kontrol cihazları;TX;LCD Ekranlı PID’li Sıcaklık Kontrol Cihazları;TX4S-A4C-L;Üretimde;Kod sayfası (/magaza/kontrol-kodlari/tx);;;;
Sıcaklık kontrol cihazları;TX;LCD Ekranlı PID’li Sıcaklık Kontrol Cihazları;TX4S-A4R;Üretimde;Kod sayfası (/magaza/kontrol-kodlari/tx);;;;
Sıcaklık kontrol cihazları;TX;LCD Ekranlı PID’li Sıcaklık Kontrol Cihazları;TX4S-A4R-L;Üretimde;Kod sayfası (/magaza/kontrol-kodlari/tx);;;;
Sıcaklık kontrol cihazları;TX;LCD Ekranlı PID’li Sıcaklık Kontrol Cihazları;TX4S-A4S;Üretimde;Kod sayfası (/magaza/kontrol-kodlari/tx);;;;
Sıcaklık kontrol cihazları;TX;LCD Ekranlı PID’li Sıcaklık Kontrol Cihazları;TX4S-A4S-L;Üretimde;Kod sayfası (/magaza/kontrol-kodlari/tx);;;;
Sıcaklık kontrol cihazları;TX;LCD Ekranlı PID’li Sıcaklık Kontrol Cihazları;TX4S-B2C;Üretimde;Kod sayfası (/magaza/kontrol-kodlari/tx);;;;
Sıcaklık kontrol cihazları;TX;LCD Ekranlı PID’li Sıcaklık Kontrol Cihazları;TX4S-B2C-L;Üretimde;Kod sayfası (/magaza/kontrol-kodlari/tx);;;;
Sıcaklık kontrol cihazları;TX;LCD Ekranlı PID’li Sıcaklık Kontrol Cihazları;TX4S-B2R;Üretimde;Kod sayfası (/magaza/kontrol-kodlari/tx);;;;
Sıcaklık kontrol cihazları;TX;LCD Ekranlı PID’li Sıcaklık Kontrol Cihazları;TX4S-B2R-L;Üretimde;Kod sayfası (/magaza/kontrol-kodlari/tx);;;;
Sıcaklık kontrol cihazları;TX;LCD Ekranlı PID’li Sıcaklık Kontrol Cihazları;TX4S-B4C;Üretimde;Kod sayfası (/magaza/kontrol-kodlari/tx);;;;
Sıcaklık kontrol cihazları;TX;LCD Ekranlı PID’li Sıcaklık Kontrol Cihazları;TX4S-B4C-L;Üretimde;Kod sayfası (/magaza/kontrol-kodlari/tx);;;;
Sıcaklık kontrol cihazları;TX;LCD Ekranlı PID’li Sıcaklık Kontrol Cihazları;TX4S-B4R;Üretimde;Kod sayfası (/magaza/kontrol-kodlari/tx);;;;
Sıcaklık kontrol cihazları;TX;LCD Ekranlı PID’li Sıcaklık Kontrol Cihazları;TX4S-B4R-L;Üretimde;Kod sayfası (/magaza/kontrol-kodlari/tx);;;;
Sıcaklık kontrol cihazları;TX;LCD Ekranlı PID’li Sıcaklık Kontrol Cihazları;TX4S-B4S;Üretimde;Kod sayfası (/magaza/kontrol-kodlari/tx);;;;
Sıcaklık kontrol cihazları;TX;LCD Ekranlı PID’li Sıcaklık Kontrol Cihazları;TX4S-B4S-L;Üretimde;Kod sayfası (/magaza/kontrol-kodlari/tx);;;;
Sıcaklık kontrol cihazları;TX;LCD Ekranlı PID’li Sıcaklık Kontrol Cihazları;TX4SP-12C;Üretimde;Kod sayfası (/magaza/kontrol-kodlari/tx);;;;
Sıcaklık kontrol cihazları;TX;LCD Ekranlı PID’li Sıcaklık Kontrol Cihazları;TX4SP-12R;Üretimde;Kod sayfası (/magaza/kontrol-kodlari/tx);;;;
Sıcaklık kontrol cihazları;TX;LCD Ekranlı PID’li Sıcaklık Kontrol Cihazları;TX4SP-14C;Üretimde;Kod sayfası (/magaza/kontrol-kodlari/tx);;;;
Sıcaklık kontrol cihazları;TX;LCD Ekranlı PID’li Sıcaklık Kontrol Cihazları;TX4SP-14R;Üretimde;Kod sayfası (/magaza/kontrol-kodlari/tx);;;;
Sıcaklık kontrol cihazları;TX;LCD Ekranlı PID’li Sıcaklık Kontrol Cihazları;TX4SP-14S;Üretimde;Kod sayfası (/magaza/kontrol-kodlari/tx);;;;
Sıcaklık kontrol cihazları;TX;LCD Ekranlı PID’li Sıcaklık Kontrol Cihazları;TX4SP-22C;Üretimde;Kod sayfası (/magaza/kontrol-kodlari/tx);;;;
Sıcaklık kontrol cihazları;TX;LCD Ekranlı PID’li Sıcaklık Kontrol Cihazları;TX4SP-22R;Üretimde;Kod sayfası (/magaza/kontrol-kodlari/tx);;;;
Sıcaklık kontrol cihazları;TX;LCD Ekranlı PID’li Sıcaklık Kontrol Cihazları;TX4SP-24C;Üretimde;Kod sayfası (/magaza/kontrol-kodlari/tx);;;;
Sıcaklık kontrol cihazları;TX;LCD Ekranlı PID’li Sıcaklık Kontrol Cihazları;TX4SP-24R;Üretimde;Kod sayfası (/magaza/kontrol-kodlari/tx);;;;
Sıcaklık kontrol cihazları;TX;LCD Ekranlı PID’li Sıcaklık Kontrol Cihazları;TX4SP-24S;Üretimde;Kod sayfası (/magaza/kontrol-kodlari/tx);;;;
Sıcaklık kontrol cihazları;TX;LCD Ekranlı PID’li Sıcaklık Kontrol Cihazları;TX4W-12C;Üretimde;Kod sayfası (/magaza/kontrol-kodlari/tx);;;;
Sıcaklık kontrol cihazları;TX;LCD Ekranlı PID’li Sıcaklık Kontrol Cihazları;TX4W-12R;Üretimde;Kod sayfası (/magaza/kontrol-kodlari/tx);;;;
Sıcaklık kontrol cihazları;TX;LCD Ekranlı PID’li Sıcaklık Kontrol Cihazları;TX4W-14C;Üretimde;Kod sayfası (/magaza/kontrol-kodlari/tx);;;;
Sıcaklık kontrol cihazları;TX;LCD Ekranlı PID’li Sıcaklık Kontrol Cihazları;TX4W-14R;Üretimde;Kod sayfası (/magaza/kontrol-kodlari/tx);;;;
Sıcaklık kontrol cihazları;TX;LCD Ekranlı PID’li Sıcaklık Kontrol Cihazları;TX4W-14S;Üretimde;Kod sayfası (/magaza/kontrol-kodlari/tx);;;;
Sıcaklık kontrol cihazları;TX;LCD Ekranlı PID’li Sıcaklık Kontrol Cihazları;TX4W-22C;Üretimde;Kod sayfası (/magaza/kontrol-kodlari/tx);;;;
Sıcaklık kontrol cihazları;TX;LCD Ekranlı PID’li Sıcaklık Kontrol Cihazları;TX4W-22R;Üretimde;Kod sayfası (/magaza/kontrol-kodlari/tx);;;;
Sıcaklık kontrol cihazları;TX;LCD Ekranlı PID’li Sıcaklık Kontrol Cihazları;TX4W-24C;Üretimde;Kod sayfası (/magaza/kontrol-kodlari/tx);;;;
Sıcaklık kontrol cihazları;TX;LCD Ekranlı PID’li Sıcaklık Kontrol Cihazları;TX4W-24R;Üretimde;Kod sayfası (/magaza/kontrol-kodlari/tx);;;;
Sıcaklık kontrol cihazları;TX;LCD Ekranlı PID’li Sıcaklık Kontrol Cihazları;TX4W-24S;Üretimde;Kod sayfası (/magaza/kontrol-kodlari/tx);;;;
Sıcaklık kontrol cihazları;TX;LCD Ekranlı PID’li Sıcaklık Kontrol Cihazları;TX4W-A2C;Üretimde;Kod sayfası (/magaza/kontrol-kodlari/tx);;;;
Sıcaklık kontrol cihazları;TX;LCD Ekranlı PID’li Sıcaklık Kontrol Cihazları;TX4W-A2R;Üretimde;Kod sayfası (/magaza/kontrol-kodlari/tx);;;;
Sıcaklık kontrol cihazları;TX;LCD Ekranlı PID’li Sıcaklık Kontrol Cihazları;TX4W-A4C;Üretimde;Kod sayfası (/magaza/kontrol-kodlari/tx);;;;
Sıcaklık kontrol cihazları;TX;LCD Ekranlı PID’li Sıcaklık Kontrol Cihazları;TX4W-A4R;Üretimde;Kod sayfası (/magaza/kontrol-kodlari/tx);;;;
Sıcaklık kontrol cihazları;TX;LCD Ekranlı PID’li Sıcaklık Kontrol Cihazları;TX4W-A4S;Üretimde;Kod sayfası (/magaza/kontrol-kodlari/tx);;;;
Sıcaklık kontrol cihazları;TX;LCD Ekranlı PID’li Sıcaklık Kontrol Cihazları;TX4W-B2C;Üretimde;Kod sayfası (/magaza/kontrol-kodlari/tx);;;;
Sıcaklık kontrol cihazları;TX;LCD Ekranlı PID’li Sıcaklık Kontrol Cihazları;TX4W-B2R;Üretimde;Kod sayfası (/magaza/kontrol-kodlari/tx);;;;
Sıcaklık kontrol cihazları;TX;LCD Ekranlı PID’li Sıcaklık Kontrol Cihazları;TX4W-B4C;Üretimde;Kod sayfası (/magaza/kontrol-kodlari/tx);;;;
Sıcaklık kontrol cihazları;TX;LCD Ekranlı PID’li Sıcaklık Kontrol Cihazları;TX4W-B4R;Üretimde;Kod sayfası (/magaza/kontrol-kodlari/tx);;;;
Sıcaklık kontrol cihazları;TX;LCD Ekranlı PID’li Sıcaklık Kontrol Cihazları;TX4W-B4S;Üretimde;Kod sayfası (/magaza/kontrol-kodlari/tx);;;;
Sıcaklık kontrol cihazları;TK;Yüksek Performanslı PID’li Sıcaklık Kontrol Cihazları;TK4H-12CC;Üretimde;Ürün (/magaza/autonics-tk4h-12cc);;;;
Sıcaklık kontrol cihazları;TK;Yüksek Performanslı PID’li Sıcaklık Kontrol Cihazları;TK4H-12CN;Üretimde;Ürün (/magaza/autonics-tk4h-12cn);;;;
Sıcaklık kontrol cihazları;TK;Yüksek Performanslı PID’li Sıcaklık Kontrol Cihazları;TK4H-12CR;Üretimde;Ürün (/magaza/autonics-tk4h-12cr);;;;
Sıcaklık kontrol cihazları;TK;Yüksek Performanslı PID’li Sıcaklık Kontrol Cihazları;TK4H-12RC;Üretimde;Ürün (/magaza/autonics-tk4h-12rc);;;;
Sıcaklık kontrol cihazları;TK;Yüksek Performanslı PID’li Sıcaklık Kontrol Cihazları;TK4H-12RN;Üretimde;Ürün (/magaza/autonics-tk4h-12rn);;;;
Sıcaklık kontrol cihazları;TK;Yüksek Performanslı PID’li Sıcaklık Kontrol Cihazları;TK4H-12RR;Üretimde;Ürün (/magaza/autonics-tk4h-12rr);;;;
Sıcaklık kontrol cihazları;TK;Yüksek Performanslı PID’li Sıcaklık Kontrol Cihazları;TK4H-14CC;Üretimde;Ürün (/magaza/autonics-tk4h-14cc);;;;
Sıcaklık kontrol cihazları;TK;Yüksek Performanslı PID’li Sıcaklık Kontrol Cihazları;TK4H-14CN;Üretimde;Ürün (/magaza/autonics-tk4h-14cn);;;;
Sıcaklık kontrol cihazları;TK;Yüksek Performanslı PID’li Sıcaklık Kontrol Cihazları;TK4H-14CR;Üretimde;Ürün (/magaza/autonics-tk4h-14cr);;;;
Sıcaklık kontrol cihazları;TK;Yüksek Performanslı PID’li Sıcaklık Kontrol Cihazları;TK4H-14RC;Üretimde;Ürün (/magaza/autonics-tk4h-14rc);;;;
Sıcaklık kontrol cihazları;TK;Yüksek Performanslı PID’li Sıcaklık Kontrol Cihazları;TK4H-14RN;Üretimde;Ürün (/magaza/autonics-tk4h-14rn);;;;
Sıcaklık kontrol cihazları;TK;Yüksek Performanslı PID’li Sıcaklık Kontrol Cihazları;TK4H-14RR;Üretimde;Ürün (/magaza/autonics-tk4h-14rr);;;;
Sıcaklık kontrol cihazları;TK;Yüksek Performanslı PID’li Sıcaklık Kontrol Cihazları;TK4H-14SC;Üretimde;Ürün (/magaza/autonics-tk4h-14sc);;;;
Sıcaklık kontrol cihazları;TK;Yüksek Performanslı PID’li Sıcaklık Kontrol Cihazları;TK4H-14SN;Üretimde;Ürün (/magaza/autonics-tk4h-14sn);;;;
Sıcaklık kontrol cihazları;TK;Yüksek Performanslı PID’li Sıcaklık Kontrol Cihazları;TK4H-14SR;Üretimde;Ürün (/magaza/autonics-tk4h-14sr);;;;
Sıcaklık kontrol cihazları;TK;Yüksek Performanslı PID’li Sıcaklık Kontrol Cihazları;TK4H-22CC;Üretimde;Ürün (/magaza/autonics-tk4h-22cc);;;;
Sıcaklık kontrol cihazları;TK;Yüksek Performanslı PID’li Sıcaklık Kontrol Cihazları;TK4H-22CN;Üretimde;Ürün (/magaza/autonics-tk4h-22cn);;;;
Sıcaklık kontrol cihazları;TK;Yüksek Performanslı PID’li Sıcaklık Kontrol Cihazları;TK4H-22CR;Üretimde;Ürün (/magaza/autonics-tk4h-22cr);;;;
Sıcaklık kontrol cihazları;TK;Yüksek Performanslı PID’li Sıcaklık Kontrol Cihazları;TK4H-22RC;Üretimde;Ürün (/magaza/autonics-tk4h-22rc);;;;
Sıcaklık kontrol cihazları;TK;Yüksek Performanslı PID’li Sıcaklık Kontrol Cihazları;TK4H-22RN;Üretimde;Ürün (/magaza/autonics-tk4h-22rn);;;;
Sıcaklık kontrol cihazları;TK;Yüksek Performanslı PID’li Sıcaklık Kontrol Cihazları;TK4H-22RR;Üretimde;Ürün (/magaza/autonics-tk4h-22rr);;;;
Sıcaklık kontrol cihazları;TK;Yüksek Performanslı PID’li Sıcaklık Kontrol Cihazları;TK4H-24CC;Üretimde;Ürün (/magaza/autonics-tk4h-24cc);;;;
Sıcaklık kontrol cihazları;TK;Yüksek Performanslı PID’li Sıcaklık Kontrol Cihazları;TK4H-24CN;Üretimde;Ürün (/magaza/autonics-tk4h-24cn);;;;
Sıcaklık kontrol cihazları;TK;Yüksek Performanslı PID’li Sıcaklık Kontrol Cihazları;TK4H-24CR;Üretimde;Ürün (/magaza/autonics-tk4h-24cr);;;;
Sıcaklık kontrol cihazları;TK;Yüksek Performanslı PID’li Sıcaklık Kontrol Cihazları;TK4H-24RC;Üretimde;Ürün (/magaza/autonics-tk4h-24rc);;;;
Sıcaklık kontrol cihazları;TK;Yüksek Performanslı PID’li Sıcaklık Kontrol Cihazları;TK4H-24RN;Üretimde;Ürün (/magaza/autonics-tk4h-24rn);;;;
Sıcaklık kontrol cihazları;TK;Yüksek Performanslı PID’li Sıcaklık Kontrol Cihazları;TK4H-24RR;Üretimde;Ürün (/magaza/autonics-tk4h-24rr);;;;
Sıcaklık kontrol cihazları;TK;Yüksek Performanslı PID’li Sıcaklık Kontrol Cihazları;TK4H-24SC;Üretimde;Ürün (/magaza/autonics-tk4h-24sc);;;;
Sıcaklık kontrol cihazları;TK;Yüksek Performanslı PID’li Sıcaklık Kontrol Cihazları;TK4H-24SN;Üretimde;Ürün (/magaza/autonics-tk4h-24sn);;;;
Sıcaklık kontrol cihazları;TK;Yüksek Performanslı PID’li Sıcaklık Kontrol Cihazları;TK4H-24SR;Üretimde;Ürün (/magaza/autonics-tk4h-24sr);;;;
Sıcaklık kontrol cihazları;TK;Yüksek Performanslı PID’li Sıcaklık Kontrol Cihazları;TK4H-A2CC;Üretimde;Ürün (/magaza/autonics-tk4h-a2cc);;;;
Sıcaklık kontrol cihazları;TK;Yüksek Performanslı PID’li Sıcaklık Kontrol Cihazları;TK4H-A2CN;Üretimde;Ürün (/magaza/autonics-tk4h-a2cn);;;;
Sıcaklık kontrol cihazları;TK;Yüksek Performanslı PID’li Sıcaklık Kontrol Cihazları;TK4H-A2CR;Üretimde;Ürün (/magaza/autonics-tk4h-a2cr);;;;
Sıcaklık kontrol cihazları;TK;Yüksek Performanslı PID’li Sıcaklık Kontrol Cihazları;TK4H-A2RC;Üretimde;Ürün (/magaza/autonics-tk4h-a2rc);;;;
Sıcaklık kontrol cihazları;TK;Yüksek Performanslı PID’li Sıcaklık Kontrol Cihazları;TK4H-A2RN;Üretimde;Ürün (/magaza/autonics-tk4h-a2rn);;;;
Sıcaklık kontrol cihazları;TK;Yüksek Performanslı PID’li Sıcaklık Kontrol Cihazları;TK4H-A2RR;Üretimde;Ürün (/magaza/autonics-tk4h-a2rr);;;;
Sıcaklık kontrol cihazları;TK;Yüksek Performanslı PID’li Sıcaklık Kontrol Cihazları;TK4H-A4CC;Üretimde;Ürün (/magaza/autonics-tk4h-a4cc);;;;
Sıcaklık kontrol cihazları;TK;Yüksek Performanslı PID’li Sıcaklık Kontrol Cihazları;TK4H-A4CN;Üretimde;Ürün (/magaza/autonics-tk4h-a4cn);;;;
Sıcaklık kontrol cihazları;TK;Yüksek Performanslı PID’li Sıcaklık Kontrol Cihazları;TK4H-A4CR;Üretimde;Ürün (/magaza/autonics-tk4h-a4cr);;;;
Sıcaklık kontrol cihazları;TK;Yüksek Performanslı PID’li Sıcaklık Kontrol Cihazları;TK4H-A4RC;Üretimde;Ürün (/magaza/autonics-tk4h-a4rc);;;;
Sıcaklık kontrol cihazları;TK;Yüksek Performanslı PID’li Sıcaklık Kontrol Cihazları;TK4H-A4RN;Üretimde;Ürün (/magaza/autonics-tk4h-a4rn);;;;
Sıcaklık kontrol cihazları;TK;Yüksek Performanslı PID’li Sıcaklık Kontrol Cihazları;TK4H-A4RR;Üretimde;Ürün (/magaza/autonics-tk4h-a4rr);;;;
Sıcaklık kontrol cihazları;TK;Yüksek Performanslı PID’li Sıcaklık Kontrol Cihazları;TK4H-A4SC;Üretimde;Ürün (/magaza/autonics-tk4h-a4sc);;;;
Sıcaklık kontrol cihazları;TK;Yüksek Performanslı PID’li Sıcaklık Kontrol Cihazları;TK4H-A4SN;Üretimde;Ürün (/magaza/autonics-tk4h-a4sn);;;;
Sıcaklık kontrol cihazları;TK;Yüksek Performanslı PID’li Sıcaklık Kontrol Cihazları;TK4H-A4SR;Üretimde;Ürün (/magaza/autonics-tk4h-a4sr);;;;
Sıcaklık kontrol cihazları;TK;Yüksek Performanslı PID’li Sıcaklık Kontrol Cihazları;TK4H-B2CC;Üretimde;Ürün (/magaza/autonics-tk4h-b2cc);;;;
Sıcaklık kontrol cihazları;TK;Yüksek Performanslı PID’li Sıcaklık Kontrol Cihazları;TK4H-B2CN;Üretimde;Ürün (/magaza/autonics-tk4h-b2cn);;;;
Sıcaklık kontrol cihazları;TK;Yüksek Performanslı PID’li Sıcaklık Kontrol Cihazları;TK4H-B2CR;Üretimde;Ürün (/magaza/autonics-tk4h-b2cr);;;;
Sıcaklık kontrol cihazları;TK;Yüksek Performanslı PID’li Sıcaklık Kontrol Cihazları;TK4H-B2RC;Üretimde;Ürün (/magaza/autonics-tk4h-b2rc);;;;
Sıcaklık kontrol cihazları;TK;Yüksek Performanslı PID’li Sıcaklık Kontrol Cihazları;TK4H-B2RN;Üretimde;Ürün (/magaza/autonics-tk4h-b2rn);;;;
Sıcaklık kontrol cihazları;TK;Yüksek Performanslı PID’li Sıcaklık Kontrol Cihazları;TK4H-B2RR;Üretimde;Ürün (/magaza/autonics-tk4h-b2rr);;;;
Sıcaklık kontrol cihazları;TK;Yüksek Performanslı PID’li Sıcaklık Kontrol Cihazları;TK4H-B4CC;Üretimde;Ürün (/magaza/autonics-tk4h-b4cc);;;;
Sıcaklık kontrol cihazları;TK;Yüksek Performanslı PID’li Sıcaklık Kontrol Cihazları;TK4H-B4CN;Üretimde;Ürün (/magaza/autonics-tk4h-b4cn);;;;
Sıcaklık kontrol cihazları;TK;Yüksek Performanslı PID’li Sıcaklık Kontrol Cihazları;TK4H-B4CR;Üretimde;Ürün (/magaza/autonics-tk4h-b4cr);;;;
Sıcaklık kontrol cihazları;TK;Yüksek Performanslı PID’li Sıcaklık Kontrol Cihazları;TK4H-B4RC;Üretimde;Ürün (/magaza/autonics-tk4h-b4rc);;;;
Sıcaklık kontrol cihazları;TK;Yüksek Performanslı PID’li Sıcaklık Kontrol Cihazları;TK4H-B4RN;Üretimde;Ürün (/magaza/autonics-tk4h-b4rn);;;;
Sıcaklık kontrol cihazları;TK;Yüksek Performanslı PID’li Sıcaklık Kontrol Cihazları;TK4H-B4RR;Üretimde;Ürün (/magaza/autonics-tk4h-b4rr);;;;
Sıcaklık kontrol cihazları;TK;Yüksek Performanslı PID’li Sıcaklık Kontrol Cihazları;TK4H-B4SC;Üretimde;Ürün (/magaza/autonics-tk4h-b4sc);;;;
Sıcaklık kontrol cihazları;TK;Yüksek Performanslı PID’li Sıcaklık Kontrol Cihazları;TK4H-B4SN;Üretimde;Ürün (/magaza/autonics-tk4h-b4sn);;;;
Sıcaklık kontrol cihazları;TK;Yüksek Performanslı PID’li Sıcaklık Kontrol Cihazları;TK4H-B4SR;Üretimde;Ürün (/magaza/autonics-tk4h-b4sr);;;;
Sıcaklık kontrol cihazları;TK;Yüksek Performanslı PID’li Sıcaklık Kontrol Cihazları;TK4H-R2CC;Üretimde;Ürün (/magaza/autonics-tk4h-r2cc);;;;
Sıcaklık kontrol cihazları;TK;Yüksek Performanslı PID’li Sıcaklık Kontrol Cihazları;TK4H-R2CN;Üretimde;Ürün (/magaza/autonics-tk4h-r2cn);;;;
Sıcaklık kontrol cihazları;TK;Yüksek Performanslı PID’li Sıcaklık Kontrol Cihazları;TK4H-R2CR;Üretimde;Ürün (/magaza/autonics-tk4h-r2cr);;;;
Sıcaklık kontrol cihazları;TK;Yüksek Performanslı PID’li Sıcaklık Kontrol Cihazları;TK4H-R2RC;Üretimde;Ürün (/magaza/autonics-tk4h-r2rc);;;;
Sıcaklık kontrol cihazları;TK;Yüksek Performanslı PID’li Sıcaklık Kontrol Cihazları;TK4H-R2RN;Üretimde;Ürün (/magaza/autonics-tk4h-r2rn);;;;
Sıcaklık kontrol cihazları;TK;Yüksek Performanslı PID’li Sıcaklık Kontrol Cihazları;TK4H-R2RR;Üretimde;Ürün (/magaza/autonics-tk4h-r2rr);;;;
Sıcaklık kontrol cihazları;TK;Yüksek Performanslı PID’li Sıcaklık Kontrol Cihazları;TK4H-R4CC;Üretimde;Ürün (/magaza/autonics-tk4h-r4cc);;;;
Sıcaklık kontrol cihazları;TK;Yüksek Performanslı PID’li Sıcaklık Kontrol Cihazları;TK4H-R4CN;Üretimde;Ürün (/magaza/autonics-tk4h-r4cn);;;;
Sıcaklık kontrol cihazları;TK;Yüksek Performanslı PID’li Sıcaklık Kontrol Cihazları;TK4H-R4CR;Üretimde;Ürün (/magaza/autonics-tk4h-r4cr);;;;
Sıcaklık kontrol cihazları;TK;Yüksek Performanslı PID’li Sıcaklık Kontrol Cihazları;TK4H-R4RC;Üretimde;Ürün (/magaza/autonics-tk4h-r4rc);;;;
Sıcaklık kontrol cihazları;TK;Yüksek Performanslı PID’li Sıcaklık Kontrol Cihazları;TK4H-R4RN;Üretimde;Ürün (/magaza/autonics-tk4h-r4rn);;;;
Sıcaklık kontrol cihazları;TK;Yüksek Performanslı PID’li Sıcaklık Kontrol Cihazları;TK4H-R4RR;Üretimde;Ürün (/magaza/autonics-tk4h-r4rr);;;;
Sıcaklık kontrol cihazları;TK;Yüksek Performanslı PID’li Sıcaklık Kontrol Cihazları;TK4H-R4SC;Üretimde;Ürün (/magaza/autonics-tk4h-r4sc);;;;
Sıcaklık kontrol cihazları;TK;Yüksek Performanslı PID’li Sıcaklık Kontrol Cihazları;TK4H-R4SN;Üretimde;Ürün (/magaza/autonics-tk4h-r4sn);;;;
Sıcaklık kontrol cihazları;TK;Yüksek Performanslı PID’li Sıcaklık Kontrol Cihazları;TK4H-R4SR;Üretimde;Ürün (/magaza/autonics-tk4h-r4sr);;;;
Sıcaklık kontrol cihazları;TK;Yüksek Performanslı PID’li Sıcaklık Kontrol Cihazları;TK4H-T2CC;Üretimde;Ürün (/magaza/autonics-tk4h-t2cc);;;;
Sıcaklık kontrol cihazları;TK;Yüksek Performanslı PID’li Sıcaklık Kontrol Cihazları;TK4H-T2CN;Üretimde;Ürün (/magaza/autonics-tk4h-t2cn);;;;
Sıcaklık kontrol cihazları;TK;Yüksek Performanslı PID’li Sıcaklık Kontrol Cihazları;TK4H-T2CR;Üretimde;Ürün (/magaza/autonics-tk4h-t2cr);;;;
Sıcaklık kontrol cihazları;TK;Yüksek Performanslı PID’li Sıcaklık Kontrol Cihazları;TK4H-T2RC;Üretimde;Ürün (/magaza/autonics-tk4h-t2rc);;;;
Sıcaklık kontrol cihazları;TK;Yüksek Performanslı PID’li Sıcaklık Kontrol Cihazları;TK4H-T2RN;Üretimde;Ürün (/magaza/autonics-tk4h-t2rn);;;;
Sıcaklık kontrol cihazları;TK;Yüksek Performanslı PID’li Sıcaklık Kontrol Cihazları;TK4H-T2RR;Üretimde;Ürün (/magaza/autonics-tk4h-t2rr);;;;
Sıcaklık kontrol cihazları;TK;Yüksek Performanslı PID’li Sıcaklık Kontrol Cihazları;TK4H-T4CC;Üretimde;Ürün (/magaza/autonics-tk4h-t4cc);;;;
Sıcaklık kontrol cihazları;TK;Yüksek Performanslı PID’li Sıcaklık Kontrol Cihazları;TK4H-T4CN;Üretimde;Ürün (/magaza/autonics-tk4h-t4cn);;;;
Sıcaklık kontrol cihazları;TK;Yüksek Performanslı PID’li Sıcaklık Kontrol Cihazları;TK4H-T4CR;Üretimde;Ürün (/magaza/autonics-tk4h-t4cr);;;;
Sıcaklık kontrol cihazları;TK;Yüksek Performanslı PID’li Sıcaklık Kontrol Cihazları;TK4H-T4RC;Üretimde;Ürün (/magaza/autonics-tk4h-t4rc);;;;
Sıcaklık kontrol cihazları;TK;Yüksek Performanslı PID’li Sıcaklık Kontrol Cihazları;TK4H-T4RN;Üretimde;Ürün (/magaza/autonics-tk4h-t4rn);;;;
Sıcaklık kontrol cihazları;TK;Yüksek Performanslı PID’li Sıcaklık Kontrol Cihazları;TK4H-T4RR;Üretimde;Ürün (/magaza/autonics-tk4h-t4rr);;;;
Sıcaklık kontrol cihazları;TK;Yüksek Performanslı PID’li Sıcaklık Kontrol Cihazları;TK4H-T4SC;Üretimde;Ürün (/magaza/autonics-tk4h-t4sc);;;;
Sıcaklık kontrol cihazları;TK;Yüksek Performanslı PID’li Sıcaklık Kontrol Cihazları;TK4H-T4SN;Üretimde;Ürün (/magaza/autonics-tk4h-t4sn);;;;
Sıcaklık kontrol cihazları;TK;Yüksek Performanslı PID’li Sıcaklık Kontrol Cihazları;TK4H-T4SR;Üretimde;Ürün (/magaza/autonics-tk4h-t4sr);;;;
Sıcaklık kontrol cihazları;TK;Yüksek Performanslı PID’li Sıcaklık Kontrol Cihazları;TK4L-12CC;Üretimde;Ürün (/magaza/autonics-tk4l-12cc);;;;
Sıcaklık kontrol cihazları;TK;Yüksek Performanslı PID’li Sıcaklık Kontrol Cihazları;TK4L-12CN;Üretimde;Ürün (/magaza/autonics-tk4l-12cn);;;;
Sıcaklık kontrol cihazları;TK;Yüksek Performanslı PID’li Sıcaklık Kontrol Cihazları;TK4L-12CR;Üretimde;Ürün (/magaza/autonics-tk4l-12cr);;;;
Sıcaklık kontrol cihazları;TK;Yüksek Performanslı PID’li Sıcaklık Kontrol Cihazları;TK4L-12RC;Üretimde;Ürün (/magaza/autonics-tk4l-12rc);;;;
Sıcaklık kontrol cihazları;TK;Yüksek Performanslı PID’li Sıcaklık Kontrol Cihazları;TK4L-12RN;Üretimde;Ürün (/magaza/autonics-tk4l-12rn);;;;
Sıcaklık kontrol cihazları;TK;Yüksek Performanslı PID’li Sıcaklık Kontrol Cihazları;TK4L-12RR;Üretimde;Ürün (/magaza/autonics-tk4l-12rr);;;;
Sıcaklık kontrol cihazları;TK;Yüksek Performanslı PID’li Sıcaklık Kontrol Cihazları;TK4L-14CC;Üretimde;Ürün (/magaza/autonics-tk4l-14cc);;;;
Sıcaklık kontrol cihazları;TK;Yüksek Performanslı PID’li Sıcaklık Kontrol Cihazları;TK4L-14CN;Üretimde;Ürün (/magaza/autonics-tk4l-14cn);;;;
Sıcaklık kontrol cihazları;TK;Yüksek Performanslı PID’li Sıcaklık Kontrol Cihazları;TK4L-14CR;Üretimde;Ürün (/magaza/autonics-tk4l-14cr);;;;
Sıcaklık kontrol cihazları;TK;Yüksek Performanslı PID’li Sıcaklık Kontrol Cihazları;TK4L-14RC;Üretimde;Ürün (/magaza/autonics-tk4l-14rc);;;;
Sıcaklık kontrol cihazları;TK;Yüksek Performanslı PID’li Sıcaklık Kontrol Cihazları;TK4L-14RN;Üretimde;Ürün (/magaza/autonics-tk4l-14rn);;;;
Sıcaklık kontrol cihazları;TK;Yüksek Performanslı PID’li Sıcaklık Kontrol Cihazları;TK4L-14RR;Üretimde;Ürün (/magaza/autonics-tk4l-14rr);;;;
Sıcaklık kontrol cihazları;TK;Yüksek Performanslı PID’li Sıcaklık Kontrol Cihazları;TK4L-14SC;Üretimde;Ürün (/magaza/autonics-tk4l-14sc);;;;
Sıcaklık kontrol cihazları;TK;Yüksek Performanslı PID’li Sıcaklık Kontrol Cihazları;TK4L-14SN;Üretimde;Ürün (/magaza/autonics-tk4l-14sn);;;;
Sıcaklık kontrol cihazları;TK;Yüksek Performanslı PID’li Sıcaklık Kontrol Cihazları;TK4L-14SR;Üretimde;Ürün (/magaza/autonics-tk4l-14sr);;;;
Sıcaklık kontrol cihazları;TK;Yüksek Performanslı PID’li Sıcaklık Kontrol Cihazları;TK4L-22CC;Üretimde;Ürün (/magaza/autonics-tk4l-22cc);;;;
Sıcaklık kontrol cihazları;TK;Yüksek Performanslı PID’li Sıcaklık Kontrol Cihazları;TK4L-22CN;Üretimde;Ürün (/magaza/autonics-tk4l-22cn);;;;
Sıcaklık kontrol cihazları;TK;Yüksek Performanslı PID’li Sıcaklık Kontrol Cihazları;TK4L-22CR;Üretimde;Ürün (/magaza/autonics-tk4l-22cr);;;;
Sıcaklık kontrol cihazları;TK;Yüksek Performanslı PID’li Sıcaklık Kontrol Cihazları;TK4L-22RC;Üretimde;Ürün (/magaza/autonics-tk4l-22rc);;;;
Sıcaklık kontrol cihazları;TK;Yüksek Performanslı PID’li Sıcaklık Kontrol Cihazları;TK4L-22RN;Üretimde;Ürün (/magaza/autonics-tk4l-22rn);;;;
Sıcaklık kontrol cihazları;TK;Yüksek Performanslı PID’li Sıcaklık Kontrol Cihazları;TK4L-22RR;Üretimde;Ürün (/magaza/autonics-tk4l-22rr);;;;
Sıcaklık kontrol cihazları;TK;Yüksek Performanslı PID’li Sıcaklık Kontrol Cihazları;TK4L-24CC;Üretimde;Ürün (/magaza/autonics-tk4l-24cc);;;;
Sıcaklık kontrol cihazları;TK;Yüksek Performanslı PID’li Sıcaklık Kontrol Cihazları;TK4L-24CN;Üretimde;Ürün (/magaza/autonics-tk4l-24cn);;;;
Sıcaklık kontrol cihazları;TK;Yüksek Performanslı PID’li Sıcaklık Kontrol Cihazları;TK4L-24CR;Üretimde;Ürün (/magaza/autonics-tk4l-24cr);;;;
Sıcaklık kontrol cihazları;TK;Yüksek Performanslı PID’li Sıcaklık Kontrol Cihazları;TK4L-24RC;Üretimde;Ürün (/magaza/autonics-tk4l-24rc);;;;
Sıcaklık kontrol cihazları;TK;Yüksek Performanslı PID’li Sıcaklık Kontrol Cihazları;TK4L-24RN;Üretimde;Ürün (/magaza/autonics-tk4l-24rn);;;;
Sıcaklık kontrol cihazları;TK;Yüksek Performanslı PID’li Sıcaklık Kontrol Cihazları;TK4L-24RR;Üretimde;Ürün (/magaza/autonics-tk4l-24rr);;;;
Sıcaklık kontrol cihazları;TK;Yüksek Performanslı PID’li Sıcaklık Kontrol Cihazları;TK4L-24SC;Üretimde;Ürün (/magaza/autonics-tk4l-24sc);;;;
Sıcaklık kontrol cihazları;TK;Yüksek Performanslı PID’li Sıcaklık Kontrol Cihazları;TK4L-24SN;Üretimde;Ürün (/magaza/autonics-tk4l-24sn);;;;
Sıcaklık kontrol cihazları;TK;Yüksek Performanslı PID’li Sıcaklık Kontrol Cihazları;TK4L-24SR;Üretimde;Ürün (/magaza/autonics-tk4l-24sr);;;;
Sıcaklık kontrol cihazları;TK;Yüksek Performanslı PID’li Sıcaklık Kontrol Cihazları;TK4L-A2CC;Üretimde;Ürün (/magaza/autonics-tk4l-a2cc);;;;
Sıcaklık kontrol cihazları;TK;Yüksek Performanslı PID’li Sıcaklık Kontrol Cihazları;TK4L-A2CN;Üretimde;Ürün (/magaza/autonics-tk4l-a2cn);;;;
Sıcaklık kontrol cihazları;TK;Yüksek Performanslı PID’li Sıcaklık Kontrol Cihazları;TK4L-A2CR;Üretimde;Ürün (/magaza/autonics-tk4l-a2cr);;;;
Sıcaklık kontrol cihazları;TK;Yüksek Performanslı PID’li Sıcaklık Kontrol Cihazları;TK4L-A2RC;Üretimde;Ürün (/magaza/autonics-tk4l-a2rc);;;;
Sıcaklık kontrol cihazları;TK;Yüksek Performanslı PID’li Sıcaklık Kontrol Cihazları;TK4L-A2RN;Üretimde;Ürün (/magaza/autonics-tk4l-a2rn);;;;
Sıcaklık kontrol cihazları;TK;Yüksek Performanslı PID’li Sıcaklık Kontrol Cihazları;TK4L-A2RR;Üretimde;Ürün (/magaza/autonics-tk4l-a2rr);;;;
Sıcaklık kontrol cihazları;TK;Yüksek Performanslı PID’li Sıcaklık Kontrol Cihazları;TK4L-A4CC;Üretimde;Ürün (/magaza/autonics-tk4l-a4cc);;;;
Sıcaklık kontrol cihazları;TK;Yüksek Performanslı PID’li Sıcaklık Kontrol Cihazları;TK4L-A4CN;Üretimde;Ürün (/magaza/autonics-tk4l-a4cn);;;;
Sıcaklık kontrol cihazları;TK;Yüksek Performanslı PID’li Sıcaklık Kontrol Cihazları;TK4L-A4CR;Üretimde;Ürün (/magaza/autonics-tk4l-a4cr);;;;
Sıcaklık kontrol cihazları;TK;Yüksek Performanslı PID’li Sıcaklık Kontrol Cihazları;TK4L-A4RC;Üretimde;Ürün (/magaza/autonics-tk4l-a4rc);;;;
Sıcaklık kontrol cihazları;TK;Yüksek Performanslı PID’li Sıcaklık Kontrol Cihazları;TK4L-A4RN;Üretimde;Ürün (/magaza/autonics-tk4l-a4rn);;;;
Sıcaklık kontrol cihazları;TK;Yüksek Performanslı PID’li Sıcaklık Kontrol Cihazları;TK4L-A4RR;Üretimde;Ürün (/magaza/autonics-tk4l-a4rr);;;;
Sıcaklık kontrol cihazları;TK;Yüksek Performanslı PID’li Sıcaklık Kontrol Cihazları;TK4L-A4SC;Üretimde;Ürün (/magaza/autonics-tk4l-a4sc);;;;
Sıcaklık kontrol cihazları;TK;Yüksek Performanslı PID’li Sıcaklık Kontrol Cihazları;TK4L-A4SN;Üretimde;Ürün (/magaza/autonics-tk4l-a4sn);;;;
Sıcaklık kontrol cihazları;TK;Yüksek Performanslı PID’li Sıcaklık Kontrol Cihazları;TK4L-A4SR;Üretimde;Ürün (/magaza/autonics-tk4l-a4sr);;;;
Sıcaklık kontrol cihazları;TK;Yüksek Performanslı PID’li Sıcaklık Kontrol Cihazları;TK4L-B2CC;Üretimde;Ürün (/magaza/autonics-tk4l-b2cc);;;;
Sıcaklık kontrol cihazları;TK;Yüksek Performanslı PID’li Sıcaklık Kontrol Cihazları;TK4L-B2CN;Üretimde;Ürün (/magaza/autonics-tk4l-b2cn);;;;
Sıcaklık kontrol cihazları;TK;Yüksek Performanslı PID’li Sıcaklık Kontrol Cihazları;TK4L-B2CR;Üretimde;Ürün (/magaza/autonics-tk4l-b2cr);;;;
Sıcaklık kontrol cihazları;TK;Yüksek Performanslı PID’li Sıcaklık Kontrol Cihazları;TK4L-B2RC;Üretimde;Ürün (/magaza/autonics-tk4l-b2rc);;;;
Sıcaklık kontrol cihazları;TK;Yüksek Performanslı PID’li Sıcaklık Kontrol Cihazları;TK4L-B2RN;Üretimde;Ürün (/magaza/autonics-tk4l-b2rn);;;;
Sıcaklık kontrol cihazları;TK;Yüksek Performanslı PID’li Sıcaklık Kontrol Cihazları;TK4L-B2RR;Üretimde;Ürün (/magaza/autonics-tk4l-b2rr);;;;
Sıcaklık kontrol cihazları;TK;Yüksek Performanslı PID’li Sıcaklık Kontrol Cihazları;TK4L-B4CC;Üretimde;Ürün (/magaza/autonics-tk4l-b4cc);;;;
Sıcaklık kontrol cihazları;TK;Yüksek Performanslı PID’li Sıcaklık Kontrol Cihazları;TK4L-B4CN;Üretimde;Ürün (/magaza/autonics-tk4l-b4cn);;;;
Sıcaklık kontrol cihazları;TK;Yüksek Performanslı PID’li Sıcaklık Kontrol Cihazları;TK4L-B4CR;Üretimde;Ürün (/magaza/autonics-tk4l-b4cr);;;;
Sıcaklık kontrol cihazları;TK;Yüksek Performanslı PID’li Sıcaklık Kontrol Cihazları;TK4L-B4RC;Üretimde;Ürün (/magaza/autonics-tk4l-b4rc);;;;
Sıcaklık kontrol cihazları;TK;Yüksek Performanslı PID’li Sıcaklık Kontrol Cihazları;TK4L-B4RN;Üretimde;Ürün (/magaza/autonics-tk4l-b4rn);;;;
Sıcaklık kontrol cihazları;TK;Yüksek Performanslı PID’li Sıcaklık Kontrol Cihazları;TK4L-B4RR;Üretimde;Ürün (/magaza/autonics-tk4l-b4rr);;;;
Sıcaklık kontrol cihazları;TK;Yüksek Performanslı PID’li Sıcaklık Kontrol Cihazları;TK4L-B4SC;Üretimde;Ürün (/magaza/autonics-tk4l-b4sc);;;;
Sıcaklık kontrol cihazları;TK;Yüksek Performanslı PID’li Sıcaklık Kontrol Cihazları;TK4L-B4SN;Üretimde;Ürün (/magaza/autonics-tk4l-b4sn);;;;
Sıcaklık kontrol cihazları;TK;Yüksek Performanslı PID’li Sıcaklık Kontrol Cihazları;TK4L-B4SR;Üretimde;Ürün (/magaza/autonics-tk4l-b4sr);;;;
Sıcaklık kontrol cihazları;TK;Yüksek Performanslı PID’li Sıcaklık Kontrol Cihazları;TK4L-R2CC;Üretimde;Ürün (/magaza/autonics-tk4l-r2cc);;;;
Sıcaklık kontrol cihazları;TK;Yüksek Performanslı PID’li Sıcaklık Kontrol Cihazları;TK4L-R2CN;Üretimde;Ürün (/magaza/autonics-tk4l-r2cn);;;;
Sıcaklık kontrol cihazları;TK;Yüksek Performanslı PID’li Sıcaklık Kontrol Cihazları;TK4L-R2CR;Üretimde;Ürün (/magaza/autonics-tk4l-r2cr);;;;
Sıcaklık kontrol cihazları;TK;Yüksek Performanslı PID’li Sıcaklık Kontrol Cihazları;TK4L-R2RC;Üretimde;Ürün (/magaza/autonics-tk4l-r2rc);;;;
Sıcaklık kontrol cihazları;TK;Yüksek Performanslı PID’li Sıcaklık Kontrol Cihazları;TK4L-R2RN;Üretimde;Ürün (/magaza/autonics-tk4l-r2rn);;;;
Sıcaklık kontrol cihazları;TK;Yüksek Performanslı PID’li Sıcaklık Kontrol Cihazları;TK4L-R2RR;Üretimde;Ürün (/magaza/autonics-tk4l-r2rr);;;;
Sıcaklık kontrol cihazları;TK;Yüksek Performanslı PID’li Sıcaklık Kontrol Cihazları;TK4L-R4CC;Üretimde;Ürün (/magaza/autonics-tk4l-r4cc);;;;
Sıcaklık kontrol cihazları;TK;Yüksek Performanslı PID’li Sıcaklık Kontrol Cihazları;TK4L-R4CN;Üretimde;Ürün (/magaza/autonics-tk4l-r4cn);;;;
Sıcaklık kontrol cihazları;TK;Yüksek Performanslı PID’li Sıcaklık Kontrol Cihazları;TK4L-R4CR;Üretimde;Ürün (/magaza/autonics-tk4l-r4cr);;;;
Sıcaklık kontrol cihazları;TK;Yüksek Performanslı PID’li Sıcaklık Kontrol Cihazları;TK4L-R4RC;Üretimde;Ürün (/magaza/autonics-tk4l-r4rc);;;;
Sıcaklık kontrol cihazları;TK;Yüksek Performanslı PID’li Sıcaklık Kontrol Cihazları;TK4L-R4RN;Üretimde;Ürün (/magaza/autonics-tk4l-r4rn);;;;
Sıcaklık kontrol cihazları;TK;Yüksek Performanslı PID’li Sıcaklık Kontrol Cihazları;TK4L-R4RR;Üretimde;Ürün (/magaza/autonics-tk4l-r4rr);;;;
Sıcaklık kontrol cihazları;TK;Yüksek Performanslı PID’li Sıcaklık Kontrol Cihazları;TK4L-R4SC;Üretimde;Ürün (/magaza/autonics-tk4l-r4sc);;;;
Sıcaklık kontrol cihazları;TK;Yüksek Performanslı PID’li Sıcaklık Kontrol Cihazları;TK4L-R4SN;Üretimde;Ürün (/magaza/autonics-tk4l-r4sn);;;;
Sıcaklık kontrol cihazları;TK;Yüksek Performanslı PID’li Sıcaklık Kontrol Cihazları;TK4L-R4SR;Üretimde;Ürün (/magaza/autonics-tk4l-r4sr);;;;
Sıcaklık kontrol cihazları;TK;Yüksek Performanslı PID’li Sıcaklık Kontrol Cihazları;TK4L-T2CC;Üretimde;Ürün (/magaza/autonics-tk4l-t2cc);;;;
Sıcaklık kontrol cihazları;TK;Yüksek Performanslı PID’li Sıcaklık Kontrol Cihazları;TK4L-T2CN;Üretimde;Ürün (/magaza/autonics-tk4l-t2cn);;;;
Sıcaklık kontrol cihazları;TK;Yüksek Performanslı PID’li Sıcaklık Kontrol Cihazları;TK4L-T2CR;Üretimde;Ürün (/magaza/autonics-tk4l-t2cr);;;;
Sıcaklık kontrol cihazları;TK;Yüksek Performanslı PID’li Sıcaklık Kontrol Cihazları;TK4L-T2RC;Üretimde;Ürün (/magaza/autonics-tk4l-t2rc);;;;
Sıcaklık kontrol cihazları;TK;Yüksek Performanslı PID’li Sıcaklık Kontrol Cihazları;TK4L-T2RN;Üretimde;Ürün (/magaza/autonics-tk4l-t2rn);;;;
Sıcaklık kontrol cihazları;TK;Yüksek Performanslı PID’li Sıcaklık Kontrol Cihazları;TK4L-T2RR;Üretimde;Ürün (/magaza/autonics-tk4l-t2rr);;;;
Sıcaklık kontrol cihazları;TK;Yüksek Performanslı PID’li Sıcaklık Kontrol Cihazları;TK4L-T4CC;Üretimde;Ürün (/magaza/autonics-tk4l-t4cc);;;;
Sıcaklık kontrol cihazları;TK;Yüksek Performanslı PID’li Sıcaklık Kontrol Cihazları;TK4L-T4CN;Üretimde;Ürün (/magaza/autonics-tk4l-t4cn);;;;
Sıcaklık kontrol cihazları;TK;Yüksek Performanslı PID’li Sıcaklık Kontrol Cihazları;TK4L-T4CR;Üretimde;Ürün (/magaza/autonics-tk4l-t4cr);;;;
Sıcaklık kontrol cihazları;TK;Yüksek Performanslı PID’li Sıcaklık Kontrol Cihazları;TK4L-T4RC;Üretimde;Ürün (/magaza/autonics-tk4l-t4rc);;;;
Sıcaklık kontrol cihazları;TK;Yüksek Performanslı PID’li Sıcaklık Kontrol Cihazları;TK4L-T4RN;Üretimde;Ürün (/magaza/autonics-tk4l-t4rn);;;;
Sıcaklık kontrol cihazları;TK;Yüksek Performanslı PID’li Sıcaklık Kontrol Cihazları;TK4L-T4RR;Üretimde;Ürün (/magaza/autonics-tk4l-t4rr);;;;
Sıcaklık kontrol cihazları;TK;Yüksek Performanslı PID’li Sıcaklık Kontrol Cihazları;TK4L-T4SC;Üretimde;Ürün (/magaza/autonics-tk4l-t4sc);;;;
Sıcaklık kontrol cihazları;TK;Yüksek Performanslı PID’li Sıcaklık Kontrol Cihazları;TK4L-T4SN;Üretimde;Ürün (/magaza/autonics-tk4l-t4sn);;;;
Sıcaklık kontrol cihazları;TK;Yüksek Performanslı PID’li Sıcaklık Kontrol Cihazları;TK4L-T4SR;Üretimde;Ürün (/magaza/autonics-tk4l-t4sr);;;;
Sıcaklık kontrol cihazları;TK;Yüksek Performanslı PID’li Sıcaklık Kontrol Cihazları;TK4M-12CC;Üretimde;Ürün (/magaza/autonics-tk4m-12cc);;;;
Sıcaklık kontrol cihazları;TK;Yüksek Performanslı PID’li Sıcaklık Kontrol Cihazları;TK4M-12CN;Üretimde;Ürün (/magaza/autonics-tk4m-12cn);;;;
Sıcaklık kontrol cihazları;TK;Yüksek Performanslı PID’li Sıcaklık Kontrol Cihazları;TK4M-12CR;Üretimde;Ürün (/magaza/autonics-tk4m-12cr);;;;
Sıcaklık kontrol cihazları;TK;Yüksek Performanslı PID’li Sıcaklık Kontrol Cihazları;TK4M-12RC;Üretimde;Ürün (/magaza/autonics-tk4m-12rc);;;;
Sıcaklık kontrol cihazları;TK;Yüksek Performanslı PID’li Sıcaklık Kontrol Cihazları;TK4M-12RN;Üretimde;Ürün (/magaza/autonics-tk4m-12rn);;;;
Sıcaklık kontrol cihazları;TK;Yüksek Performanslı PID’li Sıcaklık Kontrol Cihazları;TK4M-12RR;Üretimde;Ürün (/magaza/autonics-tk4m-12rr);;;;
Sıcaklık kontrol cihazları;TK;Yüksek Performanslı PID’li Sıcaklık Kontrol Cihazları;TK4M-14CC;Üretimde;Ürün (/magaza/autonics-tk4m-14cc);;;;
Sıcaklık kontrol cihazları;TK;Yüksek Performanslı PID’li Sıcaklık Kontrol Cihazları;TK4M-14CN;Üretimde;Ürün (/magaza/autonics-tk4m-14cn);;;;
Sıcaklık kontrol cihazları;TK;Yüksek Performanslı PID’li Sıcaklık Kontrol Cihazları;TK4M-14CR;Üretimde;Ürün (/magaza/autonics-tk4m-14cr);;;;
Sıcaklık kontrol cihazları;TK;Yüksek Performanslı PID’li Sıcaklık Kontrol Cihazları;TK4M-14RC;Üretimde;Ürün (/magaza/autonics-tk4m-14rc);;;;
Sıcaklık kontrol cihazları;TK;Yüksek Performanslı PID’li Sıcaklık Kontrol Cihazları;TK4M-14RN;Üretimde;Ürün (/magaza/autonics-tk4m-14rn);;;;
Sıcaklık kontrol cihazları;TK;Yüksek Performanslı PID’li Sıcaklık Kontrol Cihazları;TK4M-14RR;Üretimde;Ürün (/magaza/autonics-tk4m-14rr);;;;
Sıcaklık kontrol cihazları;TK;Yüksek Performanslı PID’li Sıcaklık Kontrol Cihazları;TK4M-14SC;Üretimde;Ürün (/magaza/autonics-tk4m-14sc);;;;
Sıcaklık kontrol cihazları;TK;Yüksek Performanslı PID’li Sıcaklık Kontrol Cihazları;TK4M-14SN;Üretimde;Ürün (/magaza/autonics-tk4m-14sn);;;;
Sıcaklık kontrol cihazları;TK;Yüksek Performanslı PID’li Sıcaklık Kontrol Cihazları;TK4M-14SR;Üretimde;Ürün (/magaza/autonics-tk4m-14sr);;;;
Sıcaklık kontrol cihazları;TK;Yüksek Performanslı PID’li Sıcaklık Kontrol Cihazları;TK4M-22CC;Üretimde;Ürün (/magaza/autonics-tk4m-22cc);;;;
Sıcaklık kontrol cihazları;TK;Yüksek Performanslı PID’li Sıcaklık Kontrol Cihazları;TK4M-22CN;Üretimde;Ürün (/magaza/autonics-tk4m-22cn);;;;
Sıcaklık kontrol cihazları;TK;Yüksek Performanslı PID’li Sıcaklık Kontrol Cihazları;TK4M-22CR;Üretimde;Ürün (/magaza/autonics-tk4m-22cr);;;;
Sıcaklık kontrol cihazları;TK;Yüksek Performanslı PID’li Sıcaklık Kontrol Cihazları;TK4M-22RC;Üretimde;Ürün (/magaza/autonics-tk4m-22rc);;;;
Sıcaklık kontrol cihazları;TK;Yüksek Performanslı PID’li Sıcaklık Kontrol Cihazları;TK4M-22RN;Üretimde;Ürün (/magaza/autonics-tk4m-22rn);;;;
Sıcaklık kontrol cihazları;TK;Yüksek Performanslı PID’li Sıcaklık Kontrol Cihazları;TK4M-22RR;Üretimde;Ürün (/magaza/autonics-tk4m-22rr);;;;
Sıcaklık kontrol cihazları;TK;Yüksek Performanslı PID’li Sıcaklık Kontrol Cihazları;TK4M-24CC;Üretimde;Ürün (/magaza/autonics-tk4m-24cc);;;;
Sıcaklık kontrol cihazları;TK;Yüksek Performanslı PID’li Sıcaklık Kontrol Cihazları;TK4M-24CN;Üretimde;Ürün (/magaza/autonics-tk4m-24cn);;;;
Sıcaklık kontrol cihazları;TK;Yüksek Performanslı PID’li Sıcaklık Kontrol Cihazları;TK4M-24CR;Üretimde;Ürün (/magaza/autonics-tk4m-24cr);;;;
Sıcaklık kontrol cihazları;TK;Yüksek Performanslı PID’li Sıcaklık Kontrol Cihazları;TK4M-24RC;Üretimde;Ürün (/magaza/autonics-tk4m-24rc);;;;
Sıcaklık kontrol cihazları;TK;Yüksek Performanslı PID’li Sıcaklık Kontrol Cihazları;TK4M-24RN;Üretimde;Ürün (/magaza/autonics-tk4m-24rn);;;;
Sıcaklık kontrol cihazları;TK;Yüksek Performanslı PID’li Sıcaklık Kontrol Cihazları;TK4M-24RR;Üretimde;Ürün (/magaza/autonics-tk4m-24rr);;;;
Sıcaklık kontrol cihazları;TK;Yüksek Performanslı PID’li Sıcaklık Kontrol Cihazları;TK4M-24SC;Üretimde;Ürün (/magaza/autonics-tk4m-24sc);;;;
Sıcaklık kontrol cihazları;TK;Yüksek Performanslı PID’li Sıcaklık Kontrol Cihazları;TK4M-24SN;Üretimde;Ürün (/magaza/autonics-tk4m-24sn);;;;
Sıcaklık kontrol cihazları;TK;Yüksek Performanslı PID’li Sıcaklık Kontrol Cihazları;TK4M-24SR;Üretimde;Ürün (/magaza/autonics-tk4m-24sr);;;;
Sıcaklık kontrol cihazları;TK;Yüksek Performanslı PID’li Sıcaklık Kontrol Cihazları;TK4M-A2CC;Üretimde;Ürün (/magaza/autonics-tk4m-a2cc);;;;
Sıcaklık kontrol cihazları;TK;Yüksek Performanslı PID’li Sıcaklık Kontrol Cihazları;TK4M-A2CN;Üretimde;Ürün (/magaza/autonics-tk4m-a2cn);;;;
Sıcaklık kontrol cihazları;TK;Yüksek Performanslı PID’li Sıcaklık Kontrol Cihazları;TK4M-A2CR;Üretimde;Ürün (/magaza/autonics-tk4m-a2cr);;;;
Sıcaklık kontrol cihazları;TK;Yüksek Performanslı PID’li Sıcaklık Kontrol Cihazları;TK4M-A2RC;Üretimde;Ürün (/magaza/autonics-tk4m-a2rc);;;;
Sıcaklık kontrol cihazları;TK;Yüksek Performanslı PID’li Sıcaklık Kontrol Cihazları;TK4M-A2RN;Üretimde;Ürün (/magaza/autonics-tk4m-a2rn);;;;
Sıcaklık kontrol cihazları;TK;Yüksek Performanslı PID’li Sıcaklık Kontrol Cihazları;TK4M-A2RR;Üretimde;Ürün (/magaza/autonics-tk4m-a2rr);;;;
Sıcaklık kontrol cihazları;TK;Yüksek Performanslı PID’li Sıcaklık Kontrol Cihazları;TK4M-A4CC;Üretimde;Ürün (/magaza/autonics-tk4m-a4cc);;;;
Sıcaklık kontrol cihazları;TK;Yüksek Performanslı PID’li Sıcaklık Kontrol Cihazları;TK4M-A4CN;Üretimde;Ürün (/magaza/autonics-tk4m-a4cn);;;;
Sıcaklık kontrol cihazları;TK;Yüksek Performanslı PID’li Sıcaklık Kontrol Cihazları;TK4M-A4CR;Üretimde;Ürün (/magaza/autonics-tk4m-a4cr);;;;
Sıcaklık kontrol cihazları;TK;Yüksek Performanslı PID’li Sıcaklık Kontrol Cihazları;TK4M-A4RC;Üretimde;Ürün (/magaza/autonics-tk4m-a4rc);;;;
Sıcaklık kontrol cihazları;TK;Yüksek Performanslı PID’li Sıcaklık Kontrol Cihazları;TK4M-A4RN;Üretimde;Ürün (/magaza/autonics-tk4m-a4rn);;;;
Sıcaklık kontrol cihazları;TK;Yüksek Performanslı PID’li Sıcaklık Kontrol Cihazları;TK4M-A4RR;Üretimde;Ürün (/magaza/autonics-tk4m-a4rr);;;;
Sıcaklık kontrol cihazları;TK;Yüksek Performanslı PID’li Sıcaklık Kontrol Cihazları;TK4M-A4SC;Üretimde;Ürün (/magaza/autonics-tk4m-a4sc);;;;
Sıcaklık kontrol cihazları;TK;Yüksek Performanslı PID’li Sıcaklık Kontrol Cihazları;TK4M-A4SN;Üretimde;Ürün (/magaza/autonics-tk4m-a4sn);;;;
Sıcaklık kontrol cihazları;TK;Yüksek Performanslı PID’li Sıcaklık Kontrol Cihazları;TK4M-A4SR;Üretimde;Ürün (/magaza/autonics-tk4m-a4sr);;;;
Sıcaklık kontrol cihazları;TK;Yüksek Performanslı PID’li Sıcaklık Kontrol Cihazları;TK4M-B2CC;Üretimde;Ürün (/magaza/autonics-tk4m-b2cc);;;;
Sıcaklık kontrol cihazları;TK;Yüksek Performanslı PID’li Sıcaklık Kontrol Cihazları;TK4M-B2CN;Üretimde;Ürün (/magaza/autonics-tk4m-b2cn);;;;
Sıcaklık kontrol cihazları;TK;Yüksek Performanslı PID’li Sıcaklık Kontrol Cihazları;TK4M-B2CR;Üretimde;Ürün (/magaza/autonics-tk4m-b2cr);;;;
Sıcaklık kontrol cihazları;TK;Yüksek Performanslı PID’li Sıcaklık Kontrol Cihazları;TK4M-B2RC;Üretimde;Ürün (/magaza/autonics-tk4m-b2rc);;;;
Sıcaklık kontrol cihazları;TK;Yüksek Performanslı PID’li Sıcaklık Kontrol Cihazları;TK4M-B2RN;Üretimde;Ürün (/magaza/autonics-tk4m-b2rn);;;;
Sıcaklık kontrol cihazları;TK;Yüksek Performanslı PID’li Sıcaklık Kontrol Cihazları;TK4M-B2RR;Üretimde;Ürün (/magaza/autonics-tk4m-b2rr);;;;
Sıcaklık kontrol cihazları;TK;Yüksek Performanslı PID’li Sıcaklık Kontrol Cihazları;TK4M-B4CC;Üretimde;Ürün (/magaza/autonics-tk4m-b4cc);;;;
Sıcaklık kontrol cihazları;TK;Yüksek Performanslı PID’li Sıcaklık Kontrol Cihazları;TK4M-B4CN;Üretimde;Ürün (/magaza/autonics-tk4m-b4cn);;;;
Sıcaklık kontrol cihazları;TK;Yüksek Performanslı PID’li Sıcaklık Kontrol Cihazları;TK4M-B4CR;Üretimde;Ürün (/magaza/autonics-tk4m-b4cr);;;;
Sıcaklık kontrol cihazları;TK;Yüksek Performanslı PID’li Sıcaklık Kontrol Cihazları;TK4M-B4RC;Üretimde;Ürün (/magaza/autonics-tk4m-b4rc);;;;
Sıcaklık kontrol cihazları;TK;Yüksek Performanslı PID’li Sıcaklık Kontrol Cihazları;TK4M-B4RN;Üretimde;Ürün (/magaza/autonics-tk4m-b4rn);;;;
Sıcaklık kontrol cihazları;TK;Yüksek Performanslı PID’li Sıcaklık Kontrol Cihazları;TK4M-B4RR;Üretimde;Ürün (/magaza/autonics-tk4m-b4rr);;;;
Sıcaklık kontrol cihazları;TK;Yüksek Performanslı PID’li Sıcaklık Kontrol Cihazları;TK4M-B4SC;Üretimde;Ürün (/magaza/autonics-tk4m-b4sc);;;;
Sıcaklık kontrol cihazları;TK;Yüksek Performanslı PID’li Sıcaklık Kontrol Cihazları;TK4M-B4SN;Üretimde;Ürün (/magaza/autonics-tk4m-b4sn);;;;
Sıcaklık kontrol cihazları;TK;Yüksek Performanslı PID’li Sıcaklık Kontrol Cihazları;TK4M-B4SR;Üretimde;Ürün (/magaza/autonics-tk4m-b4sr);;;;
Sıcaklık kontrol cihazları;TK;Yüksek Performanslı PID’li Sıcaklık Kontrol Cihazları;TK4M-R2CC;Üretimde;Ürün (/magaza/autonics-tk4m-r2cc);;;;
Sıcaklık kontrol cihazları;TK;Yüksek Performanslı PID’li Sıcaklık Kontrol Cihazları;TK4M-R2CN;Üretimde;Ürün (/magaza/autonics-tk4m-r2cn);;;;
Sıcaklık kontrol cihazları;TK;Yüksek Performanslı PID’li Sıcaklık Kontrol Cihazları;TK4M-R2CR;Üretimde;Ürün (/magaza/autonics-tk4m-r2cr);;;;
Sıcaklık kontrol cihazları;TK;Yüksek Performanslı PID’li Sıcaklık Kontrol Cihazları;TK4M-R2RC;Üretimde;Ürün (/magaza/autonics-tk4m-r2rc);;;;
Sıcaklık kontrol cihazları;TK;Yüksek Performanslı PID’li Sıcaklık Kontrol Cihazları;TK4M-R2RN;Üretimde;Ürün (/magaza/autonics-tk4m-r2rn);;;;
Sıcaklık kontrol cihazları;TK;Yüksek Performanslı PID’li Sıcaklık Kontrol Cihazları;TK4M-R2RR;Üretimde;Ürün (/magaza/autonics-tk4m-r2rr);;;;
Sıcaklık kontrol cihazları;TK;Yüksek Performanslı PID’li Sıcaklık Kontrol Cihazları;TK4M-R4CC;Üretimde;Ürün (/magaza/autonics-tk4m-r4cc);;;;
Sıcaklık kontrol cihazları;TK;Yüksek Performanslı PID’li Sıcaklık Kontrol Cihazları;TK4M-R4CN;Üretimde;Ürün (/magaza/autonics-tk4m-r4cn);;;;
Sıcaklık kontrol cihazları;TK;Yüksek Performanslı PID’li Sıcaklık Kontrol Cihazları;TK4M-R4CR;Üretimde;Ürün (/magaza/autonics-tk4m-r4cr);;;;
Sıcaklık kontrol cihazları;TK;Yüksek Performanslı PID’li Sıcaklık Kontrol Cihazları;TK4M-R4RC;Üretimde;Ürün (/magaza/autonics-tk4m-r4rc);;;;
Sıcaklık kontrol cihazları;TK;Yüksek Performanslı PID’li Sıcaklık Kontrol Cihazları;TK4M-R4RN;Üretimde;Ürün (/magaza/autonics-tk4m-r4rn);;;;
Sıcaklık kontrol cihazları;TK;Yüksek Performanslı PID’li Sıcaklık Kontrol Cihazları;TK4M-R4RR;Üretimde;Ürün (/magaza/autonics-tk4m-r4rr);;;;
Sıcaklık kontrol cihazları;TK;Yüksek Performanslı PID’li Sıcaklık Kontrol Cihazları;TK4M-R4SC;Üretimde;Ürün (/magaza/autonics-tk4m-r4sc);;;;
Sıcaklık kontrol cihazları;TK;Yüksek Performanslı PID’li Sıcaklık Kontrol Cihazları;TK4M-R4SN;Üretimde;Ürün (/magaza/autonics-tk4m-r4sn);;;;
Sıcaklık kontrol cihazları;TK;Yüksek Performanslı PID’li Sıcaklık Kontrol Cihazları;TK4M-R4SR;Üretimde;Ürün (/magaza/autonics-tk4m-r4sr);;;;
Sıcaklık kontrol cihazları;TK;Yüksek Performanslı PID’li Sıcaklık Kontrol Cihazları;TK4M-T2CC;Üretimde;Ürün (/magaza/autonics-tk4m-t2cc);;;;
Sıcaklık kontrol cihazları;TK;Yüksek Performanslı PID’li Sıcaklık Kontrol Cihazları;TK4M-T2CN;Üretimde;Ürün (/magaza/autonics-tk4m-t2cn);;;;
Sıcaklık kontrol cihazları;TK;Yüksek Performanslı PID’li Sıcaklık Kontrol Cihazları;TK4M-T2CR;Üretimde;Ürün (/magaza/autonics-tk4m-t2cr);;;;
Sıcaklık kontrol cihazları;TK;Yüksek Performanslı PID’li Sıcaklık Kontrol Cihazları;TK4M-T2RC;Üretimde;Ürün (/magaza/autonics-tk4m-t2rc);;;;
Sıcaklık kontrol cihazları;TK;Yüksek Performanslı PID’li Sıcaklık Kontrol Cihazları;TK4M-T2RN;Üretimde;Ürün (/magaza/autonics-tk4m-t2rn);;;;
Sıcaklık kontrol cihazları;TK;Yüksek Performanslı PID’li Sıcaklık Kontrol Cihazları;TK4M-T2RR;Üretimde;Ürün (/magaza/autonics-tk4m-t2rr);;;;
Sıcaklık kontrol cihazları;TK;Yüksek Performanslı PID’li Sıcaklık Kontrol Cihazları;TK4M-T4CC;Üretimde;Ürün (/magaza/autonics-tk4m-t4cc);;;;
Sıcaklık kontrol cihazları;TK;Yüksek Performanslı PID’li Sıcaklık Kontrol Cihazları;TK4M-T4CN;Üretimde;Ürün (/magaza/autonics-tk4m-t4cn);;;;
Sıcaklık kontrol cihazları;TK;Yüksek Performanslı PID’li Sıcaklık Kontrol Cihazları;TK4M-T4CR;Üretimde;Ürün (/magaza/autonics-tk4m-t4cr);;;;
Sıcaklık kontrol cihazları;TK;Yüksek Performanslı PID’li Sıcaklık Kontrol Cihazları;TK4M-T4RC;Üretimde;Ürün (/magaza/autonics-tk4m-t4rc);;;;
Sıcaklık kontrol cihazları;TK;Yüksek Performanslı PID’li Sıcaklık Kontrol Cihazları;TK4M-T4RN;Üretimde;Ürün (/magaza/autonics-tk4m-t4rn);;;;
Sıcaklık kontrol cihazları;TK;Yüksek Performanslı PID’li Sıcaklık Kontrol Cihazları;TK4M-T4RR;Üretimde;Ürün (/magaza/autonics-tk4m-t4rr);;;;
Sıcaklık kontrol cihazları;TK;Yüksek Performanslı PID’li Sıcaklık Kontrol Cihazları;TK4M-T4SC;Üretimde;Ürün (/magaza/autonics-tk4m-t4sc);;;;
Sıcaklık kontrol cihazları;TK;Yüksek Performanslı PID’li Sıcaklık Kontrol Cihazları;TK4M-T4SN;Üretimde;Ürün (/magaza/autonics-tk4m-t4sn);;;;
Sıcaklık kontrol cihazları;TK;Yüksek Performanslı PID’li Sıcaklık Kontrol Cihazları;TK4M-T4SR;Üretimde;Ürün (/magaza/autonics-tk4m-t4sr);;;;
Sıcaklık kontrol cihazları;TK;Yüksek Performanslı PID’li Sıcaklık Kontrol Cihazları;TK4N-14CC;Üretimde;Ürün (/magaza/autonics-tk4n-14cc);;;;
Sıcaklık kontrol cihazları;TK;Yüksek Performanslı PID’li Sıcaklık Kontrol Cihazları;TK4N-14CN;Üretimde;Ürün (/magaza/autonics-tk4n-14cn);;;;
Sıcaklık kontrol cihazları;TK;Yüksek Performanslı PID’li Sıcaklık Kontrol Cihazları;TK4N-14CR;Üretimde;Ürün (/magaza/autonics-tk4n-14cr);;;;
Sıcaklık kontrol cihazları;TK;Yüksek Performanslı PID’li Sıcaklık Kontrol Cihazları;TK4N-14RC;Üretimde;Ürün (/magaza/autonics-tk4n-14rc);;;;
Sıcaklık kontrol cihazları;TK;Yüksek Performanslı PID’li Sıcaklık Kontrol Cihazları;TK4N-14RN;Üretimde;Ürün (/magaza/autonics-tk4n-14rn);;;;
Sıcaklık kontrol cihazları;TK;Yüksek Performanslı PID’li Sıcaklık Kontrol Cihazları;TK4N-14RR;Üretimde;Ürün (/magaza/autonics-tk4n-14rr);;;;
Sıcaklık kontrol cihazları;TK;Yüksek Performanslı PID’li Sıcaklık Kontrol Cihazları;TK4N-14SC;Üretimde;Ürün (/magaza/autonics-tk4n-14sc);;;;
Sıcaklık kontrol cihazları;TK;Yüksek Performanslı PID’li Sıcaklık Kontrol Cihazları;TK4N-14SN;Üretimde;Ürün (/magaza/autonics-tk4n-14sn);;;;
Sıcaklık kontrol cihazları;TK;Yüksek Performanslı PID’li Sıcaklık Kontrol Cihazları;TK4N-14SR;Üretimde;Ürün (/magaza/autonics-tk4n-14sr);;;;
Sıcaklık kontrol cihazları;TK;Yüksek Performanslı PID’li Sıcaklık Kontrol Cihazları;TK4N-24CN;Üretimde;Ürün (/magaza/autonics-tk4n-24cn);;;;
Sıcaklık kontrol cihazları;TK;Yüksek Performanslı PID’li Sıcaklık Kontrol Cihazları;TK4N-24RN;Üretimde;Ürün (/magaza/autonics-tk4n-24rn);;;;
Sıcaklık kontrol cihazları;TK;Yüksek Performanslı PID’li Sıcaklık Kontrol Cihazları;TK4N-24SN;Üretimde;Ürün (/magaza/autonics-tk4n-24sn);;;;
Sıcaklık kontrol cihazları;TK;Yüksek Performanslı PID’li Sıcaklık Kontrol Cihazları;TK4N-D4CC;Üretimde;Ürün (/magaza/autonics-tk4n-d4cc);;;;
Sıcaklık kontrol cihazları;TK;Yüksek Performanslı PID’li Sıcaklık Kontrol Cihazları;TK4N-D4CN;Üretimde;Ürün (/magaza/autonics-tk4n-d4cn);;;;
Sıcaklık kontrol cihazları;TK;Yüksek Performanslı PID’li Sıcaklık Kontrol Cihazları;TK4N-D4CR;Üretimde;Ürün (/magaza/autonics-tk4n-d4cr);;;;
Sıcaklık kontrol cihazları;TK;Yüksek Performanslı PID’li Sıcaklık Kontrol Cihazları;TK4N-D4RC;Üretimde;Ürün (/magaza/autonics-tk4n-d4rc);;;;
Sıcaklık kontrol cihazları;TK;Yüksek Performanslı PID’li Sıcaklık Kontrol Cihazları;TK4N-D4RN;Üretimde;Ürün (/magaza/autonics-tk4n-d4rn);;;;
Sıcaklık kontrol cihazları;TK;Yüksek Performanslı PID’li Sıcaklık Kontrol Cihazları;TK4N-D4RR;Üretimde;Ürün (/magaza/autonics-tk4n-d4rr);;;;
Sıcaklık kontrol cihazları;TK;Yüksek Performanslı PID’li Sıcaklık Kontrol Cihazları;TK4N-D4SC;Üretimde;Ürün (/magaza/autonics-tk4n-d4sc);;;;
Sıcaklık kontrol cihazları;TK;Yüksek Performanslı PID’li Sıcaklık Kontrol Cihazları;TK4N-D4SN;Üretimde;Ürün (/magaza/autonics-tk4n-d4sn);;;;
Sıcaklık kontrol cihazları;TK;Yüksek Performanslı PID’li Sıcaklık Kontrol Cihazları;TK4N-D4SR;Üretimde;Ürün (/magaza/autonics-tk4n-d4sr);;;;
Sıcaklık kontrol cihazları;TK;Yüksek Performanslı PID’li Sıcaklık Kontrol Cihazları;TK4N-R4CC;Üretimde;Ürün (/magaza/autonics-tk4n-r4cc);;;;
Sıcaklık kontrol cihazları;TK;Yüksek Performanslı PID’li Sıcaklık Kontrol Cihazları;TK4N-R4CN;Üretimde;Ürün (/magaza/autonics-tk4n-r4cn);;;;
Sıcaklık kontrol cihazları;TK;Yüksek Performanslı PID’li Sıcaklık Kontrol Cihazları;TK4N-R4CR;Üretimde;Ürün (/magaza/autonics-tk4n-r4cr);;;;
Sıcaklık kontrol cihazları;TK;Yüksek Performanslı PID’li Sıcaklık Kontrol Cihazları;TK4N-R4RC;Üretimde;Ürün (/magaza/autonics-tk4n-r4rc);;;;
Sıcaklık kontrol cihazları;TK;Yüksek Performanslı PID’li Sıcaklık Kontrol Cihazları;TK4N-R4RN;Üretimde;Ürün (/magaza/autonics-tk4n-r4rn);;;;
Sıcaklık kontrol cihazları;TK;Yüksek Performanslı PID’li Sıcaklık Kontrol Cihazları;TK4N-R4RR;Üretimde;Ürün (/magaza/autonics-tk4n-r4rr);;;;
Sıcaklık kontrol cihazları;TK;Yüksek Performanslı PID’li Sıcaklık Kontrol Cihazları;TK4N-R4SC;Üretimde;Ürün (/magaza/autonics-tk4n-r4sc);;;;
Sıcaklık kontrol cihazları;TK;Yüksek Performanslı PID’li Sıcaklık Kontrol Cihazları;TK4N-R4SN;Üretimde;Ürün (/magaza/autonics-tk4n-r4sn);;;;
Sıcaklık kontrol cihazları;TK;Yüksek Performanslı PID’li Sıcaklık Kontrol Cihazları;TK4N-R4SR;Üretimde;Ürün (/magaza/autonics-tk4n-r4sr);;;;
Sıcaklık kontrol cihazları;TK;Yüksek Performanslı PID’li Sıcaklık Kontrol Cihazları;TK4N-T4CC;Üretimde;Ürün (/magaza/autonics-tk4n-t4cc);;;;
Sıcaklık kontrol cihazları;TK;Yüksek Performanslı PID’li Sıcaklık Kontrol Cihazları;TK4N-T4CN;Üretimde;Ürün (/magaza/autonics-tk4n-t4cn);;;;
Sıcaklık kontrol cihazları;TK;Yüksek Performanslı PID’li Sıcaklık Kontrol Cihazları;TK4N-T4CR;Üretimde;Ürün (/magaza/autonics-tk4n-t4cr);;;;
Sıcaklık kontrol cihazları;TK;Yüksek Performanslı PID’li Sıcaklık Kontrol Cihazları;TK4N-T4RC;Üretimde;Ürün (/magaza/autonics-tk4n-t4rc);;;;
Sıcaklık kontrol cihazları;TK;Yüksek Performanslı PID’li Sıcaklık Kontrol Cihazları;TK4N-T4RN;Üretimde;Ürün (/magaza/autonics-tk4n-t4rn);;;;
Sıcaklık kontrol cihazları;TK;Yüksek Performanslı PID’li Sıcaklık Kontrol Cihazları;TK4N-T4RR;Üretimde;Ürün (/magaza/autonics-tk4n-t4rr);;;;
Sıcaklık kontrol cihazları;TK;Yüksek Performanslı PID’li Sıcaklık Kontrol Cihazları;TK4N-T4SC;Üretimde;Ürün (/magaza/autonics-tk4n-t4sc);;;;
Sıcaklık kontrol cihazları;TK;Yüksek Performanslı PID’li Sıcaklık Kontrol Cihazları;TK4N-T4SN;Üretimde;Ürün (/magaza/autonics-tk4n-t4sn);;;;
Sıcaklık kontrol cihazları;TK;Yüksek Performanslı PID’li Sıcaklık Kontrol Cihazları;TK4N-T4SR;Üretimde;Ürün (/magaza/autonics-tk4n-t4sr);;;;
Sıcaklık kontrol cihazları;TK;Yüksek Performanslı PID’li Sıcaklık Kontrol Cihazları;TK4S-12CC;Üretimde;Ürün (/magaza/autonics-tk4s-12cc);;;;
Sıcaklık kontrol cihazları;TK;Yüksek Performanslı PID’li Sıcaklık Kontrol Cihazları;TK4S-12CN;Üretimde;Ürün (/magaza/autonics-tk4s-12cn);;;;
Sıcaklık kontrol cihazları;TK;Yüksek Performanslı PID’li Sıcaklık Kontrol Cihazları;TK4S-12CR;Üretimde;Ürün (/magaza/autonics-tk4s-12cr);;;;
Sıcaklık kontrol cihazları;TK;Yüksek Performanslı PID’li Sıcaklık Kontrol Cihazları;TK4S-12RC;Üretimde;Ürün (/magaza/autonics-tk4s-12rc);;;;
Sıcaklık kontrol cihazları;TK;Yüksek Performanslı PID’li Sıcaklık Kontrol Cihazları;TK4S-12RN;Üretimde;Ürün (/magaza/autonics-tk4s-12rn);;;;
Sıcaklık kontrol cihazları;TK;Yüksek Performanslı PID’li Sıcaklık Kontrol Cihazları;TK4S-12RR;Üretimde;Ürün (/magaza/autonics-tk4s-12rr);;;;
Sıcaklık kontrol cihazları;TK;Yüksek Performanslı PID’li Sıcaklık Kontrol Cihazları;TK4S-14CC;Üretimde;Ürün (/magaza/autonics-tk4s-14cc);;;;
Sıcaklık kontrol cihazları;TK;Yüksek Performanslı PID’li Sıcaklık Kontrol Cihazları;TK4S-14CN;Üretimde;Ürün (/magaza/autonics-tk4s-14cn);;;;
Sıcaklık kontrol cihazları;TK;Yüksek Performanslı PID’li Sıcaklık Kontrol Cihazları;TK4S-14CR;Üretimde;Ürün (/magaza/autonics-tk4s-14cr);;;;
Sıcaklık kontrol cihazları;TK;Yüksek Performanslı PID’li Sıcaklık Kontrol Cihazları;TK4S-14RC;Üretimde;Ürün (/magaza/autonics-tk4s-14rc);;;;
Sıcaklık kontrol cihazları;TK;Yüksek Performanslı PID’li Sıcaklık Kontrol Cihazları;TK4S-14RN;Üretimde;Ürün (/magaza/autonics-tk4s-14rn);;;;
Sıcaklık kontrol cihazları;TK;Yüksek Performanslı PID’li Sıcaklık Kontrol Cihazları;TK4S-14RR;Üretimde;Ürün (/magaza/autonics-tk4s-14rr);;;;
Sıcaklık kontrol cihazları;TK;Yüksek Performanslı PID’li Sıcaklık Kontrol Cihazları;TK4S-14SC;Üretimde;Ürün (/magaza/autonics-tk4s-14sc);;;;
Sıcaklık kontrol cihazları;TK;Yüksek Performanslı PID’li Sıcaklık Kontrol Cihazları;TK4S-14SN;Üretimde;Ürün (/magaza/autonics-tk4s-14sn);;;;
Sıcaklık kontrol cihazları;TK;Yüksek Performanslı PID’li Sıcaklık Kontrol Cihazları;TK4S-14SR;Üretimde;Ürün (/magaza/autonics-tk4s-14sr);;;;
Sıcaklık kontrol cihazları;TK;Yüksek Performanslı PID’li Sıcaklık Kontrol Cihazları;TK4S-22CC;Üretimde;Ürün (/magaza/autonics-tk4s-22cc);;;;
Sıcaklık kontrol cihazları;TK;Yüksek Performanslı PID’li Sıcaklık Kontrol Cihazları;TK4S-22CN;Üretimde;Ürün (/magaza/autonics-tk4s-22cn);;;;
Sıcaklık kontrol cihazları;TK;Yüksek Performanslı PID’li Sıcaklık Kontrol Cihazları;TK4S-22CR;Üretimde;Ürün (/magaza/autonics-tk4s-22cr);;;;
Sıcaklık kontrol cihazları;TK;Yüksek Performanslı PID’li Sıcaklık Kontrol Cihazları;TK4S-22RC;Üretimde;Ürün (/magaza/autonics-tk4s-22rc);;;;
Sıcaklık kontrol cihazları;TK;Yüksek Performanslı PID’li Sıcaklık Kontrol Cihazları;TK4S-22RN;Üretimde;Ürün (/magaza/autonics-tk4s-22rn);;;;
Sıcaklık kontrol cihazları;TK;Yüksek Performanslı PID’li Sıcaklık Kontrol Cihazları;TK4S-22RR;Üretimde;Ürün (/magaza/autonics-tk4s-22rr);;;;
Sıcaklık kontrol cihazları;TK;Yüksek Performanslı PID’li Sıcaklık Kontrol Cihazları;TK4S-24CC;Üretimde;Ürün (/magaza/autonics-tk4s-24cc);;;;
Sıcaklık kontrol cihazları;TK;Yüksek Performanslı PID’li Sıcaklık Kontrol Cihazları;TK4S-24CN;Üretimde;Ürün (/magaza/autonics-tk4s-24cn);;;;
Sıcaklık kontrol cihazları;TK;Yüksek Performanslı PID’li Sıcaklık Kontrol Cihazları;TK4S-24CR;Üretimde;Ürün (/magaza/autonics-tk4s-24cr);;;;
Sıcaklık kontrol cihazları;TK;Yüksek Performanslı PID’li Sıcaklık Kontrol Cihazları;TK4S-24RC;Üretimde;Ürün (/magaza/autonics-tk4s-24rc);;;;
Sıcaklık kontrol cihazları;TK;Yüksek Performanslı PID’li Sıcaklık Kontrol Cihazları;TK4S-24RN;Üretimde;Ürün (/magaza/autonics-tk4s-24rn);;;;
Sıcaklık kontrol cihazları;TK;Yüksek Performanslı PID’li Sıcaklık Kontrol Cihazları;TK4S-24RR;Üretimde;Ürün (/magaza/autonics-tk4s-24rr);;;;
Sıcaklık kontrol cihazları;TK;Yüksek Performanslı PID’li Sıcaklık Kontrol Cihazları;TK4S-24SC;Üretimde;Ürün (/magaza/autonics-tk4s-24sc);;;;
Sıcaklık kontrol cihazları;TK;Yüksek Performanslı PID’li Sıcaklık Kontrol Cihazları;TK4S-24SN;Üretimde;Ürün (/magaza/autonics-tk4s-24sn);;;;
Sıcaklık kontrol cihazları;TK;Yüksek Performanslı PID’li Sıcaklık Kontrol Cihazları;TK4S-24SR;Üretimde;Ürün (/magaza/autonics-tk4s-24sr);;;;
Sıcaklık kontrol cihazları;TK;Yüksek Performanslı PID’li Sıcaklık Kontrol Cihazları;TK4S-A2CC;Üretimde;Ürün (/magaza/autonics-tk4s-a2cc);;;;
Sıcaklık kontrol cihazları;TK;Yüksek Performanslı PID’li Sıcaklık Kontrol Cihazları;TK4S-A2CN;Üretimde;Ürün (/magaza/autonics-tk4s-a2cn);;;;
Sıcaklık kontrol cihazları;TK;Yüksek Performanslı PID’li Sıcaklık Kontrol Cihazları;TK4S-A2CR;Üretimde;Ürün (/magaza/autonics-tk4s-a2cr);;;;
Sıcaklık kontrol cihazları;TK;Yüksek Performanslı PID’li Sıcaklık Kontrol Cihazları;TK4S-A2RC;Üretimde;Ürün (/magaza/autonics-tk4s-a2rc);;;;
Sıcaklık kontrol cihazları;TK;Yüksek Performanslı PID’li Sıcaklık Kontrol Cihazları;TK4S-A2RN;Üretimde;Ürün (/magaza/autonics-tk4s-a2rn);;;;
Sıcaklık kontrol cihazları;TK;Yüksek Performanslı PID’li Sıcaklık Kontrol Cihazları;TK4S-A2RR;Üretimde;Ürün (/magaza/autonics-tk4s-a2rr);;;;
Sıcaklık kontrol cihazları;TK;Yüksek Performanslı PID’li Sıcaklık Kontrol Cihazları;TK4S-A4CC;Üretimde;Ürün (/magaza/autonics-tk4s-a4cc);;;;
Sıcaklık kontrol cihazları;TK;Yüksek Performanslı PID’li Sıcaklık Kontrol Cihazları;TK4S-A4CN;Üretimde;Ürün (/magaza/autonics-tk4s-a4cn);;;;
Sıcaklık kontrol cihazları;TK;Yüksek Performanslı PID’li Sıcaklık Kontrol Cihazları;TK4S-A4CR;Üretimde;Ürün (/magaza/autonics-tk4s-a4cr);;;;
Sıcaklık kontrol cihazları;TK;Yüksek Performanslı PID’li Sıcaklık Kontrol Cihazları;TK4S-A4RC;Üretimde;Ürün (/magaza/autonics-tk4s-a4rc);;;;
Sıcaklık kontrol cihazları;TK;Yüksek Performanslı PID’li Sıcaklık Kontrol Cihazları;TK4S-A4RN;Üretimde;Ürün (/magaza/autonics-tk4s-a4rn);;;;
Sıcaklık kontrol cihazları;TK;Yüksek Performanslı PID’li Sıcaklık Kontrol Cihazları;TK4S-A4RR;Üretimde;Ürün (/magaza/autonics-tk4s-a4rr);;;;
Sıcaklık kontrol cihazları;TK;Yüksek Performanslı PID’li Sıcaklık Kontrol Cihazları;TK4S-A4SC;Üretimde;Ürün (/magaza/autonics-tk4s-a4sc);;;;
Sıcaklık kontrol cihazları;TK;Yüksek Performanslı PID’li Sıcaklık Kontrol Cihazları;TK4S-A4SN;Üretimde;Ürün (/magaza/autonics-tk4s-a4sn);;;;
Sıcaklık kontrol cihazları;TK;Yüksek Performanslı PID’li Sıcaklık Kontrol Cihazları;TK4S-A4SR;Üretimde;Ürün (/magaza/autonics-tk4s-a4sr);;;;
Sıcaklık kontrol cihazları;TK;Yüksek Performanslı PID’li Sıcaklık Kontrol Cihazları;TK4S-B2CC;Üretimde;Ürün (/magaza/autonics-tk4s-b2cc);;;;
Sıcaklık kontrol cihazları;TK;Yüksek Performanslı PID’li Sıcaklık Kontrol Cihazları;TK4S-B2CN;Üretimde;Ürün (/magaza/autonics-tk4s-b2cn);;;;
Sıcaklık kontrol cihazları;TK;Yüksek Performanslı PID’li Sıcaklık Kontrol Cihazları;TK4S-B2CR;Üretimde;Ürün (/magaza/autonics-tk4s-b2cr);;;;
Sıcaklık kontrol cihazları;TK;Yüksek Performanslı PID’li Sıcaklık Kontrol Cihazları;TK4S-B2RC;Üretimde;Ürün (/magaza/autonics-tk4s-b2rc);;;;
Sıcaklık kontrol cihazları;TK;Yüksek Performanslı PID’li Sıcaklık Kontrol Cihazları;TK4S-B2RN;Üretimde;Ürün (/magaza/autonics-tk4s-b2rn);;;;
Sıcaklık kontrol cihazları;TK;Yüksek Performanslı PID’li Sıcaklık Kontrol Cihazları;TK4S-B2RR;Üretimde;Ürün (/magaza/autonics-tk4s-b2rr);;;;
Sıcaklık kontrol cihazları;TK;Yüksek Performanslı PID’li Sıcaklık Kontrol Cihazları;TK4S-B4CC;Üretimde;Ürün (/magaza/autonics-tk4s-b4cc);;;;
Sıcaklık kontrol cihazları;TK;Yüksek Performanslı PID’li Sıcaklık Kontrol Cihazları;TK4S-B4CN;Üretimde;Ürün (/magaza/autonics-tk4s-b4cn);;;;
Sıcaklık kontrol cihazları;TK;Yüksek Performanslı PID’li Sıcaklık Kontrol Cihazları;TK4S-B4CR;Üretimde;Ürün (/magaza/autonics-tk4s-b4cr);;;;
Sıcaklık kontrol cihazları;TK;Yüksek Performanslı PID’li Sıcaklık Kontrol Cihazları;TK4S-B4RC;Üretimde;Ürün (/magaza/autonics-tk4s-b4rc);;;;
Sıcaklık kontrol cihazları;TK;Yüksek Performanslı PID’li Sıcaklık Kontrol Cihazları;TK4S-B4RN;Üretimde;Ürün (/magaza/autonics-tk4s-b4rn);;;;
Sıcaklık kontrol cihazları;TK;Yüksek Performanslı PID’li Sıcaklık Kontrol Cihazları;TK4S-B4RR;Üretimde;Ürün (/magaza/autonics-tk4s-b4rr);;;;
Sıcaklık kontrol cihazları;TK;Yüksek Performanslı PID’li Sıcaklık Kontrol Cihazları;TK4S-B4SC;Üretimde;Ürün (/magaza/autonics-tk4s-b4sc);;;;
Sıcaklık kontrol cihazları;TK;Yüksek Performanslı PID’li Sıcaklık Kontrol Cihazları;TK4S-B4SN;Üretimde;Ürün (/magaza/autonics-tk4s-b4sn);;;;
Sıcaklık kontrol cihazları;TK;Yüksek Performanslı PID’li Sıcaklık Kontrol Cihazları;TK4S-B4SR;Üretimde;Ürün (/magaza/autonics-tk4s-b4sr);;;;
Sıcaklık kontrol cihazları;TK;Yüksek Performanslı PID’li Sıcaklık Kontrol Cihazları;TK4S-D2CN;Üretimde;Ürün (/magaza/autonics-tk4s-d2cn);;;;
Sıcaklık kontrol cihazları;TK;Yüksek Performanslı PID’li Sıcaklık Kontrol Cihazları;TK4S-D2RN;Üretimde;Ürün (/magaza/autonics-tk4s-d2rn);;;;
Sıcaklık kontrol cihazları;TK;Yüksek Performanslı PID’li Sıcaklık Kontrol Cihazları;TK4S-D4CN;Üretimde;Ürün (/magaza/autonics-tk4s-d4cn);;;;
Sıcaklık kontrol cihazları;TK;Yüksek Performanslı PID’li Sıcaklık Kontrol Cihazları;TK4S-D4RN;Üretimde;Ürün (/magaza/autonics-tk4s-d4rn);;;;
Sıcaklık kontrol cihazları;TK;Yüksek Performanslı PID’li Sıcaklık Kontrol Cihazları;TK4S-D4SN;Üretimde;Ürün (/magaza/autonics-tk4s-d4sn);;;;
Sıcaklık kontrol cihazları;TK;Yüksek Performanslı PID’li Sıcaklık Kontrol Cihazları;TK4S-R2CC;Üretimde;Ürün (/magaza/autonics-tk4s-r2cc);;;;
Sıcaklık kontrol cihazları;TK;Yüksek Performanslı PID’li Sıcaklık Kontrol Cihazları;TK4S-R2CN;Üretimde;Ürün (/magaza/autonics-tk4s-r2cn);;;;
Sıcaklık kontrol cihazları;TK;Yüksek Performanslı PID’li Sıcaklık Kontrol Cihazları;TK4S-R2CR;Üretimde;Ürün (/magaza/autonics-tk4s-r2cr);;;;
Sıcaklık kontrol cihazları;TK;Yüksek Performanslı PID’li Sıcaklık Kontrol Cihazları;TK4S-R2RC;Üretimde;Ürün (/magaza/autonics-tk4s-r2rc);;;;
Sıcaklık kontrol cihazları;TK;Yüksek Performanslı PID’li Sıcaklık Kontrol Cihazları;TK4S-R2RN;Üretimde;Ürün (/magaza/autonics-tk4s-r2rn);;;;
Sıcaklık kontrol cihazları;TK;Yüksek Performanslı PID’li Sıcaklık Kontrol Cihazları;TK4S-R2RR;Üretimde;Ürün (/magaza/autonics-tk4s-r2rr);;;;
Sıcaklık kontrol cihazları;TK;Yüksek Performanslı PID’li Sıcaklık Kontrol Cihazları;TK4S-R4CC;Üretimde;Ürün (/magaza/autonics-tk4s-r4cc);;;;
Sıcaklık kontrol cihazları;TK;Yüksek Performanslı PID’li Sıcaklık Kontrol Cihazları;TK4S-R4CN;Üretimde;Ürün (/magaza/autonics-tk4s-r4cn);;;;
Sıcaklık kontrol cihazları;TK;Yüksek Performanslı PID’li Sıcaklık Kontrol Cihazları;TK4S-R4CR;Üretimde;Ürün (/magaza/autonics-tk4s-r4cr);;;;
Sıcaklık kontrol cihazları;TK;Yüksek Performanslı PID’li Sıcaklık Kontrol Cihazları;TK4S-R4RC;Üretimde;Ürün (/magaza/autonics-tk4s-r4rc);;;;
Sıcaklık kontrol cihazları;TK;Yüksek Performanslı PID’li Sıcaklık Kontrol Cihazları;TK4S-R4RN;Üretimde;Ürün (/magaza/autonics-tk4s-r4rn);;;;
Sıcaklık kontrol cihazları;TK;Yüksek Performanslı PID’li Sıcaklık Kontrol Cihazları;TK4S-R4RR;Üretimde;Ürün (/magaza/autonics-tk4s-r4rr);;;;
Sıcaklık kontrol cihazları;TK;Yüksek Performanslı PID’li Sıcaklık Kontrol Cihazları;TK4S-R4SC;Üretimde;Ürün (/magaza/autonics-tk4s-r4sc);;;;
Sıcaklık kontrol cihazları;TK;Yüksek Performanslı PID’li Sıcaklık Kontrol Cihazları;TK4S-R4SN;Üretimde;Ürün (/magaza/autonics-tk4s-r4sn);;;;
Sıcaklık kontrol cihazları;TK;Yüksek Performanslı PID’li Sıcaklık Kontrol Cihazları;TK4S-R4SR;Üretimde;Ürün (/magaza/autonics-tk4s-r4sr);;;;
Sıcaklık kontrol cihazları;TK;Yüksek Performanslı PID’li Sıcaklık Kontrol Cihazları;TK4S-T2CC;Üretimde;Ürün (/magaza/autonics-tk4s-t2cc);;;;
Sıcaklık kontrol cihazları;TK;Yüksek Performanslı PID’li Sıcaklık Kontrol Cihazları;TK4S-T2CN;Üretimde;Ürün (/magaza/autonics-tk4s-t2cn);;;;
Sıcaklık kontrol cihazları;TK;Yüksek Performanslı PID’li Sıcaklık Kontrol Cihazları;TK4S-T2CR;Üretimde;Ürün (/magaza/autonics-tk4s-t2cr);;;;
Sıcaklık kontrol cihazları;TK;Yüksek Performanslı PID’li Sıcaklık Kontrol Cihazları;TK4S-T2RC;Üretimde;Ürün (/magaza/autonics-tk4s-t2rc);;;;
Sıcaklık kontrol cihazları;TK;Yüksek Performanslı PID’li Sıcaklık Kontrol Cihazları;TK4S-T2RN;Üretimde;Ürün (/magaza/autonics-tk4s-t2rn);;;;
Sıcaklık kontrol cihazları;TK;Yüksek Performanslı PID’li Sıcaklık Kontrol Cihazları;TK4S-T2RR;Üretimde;Ürün (/magaza/autonics-tk4s-t2rr);;;;
Sıcaklık kontrol cihazları;TK;Yüksek Performanslı PID’li Sıcaklık Kontrol Cihazları;TK4S-T4CC;Üretimde;Ürün (/magaza/autonics-tk4s-t4cc);;;;
Sıcaklık kontrol cihazları;TK;Yüksek Performanslı PID’li Sıcaklık Kontrol Cihazları;TK4S-T4CN;Üretimde;Ürün (/magaza/autonics-tk4s-t4cn);;;;
Sıcaklık kontrol cihazları;TK;Yüksek Performanslı PID’li Sıcaklık Kontrol Cihazları;TK4S-T4CR;Üretimde;Ürün (/magaza/autonics-tk4s-t4cr);;;;
Sıcaklık kontrol cihazları;TK;Yüksek Performanslı PID’li Sıcaklık Kontrol Cihazları;TK4S-T4RC;Üretimde;Ürün (/magaza/autonics-tk4s-t4rc);;;;
Sıcaklık kontrol cihazları;TK;Yüksek Performanslı PID’li Sıcaklık Kontrol Cihazları;TK4S-T4RN;Üretimde;Ürün (/magaza/autonics-tk4s-t4rn);;;;
Sıcaklık kontrol cihazları;TK;Yüksek Performanslı PID’li Sıcaklık Kontrol Cihazları;TK4S-T4RR;Üretimde;Ürün (/magaza/autonics-tk4s-t4rr);;;;
Sıcaklık kontrol cihazları;TK;Yüksek Performanslı PID’li Sıcaklık Kontrol Cihazları;TK4S-T4SC;Üretimde;Ürün (/magaza/autonics-tk4s-t4sc);;;;
Sıcaklık kontrol cihazları;TK;Yüksek Performanslı PID’li Sıcaklık Kontrol Cihazları;TK4S-T4SN;Üretimde;Ürün (/magaza/autonics-tk4s-t4sn);;;;
Sıcaklık kontrol cihazları;TK;Yüksek Performanslı PID’li Sıcaklık Kontrol Cihazları;TK4S-T4SR;Üretimde;Ürün (/magaza/autonics-tk4s-t4sr);;;;
Sıcaklık kontrol cihazları;TK;Yüksek Performanslı PID’li Sıcaklık Kontrol Cihazları;TK4SP-12CC;Üretimde;Ürün (/magaza/autonics-tk4sp-12cc);;;;
Sıcaklık kontrol cihazları;TK;Yüksek Performanslı PID’li Sıcaklık Kontrol Cihazları;TK4SP-12CN;Üretimde;Ürün (/magaza/autonics-tk4sp-12cn);;;;
Sıcaklık kontrol cihazları;TK;Yüksek Performanslı PID’li Sıcaklık Kontrol Cihazları;TK4SP-12CR;Üretimde;Ürün (/magaza/autonics-tk4sp-12cr);;;;
Sıcaklık kontrol cihazları;TK;Yüksek Performanslı PID’li Sıcaklık Kontrol Cihazları;TK4SP-12RC;Üretimde;Ürün (/magaza/autonics-tk4sp-12rc);;;;
Sıcaklık kontrol cihazları;TK;Yüksek Performanslı PID’li Sıcaklık Kontrol Cihazları;TK4SP-12RN;Üretimde;Ürün (/magaza/autonics-tk4sp-12rn);;;;
Sıcaklık kontrol cihazları;TK;Yüksek Performanslı PID’li Sıcaklık Kontrol Cihazları;TK4SP-12RR;Üretimde;Ürün (/magaza/autonics-tk4sp-12rr);;;;
Sıcaklık kontrol cihazları;TK;Yüksek Performanslı PID’li Sıcaklık Kontrol Cihazları;TK4SP-14CC;Üretimde;Ürün (/magaza/autonics-tk4sp-14cc);;;;
Sıcaklık kontrol cihazları;TK;Yüksek Performanslı PID’li Sıcaklık Kontrol Cihazları;TK4SP-14CN;Üretimde;Ürün (/magaza/autonics-tk4sp-14cn);;;;
Sıcaklık kontrol cihazları;TK;Yüksek Performanslı PID’li Sıcaklık Kontrol Cihazları;TK4SP-14CR;Üretimde;Ürün (/magaza/autonics-tk4sp-14cr);;;;
Sıcaklık kontrol cihazları;TK;Yüksek Performanslı PID’li Sıcaklık Kontrol Cihazları;TK4SP-14RC;Üretimde;Ürün (/magaza/autonics-tk4sp-14rc);;;;
Sıcaklık kontrol cihazları;TK;Yüksek Performanslı PID’li Sıcaklık Kontrol Cihazları;TK4SP-14RN;Üretimde;Ürün (/magaza/autonics-tk4sp-14rn);;;;
Sıcaklık kontrol cihazları;TK;Yüksek Performanslı PID’li Sıcaklık Kontrol Cihazları;TK4SP-14RR;Üretimde;Ürün (/magaza/autonics-tk4sp-14rr);;;;
Sıcaklık kontrol cihazları;TK;Yüksek Performanslı PID’li Sıcaklık Kontrol Cihazları;TK4SP-14SC;Üretimde;Ürün (/magaza/autonics-tk4sp-14sc);;;;
Sıcaklık kontrol cihazları;TK;Yüksek Performanslı PID’li Sıcaklık Kontrol Cihazları;TK4SP-14SN;Üretimde;Ürün (/magaza/autonics-tk4sp-14sn);;;;
Sıcaklık kontrol cihazları;TK;Yüksek Performanslı PID’li Sıcaklık Kontrol Cihazları;TK4SP-14SR;Üretimde;Ürün (/magaza/autonics-tk4sp-14sr);;;;
Sıcaklık kontrol cihazları;TK;Yüksek Performanslı PID’li Sıcaklık Kontrol Cihazları;TK4W-12CC;Üretimde;Ürün (/magaza/autonics-tk4w-12cc);;;;
Sıcaklık kontrol cihazları;TK;Yüksek Performanslı PID’li Sıcaklık Kontrol Cihazları;TK4W-12CN;Üretimde;Ürün (/magaza/autonics-tk4w-12cn);;;;
Sıcaklık kontrol cihazları;TK;Yüksek Performanslı PID’li Sıcaklık Kontrol Cihazları;TK4W-12CR;Üretimde;Ürün (/magaza/autonics-tk4w-12cr);;;;
Sıcaklık kontrol cihazları;TK;Yüksek Performanslı PID’li Sıcaklık Kontrol Cihazları;TK4W-12RC;Üretimde;Ürün (/magaza/autonics-tk4w-12rc);;;;
Sıcaklık kontrol cihazları;TK;Yüksek Performanslı PID’li Sıcaklık Kontrol Cihazları;TK4W-12RN;Üretimde;Ürün (/magaza/autonics-tk4w-12rn);;;;
Sıcaklık kontrol cihazları;TK;Yüksek Performanslı PID’li Sıcaklık Kontrol Cihazları;TK4W-12RR;Üretimde;Ürün (/magaza/autonics-tk4w-12rr);;;;
Sıcaklık kontrol cihazları;TK;Yüksek Performanslı PID’li Sıcaklık Kontrol Cihazları;TK4W-14CC;Üretimde;Ürün (/magaza/autonics-tk4w-14cc);;;;
Sıcaklık kontrol cihazları;TK;Yüksek Performanslı PID’li Sıcaklık Kontrol Cihazları;TK4W-14CN;Üretimde;Ürün (/magaza/autonics-tk4w-14cn);;;;
Sıcaklık kontrol cihazları;TK;Yüksek Performanslı PID’li Sıcaklık Kontrol Cihazları;TK4W-14CR;Üretimde;Ürün (/magaza/autonics-tk4w-14cr);;;;
Sıcaklık kontrol cihazları;TK;Yüksek Performanslı PID’li Sıcaklık Kontrol Cihazları;TK4W-14RC;Üretimde;Ürün (/magaza/autonics-tk4w-14rc);;;;
Sıcaklık kontrol cihazları;TK;Yüksek Performanslı PID’li Sıcaklık Kontrol Cihazları;TK4W-14RN;Üretimde;Ürün (/magaza/autonics-tk4w-14rn);;;;
Sıcaklık kontrol cihazları;TK;Yüksek Performanslı PID’li Sıcaklık Kontrol Cihazları;TK4W-14RR;Üretimde;Ürün (/magaza/autonics-tk4w-14rr);;;;
Sıcaklık kontrol cihazları;TK;Yüksek Performanslı PID’li Sıcaklık Kontrol Cihazları;TK4W-14SC;Üretimde;Ürün (/magaza/autonics-tk4w-14sc);;;;
Sıcaklık kontrol cihazları;TK;Yüksek Performanslı PID’li Sıcaklık Kontrol Cihazları;TK4W-14SN;Üretimde;Ürün (/magaza/autonics-tk4w-14sn);;;;
Sıcaklık kontrol cihazları;TK;Yüksek Performanslı PID’li Sıcaklık Kontrol Cihazları;TK4W-14SR;Üretimde;Ürün (/magaza/autonics-tk4w-14sr);;;;
Sıcaklık kontrol cihazları;TK;Yüksek Performanslı PID’li Sıcaklık Kontrol Cihazları;TK4W-22CC;Üretimde;Ürün (/magaza/autonics-tk4w-22cc);;;;
Sıcaklık kontrol cihazları;TK;Yüksek Performanslı PID’li Sıcaklık Kontrol Cihazları;TK4W-22CN;Üretimde;Ürün (/magaza/autonics-tk4w-22cn);;;;
Sıcaklık kontrol cihazları;TK;Yüksek Performanslı PID’li Sıcaklık Kontrol Cihazları;TK4W-22CR;Üretimde;Ürün (/magaza/autonics-tk4w-22cr);;;;
Sıcaklık kontrol cihazları;TK;Yüksek Performanslı PID’li Sıcaklık Kontrol Cihazları;TK4W-22RC;Üretimde;Ürün (/magaza/autonics-tk4w-22rc);;;;
Sıcaklık kontrol cihazları;TK;Yüksek Performanslı PID’li Sıcaklık Kontrol Cihazları;TK4W-22RN;Üretimde;Ürün (/magaza/autonics-tk4w-22rn);;;;
Sıcaklık kontrol cihazları;TK;Yüksek Performanslı PID’li Sıcaklık Kontrol Cihazları;TK4W-22RR;Üretimde;Ürün (/magaza/autonics-tk4w-22rr);;;;
Sıcaklık kontrol cihazları;TK;Yüksek Performanslı PID’li Sıcaklık Kontrol Cihazları;TK4W-24CC;Üretimde;Ürün (/magaza/autonics-tk4w-24cc);;;;
Sıcaklık kontrol cihazları;TK;Yüksek Performanslı PID’li Sıcaklık Kontrol Cihazları;TK4W-24CN;Üretimde;Ürün (/magaza/autonics-tk4w-24cn);;;;
Sıcaklık kontrol cihazları;TK;Yüksek Performanslı PID’li Sıcaklık Kontrol Cihazları;TK4W-24CR;Üretimde;Ürün (/magaza/autonics-tk4w-24cr);;;;
Sıcaklık kontrol cihazları;TK;Yüksek Performanslı PID’li Sıcaklık Kontrol Cihazları;TK4W-24RC;Üretimde;Ürün (/magaza/autonics-tk4w-24rc);;;;
Sıcaklık kontrol cihazları;TK;Yüksek Performanslı PID’li Sıcaklık Kontrol Cihazları;TK4W-24RN;Üretimde;Ürün (/magaza/autonics-tk4w-24rn);;;;
Sıcaklık kontrol cihazları;TK;Yüksek Performanslı PID’li Sıcaklık Kontrol Cihazları;TK4W-24RR;Üretimde;Ürün (/magaza/autonics-tk4w-24rr);;;;
Sıcaklık kontrol cihazları;TK;Yüksek Performanslı PID’li Sıcaklık Kontrol Cihazları;TK4W-24SC;Üretimde;Ürün (/magaza/autonics-tk4w-24sc);;;;
Sıcaklık kontrol cihazları;TK;Yüksek Performanslı PID’li Sıcaklık Kontrol Cihazları;TK4W-24SN;Üretimde;Ürün (/magaza/autonics-tk4w-24sn);;;;
Sıcaklık kontrol cihazları;TK;Yüksek Performanslı PID’li Sıcaklık Kontrol Cihazları;TK4W-24SR;Üretimde;Ürün (/magaza/autonics-tk4w-24sr);;;;
Sıcaklık kontrol cihazları;TK;Yüksek Performanslı PID’li Sıcaklık Kontrol Cihazları;TK4W-A2CC;Üretimde;Ürün (/magaza/autonics-tk4w-a2cc);;;;
Sıcaklık kontrol cihazları;TK;Yüksek Performanslı PID’li Sıcaklık Kontrol Cihazları;TK4W-A2CN;Üretimde;Ürün (/magaza/autonics-tk4w-a2cn);;;;
Sıcaklık kontrol cihazları;TK;Yüksek Performanslı PID’li Sıcaklık Kontrol Cihazları;TK4W-A2CR;Üretimde;Ürün (/magaza/autonics-tk4w-a2cr);;;;
Sıcaklık kontrol cihazları;TK;Yüksek Performanslı PID’li Sıcaklık Kontrol Cihazları;TK4W-A2RC;Üretimde;Ürün (/magaza/autonics-tk4w-a2rc);;;;
Sıcaklık kontrol cihazları;TK;Yüksek Performanslı PID’li Sıcaklık Kontrol Cihazları;TK4W-A2RN;Üretimde;Ürün (/magaza/autonics-tk4w-a2rn);;;;
Sıcaklık kontrol cihazları;TK;Yüksek Performanslı PID’li Sıcaklık Kontrol Cihazları;TK4W-A2RR;Üretimde;Ürün (/magaza/autonics-tk4w-a2rr);;;;
Sıcaklık kontrol cihazları;TK;Yüksek Performanslı PID’li Sıcaklık Kontrol Cihazları;TK4W-A4CC;Üretimde;Ürün (/magaza/autonics-tk4w-a4cc);;;;
Sıcaklık kontrol cihazları;TK;Yüksek Performanslı PID’li Sıcaklık Kontrol Cihazları;TK4W-A4CN;Üretimde;Ürün (/magaza/autonics-tk4w-a4cn);;;;
Sıcaklık kontrol cihazları;TK;Yüksek Performanslı PID’li Sıcaklık Kontrol Cihazları;TK4W-A4CR;Üretimde;Ürün (/magaza/autonics-tk4w-a4cr);;;;
Sıcaklık kontrol cihazları;TK;Yüksek Performanslı PID’li Sıcaklık Kontrol Cihazları;TK4W-A4RC;Üretimde;Ürün (/magaza/autonics-tk4w-a4rc);;;;
Sıcaklık kontrol cihazları;TK;Yüksek Performanslı PID’li Sıcaklık Kontrol Cihazları;TK4W-A4RN;Üretimde;Ürün (/magaza/autonics-tk4w-a4rn);;;;
Sıcaklık kontrol cihazları;TK;Yüksek Performanslı PID’li Sıcaklık Kontrol Cihazları;TK4W-A4RR;Üretimde;Ürün (/magaza/autonics-tk4w-a4rr);;;;
Sıcaklık kontrol cihazları;TK;Yüksek Performanslı PID’li Sıcaklık Kontrol Cihazları;TK4W-A4SC;Üretimde;Ürün (/magaza/autonics-tk4w-a4sc);;;;
Sıcaklık kontrol cihazları;TK;Yüksek Performanslı PID’li Sıcaklık Kontrol Cihazları;TK4W-A4SN;Üretimde;Ürün (/magaza/autonics-tk4w-a4sn);;;;
Sıcaklık kontrol cihazları;TK;Yüksek Performanslı PID’li Sıcaklık Kontrol Cihazları;TK4W-A4SR;Üretimde;Ürün (/magaza/autonics-tk4w-a4sr);;;;
Sıcaklık kontrol cihazları;TK;Yüksek Performanslı PID’li Sıcaklık Kontrol Cihazları;TK4W-B2CC;Üretimde;Ürün (/magaza/autonics-tk4w-b2cc);;;;
Sıcaklık kontrol cihazları;TK;Yüksek Performanslı PID’li Sıcaklık Kontrol Cihazları;TK4W-B2CN;Üretimde;Ürün (/magaza/autonics-tk4w-b2cn);;;;
Sıcaklık kontrol cihazları;TK;Yüksek Performanslı PID’li Sıcaklık Kontrol Cihazları;TK4W-B2CR;Üretimde;Ürün (/magaza/autonics-tk4w-b2cr);;;;
Sıcaklık kontrol cihazları;TK;Yüksek Performanslı PID’li Sıcaklık Kontrol Cihazları;TK4W-B2RC;Üretimde;Ürün (/magaza/autonics-tk4w-b2rc);;;;
Sıcaklık kontrol cihazları;TK;Yüksek Performanslı PID’li Sıcaklık Kontrol Cihazları;TK4W-B2RN;Üretimde;Ürün (/magaza/autonics-tk4w-b2rn);;;;
Sıcaklık kontrol cihazları;TK;Yüksek Performanslı PID’li Sıcaklık Kontrol Cihazları;TK4W-B2RR;Üretimde;Ürün (/magaza/autonics-tk4w-b2rr);;;;
Sıcaklık kontrol cihazları;TK;Yüksek Performanslı PID’li Sıcaklık Kontrol Cihazları;TK4W-B4CC;Üretimde;Ürün (/magaza/autonics-tk4w-b4cc);;;;
Sıcaklık kontrol cihazları;TK;Yüksek Performanslı PID’li Sıcaklık Kontrol Cihazları;TK4W-B4CN;Üretimde;Ürün (/magaza/autonics-tk4w-b4cn);;;;
Sıcaklık kontrol cihazları;TK;Yüksek Performanslı PID’li Sıcaklık Kontrol Cihazları;TK4W-B4CR;Üretimde;Ürün (/magaza/autonics-tk4w-b4cr);;;;
Sıcaklık kontrol cihazları;TK;Yüksek Performanslı PID’li Sıcaklık Kontrol Cihazları;TK4W-B4RC;Üretimde;Ürün (/magaza/autonics-tk4w-b4rc);;;;
Sıcaklık kontrol cihazları;TK;Yüksek Performanslı PID’li Sıcaklık Kontrol Cihazları;TK4W-B4RN;Üretimde;Ürün (/magaza/autonics-tk4w-b4rn);;;;
Sıcaklık kontrol cihazları;TK;Yüksek Performanslı PID’li Sıcaklık Kontrol Cihazları;TK4W-B4RR;Üretimde;Ürün (/magaza/autonics-tk4w-b4rr);;;;
Sıcaklık kontrol cihazları;TK;Yüksek Performanslı PID’li Sıcaklık Kontrol Cihazları;TK4W-B4SC;Üretimde;Ürün (/magaza/autonics-tk4w-b4sc);;;;
Sıcaklık kontrol cihazları;TK;Yüksek Performanslı PID’li Sıcaklık Kontrol Cihazları;TK4W-B4SN;Üretimde;Ürün (/magaza/autonics-tk4w-b4sn);;;;
Sıcaklık kontrol cihazları;TK;Yüksek Performanslı PID’li Sıcaklık Kontrol Cihazları;TK4W-B4SR;Üretimde;Ürün (/magaza/autonics-tk4w-b4sr);;;;
Sıcaklık kontrol cihazları;TK;Yüksek Performanslı PID’li Sıcaklık Kontrol Cihazları;TK4W-R2CC;Üretimde;Ürün (/magaza/autonics-tk4w-r2cc);;;;
Sıcaklık kontrol cihazları;TK;Yüksek Performanslı PID’li Sıcaklık Kontrol Cihazları;TK4W-R2CN;Üretimde;Ürün (/magaza/autonics-tk4w-r2cn);;;;
Sıcaklık kontrol cihazları;TK;Yüksek Performanslı PID’li Sıcaklık Kontrol Cihazları;TK4W-R2CR;Üretimde;Ürün (/magaza/autonics-tk4w-r2cr);;;;
Sıcaklık kontrol cihazları;TK;Yüksek Performanslı PID’li Sıcaklık Kontrol Cihazları;TK4W-R2RC;Üretimde;Ürün (/magaza/autonics-tk4w-r2rc);;;;
Sıcaklık kontrol cihazları;TK;Yüksek Performanslı PID’li Sıcaklık Kontrol Cihazları;TK4W-R2RN;Üretimde;Ürün (/magaza/autonics-tk4w-r2rn);;;;
Sıcaklık kontrol cihazları;TK;Yüksek Performanslı PID’li Sıcaklık Kontrol Cihazları;TK4W-R2RR;Üretimde;Ürün (/magaza/autonics-tk4w-r2rr);;;;
Sıcaklık kontrol cihazları;TK;Yüksek Performanslı PID’li Sıcaklık Kontrol Cihazları;TK4W-R4CC;Üretimde;Ürün (/magaza/autonics-tk4w-r4cc);;;;
Sıcaklık kontrol cihazları;TK;Yüksek Performanslı PID’li Sıcaklık Kontrol Cihazları;TK4W-R4CN;Üretimde;Ürün (/magaza/autonics-tk4w-r4cn);;;;
Sıcaklık kontrol cihazları;TK;Yüksek Performanslı PID’li Sıcaklık Kontrol Cihazları;TK4W-R4CR;Üretimde;Ürün (/magaza/autonics-tk4w-r4cr);;;;
Sıcaklık kontrol cihazları;TK;Yüksek Performanslı PID’li Sıcaklık Kontrol Cihazları;TK4W-R4RC;Üretimde;Ürün (/magaza/autonics-tk4w-r4rc);;;;
Sıcaklık kontrol cihazları;TK;Yüksek Performanslı PID’li Sıcaklık Kontrol Cihazları;TK4W-R4RN;Üretimde;Ürün (/magaza/autonics-tk4w-r4rn);;;;
Sıcaklık kontrol cihazları;TK;Yüksek Performanslı PID’li Sıcaklık Kontrol Cihazları;TK4W-R4RR;Üretimde;Ürün (/magaza/autonics-tk4w-r4rr);;;;
Sıcaklık kontrol cihazları;TK;Yüksek Performanslı PID’li Sıcaklık Kontrol Cihazları;TK4W-R4SC;Üretimde;Ürün (/magaza/autonics-tk4w-r4sc);;;;
Sıcaklık kontrol cihazları;TK;Yüksek Performanslı PID’li Sıcaklık Kontrol Cihazları;TK4W-R4SN;Üretimde;Ürün (/magaza/autonics-tk4w-r4sn);;;;
Sıcaklık kontrol cihazları;TK;Yüksek Performanslı PID’li Sıcaklık Kontrol Cihazları;TK4W-R4SR;Üretimde;Ürün (/magaza/autonics-tk4w-r4sr);;;;
Sıcaklık kontrol cihazları;TK;Yüksek Performanslı PID’li Sıcaklık Kontrol Cihazları;TK4W-T2CC;Üretimde;Ürün (/magaza/autonics-tk4w-t2cc);;;;
Sıcaklık kontrol cihazları;TK;Yüksek Performanslı PID’li Sıcaklık Kontrol Cihazları;TK4W-T2CN;Üretimde;Ürün (/magaza/autonics-tk4w-t2cn);;;;
Sıcaklık kontrol cihazları;TK;Yüksek Performanslı PID’li Sıcaklık Kontrol Cihazları;TK4W-T2CR;Üretimde;Ürün (/magaza/autonics-tk4w-t2cr);;;;
Sıcaklık kontrol cihazları;TK;Yüksek Performanslı PID’li Sıcaklık Kontrol Cihazları;TK4W-T2RC;Üretimde;Ürün (/magaza/autonics-tk4w-t2rc);;;;
Sıcaklık kontrol cihazları;TK;Yüksek Performanslı PID’li Sıcaklık Kontrol Cihazları;TK4W-T2RN;Üretimde;Ürün (/magaza/autonics-tk4w-t2rn);;;;
Sıcaklık kontrol cihazları;TK;Yüksek Performanslı PID’li Sıcaklık Kontrol Cihazları;TK4W-T2RR;Üretimde;Ürün (/magaza/autonics-tk4w-t2rr);;;;
Sıcaklık kontrol cihazları;TK;Yüksek Performanslı PID’li Sıcaklık Kontrol Cihazları;TK4W-T4CC;Üretimde;Ürün (/magaza/autonics-tk4w-t4cc);;;;
Sıcaklık kontrol cihazları;TK;Yüksek Performanslı PID’li Sıcaklık Kontrol Cihazları;TK4W-T4CN;Üretimde;Ürün (/magaza/autonics-tk4w-t4cn);;;;
Sıcaklık kontrol cihazları;TK;Yüksek Performanslı PID’li Sıcaklık Kontrol Cihazları;TK4W-T4CR;Üretimde;Ürün (/magaza/autonics-tk4w-t4cr);;;;
Sıcaklık kontrol cihazları;TK;Yüksek Performanslı PID’li Sıcaklık Kontrol Cihazları;TK4W-T4RC;Üretimde;Ürün (/magaza/autonics-tk4w-t4rc);;;;
Sıcaklık kontrol cihazları;TK;Yüksek Performanslı PID’li Sıcaklık Kontrol Cihazları;TK4W-T4RN;Üretimde;Ürün (/magaza/autonics-tk4w-t4rn);;;;
Sıcaklık kontrol cihazları;TK;Yüksek Performanslı PID’li Sıcaklık Kontrol Cihazları;TK4W-T4RR;Üretimde;Ürün (/magaza/autonics-tk4w-t4rr);;;;
Sıcaklık kontrol cihazları;TK;Yüksek Performanslı PID’li Sıcaklık Kontrol Cihazları;TK4W-T4SC;Üretimde;Ürün (/magaza/autonics-tk4w-t4sc);;;;
Sıcaklık kontrol cihazları;TK;Yüksek Performanslı PID’li Sıcaklık Kontrol Cihazları;TK4W-T4SN;Üretimde;Ürün (/magaza/autonics-tk4w-t4sn);;;;
Sıcaklık kontrol cihazları;TK;Yüksek Performanslı PID’li Sıcaklık Kontrol Cihazları;TK4W-T4SR;Üretimde;Ürün (/magaza/autonics-tk4w-t4sr);;;;
Sıcaklık kontrol cihazları;TCN;Ekonomik Çift Ekranlı PID'li Sıcaklık Kontrol Cihazları;TCN4H-22R;Üretimde;Kod sayfası (/magaza/kontrol-kodlari/tcn);;;;
Sıcaklık kontrol cihazları;TCN;Ekonomik Çift Ekranlı PID'li Sıcaklık Kontrol Cihazları;TCN4H-24R;Üretimde;Kod sayfası (/magaza/kontrol-kodlari/tcn);;;;
Sıcaklık kontrol cihazları;TCN;Ekonomik Çift Ekranlı PID'li Sıcaklık Kontrol Cihazları;TCN4L-22R;Üretimde;Kod sayfası (/magaza/kontrol-kodlari/tcn);;;;
Sıcaklık kontrol cihazları;TCN;Ekonomik Çift Ekranlı PID'li Sıcaklık Kontrol Cihazları;TCN4L-24R;Üretimde;Kod sayfası (/magaza/kontrol-kodlari/tcn);;;;
Sıcaklık kontrol cihazları;TCN;Ekonomik Çift Ekranlı PID'li Sıcaklık Kontrol Cihazları;TCN4M-22R;Üretimde;Kod sayfası (/magaza/kontrol-kodlari/tcn);;;;
Sıcaklık kontrol cihazları;TCN;Ekonomik Çift Ekranlı PID'li Sıcaklık Kontrol Cihazları;TCN4M-24R;Üretimde;Kod sayfası (/magaza/kontrol-kodlari/tcn);;;;
Sıcaklık kontrol cihazları;TCN;Ekonomik Çift Ekranlı PID'li Sıcaklık Kontrol Cihazları;TCN4S-22R;Üretimde;Kod sayfası (/magaza/kontrol-kodlari/tcn);;;;
Sıcaklık kontrol cihazları;TCN;Ekonomik Çift Ekranlı PID'li Sıcaklık Kontrol Cihazları;TCN4S-22R-P;Üretimde;Kod sayfası (/magaza/kontrol-kodlari/tcn);;;;
Sıcaklık kontrol cihazları;TCN;Ekonomik Çift Ekranlı PID'li Sıcaklık Kontrol Cihazları;TCN4S-24R;Üretimde;Ürün (/magaza/autonics-tcn4s-24r);;;;
Sıcaklık kontrol cihazları;TCN;Ekonomik Çift Ekranlı PID'li Sıcaklık Kontrol Cihazları;TCN4S-24R-P;Üretimde;Kod sayfası (/magaza/kontrol-kodlari/tcn);;;;
Sıcaklık kontrol cihazları;TC;Ekonomik Tek Ekranlı PID'li Sıcaklık Kontrol Cihazları;TC4H-12R;Üretimde;Kod sayfası (/magaza/kontrol-kodlari/tc);;;;
Sıcaklık kontrol cihazları;TC;Ekonomik Tek Ekranlı PID'li Sıcaklık Kontrol Cihazları;TC4H-14R;Üretimde;Kod sayfası (/magaza/kontrol-kodlari/tc);;;;
Sıcaklık kontrol cihazları;TC;Ekonomik Tek Ekranlı PID'li Sıcaklık Kontrol Cihazları;TC4H-22R;Üretimde;Kod sayfası (/magaza/kontrol-kodlari/tc);;;;
Sıcaklık kontrol cihazları;TC;Ekonomik Tek Ekranlı PID'li Sıcaklık Kontrol Cihazları;TC4H-24R;Üretimde;Kod sayfası (/magaza/kontrol-kodlari/tc);;;;
Sıcaklık kontrol cihazları;TC;Ekonomik Tek Ekranlı PID'li Sıcaklık Kontrol Cihazları;TC4H-N2N;Üretimde;Kod sayfası (/magaza/kontrol-kodlari/tc);;;;
Sıcaklık kontrol cihazları;TC;Ekonomik Tek Ekranlı PID'li Sıcaklık Kontrol Cihazları;TC4H-N2R;Üretimde;Kod sayfası (/magaza/kontrol-kodlari/tc);;;;
Sıcaklık kontrol cihazları;TC;Ekonomik Tek Ekranlı PID'li Sıcaklık Kontrol Cihazları;TC4H-N4N;Üretimde;Kod sayfası (/magaza/kontrol-kodlari/tc);;;;
Sıcaklık kontrol cihazları;TC;Ekonomik Tek Ekranlı PID'li Sıcaklık Kontrol Cihazları;TC4H-N4R;Üretimde;Kod sayfası (/magaza/kontrol-kodlari/tc);;;;
Sıcaklık kontrol cihazları;TC;Ekonomik Tek Ekranlı PID'li Sıcaklık Kontrol Cihazları;TC4L-12R;Üretimde;Kod sayfası (/magaza/kontrol-kodlari/tc);;;;
Sıcaklık kontrol cihazları;TC;Ekonomik Tek Ekranlı PID'li Sıcaklık Kontrol Cihazları;TC4L-14R;Üretimde;Kod sayfası (/magaza/kontrol-kodlari/tc);;;;
Sıcaklık kontrol cihazları;TC;Ekonomik Tek Ekranlı PID'li Sıcaklık Kontrol Cihazları;TC4L-22R;Üretimde;Kod sayfası (/magaza/kontrol-kodlari/tc);;;;
Sıcaklık kontrol cihazları;TC;Ekonomik Tek Ekranlı PID'li Sıcaklık Kontrol Cihazları;TC4L-24R;Üretimde;Kod sayfası (/magaza/kontrol-kodlari/tc);;;;
Sıcaklık kontrol cihazları;TC;Ekonomik Tek Ekranlı PID'li Sıcaklık Kontrol Cihazları;TC4L-N2N;Üretimde;Kod sayfası (/magaza/kontrol-kodlari/tc);;;;
Sıcaklık kontrol cihazları;TC;Ekonomik Tek Ekranlı PID'li Sıcaklık Kontrol Cihazları;TC4L-N2R;Üretimde;Kod sayfası (/magaza/kontrol-kodlari/tc);;;;
Sıcaklık kontrol cihazları;TC;Ekonomik Tek Ekranlı PID'li Sıcaklık Kontrol Cihazları;TC4L-N4N;Üretimde;Kod sayfası (/magaza/kontrol-kodlari/tc);;;;
Sıcaklık kontrol cihazları;TC;Ekonomik Tek Ekranlı PID'li Sıcaklık Kontrol Cihazları;TC4L-N4R;Üretimde;Kod sayfası (/magaza/kontrol-kodlari/tc);;;;
Sıcaklık kontrol cihazları;TC;Ekonomik Tek Ekranlı PID'li Sıcaklık Kontrol Cihazları;TC4M-12R;Üretimde;Kod sayfası (/magaza/kontrol-kodlari/tc);;;;
Sıcaklık kontrol cihazları;TC;Ekonomik Tek Ekranlı PID'li Sıcaklık Kontrol Cihazları;TC4M-14R;Üretimde;Kod sayfası (/magaza/kontrol-kodlari/tc);;;;
Sıcaklık kontrol cihazları;TC;Ekonomik Tek Ekranlı PID'li Sıcaklık Kontrol Cihazları;TC4M-22R;Üretimde;Kod sayfası (/magaza/kontrol-kodlari/tc);;;;
Sıcaklık kontrol cihazları;TC;Ekonomik Tek Ekranlı PID'li Sıcaklık Kontrol Cihazları;TC4M-24R;Üretimde;Kod sayfası (/magaza/kontrol-kodlari/tc);;;;
Sıcaklık kontrol cihazları;TC;Ekonomik Tek Ekranlı PID'li Sıcaklık Kontrol Cihazları;TC4M-N2N;Üretimde;Kod sayfası (/magaza/kontrol-kodlari/tc);;;;
Sıcaklık kontrol cihazları;TC;Ekonomik Tek Ekranlı PID'li Sıcaklık Kontrol Cihazları;TC4M-N2R;Üretimde;Kod sayfası (/magaza/kontrol-kodlari/tc);;;;
Sıcaklık kontrol cihazları;TC;Ekonomik Tek Ekranlı PID'li Sıcaklık Kontrol Cihazları;TC4M-N4N;Üretimde;Kod sayfası (/magaza/kontrol-kodlari/tc);;;;
Sıcaklık kontrol cihazları;TC;Ekonomik Tek Ekranlı PID'li Sıcaklık Kontrol Cihazları;TC4M-N4R;Üretimde;Kod sayfası (/magaza/kontrol-kodlari/tc);;;;
Sıcaklık kontrol cihazları;TC;Ekonomik Tek Ekranlı PID'li Sıcaklık Kontrol Cihazları;TC4S-12R;Üretimde;Kod sayfası (/magaza/kontrol-kodlari/tc);;;;
Sıcaklık kontrol cihazları;TC;Ekonomik Tek Ekranlı PID'li Sıcaklık Kontrol Cihazları;TC4S-14R;Üretimde;Kod sayfası (/magaza/kontrol-kodlari/tc);;;;
Sıcaklık kontrol cihazları;TC;Ekonomik Tek Ekranlı PID'li Sıcaklık Kontrol Cihazları;TC4S-22R;Üretimde;Kod sayfası (/magaza/kontrol-kodlari/tc);;;;
Sıcaklık kontrol cihazları;TC;Ekonomik Tek Ekranlı PID'li Sıcaklık Kontrol Cihazları;TC4S-24R;Üretimde;Kod sayfası (/magaza/kontrol-kodlari/tc);;;;
Sıcaklık kontrol cihazları;TC;Ekonomik Tek Ekranlı PID'li Sıcaklık Kontrol Cihazları;TC4S-N2N;Üretimde;Kod sayfası (/magaza/kontrol-kodlari/tc);;;;
Sıcaklık kontrol cihazları;TC;Ekonomik Tek Ekranlı PID'li Sıcaklık Kontrol Cihazları;TC4S-N2R;Üretimde;Kod sayfası (/magaza/kontrol-kodlari/tc);;;;
Sıcaklık kontrol cihazları;TC;Ekonomik Tek Ekranlı PID'li Sıcaklık Kontrol Cihazları;TC4S-N4N;Üretimde;Kod sayfası (/magaza/kontrol-kodlari/tc);;;;
Sıcaklık kontrol cihazları;TC;Ekonomik Tek Ekranlı PID'li Sıcaklık Kontrol Cihazları;TC4S-N4R;Üretimde;Kod sayfası (/magaza/kontrol-kodlari/tc);;;;
Sıcaklık kontrol cihazları;TC;Ekonomik Tek Ekranlı PID'li Sıcaklık Kontrol Cihazları;TC4SP-12R;Üretimde;Kod sayfası (/magaza/kontrol-kodlari/tc);;;;
Sıcaklık kontrol cihazları;TC;Ekonomik Tek Ekranlı PID'li Sıcaklık Kontrol Cihazları;TC4SP-14R;Üretimde;Kod sayfası (/magaza/kontrol-kodlari/tc);;;;
Sıcaklık kontrol cihazları;TC;Ekonomik Tek Ekranlı PID'li Sıcaklık Kontrol Cihazları;TC4SP-N2N;Üretimde;Kod sayfası (/magaza/kontrol-kodlari/tc);;;;
Sıcaklık kontrol cihazları;TC;Ekonomik Tek Ekranlı PID'li Sıcaklık Kontrol Cihazları;TC4SP-N2R;Üretimde;Kod sayfası (/magaza/kontrol-kodlari/tc);;;;
Sıcaklık kontrol cihazları;TC;Ekonomik Tek Ekranlı PID'li Sıcaklık Kontrol Cihazları;TC4SP-N4N;Üretimde;Kod sayfası (/magaza/kontrol-kodlari/tc);;;;
Sıcaklık kontrol cihazları;TC;Ekonomik Tek Ekranlı PID'li Sıcaklık Kontrol Cihazları;TC4SP-N4R;Üretimde;Kod sayfası (/magaza/kontrol-kodlari/tc);;;;
Sıcaklık kontrol cihazları;TC;Ekonomik Tek Ekranlı PID'li Sıcaklık Kontrol Cihazları;TC4W-12R;Üretimde;Kod sayfası (/magaza/kontrol-kodlari/tc);;;;
Sıcaklık kontrol cihazları;TC;Ekonomik Tek Ekranlı PID'li Sıcaklık Kontrol Cihazları;TC4W-14R;Üretimde;Kod sayfası (/magaza/kontrol-kodlari/tc);;;;
Sıcaklık kontrol cihazları;TC;Ekonomik Tek Ekranlı PID'li Sıcaklık Kontrol Cihazları;TC4W-22R;Üretimde;Kod sayfası (/magaza/kontrol-kodlari/tc);;;;
Sıcaklık kontrol cihazları;TC;Ekonomik Tek Ekranlı PID'li Sıcaklık Kontrol Cihazları;TC4W-24R;Üretimde;Kod sayfası (/magaza/kontrol-kodlari/tc);;;;
Sıcaklık kontrol cihazları;TC;Ekonomik Tek Ekranlı PID'li Sıcaklık Kontrol Cihazları;TC4W-N2N;Üretimde;Kod sayfası (/magaza/kontrol-kodlari/tc);;;;
Sıcaklık kontrol cihazları;TC;Ekonomik Tek Ekranlı PID'li Sıcaklık Kontrol Cihazları;TC4W-N2R;Üretimde;Kod sayfası (/magaza/kontrol-kodlari/tc);;;;
Sıcaklık kontrol cihazları;TC;Ekonomik Tek Ekranlı PID'li Sıcaklık Kontrol Cihazları;TC4W-N4N;Üretimde;Kod sayfası (/magaza/kontrol-kodlari/tc);;;;
Sıcaklık kontrol cihazları;TC;Ekonomik Tek Ekranlı PID'li Sıcaklık Kontrol Cihazları;TC4W-N4R;Üretimde;Kod sayfası (/magaza/kontrol-kodlari/tc);;;;
Sıcaklık kontrol cihazları;TC;Ekonomik Tek Ekranlı PID'li Sıcaklık Kontrol Cihazları;TC4Y-12R;Üretimde;Kod sayfası (/magaza/kontrol-kodlari/tc);;;;
Sıcaklık kontrol cihazları;TC;Ekonomik Tek Ekranlı PID'li Sıcaklık Kontrol Cihazları;TC4Y-14R;Üretimde;Kod sayfası (/magaza/kontrol-kodlari/tc);;;;
Sıcaklık kontrol cihazları;TC;Ekonomik Tek Ekranlı PID'li Sıcaklık Kontrol Cihazları;TC4Y-N2N;Üretimde;Kod sayfası (/magaza/kontrol-kodlari/tc);;;;
Sıcaklık kontrol cihazları;TC;Ekonomik Tek Ekranlı PID'li Sıcaklık Kontrol Cihazları;TC4Y-N2R;Üretimde;Kod sayfası (/magaza/kontrol-kodlari/tc);;;;
Sıcaklık kontrol cihazları;TC;Ekonomik Tek Ekranlı PID'li Sıcaklık Kontrol Cihazları;TC4Y-N4N;Üretimde;Kod sayfası (/magaza/kontrol-kodlari/tc);;;;
Sıcaklık kontrol cihazları;TC;Ekonomik Tek Ekranlı PID'li Sıcaklık Kontrol Cihazları;TC4Y-N4R;Üretimde;Kod sayfası (/magaza/kontrol-kodlari/tc);;;;
Sıcaklık kontrol cihazları;TA;Analog, Göstergesiz PID'li Sıcaklık Kontrol Cihazları;TAL-B4RJ2C;Üretimde;Kod sayfası (/magaza/kontrol-kodlari/ta);;;;
Sıcaklık kontrol cihazları;TA;Analog, Göstergesiz PID'li Sıcaklık Kontrol Cihazları;TAL-B4RJ2F;Üretimde;Kod sayfası (/magaza/kontrol-kodlari/ta);;;;
Sıcaklık kontrol cihazları;TA;Analog, Göstergesiz PID'li Sıcaklık Kontrol Cihazları;TAL-B4RJ3C;Üretimde;Kod sayfası (/magaza/kontrol-kodlari/ta);;;;
Sıcaklık kontrol cihazları;TA;Analog, Göstergesiz PID'li Sıcaklık Kontrol Cihazları;TAL-B4RJ3F;Üretimde;Kod sayfası (/magaza/kontrol-kodlari/ta);;;;
Sıcaklık kontrol cihazları;TA;Analog, Göstergesiz PID'li Sıcaklık Kontrol Cihazları;TAL-B4RJ4C;Üretimde;Kod sayfası (/magaza/kontrol-kodlari/ta);;;;
Sıcaklık kontrol cihazları;TA;Analog, Göstergesiz PID'li Sıcaklık Kontrol Cihazları;TAL-B4RJ4F;Üretimde;Kod sayfası (/magaza/kontrol-kodlari/ta);;;;
Sıcaklık kontrol cihazları;TA;Analog, Göstergesiz PID'li Sıcaklık Kontrol Cihazları;TAL-B4RK1C;Üretimde;Kod sayfası (/magaza/kontrol-kodlari/ta);;;;
Sıcaklık kontrol cihazları;TA;Analog, Göstergesiz PID'li Sıcaklık Kontrol Cihazları;TAL-B4RK1F;Üretimde;Kod sayfası (/magaza/kontrol-kodlari/ta);;;;
Sıcaklık kontrol cihazları;TA;Analog, Göstergesiz PID'li Sıcaklık Kontrol Cihazları;TAL-B4RK2C;Üretimde;Kod sayfası (/magaza/kontrol-kodlari/ta);;;;
Sıcaklık kontrol cihazları;TA;Analog, Göstergesiz PID'li Sıcaklık Kontrol Cihazları;TAL-B4RK2F;Üretimde;Kod sayfası (/magaza/kontrol-kodlari/ta);;;;
Sıcaklık kontrol cihazları;TA;Analog, Göstergesiz PID'li Sıcaklık Kontrol Cihazları;TAL-B4RK4C;Üretimde;Kod sayfası (/magaza/kontrol-kodlari/ta);;;;
Sıcaklık kontrol cihazları;TA;Analog, Göstergesiz PID'li Sıcaklık Kontrol Cihazları;TAL-B4RK4F;Üretimde;Kod sayfası (/magaza/kontrol-kodlari/ta);;;;
Sıcaklık kontrol cihazları;TA;Analog, Göstergesiz PID'li Sıcaklık Kontrol Cihazları;TAL-B4RK6C;Üretimde;Kod sayfası (/magaza/kontrol-kodlari/ta);;;;
Sıcaklık kontrol cihazları;TA;Analog, Göstergesiz PID'li Sıcaklık Kontrol Cihazları;TAL-B4RK6F;Üretimde;Kod sayfası (/magaza/kontrol-kodlari/ta);;;;
Sıcaklık kontrol cihazları;TA;Analog, Göstergesiz PID'li Sıcaklık Kontrol Cihazları;TAL-B4RK8C;Üretimde;Kod sayfası (/magaza/kontrol-kodlari/ta);;;;
Sıcaklık kontrol cihazları;TA;Analog, Göstergesiz PID'li Sıcaklık Kontrol Cihazları;TAL-B4RK8F;Üretimde;Kod sayfası (/magaza/kontrol-kodlari/ta);;;;
Sıcaklık kontrol cihazları;TA;Analog, Göstergesiz PID'li Sıcaklık Kontrol Cihazları;TAL-B4RKCC;Üretimde;Kod sayfası (/magaza/kontrol-kodlari/ta);;;;
Sıcaklık kontrol cihazları;TA;Analog, Göstergesiz PID'li Sıcaklık Kontrol Cihazları;TAL-B4RKCF;Üretimde;Kod sayfası (/magaza/kontrol-kodlari/ta);;;;
Sıcaklık kontrol cihazları;TA;Analog, Göstergesiz PID'li Sıcaklık Kontrol Cihazları;TAL-B4RP0C;Üretimde;Kod sayfası (/magaza/kontrol-kodlari/ta);;;;
Sıcaklık kontrol cihazları;TA;Analog, Göstergesiz PID'li Sıcaklık Kontrol Cihazları;TAL-B4RP0F;Üretimde;Kod sayfası (/magaza/kontrol-kodlari/ta);;;;
Sıcaklık kontrol cihazları;TA;Analog, Göstergesiz PID'li Sıcaklık Kontrol Cihazları;TAL-B4RP1C;Üretimde;Kod sayfası (/magaza/kontrol-kodlari/ta);;;;
Sıcaklık kontrol cihazları;TA;Analog, Göstergesiz PID'li Sıcaklık Kontrol Cihazları;TAL-B4RP1F;Üretimde;Kod sayfası (/magaza/kontrol-kodlari/ta);;;;
Sıcaklık kontrol cihazları;TA;Analog, Göstergesiz PID'li Sıcaklık Kontrol Cihazları;TAL-B4RP2C;Üretimde;Kod sayfası (/magaza/kontrol-kodlari/ta);;;;
Sıcaklık kontrol cihazları;TA;Analog, Göstergesiz PID'li Sıcaklık Kontrol Cihazları;TAL-B4RP2F;Üretimde;Kod sayfası (/magaza/kontrol-kodlari/ta);;;;
Sıcaklık kontrol cihazları;TA;Analog, Göstergesiz PID'li Sıcaklık Kontrol Cihazları;TAL-B4RP4C;Üretimde;Kod sayfası (/magaza/kontrol-kodlari/ta);;;;
Sıcaklık kontrol cihazları;TA;Analog, Göstergesiz PID'li Sıcaklık Kontrol Cihazları;TAL-B4RP4F;Üretimde;Kod sayfası (/magaza/kontrol-kodlari/ta);;;;
Sıcaklık kontrol cihazları;TA;Analog, Göstergesiz PID'li Sıcaklık Kontrol Cihazları;TAL-B4SJ2C;Üretimde;Kod sayfası (/magaza/kontrol-kodlari/ta);;;;
Sıcaklık kontrol cihazları;TA;Analog, Göstergesiz PID'li Sıcaklık Kontrol Cihazları;TAL-B4SJ2F;Üretimde;Kod sayfası (/magaza/kontrol-kodlari/ta);;;;
Sıcaklık kontrol cihazları;TA;Analog, Göstergesiz PID'li Sıcaklık Kontrol Cihazları;TAL-B4SJ3C;Üretimde;Kod sayfası (/magaza/kontrol-kodlari/ta);;;;
Sıcaklık kontrol cihazları;TA;Analog, Göstergesiz PID'li Sıcaklık Kontrol Cihazları;TAL-B4SJ3F;Üretimde;Kod sayfası (/magaza/kontrol-kodlari/ta);;;;
Sıcaklık kontrol cihazları;TA;Analog, Göstergesiz PID'li Sıcaklık Kontrol Cihazları;TAL-B4SJ4C;Üretimde;Kod sayfası (/magaza/kontrol-kodlari/ta);;;;
Sıcaklık kontrol cihazları;TA;Analog, Göstergesiz PID'li Sıcaklık Kontrol Cihazları;TAL-B4SJ4F;Üretimde;Kod sayfası (/magaza/kontrol-kodlari/ta);;;;
Sıcaklık kontrol cihazları;TA;Analog, Göstergesiz PID'li Sıcaklık Kontrol Cihazları;TAL-B4SK1C;Üretimde;Kod sayfası (/magaza/kontrol-kodlari/ta);;;;
Sıcaklık kontrol cihazları;TA;Analog, Göstergesiz PID'li Sıcaklık Kontrol Cihazları;TAL-B4SK1F;Üretimde;Kod sayfası (/magaza/kontrol-kodlari/ta);;;;
Sıcaklık kontrol cihazları;TA;Analog, Göstergesiz PID'li Sıcaklık Kontrol Cihazları;TAL-B4SK2C;Üretimde;Kod sayfası (/magaza/kontrol-kodlari/ta);;;;
Sıcaklık kontrol cihazları;TA;Analog, Göstergesiz PID'li Sıcaklık Kontrol Cihazları;TAL-B4SK2F;Üretimde;Kod sayfası (/magaza/kontrol-kodlari/ta);;;;
Sıcaklık kontrol cihazları;TA;Analog, Göstergesiz PID'li Sıcaklık Kontrol Cihazları;TAL-B4SK4C;Üretimde;Kod sayfası (/magaza/kontrol-kodlari/ta);;;;
Sıcaklık kontrol cihazları;TA;Analog, Göstergesiz PID'li Sıcaklık Kontrol Cihazları;TAL-B4SK4F;Üretimde;Kod sayfası (/magaza/kontrol-kodlari/ta);;;;
Sıcaklık kontrol cihazları;TA;Analog, Göstergesiz PID'li Sıcaklık Kontrol Cihazları;TAL-B4SK6C;Üretimde;Kod sayfası (/magaza/kontrol-kodlari/ta);;;;
Sıcaklık kontrol cihazları;TA;Analog, Göstergesiz PID'li Sıcaklık Kontrol Cihazları;TAL-B4SK6F;Üretimde;Kod sayfası (/magaza/kontrol-kodlari/ta);;;;
Sıcaklık kontrol cihazları;TA;Analog, Göstergesiz PID'li Sıcaklık Kontrol Cihazları;TAL-B4SK8C;Üretimde;Kod sayfası (/magaza/kontrol-kodlari/ta);;;;
Sıcaklık kontrol cihazları;TA;Analog, Göstergesiz PID'li Sıcaklık Kontrol Cihazları;TAL-B4SK8F;Üretimde;Kod sayfası (/magaza/kontrol-kodlari/ta);;;;
Sıcaklık kontrol cihazları;TA;Analog, Göstergesiz PID'li Sıcaklık Kontrol Cihazları;TAL-B4SKCC;Üretimde;Kod sayfası (/magaza/kontrol-kodlari/ta);;;;
Sıcaklık kontrol cihazları;TA;Analog, Göstergesiz PID'li Sıcaklık Kontrol Cihazları;TAL-B4SKCF;Üretimde;Kod sayfası (/magaza/kontrol-kodlari/ta);;;;
Sıcaklık kontrol cihazları;TA;Analog, Göstergesiz PID'li Sıcaklık Kontrol Cihazları;TAL-B4SP0C;Üretimde;Kod sayfası (/magaza/kontrol-kodlari/ta);;;;
Sıcaklık kontrol cihazları;TA;Analog, Göstergesiz PID'li Sıcaklık Kontrol Cihazları;TAL-B4SP0F;Üretimde;Kod sayfası (/magaza/kontrol-kodlari/ta);;;;
Sıcaklık kontrol cihazları;TA;Analog, Göstergesiz PID'li Sıcaklık Kontrol Cihazları;TAL-B4SP1C;Üretimde;Kod sayfası (/magaza/kontrol-kodlari/ta);;;;
Sıcaklık kontrol cihazları;TA;Analog, Göstergesiz PID'li Sıcaklık Kontrol Cihazları;TAL-B4SP1F;Üretimde;Kod sayfası (/magaza/kontrol-kodlari/ta);;;;
Sıcaklık kontrol cihazları;TA;Analog, Göstergesiz PID'li Sıcaklık Kontrol Cihazları;TAL-B4SP2C;Üretimde;Kod sayfası (/magaza/kontrol-kodlari/ta);;;;
Sıcaklık kontrol cihazları;TA;Analog, Göstergesiz PID'li Sıcaklık Kontrol Cihazları;TAL-B4SP2F;Üretimde;Kod sayfası (/magaza/kontrol-kodlari/ta);;;;
Sıcaklık kontrol cihazları;TA;Analog, Göstergesiz PID'li Sıcaklık Kontrol Cihazları;TAL-B4SP4C;Üretimde;Kod sayfası (/magaza/kontrol-kodlari/ta);;;;
Sıcaklık kontrol cihazları;TA;Analog, Göstergesiz PID'li Sıcaklık Kontrol Cihazları;TAL-B4SP4F;Üretimde;Kod sayfası (/magaza/kontrol-kodlari/ta);;;;
Sıcaklık kontrol cihazları;TA;Analog, Göstergesiz PID'li Sıcaklık Kontrol Cihazları;TAM-B4RJ2C;Üretimde;Kod sayfası (/magaza/kontrol-kodlari/ta);;;;
Sıcaklık kontrol cihazları;TA;Analog, Göstergesiz PID'li Sıcaklık Kontrol Cihazları;TAM-B4RJ2F;Üretimde;Kod sayfası (/magaza/kontrol-kodlari/ta);;;;
Sıcaklık kontrol cihazları;TA;Analog, Göstergesiz PID'li Sıcaklık Kontrol Cihazları;TAM-B4RJ3C;Üretimde;Kod sayfası (/magaza/kontrol-kodlari/ta);;;;
Sıcaklık kontrol cihazları;TA;Analog, Göstergesiz PID'li Sıcaklık Kontrol Cihazları;TAM-B4RJ3F;Üretimde;Kod sayfası (/magaza/kontrol-kodlari/ta);;;;
Sıcaklık kontrol cihazları;TA;Analog, Göstergesiz PID'li Sıcaklık Kontrol Cihazları;TAM-B4RJ4C;Üretimde;Kod sayfası (/magaza/kontrol-kodlari/ta);;;;
Sıcaklık kontrol cihazları;TA;Analog, Göstergesiz PID'li Sıcaklık Kontrol Cihazları;TAM-B4RJ4F;Üretimde;Kod sayfası (/magaza/kontrol-kodlari/ta);;;;
Sıcaklık kontrol cihazları;TA;Analog, Göstergesiz PID'li Sıcaklık Kontrol Cihazları;TAM-B4RK1C;Üretimde;Kod sayfası (/magaza/kontrol-kodlari/ta);;;;
Sıcaklık kontrol cihazları;TA;Analog, Göstergesiz PID'li Sıcaklık Kontrol Cihazları;TAM-B4RK1F;Üretimde;Kod sayfası (/magaza/kontrol-kodlari/ta);;;;
Sıcaklık kontrol cihazları;TA;Analog, Göstergesiz PID'li Sıcaklık Kontrol Cihazları;TAM-B4RK2C;Üretimde;Kod sayfası (/magaza/kontrol-kodlari/ta);;;;
Sıcaklık kontrol cihazları;TA;Analog, Göstergesiz PID'li Sıcaklık Kontrol Cihazları;TAM-B4RK2F;Üretimde;Kod sayfası (/magaza/kontrol-kodlari/ta);;;;
Sıcaklık kontrol cihazları;TA;Analog, Göstergesiz PID'li Sıcaklık Kontrol Cihazları;TAM-B4RK4C;Üretimde;Kod sayfası (/magaza/kontrol-kodlari/ta);;;;
Sıcaklık kontrol cihazları;TA;Analog, Göstergesiz PID'li Sıcaklık Kontrol Cihazları;TAM-B4RK4F;Üretimde;Kod sayfası (/magaza/kontrol-kodlari/ta);;;;
Sıcaklık kontrol cihazları;TA;Analog, Göstergesiz PID'li Sıcaklık Kontrol Cihazları;TAM-B4RK6C;Üretimde;Kod sayfası (/magaza/kontrol-kodlari/ta);;;;
Sıcaklık kontrol cihazları;TA;Analog, Göstergesiz PID'li Sıcaklık Kontrol Cihazları;TAM-B4RK6F;Üretimde;Kod sayfası (/magaza/kontrol-kodlari/ta);;;;
Sıcaklık kontrol cihazları;TA;Analog, Göstergesiz PID'li Sıcaklık Kontrol Cihazları;TAM-B4RK8C;Üretimde;Kod sayfası (/magaza/kontrol-kodlari/ta);;;;
Sıcaklık kontrol cihazları;TA;Analog, Göstergesiz PID'li Sıcaklık Kontrol Cihazları;TAM-B4RK8F;Üretimde;Kod sayfası (/magaza/kontrol-kodlari/ta);;;;
Sıcaklık kontrol cihazları;TA;Analog, Göstergesiz PID'li Sıcaklık Kontrol Cihazları;TAM-B4RKCC;Üretimde;Kod sayfası (/magaza/kontrol-kodlari/ta);;;;
Sıcaklık kontrol cihazları;TA;Analog, Göstergesiz PID'li Sıcaklık Kontrol Cihazları;TAM-B4RKCF;Üretimde;Kod sayfası (/magaza/kontrol-kodlari/ta);;;;
Sıcaklık kontrol cihazları;TA;Analog, Göstergesiz PID'li Sıcaklık Kontrol Cihazları;TAM-B4RP0C;Üretimde;Kod sayfası (/magaza/kontrol-kodlari/ta);;;;
Sıcaklık kontrol cihazları;TA;Analog, Göstergesiz PID'li Sıcaklık Kontrol Cihazları;TAM-B4RP0F;Üretimde;Kod sayfası (/magaza/kontrol-kodlari/ta);;;;
Sıcaklık kontrol cihazları;TA;Analog, Göstergesiz PID'li Sıcaklık Kontrol Cihazları;TAM-B4RP1C;Üretimde;Kod sayfası (/magaza/kontrol-kodlari/ta);;;;
Sıcaklık kontrol cihazları;TA;Analog, Göstergesiz PID'li Sıcaklık Kontrol Cihazları;TAM-B4RP1F;Üretimde;Kod sayfası (/magaza/kontrol-kodlari/ta);;;;
Sıcaklık kontrol cihazları;TA;Analog, Göstergesiz PID'li Sıcaklık Kontrol Cihazları;TAM-B4RP2C;Üretimde;Kod sayfası (/magaza/kontrol-kodlari/ta);;;;
Sıcaklık kontrol cihazları;TA;Analog, Göstergesiz PID'li Sıcaklık Kontrol Cihazları;TAM-B4RP2F;Üretimde;Kod sayfası (/magaza/kontrol-kodlari/ta);;;;
Sıcaklık kontrol cihazları;TA;Analog, Göstergesiz PID'li Sıcaklık Kontrol Cihazları;TAM-B4RP4C;Üretimde;Kod sayfası (/magaza/kontrol-kodlari/ta);;;;
Sıcaklık kontrol cihazları;TA;Analog, Göstergesiz PID'li Sıcaklık Kontrol Cihazları;TAM-B4RP4F;Üretimde;Kod sayfası (/magaza/kontrol-kodlari/ta);;;;
Sıcaklık kontrol cihazları;TA;Analog, Göstergesiz PID'li Sıcaklık Kontrol Cihazları;TAM-B4SJ2C;Üretimde;Kod sayfası (/magaza/kontrol-kodlari/ta);;;;
Sıcaklık kontrol cihazları;TA;Analog, Göstergesiz PID'li Sıcaklık Kontrol Cihazları;TAM-B4SJ2F;Üretimde;Kod sayfası (/magaza/kontrol-kodlari/ta);;;;
Sıcaklık kontrol cihazları;TA;Analog, Göstergesiz PID'li Sıcaklık Kontrol Cihazları;TAM-B4SJ3C;Üretimde;Kod sayfası (/magaza/kontrol-kodlari/ta);;;;
Sıcaklık kontrol cihazları;TA;Analog, Göstergesiz PID'li Sıcaklık Kontrol Cihazları;TAM-B4SJ3F;Üretimde;Kod sayfası (/magaza/kontrol-kodlari/ta);;;;
Sıcaklık kontrol cihazları;TA;Analog, Göstergesiz PID'li Sıcaklık Kontrol Cihazları;TAM-B4SJ4C;Üretimde;Kod sayfası (/magaza/kontrol-kodlari/ta);;;;
Sıcaklık kontrol cihazları;TA;Analog, Göstergesiz PID'li Sıcaklık Kontrol Cihazları;TAM-B4SJ4F;Üretimde;Kod sayfası (/magaza/kontrol-kodlari/ta);;;;
Sıcaklık kontrol cihazları;TA;Analog, Göstergesiz PID'li Sıcaklık Kontrol Cihazları;TAM-B4SK1C;Üretimde;Kod sayfası (/magaza/kontrol-kodlari/ta);;;;
Sıcaklık kontrol cihazları;TA;Analog, Göstergesiz PID'li Sıcaklık Kontrol Cihazları;TAM-B4SK1F;Üretimde;Kod sayfası (/magaza/kontrol-kodlari/ta);;;;
Sıcaklık kontrol cihazları;TA;Analog, Göstergesiz PID'li Sıcaklık Kontrol Cihazları;TAM-B4SK2C;Üretimde;Kod sayfası (/magaza/kontrol-kodlari/ta);;;;
Sıcaklık kontrol cihazları;TA;Analog, Göstergesiz PID'li Sıcaklık Kontrol Cihazları;TAM-B4SK2F;Üretimde;Kod sayfası (/magaza/kontrol-kodlari/ta);;;;
Sıcaklık kontrol cihazları;TA;Analog, Göstergesiz PID'li Sıcaklık Kontrol Cihazları;TAM-B4SK4C;Üretimde;Kod sayfası (/magaza/kontrol-kodlari/ta);;;;
Sıcaklık kontrol cihazları;TA;Analog, Göstergesiz PID'li Sıcaklık Kontrol Cihazları;TAM-B4SK4F;Üretimde;Kod sayfası (/magaza/kontrol-kodlari/ta);;;;
Sıcaklık kontrol cihazları;TA;Analog, Göstergesiz PID'li Sıcaklık Kontrol Cihazları;TAM-B4SK6C;Üretimde;Kod sayfası (/magaza/kontrol-kodlari/ta);;;;
Sıcaklık kontrol cihazları;TA;Analog, Göstergesiz PID'li Sıcaklık Kontrol Cihazları;TAM-B4SK6F;Üretimde;Kod sayfası (/magaza/kontrol-kodlari/ta);;;;
Sıcaklık kontrol cihazları;TA;Analog, Göstergesiz PID'li Sıcaklık Kontrol Cihazları;TAM-B4SK8C;Üretimde;Kod sayfası (/magaza/kontrol-kodlari/ta);;;;
Sıcaklık kontrol cihazları;TA;Analog, Göstergesiz PID'li Sıcaklık Kontrol Cihazları;TAM-B4SK8F;Üretimde;Kod sayfası (/magaza/kontrol-kodlari/ta);;;;
Sıcaklık kontrol cihazları;TA;Analog, Göstergesiz PID'li Sıcaklık Kontrol Cihazları;TAM-B4SKCC;Üretimde;Kod sayfası (/magaza/kontrol-kodlari/ta);;;;
Sıcaklık kontrol cihazları;TA;Analog, Göstergesiz PID'li Sıcaklık Kontrol Cihazları;TAM-B4SKCF;Üretimde;Kod sayfası (/magaza/kontrol-kodlari/ta);;;;
Sıcaklık kontrol cihazları;TA;Analog, Göstergesiz PID'li Sıcaklık Kontrol Cihazları;TAM-B4SP0C;Üretimde;Kod sayfası (/magaza/kontrol-kodlari/ta);;;;
Sıcaklık kontrol cihazları;TA;Analog, Göstergesiz PID'li Sıcaklık Kontrol Cihazları;TAM-B4SP0F;Üretimde;Kod sayfası (/magaza/kontrol-kodlari/ta);;;;
Sıcaklık kontrol cihazları;TA;Analog, Göstergesiz PID'li Sıcaklık Kontrol Cihazları;TAM-B4SP1C;Üretimde;Kod sayfası (/magaza/kontrol-kodlari/ta);;;;
Sıcaklık kontrol cihazları;TA;Analog, Göstergesiz PID'li Sıcaklık Kontrol Cihazları;TAM-B4SP1F;Üretimde;Kod sayfası (/magaza/kontrol-kodlari/ta);;;;
Sıcaklık kontrol cihazları;TA;Analog, Göstergesiz PID'li Sıcaklık Kontrol Cihazları;TAM-B4SP2C;Üretimde;Kod sayfası (/magaza/kontrol-kodlari/ta);;;;
Sıcaklık kontrol cihazları;TA;Analog, Göstergesiz PID'li Sıcaklık Kontrol Cihazları;TAM-B4SP2F;Üretimde;Kod sayfası (/magaza/kontrol-kodlari/ta);;;;
Sıcaklık kontrol cihazları;TA;Analog, Göstergesiz PID'li Sıcaklık Kontrol Cihazları;TAM-B4SP4C;Üretimde;Kod sayfası (/magaza/kontrol-kodlari/ta);;;;
Sıcaklık kontrol cihazları;TA;Analog, Göstergesiz PID'li Sıcaklık Kontrol Cihazları;TAM-B4SP4F;Üretimde;Kod sayfası (/magaza/kontrol-kodlari/ta);;;;
Sıcaklık kontrol cihazları;TA;Analog, Göstergesiz PID'li Sıcaklık Kontrol Cihazları;TAS-B4RJ2C;Üretimde;Kod sayfası (/magaza/kontrol-kodlari/ta);;;;
Sıcaklık kontrol cihazları;TA;Analog, Göstergesiz PID'li Sıcaklık Kontrol Cihazları;TAS-B4RJ2F;Üretimde;Kod sayfası (/magaza/kontrol-kodlari/ta);;;;
Sıcaklık kontrol cihazları;TA;Analog, Göstergesiz PID'li Sıcaklık Kontrol Cihazları;TAS-B4RJ3C;Üretimde;Kod sayfası (/magaza/kontrol-kodlari/ta);;;;
Sıcaklık kontrol cihazları;TA;Analog, Göstergesiz PID'li Sıcaklık Kontrol Cihazları;TAS-B4RJ3F;Üretimde;Kod sayfası (/magaza/kontrol-kodlari/ta);;;;
Sıcaklık kontrol cihazları;TA;Analog, Göstergesiz PID'li Sıcaklık Kontrol Cihazları;TAS-B4RJ4C;Üretimde;Kod sayfası (/magaza/kontrol-kodlari/ta);;;;
Sıcaklık kontrol cihazları;TA;Analog, Göstergesiz PID'li Sıcaklık Kontrol Cihazları;TAS-B4RJ4F;Üretimde;Kod sayfası (/magaza/kontrol-kodlari/ta);;;;
Sıcaklık kontrol cihazları;TA;Analog, Göstergesiz PID'li Sıcaklık Kontrol Cihazları;TAS-B4RK1C;Üretimde;Kod sayfası (/magaza/kontrol-kodlari/ta);;;;
Sıcaklık kontrol cihazları;TA;Analog, Göstergesiz PID'li Sıcaklık Kontrol Cihazları;TAS-B4RK1F;Üretimde;Kod sayfası (/magaza/kontrol-kodlari/ta);;;;
Sıcaklık kontrol cihazları;TA;Analog, Göstergesiz PID'li Sıcaklık Kontrol Cihazları;TAS-B4RK2C;Üretimde;Kod sayfası (/magaza/kontrol-kodlari/ta);;;;
Sıcaklık kontrol cihazları;TA;Analog, Göstergesiz PID'li Sıcaklık Kontrol Cihazları;TAS-B4RK2F;Üretimde;Kod sayfası (/magaza/kontrol-kodlari/ta);;;;
Sıcaklık kontrol cihazları;TA;Analog, Göstergesiz PID'li Sıcaklık Kontrol Cihazları;TAS-B4RK4C;Üretimde;Kod sayfası (/magaza/kontrol-kodlari/ta);;;;
Sıcaklık kontrol cihazları;TA;Analog, Göstergesiz PID'li Sıcaklık Kontrol Cihazları;TAS-B4RK4F;Üretimde;Kod sayfası (/magaza/kontrol-kodlari/ta);;;;
Sıcaklık kontrol cihazları;TA;Analog, Göstergesiz PID'li Sıcaklık Kontrol Cihazları;TAS-B4RK6C;Üretimde;Kod sayfası (/magaza/kontrol-kodlari/ta);;;;
Sıcaklık kontrol cihazları;TA;Analog, Göstergesiz PID'li Sıcaklık Kontrol Cihazları;TAS-B4RK6F;Üretimde;Kod sayfası (/magaza/kontrol-kodlari/ta);;;;
Sıcaklık kontrol cihazları;TA;Analog, Göstergesiz PID'li Sıcaklık Kontrol Cihazları;TAS-B4RK8C;Üretimde;Kod sayfası (/magaza/kontrol-kodlari/ta);;;;
Sıcaklık kontrol cihazları;TA;Analog, Göstergesiz PID'li Sıcaklık Kontrol Cihazları;TAS-B4RK8F;Üretimde;Kod sayfası (/magaza/kontrol-kodlari/ta);;;;
Sıcaklık kontrol cihazları;TA;Analog, Göstergesiz PID'li Sıcaklık Kontrol Cihazları;TAS-B4RKCC;Üretimde;Kod sayfası (/magaza/kontrol-kodlari/ta);;;;
Sıcaklık kontrol cihazları;TA;Analog, Göstergesiz PID'li Sıcaklık Kontrol Cihazları;TAS-B4RKCF;Üretimde;Kod sayfası (/magaza/kontrol-kodlari/ta);;;;
Sıcaklık kontrol cihazları;TA;Analog, Göstergesiz PID'li Sıcaklık Kontrol Cihazları;TAS-B4RP0C;Üretimde;Kod sayfası (/magaza/kontrol-kodlari/ta);;;;
Sıcaklık kontrol cihazları;TA;Analog, Göstergesiz PID'li Sıcaklık Kontrol Cihazları;TAS-B4RP0F;Üretimde;Kod sayfası (/magaza/kontrol-kodlari/ta);;;;
Sıcaklık kontrol cihazları;TA;Analog, Göstergesiz PID'li Sıcaklık Kontrol Cihazları;TAS-B4RP1C;Üretimde;Kod sayfası (/magaza/kontrol-kodlari/ta);;;;
Sıcaklık kontrol cihazları;TA;Analog, Göstergesiz PID'li Sıcaklık Kontrol Cihazları;TAS-B4RP1F;Üretimde;Kod sayfası (/magaza/kontrol-kodlari/ta);;;;
Sıcaklık kontrol cihazları;TA;Analog, Göstergesiz PID'li Sıcaklık Kontrol Cihazları;TAS-B4RP2C;Üretimde;Kod sayfası (/magaza/kontrol-kodlari/ta);;;;
Sıcaklık kontrol cihazları;TA;Analog, Göstergesiz PID'li Sıcaklık Kontrol Cihazları;TAS-B4RP2F;Üretimde;Kod sayfası (/magaza/kontrol-kodlari/ta);;;;
Sıcaklık kontrol cihazları;TA;Analog, Göstergesiz PID'li Sıcaklık Kontrol Cihazları;TAS-B4RP4C;Üretimde;Kod sayfası (/magaza/kontrol-kodlari/ta);;;;
Sıcaklık kontrol cihazları;TA;Analog, Göstergesiz PID'li Sıcaklık Kontrol Cihazları;TAS-B4RP4F;Üretimde;Kod sayfası (/magaza/kontrol-kodlari/ta);;;;
Sıcaklık kontrol cihazları;TA;Analog, Göstergesiz PID'li Sıcaklık Kontrol Cihazları;TAS-B4SJ2C;Üretimde;Kod sayfası (/magaza/kontrol-kodlari/ta);;;;
Sıcaklık kontrol cihazları;TA;Analog, Göstergesiz PID'li Sıcaklık Kontrol Cihazları;TAS-B4SJ2F;Üretimde;Kod sayfası (/magaza/kontrol-kodlari/ta);;;;
Sıcaklık kontrol cihazları;TA;Analog, Göstergesiz PID'li Sıcaklık Kontrol Cihazları;TAS-B4SJ3C;Üretimde;Kod sayfası (/magaza/kontrol-kodlari/ta);;;;
Sıcaklık kontrol cihazları;TA;Analog, Göstergesiz PID'li Sıcaklık Kontrol Cihazları;TAS-B4SJ3F;Üretimde;Kod sayfası (/magaza/kontrol-kodlari/ta);;;;
Sıcaklık kontrol cihazları;TA;Analog, Göstergesiz PID'li Sıcaklık Kontrol Cihazları;TAS-B4SJ4C;Üretimde;Kod sayfası (/magaza/kontrol-kodlari/ta);;;;
Sıcaklık kontrol cihazları;TA;Analog, Göstergesiz PID'li Sıcaklık Kontrol Cihazları;TAS-B4SJ4F;Üretimde;Kod sayfası (/magaza/kontrol-kodlari/ta);;;;
Sıcaklık kontrol cihazları;TA;Analog, Göstergesiz PID'li Sıcaklık Kontrol Cihazları;TAS-B4SK1C;Üretimde;Kod sayfası (/magaza/kontrol-kodlari/ta);;;;
Sıcaklık kontrol cihazları;TA;Analog, Göstergesiz PID'li Sıcaklık Kontrol Cihazları;TAS-B4SK1F;Üretimde;Kod sayfası (/magaza/kontrol-kodlari/ta);;;;
Sıcaklık kontrol cihazları;TA;Analog, Göstergesiz PID'li Sıcaklık Kontrol Cihazları;TAS-B4SK2C;Üretimde;Kod sayfası (/magaza/kontrol-kodlari/ta);;;;
Sıcaklık kontrol cihazları;TA;Analog, Göstergesiz PID'li Sıcaklık Kontrol Cihazları;TAS-B4SK2F;Üretimde;Kod sayfası (/magaza/kontrol-kodlari/ta);;;;
Sıcaklık kontrol cihazları;TA;Analog, Göstergesiz PID'li Sıcaklık Kontrol Cihazları;TAS-B4SK4C;Üretimde;Kod sayfası (/magaza/kontrol-kodlari/ta);;;;
Sıcaklık kontrol cihazları;TA;Analog, Göstergesiz PID'li Sıcaklık Kontrol Cihazları;TAS-B4SK4F;Üretimde;Kod sayfası (/magaza/kontrol-kodlari/ta);;;;
Sıcaklık kontrol cihazları;TA;Analog, Göstergesiz PID'li Sıcaklık Kontrol Cihazları;TAS-B4SK6C;Üretimde;Kod sayfası (/magaza/kontrol-kodlari/ta);;;;
Sıcaklık kontrol cihazları;TA;Analog, Göstergesiz PID'li Sıcaklık Kontrol Cihazları;TAS-B4SK6F;Üretimde;Kod sayfası (/magaza/kontrol-kodlari/ta);;;;
Sıcaklık kontrol cihazları;TA;Analog, Göstergesiz PID'li Sıcaklık Kontrol Cihazları;TAS-B4SK8C;Üretimde;Kod sayfası (/magaza/kontrol-kodlari/ta);;;;
Sıcaklık kontrol cihazları;TA;Analog, Göstergesiz PID'li Sıcaklık Kontrol Cihazları;TAS-B4SK8F;Üretimde;Kod sayfası (/magaza/kontrol-kodlari/ta);;;;
Sıcaklık kontrol cihazları;TA;Analog, Göstergesiz PID'li Sıcaklık Kontrol Cihazları;TAS-B4SKCC;Üretimde;Kod sayfası (/magaza/kontrol-kodlari/ta);;;;
Sıcaklık kontrol cihazları;TA;Analog, Göstergesiz PID'li Sıcaklık Kontrol Cihazları;TAS-B4SKCF;Üretimde;Kod sayfası (/magaza/kontrol-kodlari/ta);;;;
Sıcaklık kontrol cihazları;TA;Analog, Göstergesiz PID'li Sıcaklık Kontrol Cihazları;TAS-B4SP0C;Üretimde;Kod sayfası (/magaza/kontrol-kodlari/ta);;;;
Sıcaklık kontrol cihazları;TA;Analog, Göstergesiz PID'li Sıcaklık Kontrol Cihazları;TAS-B4SP0F;Üretimde;Kod sayfası (/magaza/kontrol-kodlari/ta);;;;
Sıcaklık kontrol cihazları;TA;Analog, Göstergesiz PID'li Sıcaklık Kontrol Cihazları;TAS-B4SP1C;Üretimde;Kod sayfası (/magaza/kontrol-kodlari/ta);;;;
Sıcaklık kontrol cihazları;TA;Analog, Göstergesiz PID'li Sıcaklık Kontrol Cihazları;TAS-B4SP1F;Üretimde;Kod sayfası (/magaza/kontrol-kodlari/ta);;;;
Sıcaklık kontrol cihazları;TA;Analog, Göstergesiz PID'li Sıcaklık Kontrol Cihazları;TAS-B4SP2C;Üretimde;Kod sayfası (/magaza/kontrol-kodlari/ta);;;;
Sıcaklık kontrol cihazları;TA;Analog, Göstergesiz PID'li Sıcaklık Kontrol Cihazları;TAS-B4SP2F;Üretimde;Kod sayfası (/magaza/kontrol-kodlari/ta);;;;
Sıcaklık kontrol cihazları;TA;Analog, Göstergesiz PID'li Sıcaklık Kontrol Cihazları;TAS-B4SP4C;Üretimde;Kod sayfası (/magaza/kontrol-kodlari/ta);;;;
Sıcaklık kontrol cihazları;TA;Analog, Göstergesiz PID'li Sıcaklık Kontrol Cihazları;TAS-B4SP4F;Üretimde;Kod sayfası (/magaza/kontrol-kodlari/ta);;;;
Sıcaklık kontrol cihazları;T3/T4 (Thumbwheel Switch);Tambur Siviçli Dijital Sıcaklık Kontrol Cihazları;T3H-B4CJ4C-N;Üretimde;Kod sayfası (/magaza/kontrol-kodlari/t3-t4-tambur-sivicli);;;;
Sıcaklık kontrol cihazları;T3/T4 (Thumbwheel Switch);Tambur Siviçli Dijital Sıcaklık Kontrol Cihazları;T3H-B4CJ8F-N;Üretimde;Kod sayfası (/magaza/kontrol-kodlari/t3-t4-tambur-sivicli);;;;
Sıcaklık kontrol cihazları;T3/T4 (Thumbwheel Switch);Tambur Siviçli Dijital Sıcaklık Kontrol Cihazları;T3H-B4CK4C-N;Üretimde;Kod sayfası (/magaza/kontrol-kodlari/t3-t4-tambur-sivicli);;;;
Sıcaklık kontrol cihazları;T3/T4 (Thumbwheel Switch);Tambur Siviçli Dijital Sıcaklık Kontrol Cihazları;T3H-B4CK8C-N;Üretimde;Kod sayfası (/magaza/kontrol-kodlari/t3-t4-tambur-sivicli);;;;
Sıcaklık kontrol cihazları;T3/T4 (Thumbwheel Switch);Tambur Siviçli Dijital Sıcaklık Kontrol Cihazları;T3H-B4CKAC-N;Üretimde;Kod sayfası (/magaza/kontrol-kodlari/t3-t4-tambur-sivicli);;;;
Sıcaklık kontrol cihazları;T3/T4 (Thumbwheel Switch);Tambur Siviçli Dijital Sıcaklık Kontrol Cihazları;T3H-B4CP1C-N;Üretimde;Kod sayfası (/magaza/kontrol-kodlari/t3-t4-tambur-sivicli);;;;
Sıcaklık kontrol cihazları;T3/T4 (Thumbwheel Switch);Tambur Siviçli Dijital Sıcaklık Kontrol Cihazları;T3H-B4CP4C-N;Üretimde;Kod sayfası (/magaza/kontrol-kodlari/t3-t4-tambur-sivicli);;;;
Sıcaklık kontrol cihazları;T3/T4 (Thumbwheel Switch);Tambur Siviçli Dijital Sıcaklık Kontrol Cihazları;T3H-B4RJ4C-N;Üretimde;Kod sayfası (/magaza/kontrol-kodlari/t3-t4-tambur-sivicli);;;;
Sıcaklık kontrol cihazları;T3/T4 (Thumbwheel Switch);Tambur Siviçli Dijital Sıcaklık Kontrol Cihazları;T3H-B4RJ8F-N;Üretimde;Kod sayfası (/magaza/kontrol-kodlari/t3-t4-tambur-sivicli);;;;
Sıcaklık kontrol cihazları;T3/T4 (Thumbwheel Switch);Tambur Siviçli Dijital Sıcaklık Kontrol Cihazları;T3H-B4RK4C-N;Üretimde;Kod sayfası (/magaza/kontrol-kodlari/t3-t4-tambur-sivicli);;;;
Sıcaklık kontrol cihazları;T3/T4 (Thumbwheel Switch);Tambur Siviçli Dijital Sıcaklık Kontrol Cihazları;T3H-B4RK8C-N;Üretimde;Kod sayfası (/magaza/kontrol-kodlari/t3-t4-tambur-sivicli);;;;
Sıcaklık kontrol cihazları;T3/T4 (Thumbwheel Switch);Tambur Siviçli Dijital Sıcaklık Kontrol Cihazları;T3H-B4RKAC-N;Üretimde;Kod sayfası (/magaza/kontrol-kodlari/t3-t4-tambur-sivicli);;;;
Sıcaklık kontrol cihazları;T3/T4 (Thumbwheel Switch);Tambur Siviçli Dijital Sıcaklık Kontrol Cihazları;T3H-B4RP0C-N;Üretimde;Kod sayfası (/magaza/kontrol-kodlari/t3-t4-tambur-sivicli);;;;
Sıcaklık kontrol cihazları;T3/T4 (Thumbwheel Switch);Tambur Siviçli Dijital Sıcaklık Kontrol Cihazları;T3H-B4RP1C-N;Üretimde;Kod sayfası (/magaza/kontrol-kodlari/t3-t4-tambur-sivicli);;;;
Sıcaklık kontrol cihazları;T3/T4 (Thumbwheel Switch);Tambur Siviçli Dijital Sıcaklık Kontrol Cihazları;T3H-B4RP4C-N;Üretimde;Kod sayfası (/magaza/kontrol-kodlari/t3-t4-tambur-sivicli);;;;
Sıcaklık kontrol cihazları;T3/T4 (Thumbwheel Switch);Tambur Siviçli Dijital Sıcaklık Kontrol Cihazları;T3H-B4SJ4C-N;Üretimde;Kod sayfası (/magaza/kontrol-kodlari/t3-t4-tambur-sivicli);;;;
Sıcaklık kontrol cihazları;T3/T4 (Thumbwheel Switch);Tambur Siviçli Dijital Sıcaklık Kontrol Cihazları;T3H-B4SJ8F-N;Üretimde;Kod sayfası (/magaza/kontrol-kodlari/t3-t4-tambur-sivicli);;;;
Sıcaklık kontrol cihazları;T3/T4 (Thumbwheel Switch);Tambur Siviçli Dijital Sıcaklık Kontrol Cihazları;T3H-B4SK4C-N;Üretimde;Kod sayfası (/magaza/kontrol-kodlari/t3-t4-tambur-sivicli);;;;
Sıcaklık kontrol cihazları;T3/T4 (Thumbwheel Switch);Tambur Siviçli Dijital Sıcaklık Kontrol Cihazları;T3H-B4SK8C-N;Üretimde;Kod sayfası (/magaza/kontrol-kodlari/t3-t4-tambur-sivicli);;;;
Sıcaklık kontrol cihazları;T3/T4 (Thumbwheel Switch);Tambur Siviçli Dijital Sıcaklık Kontrol Cihazları;T3H-B4SKAC-N;Üretimde;Kod sayfası (/magaza/kontrol-kodlari/t3-t4-tambur-sivicli);;;;
Sıcaklık kontrol cihazları;T3/T4 (Thumbwheel Switch);Tambur Siviçli Dijital Sıcaklık Kontrol Cihazları;T3H-B4SP0C-N;Üretimde;Kod sayfası (/magaza/kontrol-kodlari/t3-t4-tambur-sivicli);;;;
Sıcaklık kontrol cihazları;T3/T4 (Thumbwheel Switch);Tambur Siviçli Dijital Sıcaklık Kontrol Cihazları;T3H-B4SP4C-N;Üretimde;Kod sayfası (/magaza/kontrol-kodlari/t3-t4-tambur-sivicli);;;;
Sıcaklık kontrol cihazları;T3/T4 (Thumbwheel Switch);Tambur Siviçli Dijital Sıcaklık Kontrol Cihazları;T3HA-B4CJ4C-N;Üretimde;Kod sayfası (/magaza/kontrol-kodlari/t3-t4-tambur-sivicli);;;;
Sıcaklık kontrol cihazları;T3/T4 (Thumbwheel Switch);Tambur Siviçli Dijital Sıcaklık Kontrol Cihazları;T3HA-B4CK4C-N;Üretimde;Kod sayfası (/magaza/kontrol-kodlari/t3-t4-tambur-sivicli);;;;
Sıcaklık kontrol cihazları;T3/T4 (Thumbwheel Switch);Tambur Siviçli Dijital Sıcaklık Kontrol Cihazları;T3HA-B4CK8C-N;Üretimde;Kod sayfası (/magaza/kontrol-kodlari/t3-t4-tambur-sivicli);;;;
Sıcaklık kontrol cihazları;T3/T4 (Thumbwheel Switch);Tambur Siviçli Dijital Sıcaklık Kontrol Cihazları;T3HA-B4CKAC-N;Üretimde;Kod sayfası (/magaza/kontrol-kodlari/t3-t4-tambur-sivicli);;;;
Sıcaklık kontrol cihazları;T3/T4 (Thumbwheel Switch);Tambur Siviçli Dijital Sıcaklık Kontrol Cihazları;T3HA-B4CP0C-N;Üretimde;Kod sayfası (/magaza/kontrol-kodlari/t3-t4-tambur-sivicli);;;;
Sıcaklık kontrol cihazları;T3/T4 (Thumbwheel Switch);Tambur Siviçli Dijital Sıcaklık Kontrol Cihazları;T3HA-B4CP4C-N;Üretimde;Kod sayfası (/magaza/kontrol-kodlari/t3-t4-tambur-sivicli);;;;
Sıcaklık kontrol cihazları;T3/T4 (Thumbwheel Switch);Tambur Siviçli Dijital Sıcaklık Kontrol Cihazları;T3HA-B4RJ4C-N;Üretimde;Kod sayfası (/magaza/kontrol-kodlari/t3-t4-tambur-sivicli);;;;
Sıcaklık kontrol cihazları;T3/T4 (Thumbwheel Switch);Tambur Siviçli Dijital Sıcaklık Kontrol Cihazları;T3HA-B4RK4C-N;Üretimde;Kod sayfası (/magaza/kontrol-kodlari/t3-t4-tambur-sivicli);;;;
Sıcaklık kontrol cihazları;T3/T4 (Thumbwheel Switch);Tambur Siviçli Dijital Sıcaklık Kontrol Cihazları;T3HA-B4RK8C-N;Üretimde;Kod sayfası (/magaza/kontrol-kodlari/t3-t4-tambur-sivicli);;;;
Sıcaklık kontrol cihazları;T3/T4 (Thumbwheel Switch);Tambur Siviçli Dijital Sıcaklık Kontrol Cihazları;T3HA-B4RKAC-N;Üretimde;Kod sayfası (/magaza/kontrol-kodlari/t3-t4-tambur-sivicli);;;;
Sıcaklık kontrol cihazları;T3/T4 (Thumbwheel Switch);Tambur Siviçli Dijital Sıcaklık Kontrol Cihazları;T3HA-B4RP4C-N;Üretimde;Kod sayfası (/magaza/kontrol-kodlari/t3-t4-tambur-sivicli);;;;
Sıcaklık kontrol cihazları;T3/T4 (Thumbwheel Switch);Tambur Siviçli Dijital Sıcaklık Kontrol Cihazları;T3HA-B4SJ4C-N;Üretimde;Kod sayfası (/magaza/kontrol-kodlari/t3-t4-tambur-sivicli);;;;
Sıcaklık kontrol cihazları;T3/T4 (Thumbwheel Switch);Tambur Siviçli Dijital Sıcaklık Kontrol Cihazları;T3HA-B4SK4C-N;Üretimde;Kod sayfası (/magaza/kontrol-kodlari/t3-t4-tambur-sivicli);;;;
Sıcaklık kontrol cihazları;T3/T4 (Thumbwheel Switch);Tambur Siviçli Dijital Sıcaklık Kontrol Cihazları;T3HA-B4SK8C-N;Üretimde;Kod sayfası (/magaza/kontrol-kodlari/t3-t4-tambur-sivicli);;;;
Sıcaklık kontrol cihazları;T3/T4 (Thumbwheel Switch);Tambur Siviçli Dijital Sıcaklık Kontrol Cihazları;T3HA-B4SKAC-N;Üretimde;Kod sayfası (/magaza/kontrol-kodlari/t3-t4-tambur-sivicli);;;;
Sıcaklık kontrol cihazları;T3/T4 (Thumbwheel Switch);Tambur Siviçli Dijital Sıcaklık Kontrol Cihazları;T3HA-B4SP0C-N;Üretimde;Kod sayfası (/magaza/kontrol-kodlari/t3-t4-tambur-sivicli);;;;
Sıcaklık kontrol cihazları;T3/T4 (Thumbwheel Switch);Tambur Siviçli Dijital Sıcaklık Kontrol Cihazları;T3HA-B4SP4C-N;Üretimde;Kod sayfası (/magaza/kontrol-kodlari/t3-t4-tambur-sivicli);;;;
Sıcaklık kontrol cihazları;T3/T4 (Thumbwheel Switch);Tambur Siviçli Dijital Sıcaklık Kontrol Cihazları;T3HS-B4CJ4C-N;Üretimde;Kod sayfası (/magaza/kontrol-kodlari/t3-t4-tambur-sivicli);;;;
Sıcaklık kontrol cihazları;T3/T4 (Thumbwheel Switch);Tambur Siviçli Dijital Sıcaklık Kontrol Cihazları;T3HS-B4CK4C-N;Üretimde;Kod sayfası (/magaza/kontrol-kodlari/t3-t4-tambur-sivicli);;;;
Sıcaklık kontrol cihazları;T3/T4 (Thumbwheel Switch);Tambur Siviçli Dijital Sıcaklık Kontrol Cihazları;T3HS-B4CP4C-N;Üretimde;Kod sayfası (/magaza/kontrol-kodlari/t3-t4-tambur-sivicli);;;;
Sıcaklık kontrol cihazları;T3/T4 (Thumbwheel Switch);Tambur Siviçli Dijital Sıcaklık Kontrol Cihazları;T3HS-B4RK4C-N;Üretimde;Kod sayfası (/magaza/kontrol-kodlari/t3-t4-tambur-sivicli);;;;
Sıcaklık kontrol cihazları;T3/T4 (Thumbwheel Switch);Tambur Siviçli Dijital Sıcaklık Kontrol Cihazları;T3HS-B4RP4C-N;Üretimde;Kod sayfası (/magaza/kontrol-kodlari/t3-t4-tambur-sivicli);;;;
Sıcaklık kontrol cihazları;T3/T4 (Thumbwheel Switch);Tambur Siviçli Dijital Sıcaklık Kontrol Cihazları;T3HS-B4SJ4C-N;Üretimde;Kod sayfası (/magaza/kontrol-kodlari/t3-t4-tambur-sivicli);;;;
Sıcaklık kontrol cihazları;T3/T4 (Thumbwheel Switch);Tambur Siviçli Dijital Sıcaklık Kontrol Cihazları;T3HS-B4SK4C-N;Üretimde;Kod sayfası (/magaza/kontrol-kodlari/t3-t4-tambur-sivicli);;;;
Sıcaklık kontrol cihazları;T3/T4 (Thumbwheel Switch);Tambur Siviçli Dijital Sıcaklık Kontrol Cihazları;T3HS-B4SP4C-N;Üretimde;Kod sayfası (/magaza/kontrol-kodlari/t3-t4-tambur-sivicli);;;;
Sıcaklık kontrol cihazları;T3/T4 (Thumbwheel Switch);Tambur Siviçli Dijital Sıcaklık Kontrol Cihazları;T3S-B4CJ2C-N;Üretimde;Kod sayfası (/magaza/kontrol-kodlari/t3-t4-tambur-sivicli);;;;
Sıcaklık kontrol cihazları;T3/T4 (Thumbwheel Switch);Tambur Siviçli Dijital Sıcaklık Kontrol Cihazları;T3S-B4CJ4C-N;Üretimde;Kod sayfası (/magaza/kontrol-kodlari/t3-t4-tambur-sivicli);;;;
Sıcaklık kontrol cihazları;T3/T4 (Thumbwheel Switch);Tambur Siviçli Dijital Sıcaklık Kontrol Cihazları;T3S-B4CK4C-N;Üretimde;Kod sayfası (/magaza/kontrol-kodlari/t3-t4-tambur-sivicli);;;;
Sıcaklık kontrol cihazları;T3/T4 (Thumbwheel Switch);Tambur Siviçli Dijital Sıcaklık Kontrol Cihazları;T3S-B4CK8C-N;Üretimde;Kod sayfası (/magaza/kontrol-kodlari/t3-t4-tambur-sivicli);;;;
Sıcaklık kontrol cihazları;T3/T4 (Thumbwheel Switch);Tambur Siviçli Dijital Sıcaklık Kontrol Cihazları;T3S-B4CP2C-N;Üretimde;Kod sayfası (/magaza/kontrol-kodlari/t3-t4-tambur-sivicli);;;;
Sıcaklık kontrol cihazları;T3/T4 (Thumbwheel Switch);Tambur Siviçli Dijital Sıcaklık Kontrol Cihazları;T3S-B4CP4C-N;Üretimde;Kod sayfası (/magaza/kontrol-kodlari/t3-t4-tambur-sivicli);;;;
Sıcaklık kontrol cihazları;T3/T4 (Thumbwheel Switch);Tambur Siviçli Dijital Sıcaklık Kontrol Cihazları;T3S-B4RJ2C-N;Üretimde;Kod sayfası (/magaza/kontrol-kodlari/t3-t4-tambur-sivicli);;;;
Sıcaklık kontrol cihazları;T3/T4 (Thumbwheel Switch);Tambur Siviçli Dijital Sıcaklık Kontrol Cihazları;T3S-B4RJ4C-N;Üretimde;Kod sayfası (/magaza/kontrol-kodlari/t3-t4-tambur-sivicli);;;;
Sıcaklık kontrol cihazları;T3/T4 (Thumbwheel Switch);Tambur Siviçli Dijital Sıcaklık Kontrol Cihazları;T3S-B4RJ4F-N;Üretimde;Kod sayfası (/magaza/kontrol-kodlari/t3-t4-tambur-sivicli);;;;
Sıcaklık kontrol cihazları;T3/T4 (Thumbwheel Switch);Tambur Siviçli Dijital Sıcaklık Kontrol Cihazları;T3S-B4RJ8F-N;Üretimde;Kod sayfası (/magaza/kontrol-kodlari/t3-t4-tambur-sivicli);;;;
Sıcaklık kontrol cihazları;T3/T4 (Thumbwheel Switch);Tambur Siviçli Dijital Sıcaklık Kontrol Cihazları;T3S-B4RJAF-N;Üretimde;Kod sayfası (/magaza/kontrol-kodlari/t3-t4-tambur-sivicli);;;;
Sıcaklık kontrol cihazları;T3/T4 (Thumbwheel Switch);Tambur Siviçli Dijital Sıcaklık Kontrol Cihazları;T3S-B4RK2C-N;Üretimde;Kod sayfası (/magaza/kontrol-kodlari/t3-t4-tambur-sivicli);;;;
Sıcaklık kontrol cihazları;T3/T4 (Thumbwheel Switch);Tambur Siviçli Dijital Sıcaklık Kontrol Cihazları;T3S-B4RK4C-N;Üretimde;Kod sayfası (/magaza/kontrol-kodlari/t3-t4-tambur-sivicli);;;;
Sıcaklık kontrol cihazları;T3/T4 (Thumbwheel Switch);Tambur Siviçli Dijital Sıcaklık Kontrol Cihazları;T3S-B4RK8C-N;Üretimde;Kod sayfası (/magaza/kontrol-kodlari/t3-t4-tambur-sivicli);;;;
Sıcaklık kontrol cihazları;T3/T4 (Thumbwheel Switch);Tambur Siviçli Dijital Sıcaklık Kontrol Cihazları;T3S-B4RK8F-N;Üretimde;Kod sayfası (/magaza/kontrol-kodlari/t3-t4-tambur-sivicli);;;;
Sıcaklık kontrol cihazları;T3/T4 (Thumbwheel Switch);Tambur Siviçli Dijital Sıcaklık Kontrol Cihazları;T3S-B4RP1C-N;Üretimde;Kod sayfası (/magaza/kontrol-kodlari/t3-t4-tambur-sivicli);;;;
Sıcaklık kontrol cihazları;T3/T4 (Thumbwheel Switch);Tambur Siviçli Dijital Sıcaklık Kontrol Cihazları;T3S-B4RP2C-N;Üretimde;Kod sayfası (/magaza/kontrol-kodlari/t3-t4-tambur-sivicli);;;;
Sıcaklık kontrol cihazları;T3/T4 (Thumbwheel Switch);Tambur Siviçli Dijital Sıcaklık Kontrol Cihazları;T3S-B4RP4C-N;Üretimde;Kod sayfası (/magaza/kontrol-kodlari/t3-t4-tambur-sivicli);;;;
Sıcaklık kontrol cihazları;T3/T4 (Thumbwheel Switch);Tambur Siviçli Dijital Sıcaklık Kontrol Cihazları;T3S-B4SJ2C-N;Üretimde;Kod sayfası (/magaza/kontrol-kodlari/t3-t4-tambur-sivicli);;;;
Sıcaklık kontrol cihazları;T3/T4 (Thumbwheel Switch);Tambur Siviçli Dijital Sıcaklık Kontrol Cihazları;T3S-B4SJ4F-N;Üretimde;Kod sayfası (/magaza/kontrol-kodlari/t3-t4-tambur-sivicli);;;;
Sıcaklık kontrol cihazları;T3/T4 (Thumbwheel Switch);Tambur Siviçli Dijital Sıcaklık Kontrol Cihazları;T3S-B4SK4C-N;Üretimde;Kod sayfası (/magaza/kontrol-kodlari/t3-t4-tambur-sivicli);;;;
Sıcaklık kontrol cihazları;T3/T4 (Thumbwheel Switch);Tambur Siviçli Dijital Sıcaklık Kontrol Cihazları;T3S-B4SK8C-N;Üretimde;Kod sayfası (/magaza/kontrol-kodlari/t3-t4-tambur-sivicli);;;;
Sıcaklık kontrol cihazları;T3/T4 (Thumbwheel Switch);Tambur Siviçli Dijital Sıcaklık Kontrol Cihazları;T3S-B4SK8F-N;Üretimde;Kod sayfası (/magaza/kontrol-kodlari/t3-t4-tambur-sivicli);;;;
Sıcaklık kontrol cihazları;T3/T4 (Thumbwheel Switch);Tambur Siviçli Dijital Sıcaklık Kontrol Cihazları;T3S-B4SP1C-N;Üretimde;Kod sayfası (/magaza/kontrol-kodlari/t3-t4-tambur-sivicli);;;;
Sıcaklık kontrol cihazları;T3/T4 (Thumbwheel Switch);Tambur Siviçli Dijital Sıcaklık Kontrol Cihazları;T3S-B4SP2C-N;Üretimde;Kod sayfası (/magaza/kontrol-kodlari/t3-t4-tambur-sivicli);;;;
Sıcaklık kontrol cihazları;T3/T4 (Thumbwheel Switch);Tambur Siviçli Dijital Sıcaklık Kontrol Cihazları;T3S-B4SP4C-N;Üretimde;Kod sayfası (/magaza/kontrol-kodlari/t3-t4-tambur-sivicli);;;;
Sıcaklık kontrol cihazları;T3/T4 (Thumbwheel Switch);Tambur Siviçli Dijital Sıcaklık Kontrol Cihazları;T4L-B4CJ4C-N;Üretimde;Kod sayfası (/magaza/kontrol-kodlari/t3-t4-tambur-sivicli);;;;
Sıcaklık kontrol cihazları;T3/T4 (Thumbwheel Switch);Tambur Siviçli Dijital Sıcaklık Kontrol Cihazları;T4L-B4CK4C-N;Üretimde;Kod sayfası (/magaza/kontrol-kodlari/t3-t4-tambur-sivicli);;;;
Sıcaklık kontrol cihazları;T3/T4 (Thumbwheel Switch);Tambur Siviçli Dijital Sıcaklık Kontrol Cihazları;T4L-B4CK8C-N;Üretimde;Kod sayfası (/magaza/kontrol-kodlari/t3-t4-tambur-sivicli);;;;
Sıcaklık kontrol cihazları;T3/T4 (Thumbwheel Switch);Tambur Siviçli Dijital Sıcaklık Kontrol Cihazları;T4L-B4CKCC-N;Üretimde;Kod sayfası (/magaza/kontrol-kodlari/t3-t4-tambur-sivicli);;;;
Sıcaklık kontrol cihazları;T3/T4 (Thumbwheel Switch);Tambur Siviçli Dijital Sıcaklık Kontrol Cihazları;T4L-B4CP0C-N;Üretimde;Kod sayfası (/magaza/kontrol-kodlari/t3-t4-tambur-sivicli);;;;
Sıcaklık kontrol cihazları;T3/T4 (Thumbwheel Switch);Tambur Siviçli Dijital Sıcaklık Kontrol Cihazları;T4L-B4CP1C-N;Üretimde;Kod sayfası (/magaza/kontrol-kodlari/t3-t4-tambur-sivicli);;;;
Sıcaklık kontrol cihazları;T3/T4 (Thumbwheel Switch);Tambur Siviçli Dijital Sıcaklık Kontrol Cihazları;T4L-B4CRFC-N;Üretimde;Kod sayfası (/magaza/kontrol-kodlari/t3-t4-tambur-sivicli);;;;
Sıcaklık kontrol cihazları;T3/T4 (Thumbwheel Switch);Tambur Siviçli Dijital Sıcaklık Kontrol Cihazları;T4L-B4RJ4C-N;Üretimde;Kod sayfası (/magaza/kontrol-kodlari/t3-t4-tambur-sivicli);;;;
Sıcaklık kontrol cihazları;T3/T4 (Thumbwheel Switch);Tambur Siviçli Dijital Sıcaklık Kontrol Cihazları;T4L-B4RK4C-N;Üretimde;Kod sayfası (/magaza/kontrol-kodlari/t3-t4-tambur-sivicli);;;;
Sıcaklık kontrol cihazları;T3/T4 (Thumbwheel Switch);Tambur Siviçli Dijital Sıcaklık Kontrol Cihazları;T4L-B4RK8C-N;Üretimde;Kod sayfası (/magaza/kontrol-kodlari/t3-t4-tambur-sivicli);;;;
Sıcaklık kontrol cihazları;T3/T4 (Thumbwheel Switch);Tambur Siviçli Dijital Sıcaklık Kontrol Cihazları;T4L-B4RKCC-N;Üretimde;Kod sayfası (/magaza/kontrol-kodlari/t3-t4-tambur-sivicli);;;;
Sıcaklık kontrol cihazları;T3/T4 (Thumbwheel Switch);Tambur Siviçli Dijital Sıcaklık Kontrol Cihazları;T4L-B4RP0C-N;Üretimde;Kod sayfası (/magaza/kontrol-kodlari/t3-t4-tambur-sivicli);;;;
Sıcaklık kontrol cihazları;T3/T4 (Thumbwheel Switch);Tambur Siviçli Dijital Sıcaklık Kontrol Cihazları;T4L-B4RP1C-N;Üretimde;Kod sayfası (/magaza/kontrol-kodlari/t3-t4-tambur-sivicli);;;;
Sıcaklık kontrol cihazları;T3/T4 (Thumbwheel Switch);Tambur Siviçli Dijital Sıcaklık Kontrol Cihazları;T4L-B4RP4C-N;Üretimde;Kod sayfası (/magaza/kontrol-kodlari/t3-t4-tambur-sivicli);;;;
Sıcaklık kontrol cihazları;T3/T4 (Thumbwheel Switch);Tambur Siviçli Dijital Sıcaklık Kontrol Cihazları;T4L-B4SJ4C-N;Üretimde;Kod sayfası (/magaza/kontrol-kodlari/t3-t4-tambur-sivicli);;;;
Sıcaklık kontrol cihazları;T3/T4 (Thumbwheel Switch);Tambur Siviçli Dijital Sıcaklık Kontrol Cihazları;T4L-B4SK8C-N;Üretimde;Kod sayfası (/magaza/kontrol-kodlari/t3-t4-tambur-sivicli);;;;
Sıcaklık kontrol cihazları;T3/T4 (Thumbwheel Switch);Tambur Siviçli Dijital Sıcaklık Kontrol Cihazları;T4L-B4SKCC-N;Üretimde;Kod sayfası (/magaza/kontrol-kodlari/t3-t4-tambur-sivicli);;;;
Sıcaklık kontrol cihazları;T3/T4 (Thumbwheel Switch);Tambur Siviçli Dijital Sıcaklık Kontrol Cihazları;T4L-B4SP0C-N;Üretimde;Kod sayfası (/magaza/kontrol-kodlari/t3-t4-tambur-sivicli);;;;
Sıcaklık kontrol cihazları;T3/T4 (Thumbwheel Switch);Tambur Siviçli Dijital Sıcaklık Kontrol Cihazları;T4L-B4SP1C-N;Üretimde;Kod sayfası (/magaza/kontrol-kodlari/t3-t4-tambur-sivicli);;;;
Sıcaklık kontrol cihazları;T3/T4 (Thumbwheel Switch);Tambur Siviçli Dijital Sıcaklık Kontrol Cihazları;T4L-B4SP4C-N;Üretimde;Kod sayfası (/magaza/kontrol-kodlari/t3-t4-tambur-sivicli);;;;
Sıcaklık kontrol cihazları;T3/T4 (Thumbwheel Switch);Tambur Siviçli Dijital Sıcaklık Kontrol Cihazları;T4L-B4SRFC-N;Üretimde;Kod sayfası (/magaza/kontrol-kodlari/t3-t4-tambur-sivicli);;;;
Sıcaklık kontrol cihazları;T3/T4 (Thumbwheel Switch);Tambur Siviçli Dijital Sıcaklık Kontrol Cihazları;T4LA-B4CJ4C-N;Üretimde;Kod sayfası (/magaza/kontrol-kodlari/t3-t4-tambur-sivicli);;;;
Sıcaklık kontrol cihazları;T3/T4 (Thumbwheel Switch);Tambur Siviçli Dijital Sıcaklık Kontrol Cihazları;T4LA-B4CK4C-N;Üretimde;Kod sayfası (/magaza/kontrol-kodlari/t3-t4-tambur-sivicli);;;;
Sıcaklık kontrol cihazları;T3/T4 (Thumbwheel Switch);Tambur Siviçli Dijital Sıcaklık Kontrol Cihazları;T4LA-B4CK8C-N;Üretimde;Kod sayfası (/magaza/kontrol-kodlari/t3-t4-tambur-sivicli);;;;
Sıcaklık kontrol cihazları;T3/T4 (Thumbwheel Switch);Tambur Siviçli Dijital Sıcaklık Kontrol Cihazları;T4LA-B4CKCC-N;Üretimde;Kod sayfası (/magaza/kontrol-kodlari/t3-t4-tambur-sivicli);;;;
Sıcaklık kontrol cihazları;T3/T4 (Thumbwheel Switch);Tambur Siviçli Dijital Sıcaklık Kontrol Cihazları;T4LA-B4CP0C-N;Üretimde;Kod sayfası (/magaza/kontrol-kodlari/t3-t4-tambur-sivicli);;;;
Sıcaklık kontrol cihazları;T3/T4 (Thumbwheel Switch);Tambur Siviçli Dijital Sıcaklık Kontrol Cihazları;T4LA-B4CP4C-N;Üretimde;Kod sayfası (/magaza/kontrol-kodlari/t3-t4-tambur-sivicli);;;;
Sıcaklık kontrol cihazları;T3/T4 (Thumbwheel Switch);Tambur Siviçli Dijital Sıcaklık Kontrol Cihazları;T4LA-B4CRFC-N;Üretimde;Kod sayfası (/magaza/kontrol-kodlari/t3-t4-tambur-sivicli);;;;
Sıcaklık kontrol cihazları;T3/T4 (Thumbwheel Switch);Tambur Siviçli Dijital Sıcaklık Kontrol Cihazları;T4LA-B4RJ4C-N;Üretimde;Kod sayfası (/magaza/kontrol-kodlari/t3-t4-tambur-sivicli);;;;
Sıcaklık kontrol cihazları;T3/T4 (Thumbwheel Switch);Tambur Siviçli Dijital Sıcaklık Kontrol Cihazları;T4LA-B4RK4C-N;Üretimde;Kod sayfası (/magaza/kontrol-kodlari/t3-t4-tambur-sivicli);;;;
Sıcaklık kontrol cihazları;T3/T4 (Thumbwheel Switch);Tambur Siviçli Dijital Sıcaklık Kontrol Cihazları;T4LA-B4RK8C-N;Üretimde;Kod sayfası (/magaza/kontrol-kodlari/t3-t4-tambur-sivicli);;;;
Sıcaklık kontrol cihazları;T3/T4 (Thumbwheel Switch);Tambur Siviçli Dijital Sıcaklık Kontrol Cihazları;T4LA-B4RKCC-N;Üretimde;Kod sayfası (/magaza/kontrol-kodlari/t3-t4-tambur-sivicli);;;;
Sıcaklık kontrol cihazları;T3/T4 (Thumbwheel Switch);Tambur Siviçli Dijital Sıcaklık Kontrol Cihazları;T4LA-B4RP0C-N;Üretimde;Kod sayfası (/magaza/kontrol-kodlari/t3-t4-tambur-sivicli);;;;
Sıcaklık kontrol cihazları;T3/T4 (Thumbwheel Switch);Tambur Siviçli Dijital Sıcaklık Kontrol Cihazları;T4LA-B4RP4C-N;Üretimde;Kod sayfası (/magaza/kontrol-kodlari/t3-t4-tambur-sivicli);;;;
Sıcaklık kontrol cihazları;T3/T4 (Thumbwheel Switch);Tambur Siviçli Dijital Sıcaklık Kontrol Cihazları;T4LA-B4RRFC-N;Üretimde;Kod sayfası (/magaza/kontrol-kodlari/t3-t4-tambur-sivicli);;;;
Sıcaklık kontrol cihazları;T3/T4 (Thumbwheel Switch);Tambur Siviçli Dijital Sıcaklık Kontrol Cihazları;T4LA-B4SJ4C-N;Üretimde;Kod sayfası (/magaza/kontrol-kodlari/t3-t4-tambur-sivicli);;;;
Sıcaklık kontrol cihazları;T3/T4 (Thumbwheel Switch);Tambur Siviçli Dijital Sıcaklık Kontrol Cihazları;T4LA-B4SK4C-N;Üretimde;Kod sayfası (/magaza/kontrol-kodlari/t3-t4-tambur-sivicli);;;;
Sıcaklık kontrol cihazları;T3/T4 (Thumbwheel Switch);Tambur Siviçli Dijital Sıcaklık Kontrol Cihazları;T4LA-B4SKCC-N;Üretimde;Kod sayfası (/magaza/kontrol-kodlari/t3-t4-tambur-sivicli);;;;
Sıcaklık kontrol cihazları;T3/T4 (Thumbwheel Switch);Tambur Siviçli Dijital Sıcaklık Kontrol Cihazları;T4LA-B4SP0C-N;Üretimde;Kod sayfası (/magaza/kontrol-kodlari/t3-t4-tambur-sivicli);;;;
Sıcaklık kontrol cihazları;T3/T4 (Thumbwheel Switch);Tambur Siviçli Dijital Sıcaklık Kontrol Cihazları;T4LA-B4SRFC-N;Üretimde;Kod sayfası (/magaza/kontrol-kodlari/t3-t4-tambur-sivicli);;;;
Sıcaklık kontrol cihazları;T3/T4 (Thumbwheel Switch);Tambur Siviçli Dijital Sıcaklık Kontrol Cihazları;T4LP-B4CJ4C-N;Üretimde;Kod sayfası (/magaza/kontrol-kodlari/t3-t4-tambur-sivicli);;;;
Sıcaklık kontrol cihazları;T3/T4 (Thumbwheel Switch);Tambur Siviçli Dijital Sıcaklık Kontrol Cihazları;T4LP-B4CK4C-N;Üretimde;Kod sayfası (/magaza/kontrol-kodlari/t3-t4-tambur-sivicli);;;;
Sıcaklık kontrol cihazları;T3/T4 (Thumbwheel Switch);Tambur Siviçli Dijital Sıcaklık Kontrol Cihazları;T4LP-B4CK8C-N;Üretimde;Kod sayfası (/magaza/kontrol-kodlari/t3-t4-tambur-sivicli);;;;
Sıcaklık kontrol cihazları;T3/T4 (Thumbwheel Switch);Tambur Siviçli Dijital Sıcaklık Kontrol Cihazları;T4LP-B4CKCC-N;Üretimde;Kod sayfası (/magaza/kontrol-kodlari/t3-t4-tambur-sivicli);;;;
Sıcaklık kontrol cihazları;T3/T4 (Thumbwheel Switch);Tambur Siviçli Dijital Sıcaklık Kontrol Cihazları;T4LP-B4CP2C-N;Üretimde;Kod sayfası (/magaza/kontrol-kodlari/t3-t4-tambur-sivicli);;;;
Sıcaklık kontrol cihazları;T3/T4 (Thumbwheel Switch);Tambur Siviçli Dijital Sıcaklık Kontrol Cihazları;T4LP-B4CRFC-N;Üretimde;Kod sayfası (/magaza/kontrol-kodlari/t3-t4-tambur-sivicli);;;;
Sıcaklık kontrol cihazları;T3/T4 (Thumbwheel Switch);Tambur Siviçli Dijital Sıcaklık Kontrol Cihazları;T4LP-B4RJ4C-N;Üretimde;Kod sayfası (/magaza/kontrol-kodlari/t3-t4-tambur-sivicli);;;;
Sıcaklık kontrol cihazları;T3/T4 (Thumbwheel Switch);Tambur Siviçli Dijital Sıcaklık Kontrol Cihazları;T4LP-B4RK4C-N;Üretimde;Kod sayfası (/magaza/kontrol-kodlari/t3-t4-tambur-sivicli);;;;
Sıcaklık kontrol cihazları;T3/T4 (Thumbwheel Switch);Tambur Siviçli Dijital Sıcaklık Kontrol Cihazları;T4LP-B4RK8C-N;Üretimde;Kod sayfası (/magaza/kontrol-kodlari/t3-t4-tambur-sivicli);;;;
Sıcaklık kontrol cihazları;T3/T4 (Thumbwheel Switch);Tambur Siviçli Dijital Sıcaklık Kontrol Cihazları;T4LP-B4RKCC-N;Üretimde;Kod sayfası (/magaza/kontrol-kodlari/t3-t4-tambur-sivicli);;;;
Sıcaklık kontrol cihazları;T3/T4 (Thumbwheel Switch);Tambur Siviçli Dijital Sıcaklık Kontrol Cihazları;T4LP-B4RP2C-N;Üretimde;Kod sayfası (/magaza/kontrol-kodlari/t3-t4-tambur-sivicli);;;;
Sıcaklık kontrol cihazları;T3/T4 (Thumbwheel Switch);Tambur Siviçli Dijital Sıcaklık Kontrol Cihazları;T4LP-B4RP4C-N;Üretimde;Kod sayfası (/magaza/kontrol-kodlari/t3-t4-tambur-sivicli);;;;
Sıcaklık kontrol cihazları;T3/T4 (Thumbwheel Switch);Tambur Siviçli Dijital Sıcaklık Kontrol Cihazları;T4LP-B4RRFC-N;Üretimde;Kod sayfası (/magaza/kontrol-kodlari/t3-t4-tambur-sivicli);;;;
Sıcaklık kontrol cihazları;T3/T4 (Thumbwheel Switch);Tambur Siviçli Dijital Sıcaklık Kontrol Cihazları;T4LP-B4SJ4C-N;Üretimde;Kod sayfası (/magaza/kontrol-kodlari/t3-t4-tambur-sivicli);;;;
Sıcaklık kontrol cihazları;T3/T4 (Thumbwheel Switch);Tambur Siviçli Dijital Sıcaklık Kontrol Cihazları;T4LP-B4SKCC-N;Üretimde;Kod sayfası (/magaza/kontrol-kodlari/t3-t4-tambur-sivicli);;;;
Sıcaklık kontrol cihazları;T3/T4 (Thumbwheel Switch);Tambur Siviçli Dijital Sıcaklık Kontrol Cihazları;T4LP-B4SP2C-N;Üretimde;Kod sayfası (/magaza/kontrol-kodlari/t3-t4-tambur-sivicli);;;;
Sıcaklık kontrol cihazları;T3/T4 (Thumbwheel Switch);Tambur Siviçli Dijital Sıcaklık Kontrol Cihazları;T4LP-B4SP4C-N;Üretimde;Kod sayfası (/magaza/kontrol-kodlari/t3-t4-tambur-sivicli);;;;
Sıcaklık kontrol cihazları;T3/T4 (Thumbwheel Switch);Tambur Siviçli Dijital Sıcaklık Kontrol Cihazları;T4LP-B4SRFC-N;Üretimde;Kod sayfası (/magaza/kontrol-kodlari/t3-t4-tambur-sivicli);;;;
Sıcaklık kontrol cihazları;T3/T4 (Thumbwheel Switch);Tambur Siviçli Dijital Sıcaklık Kontrol Cihazları;T4M-B4CJ4C-N;Üretimde;Kod sayfası (/magaza/kontrol-kodlari/t3-t4-tambur-sivicli);;;;
Sıcaklık kontrol cihazları;T3/T4 (Thumbwheel Switch);Tambur Siviçli Dijital Sıcaklık Kontrol Cihazları;T4M-B4CK4C-N;Üretimde;Kod sayfası (/magaza/kontrol-kodlari/t3-t4-tambur-sivicli);;;;
Sıcaklık kontrol cihazları;T3/T4 (Thumbwheel Switch);Tambur Siviçli Dijital Sıcaklık Kontrol Cihazları;T4M-B4CK8C-N;Üretimde;Kod sayfası (/magaza/kontrol-kodlari/t3-t4-tambur-sivicli);;;;
Sıcaklık kontrol cihazları;T3/T4 (Thumbwheel Switch);Tambur Siviçli Dijital Sıcaklık Kontrol Cihazları;T4M-B4CKCC-N;Üretimde;Kod sayfası (/magaza/kontrol-kodlari/t3-t4-tambur-sivicli);;;;
Sıcaklık kontrol cihazları;T3/T4 (Thumbwheel Switch);Tambur Siviçli Dijital Sıcaklık Kontrol Cihazları;T4M-B4CP0C-N;Üretimde;Kod sayfası (/magaza/kontrol-kodlari/t3-t4-tambur-sivicli);;;;
Sıcaklık kontrol cihazları;T3/T4 (Thumbwheel Switch);Tambur Siviçli Dijital Sıcaklık Kontrol Cihazları;T4M-B4CP4C-N;Üretimde;Kod sayfası (/magaza/kontrol-kodlari/t3-t4-tambur-sivicli);;;;
Sıcaklık kontrol cihazları;T3/T4 (Thumbwheel Switch);Tambur Siviçli Dijital Sıcaklık Kontrol Cihazları;T4M-B4CRFC-N;Üretimde;Kod sayfası (/magaza/kontrol-kodlari/t3-t4-tambur-sivicli);;;;
Sıcaklık kontrol cihazları;T3/T4 (Thumbwheel Switch);Tambur Siviçli Dijital Sıcaklık Kontrol Cihazları;T4M-B4RJ4C-N;Üretimde;Kod sayfası (/magaza/kontrol-kodlari/t3-t4-tambur-sivicli);;;;
Sıcaklık kontrol cihazları;T3/T4 (Thumbwheel Switch);Tambur Siviçli Dijital Sıcaklık Kontrol Cihazları;T4M-B4RK4C-N;Üretimde;Kod sayfası (/magaza/kontrol-kodlari/t3-t4-tambur-sivicli);;;;
Sıcaklık kontrol cihazları;T3/T4 (Thumbwheel Switch);Tambur Siviçli Dijital Sıcaklık Kontrol Cihazları;T4M-B4RK8C-N;Üretimde;Kod sayfası (/magaza/kontrol-kodlari/t3-t4-tambur-sivicli);;;;
Sıcaklık kontrol cihazları;T3/T4 (Thumbwheel Switch);Tambur Siviçli Dijital Sıcaklık Kontrol Cihazları;T4M-B4RKCC-N;Üretimde;Kod sayfası (/magaza/kontrol-kodlari/t3-t4-tambur-sivicli);;;;
Sıcaklık kontrol cihazları;T3/T4 (Thumbwheel Switch);Tambur Siviçli Dijital Sıcaklık Kontrol Cihazları;T4M-B4RP0C-N;Üretimde;Kod sayfası (/magaza/kontrol-kodlari/t3-t4-tambur-sivicli);;;;
Sıcaklık kontrol cihazları;T3/T4 (Thumbwheel Switch);Tambur Siviçli Dijital Sıcaklık Kontrol Cihazları;T4M-B4RP4C-N;Üretimde;Kod sayfası (/magaza/kontrol-kodlari/t3-t4-tambur-sivicli);;;;
Sıcaklık kontrol cihazları;T3/T4 (Thumbwheel Switch);Tambur Siviçli Dijital Sıcaklık Kontrol Cihazları;T4M-B4RRFC-N;Üretimde;Kod sayfası (/magaza/kontrol-kodlari/t3-t4-tambur-sivicli);;;;
Sıcaklık kontrol cihazları;T3/T4 (Thumbwheel Switch);Tambur Siviçli Dijital Sıcaklık Kontrol Cihazları;T4M-B4SK4C-N;Üretimde;Kod sayfası (/magaza/kontrol-kodlari/t3-t4-tambur-sivicli);;;;
Sıcaklık kontrol cihazları;T3/T4 (Thumbwheel Switch);Tambur Siviçli Dijital Sıcaklık Kontrol Cihazları;T4M-B4SK8C-N;Üretimde;Kod sayfası (/magaza/kontrol-kodlari/t3-t4-tambur-sivicli);;;;
Sıcaklık kontrol cihazları;T3/T4 (Thumbwheel Switch);Tambur Siviçli Dijital Sıcaklık Kontrol Cihazları;T4M-B4SP0C-N;Üretimde;Kod sayfası (/magaza/kontrol-kodlari/t3-t4-tambur-sivicli);;;;
Sıcaklık kontrol cihazları;T3/T4 (Thumbwheel Switch);Tambur Siviçli Dijital Sıcaklık Kontrol Cihazları;T4M-B4SRFC-N;Üretimde;Kod sayfası (/magaza/kontrol-kodlari/t3-t4-tambur-sivicli);;;;
Sıcaklık kontrol cihazları;T3/T4 (Thumbwheel Switch);Tambur Siviçli Dijital Sıcaklık Kontrol Cihazları;T4MA-B4CJ4C-N;Üretimde;Kod sayfası (/magaza/kontrol-kodlari/t3-t4-tambur-sivicli);;;;
Sıcaklık kontrol cihazları;T3/T4 (Thumbwheel Switch);Tambur Siviçli Dijital Sıcaklık Kontrol Cihazları;T4MA-B4CK4C-N;Üretimde;Kod sayfası (/magaza/kontrol-kodlari/t3-t4-tambur-sivicli);;;;
Sıcaklık kontrol cihazları;T3/T4 (Thumbwheel Switch);Tambur Siviçli Dijital Sıcaklık Kontrol Cihazları;T4MA-B4CK8C-N;Üretimde;Kod sayfası (/magaza/kontrol-kodlari/t3-t4-tambur-sivicli);;;;
Sıcaklık kontrol cihazları;T3/T4 (Thumbwheel Switch);Tambur Siviçli Dijital Sıcaklık Kontrol Cihazları;T4MA-B4CKCC-N;Üretimde;Kod sayfası (/magaza/kontrol-kodlari/t3-t4-tambur-sivicli);;;;
Sıcaklık kontrol cihazları;T3/T4 (Thumbwheel Switch);Tambur Siviçli Dijital Sıcaklık Kontrol Cihazları;T4MA-B4CP0C-N;Üretimde;Kod sayfası (/magaza/kontrol-kodlari/t3-t4-tambur-sivicli);;;;
Sıcaklık kontrol cihazları;T3/T4 (Thumbwheel Switch);Tambur Siviçli Dijital Sıcaklık Kontrol Cihazları;T4MA-B4CRFC-N;Üretimde;Kod sayfası (/magaza/kontrol-kodlari/t3-t4-tambur-sivicli);;;;
Sıcaklık kontrol cihazları;T3/T4 (Thumbwheel Switch);Tambur Siviçli Dijital Sıcaklık Kontrol Cihazları;T4MA-B4RJ4C-N;Üretimde;Kod sayfası (/magaza/kontrol-kodlari/t3-t4-tambur-sivicli);;;;
Sıcaklık kontrol cihazları;T3/T4 (Thumbwheel Switch);Tambur Siviçli Dijital Sıcaklık Kontrol Cihazları;T4MA-B4RK4C-N;Üretimde;Kod sayfası (/magaza/kontrol-kodlari/t3-t4-tambur-sivicli);;;;
Sıcaklık kontrol cihazları;T3/T4 (Thumbwheel Switch);Tambur Siviçli Dijital Sıcaklık Kontrol Cihazları;T4MA-B4RK8C-N;Üretimde;Kod sayfası (/magaza/kontrol-kodlari/t3-t4-tambur-sivicli);;;;
Sıcaklık kontrol cihazları;T3/T4 (Thumbwheel Switch);Tambur Siviçli Dijital Sıcaklık Kontrol Cihazları;T4MA-B4RKCC-N;Üretimde;Kod sayfası (/magaza/kontrol-kodlari/t3-t4-tambur-sivicli);;;;
Sıcaklık kontrol cihazları;T3/T4 (Thumbwheel Switch);Tambur Siviçli Dijital Sıcaklık Kontrol Cihazları;T4MA-B4RP0C-N;Üretimde;Kod sayfası (/magaza/kontrol-kodlari/t3-t4-tambur-sivicli);;;;
Sıcaklık kontrol cihazları;T3/T4 (Thumbwheel Switch);Tambur Siviçli Dijital Sıcaklık Kontrol Cihazları;T4MA-B4RP4C-N;Üretimde;Kod sayfası (/magaza/kontrol-kodlari/t3-t4-tambur-sivicli);;;;
Sıcaklık kontrol cihazları;T3/T4 (Thumbwheel Switch);Tambur Siviçli Dijital Sıcaklık Kontrol Cihazları;T4MA-B4RRFC-N;Üretimde;Kod sayfası (/magaza/kontrol-kodlari/t3-t4-tambur-sivicli);;;;
Sıcaklık kontrol cihazları;T3/T4 (Thumbwheel Switch);Tambur Siviçli Dijital Sıcaklık Kontrol Cihazları;T4MA-B4SJ4C-N;Üretimde;Kod sayfası (/magaza/kontrol-kodlari/t3-t4-tambur-sivicli);;;;
Sıcaklık kontrol cihazları;T3/T4 (Thumbwheel Switch);Tambur Siviçli Dijital Sıcaklık Kontrol Cihazları;T4MA-B4SK4C-N;Üretimde;Kod sayfası (/magaza/kontrol-kodlari/t3-t4-tambur-sivicli);;;;
Sıcaklık kontrol cihazları;T3/T4 (Thumbwheel Switch);Tambur Siviçli Dijital Sıcaklık Kontrol Cihazları;T4MA-B4SK8C-N;Üretimde;Kod sayfası (/magaza/kontrol-kodlari/t3-t4-tambur-sivicli);;;;
Sıcaklık kontrol cihazları;T3/T4 (Thumbwheel Switch);Tambur Siviçli Dijital Sıcaklık Kontrol Cihazları;T4MA-B4SKCC-N;Üretimde;Kod sayfası (/magaza/kontrol-kodlari/t3-t4-tambur-sivicli);;;;
Sıcaklık kontrol cihazları;T3/T4 (Thumbwheel Switch);Tambur Siviçli Dijital Sıcaklık Kontrol Cihazları;T4MA-B4SRFC-N;Üretimde;Kod sayfası (/magaza/kontrol-kodlari/t3-t4-tambur-sivicli);;;;
Sıcaklık kontrol cihazları;TC3YF;Soğutma Kontrol Cihazları;TC3YF-11R;Üretimde;Kod sayfası (/magaza/kontrol-kodlari/tc3yf);;;;
Sıcaklık kontrol cihazları;TC3YF;Soğutma Kontrol Cihazları;TC3YF-14R;Üretimde;Kod sayfası (/magaza/kontrol-kodlari/tc3yf);;;;
Sıcaklık kontrol cihazları;TC3YF;Soğutma Kontrol Cihazları;TC3YF-21R;Üretimde;Kod sayfası (/magaza/kontrol-kodlari/tc3yf);;;;
Sıcaklık kontrol cihazları;TC3YF;Soğutma Kontrol Cihazları;TC3YF-24R;Üretimde;Kod sayfası (/magaza/kontrol-kodlari/tc3yf);;;;
Sıcaklık kontrol cihazları;TC3YF;Soğutma Kontrol Cihazları;TC3YF-31R;Üretimde;Kod sayfası (/magaza/kontrol-kodlari/tc3yf);;;;
Sıcaklık kontrol cihazları;TC3YF;Soğutma Kontrol Cihazları;TC3YF-34R;Üretimde;Kod sayfası (/magaza/kontrol-kodlari/tc3yf);;;;
Sıcaklık kontrol cihazları;TF3;Soğutma Kontrol Cihazı;TF31-11A;Üretimde;Kod sayfası (/magaza/kontrol-kodlari/tf3);;;;
Sıcaklık kontrol cihazları;TF3;Soğutma Kontrol Cihazı;TF31-11G;Üretimde;Kod sayfası (/magaza/kontrol-kodlari/tf3);;;;
Sıcaklık kontrol cihazları;TF3;Soğutma Kontrol Cihazı;TF31-11H;Üretimde;Kod sayfası (/magaza/kontrol-kodlari/tf3);;;;
Sıcaklık kontrol cihazları;TF3;Soğutma Kontrol Cihazı;TF31-14A;Üretimde;Kod sayfası (/magaza/kontrol-kodlari/tf3);;;;
Sıcaklık kontrol cihazları;TF3;Soğutma Kontrol Cihazı;TF31-14G;Üretimde;Kod sayfası (/magaza/kontrol-kodlari/tf3);;;;
Sıcaklık kontrol cihazları;TF3;Soğutma Kontrol Cihazı;TF31-14H;Üretimde;Kod sayfası (/magaza/kontrol-kodlari/tf3);;;;
Sıcaklık kontrol cihazları;TF3;Soğutma Kontrol Cihazı;TF31-21A;Üretimde;Kod sayfası (/magaza/kontrol-kodlari/tf3);;;;
Sıcaklık kontrol cihazları;TF3;Soğutma Kontrol Cihazı;TF31-21H;Üretimde;Kod sayfası (/magaza/kontrol-kodlari/tf3);;;;
Sıcaklık kontrol cihazları;TF3;Soğutma Kontrol Cihazı;TF31-24A;Üretimde;Kod sayfası (/magaza/kontrol-kodlari/tf3);;;;
Sıcaklık kontrol cihazları;TF3;Soğutma Kontrol Cihazı;TF31-24H;Üretimde;Kod sayfası (/magaza/kontrol-kodlari/tf3);;;;
Sıcaklık kontrol cihazları;TF3;Soğutma Kontrol Cihazı;TF31-31A;Üretimde;Kod sayfası (/magaza/kontrol-kodlari/tf3);;;;
Sıcaklık kontrol cihazları;TF3;Soğutma Kontrol Cihazı;TF31-31H;Üretimde;Kod sayfası (/magaza/kontrol-kodlari/tf3);;;;
Sıcaklık kontrol cihazları;TF3;Soğutma Kontrol Cihazı;TF31-34A;Üretimde;Kod sayfası (/magaza/kontrol-kodlari/tf3);;;;
Sıcaklık kontrol cihazları;TF3;Soğutma Kontrol Cihazı;TF31-34H;Üretimde;Kod sayfası (/magaza/kontrol-kodlari/tf3);;;;
Sıcaklık kontrol cihazları;TF3;Soğutma Kontrol Cihazı;TF33-21A-S;Üretimde;Kod sayfası (/magaza/kontrol-kodlari/tf3);;;;
Sıcaklık kontrol cihazları;TF3;Soğutma Kontrol Cihazı;TF33-21A-T;Üretimde;Kod sayfası (/magaza/kontrol-kodlari/tf3);;;;
Sıcaklık kontrol cihazları;TF3;Soğutma Kontrol Cihazı;TF33-21H;Üretimde;Kod sayfası (/magaza/kontrol-kodlari/tf3);;;;
Sıcaklık kontrol cihazları;TF3;Soğutma Kontrol Cihazı;TF33-24A-S;Üretimde;Kod sayfası (/magaza/kontrol-kodlari/tf3);;;;
Sıcaklık kontrol cihazları;TF3;Soğutma Kontrol Cihazı;TF33-24A-T;Üretimde;Kod sayfası (/magaza/kontrol-kodlari/tf3);;;;
Sıcaklık kontrol cihazları;TF3;Soğutma Kontrol Cihazı;TF33-24H;Üretimde;Kod sayfası (/magaza/kontrol-kodlari/tf3);;;;
Sıcaklık kontrol cihazları;TF3;Soğutma Kontrol Cihazı;TF33-31A-A;Üretimde;Kod sayfası (/magaza/kontrol-kodlari/tf3);;;;
Sıcaklık kontrol cihazları;TF3;Soğutma Kontrol Cihazı;TF33-31A-S;Üretimde;Kod sayfası (/magaza/kontrol-kodlari/tf3);;;;
Sıcaklık kontrol cihazları;TF3;Soğutma Kontrol Cihazı;TF33-31A-T;Üretimde;Kod sayfası (/magaza/kontrol-kodlari/tf3);;;;
Sıcaklık kontrol cihazları;TF3;Soğutma Kontrol Cihazı;TF33-31H;Üretimde;Kod sayfası (/magaza/kontrol-kodlari/tf3);;;;
Sıcaklık kontrol cihazları;TF3;Soğutma Kontrol Cihazı;TF33-31H-R;Üretimde;Kod sayfası (/magaza/kontrol-kodlari/tf3);;;;
Sıcaklık kontrol cihazları;TF3;Soğutma Kontrol Cihazı;TF33-34A-A;Üretimde;Kod sayfası (/magaza/kontrol-kodlari/tf3);;;;
Sıcaklık kontrol cihazları;TF3;Soğutma Kontrol Cihazı;TF33-34A-S;Üretimde;Kod sayfası (/magaza/kontrol-kodlari/tf3);;;;
Sıcaklık kontrol cihazları;TF3;Soğutma Kontrol Cihazı;TF33-34A-T;Üretimde;Kod sayfası (/magaza/kontrol-kodlari/tf3);;;;
Sıcaklık kontrol cihazları;TF3;Soğutma Kontrol Cihazı;TF33-34H;Üretimde;Kod sayfası (/magaza/kontrol-kodlari/tf3);;;;
Sıcaklık kontrol cihazları;TF3;Soğutma Kontrol Cihazı;TF33-34H-R;Üretimde;Kod sayfası (/magaza/kontrol-kodlari/tf3);;;;
Sıcaklık kontrol cihazları;T3/T4 (Indicator);Dijital Anahtar Ayarlı/Sıcaklık Göstergesi;T3HI-N4NJ4C-N;Üretimde;Kod sayfası (/magaza/kontrol-kodlari/t3-t4-gosterge);;;;
Sıcaklık kontrol cihazları;T3/T4 (Indicator);Dijital Anahtar Ayarlı/Sıcaklık Göstergesi;T3HI-N4NKAC-N;Üretimde;Kod sayfası (/magaza/kontrol-kodlari/t3-t4-gosterge);;;;
Sıcaklık kontrol cihazları;T3/T4 (Indicator);Dijital Anahtar Ayarlı/Sıcaklık Göstergesi;T3HI-N4NP0C-N;Üretimde;Kod sayfası (/magaza/kontrol-kodlari/t3-t4-gosterge);;;;
Sıcaklık kontrol cihazları;T3/T4 (Indicator);Dijital Anahtar Ayarlı/Sıcaklık Göstergesi;T3NI-NXNJ2C-N;Üretimde;Kod sayfası (/magaza/kontrol-kodlari/t3-t4-gosterge);;;;
Sıcaklık kontrol cihazları;T3/T4 (Indicator);Dijital Anahtar Ayarlı/Sıcaklık Göstergesi;T3NI-NXNJ4C-N;Üretimde;Kod sayfası (/magaza/kontrol-kodlari/t3-t4-gosterge);;;;
Sıcaklık kontrol cihazları;T3/T4 (Indicator);Dijital Anahtar Ayarlı/Sıcaklık Göstergesi;T3NI-NXNJ5C-N;Üretimde;Kod sayfası (/magaza/kontrol-kodlari/t3-t4-gosterge);;;;
Sıcaklık kontrol cihazları;T3/T4 (Indicator);Dijital Anahtar Ayarlı/Sıcaklık Göstergesi;T3NI-NXNK2C-N;Üretimde;Kod sayfası (/magaza/kontrol-kodlari/t3-t4-gosterge);;;;
Sıcaklık kontrol cihazları;T3/T4 (Indicator);Dijital Anahtar Ayarlı/Sıcaklık Göstergesi;T3NI-NXNK4C-N;Üretimde;Kod sayfası (/magaza/kontrol-kodlari/t3-t4-gosterge);;;;
Sıcaklık kontrol cihazları;T3/T4 (Indicator);Dijital Anahtar Ayarlı/Sıcaklık Göstergesi;T3NI-NXNK8C-N;Üretimde;Kod sayfası (/magaza/kontrol-kodlari/t3-t4-gosterge);;;;
Sıcaklık kontrol cihazları;T3/T4 (Indicator);Dijital Anahtar Ayarlı/Sıcaklık Göstergesi;T3NI-NXNKAC-N;Üretimde;Kod sayfası (/magaza/kontrol-kodlari/t3-t4-gosterge);;;;
Sıcaklık kontrol cihazları;T3/T4 (Indicator);Dijital Anahtar Ayarlı/Sıcaklık Göstergesi;T3NI-NXNP0C-N;Üretimde;Kod sayfası (/magaza/kontrol-kodlari/t3-t4-gosterge);;;;
Sıcaklık kontrol cihazları;T3/T4 (Indicator);Dijital Anahtar Ayarlı/Sıcaklık Göstergesi;T3NI-NXNP1C-N;Üretimde;Kod sayfası (/magaza/kontrol-kodlari/t3-t4-gosterge);;;;
Sıcaklık kontrol cihazları;T3/T4 (Indicator);Dijital Anahtar Ayarlı/Sıcaklık Göstergesi;T3NI-NXNP2C-N;Üretimde;Kod sayfası (/magaza/kontrol-kodlari/t3-t4-gosterge);;;;
Sıcaklık kontrol cihazları;T3/T4 (Indicator);Dijital Anahtar Ayarlı/Sıcaklık Göstergesi;T3NI-NXNP4C-N;Üretimde;Kod sayfası (/magaza/kontrol-kodlari/t3-t4-gosterge);;;;
Sıcaklık kontrol cihazları;T3/T4 (Indicator);Dijital Anahtar Ayarlı/Sıcaklık Göstergesi;T3SI-N4NJ4C-N;Üretimde;Kod sayfası (/magaza/kontrol-kodlari/t3-t4-gosterge);;;;
Sıcaklık kontrol cihazları;T3/T4 (Indicator);Dijital Anahtar Ayarlı/Sıcaklık Göstergesi;T3SI-N4NK8C-N;Üretimde;Kod sayfası (/magaza/kontrol-kodlari/t3-t4-gosterge);;;;
Sıcaklık kontrol cihazları;T3/T4 (Indicator);Dijital Anahtar Ayarlı/Sıcaklık Göstergesi;T3SI-N4NP1C-N;Üretimde;Kod sayfası (/magaza/kontrol-kodlari/t3-t4-gosterge);;;;
Sıcaklık kontrol cihazları;T3/T4 (Indicator);Dijital Anahtar Ayarlı/Sıcaklık Göstergesi;T3SI-N4NP4C-N;Üretimde;Kod sayfası (/magaza/kontrol-kodlari/t3-t4-gosterge);;;;
Sıcaklık kontrol cihazları;T3/T4 (Indicator);Dijital Anahtar Ayarlı/Sıcaklık Göstergesi;T4LI-N4NJ4C-N;Üretimde;Kod sayfası (/magaza/kontrol-kodlari/t3-t4-gosterge);;;;
Sıcaklık kontrol cihazları;T3/T4 (Indicator);Dijital Anahtar Ayarlı/Sıcaklık Göstergesi;T4LI-N4NKCC-N;Üretimde;Kod sayfası (/magaza/kontrol-kodlari/t3-t4-gosterge);;;;
Sıcaklık kontrol cihazları;T3/T4 (Indicator);Dijital Anahtar Ayarlı/Sıcaklık Göstergesi;T4LI-N4NP0C-N;Üretimde;Kod sayfası (/magaza/kontrol-kodlari/t3-t4-gosterge);;;;
Sıcaklık kontrol cihazları;T3/T4 (Indicator);Dijital Anahtar Ayarlı/Sıcaklık Göstergesi;T4LI-N4NP4C-N;Üretimde;Kod sayfası (/magaza/kontrol-kodlari/t3-t4-gosterge);;;;
Sıcaklık kontrol cihazları;T3/T4 (Indicator);Dijital Anahtar Ayarlı/Sıcaklık Göstergesi;T4LI-N4NRFC-N;Üretimde;Kod sayfası (/magaza/kontrol-kodlari/t3-t4-gosterge);;;;
Sıcaklık kontrol cihazları;T3/T4 (Indicator);Dijital Anahtar Ayarlı/Sıcaklık Göstergesi;T4MI-N4NJ4C-N;Üretimde;Kod sayfası (/magaza/kontrol-kodlari/t3-t4-gosterge);;;;
Sıcaklık kontrol cihazları;T3/T4 (Indicator);Dijital Anahtar Ayarlı/Sıcaklık Göstergesi;T4MI-N4NK8C-N;Üretimde;Kod sayfası (/magaza/kontrol-kodlari/t3-t4-gosterge);;;;
Sıcaklık kontrol cihazları;T3/T4 (Indicator);Dijital Anahtar Ayarlı/Sıcaklık Göstergesi;T4MI-N4NKCC-N;Üretimde;Kod sayfası (/magaza/kontrol-kodlari/t3-t4-gosterge);;;;
Sıcaklık kontrol cihazları;T3/T4 (Indicator);Dijital Anahtar Ayarlı/Sıcaklık Göstergesi;T4MI-N4NP0C-N;Üretimde;Kod sayfası (/magaza/kontrol-kodlari/t3-t4-gosterge);;;;
Sıcaklık kontrol cihazları;T3/T4 (Indicator);Dijital Anahtar Ayarlı/Sıcaklık Göstergesi;T4MI-N4NP4C-N;Üretimde;Kod sayfası (/magaza/kontrol-kodlari/t3-t4-gosterge);;;;
Sıcaklık kontrol cihazları;T3/T4 (Indicator);Dijital Anahtar Ayarlı/Sıcaklık Göstergesi;T4MI-N4NRFC-N;Üretimde;Kod sayfası (/magaza/kontrol-kodlari/t3-t4-gosterge);;;;
Sıcaklık kontrol cihazları;T3/T4 (Indicator);Dijital Anahtar Ayarlı/Sıcaklık Göstergesi;T4WI-N4NJ5C-N;Üretimde;Kod sayfası (/magaza/kontrol-kodlari/t3-t4-gosterge);;;;
Sıcaklık kontrol cihazları;T3/T4 (Indicator);Dijital Anahtar Ayarlı/Sıcaklık Göstergesi;T4WI-N4NJ8F-N;Üretimde;Kod sayfası (/magaza/kontrol-kodlari/t3-t4-gosterge);;;;
Sıcaklık kontrol cihazları;T3/T4 (Indicator);Dijital Anahtar Ayarlı/Sıcaklık Göstergesi;T4WI-N4NJAF-N;Üretimde;Kod sayfası (/magaza/kontrol-kodlari/t3-t4-gosterge);;;;
Sıcaklık kontrol cihazları;T3/T4 (Indicator);Dijital Anahtar Ayarlı/Sıcaklık Göstergesi;T4WI-N4NKCC-N;Üretimde;Kod sayfası (/magaza/kontrol-kodlari/t3-t4-gosterge);;;;
Sıcaklık kontrol cihazları;T3/T4 (Indicator);Dijital Anahtar Ayarlı/Sıcaklık Göstergesi;T4WI-N4NP0C-N;Üretimde;Kod sayfası (/magaza/kontrol-kodlari/t3-t4-gosterge);;;;
Sıcaklık kontrol cihazları;T3/T4 (Indicator);Dijital Anahtar Ayarlı/Sıcaklık Göstergesi;T4WI-N4NP0F-N;Üretimde;Kod sayfası (/magaza/kontrol-kodlari/t3-t4-gosterge);;;;
Sıcaklık kontrol cihazları;T3/T4 (Indicator);Dijital Anahtar Ayarlı/Sıcaklık Göstergesi;T4WI-N4NP4C-N;Üretimde;Kod sayfası (/magaza/kontrol-kodlari/t3-t4-gosterge);;;;
Sıcaklık kontrol cihazları;T3/T4 (Indicator);Dijital Anahtar Ayarlı/Sıcaklık Göstergesi;T4WI-N4NP8F-N;Üretimde;Kod sayfası (/magaza/kontrol-kodlari/t3-t4-gosterge);;;;
Sıcaklık kontrol cihazları;T3/T4 (Indicator);Dijital Anahtar Ayarlı/Sıcaklık Göstergesi;T4YI-N4NJ5C-N;Üretimde;Kod sayfası (/magaza/kontrol-kodlari/t3-t4-gosterge);;;;
Sıcaklık kontrol cihazları;T3/T4 (Indicator);Dijital Anahtar Ayarlı/Sıcaklık Göstergesi;T4YI-N4NKCC-N;Üretimde;Kod sayfası (/magaza/kontrol-kodlari/t3-t4-gosterge);;;;
Sıcaklık kontrol cihazları;T3/T4 (Indicator);Dijital Anahtar Ayarlı/Sıcaklık Göstergesi;T4YI-N4NP0C-N;Üretimde;Kod sayfası (/magaza/kontrol-kodlari/t3-t4-gosterge);;;;
Sıcaklık kontrol cihazları;T3/T4 (Indicator);Dijital Anahtar Ayarlı/Sıcaklık Göstergesi;T4YI-N4NP4C-N;Üretimde;Kod sayfası (/magaza/kontrol-kodlari/t3-t4-gosterge);;;;
Sıcaklık kontrol cihazları;KPN;Çubuk Grafik Sıcaklık Göstergeleri;KPN5200-000;Üretimde;Kod sayfası (/magaza/kontrol-kodlari/kpn);;;;
Sıcaklık kontrol cihazları;KPN;Çubuk Grafik Sıcaklık Göstergeleri;KPN5200-030;Üretimde;Kod sayfası (/magaza/kontrol-kodlari/kpn);;;;
Sıcaklık kontrol cihazları;KPN;Çubuk Grafik Sıcaklık Göstergeleri;KPN5200-200;Üretimde;Kod sayfası (/magaza/kontrol-kodlari/kpn);;;;
Sıcaklık kontrol cihazları;KPN;Çubuk Grafik Sıcaklık Göstergeleri;KPN5200-230;Üretimde;Kod sayfası (/magaza/kontrol-kodlari/kpn);;;;
Sıcaklık kontrol cihazları;KPN;Çubuk Grafik Sıcaklık Göstergeleri;KPN5211-000;Üretimde;Kod sayfası (/magaza/kontrol-kodlari/kpn);;;;
Sıcaklık kontrol cihazları;KPN;Çubuk Grafik Sıcaklık Göstergeleri;KPN5211-030;Üretimde;Kod sayfası (/magaza/kontrol-kodlari/kpn);;;;
Sıcaklık kontrol cihazları;KPN;Çubuk Grafik Sıcaklık Göstergeleri;KPN5211-200;Üretimde;Kod sayfası (/magaza/kontrol-kodlari/kpn);;;;
Sıcaklık kontrol cihazları;KPN;Çubuk Grafik Sıcaklık Göstergeleri;KPN5211-230;Üretimde;Kod sayfası (/magaza/kontrol-kodlari/kpn);;;;
Sıcaklık kontrol cihazları;KPN;Çubuk Grafik Sıcaklık Göstergeleri;KPN5213-000;Üretimde;Kod sayfası (/magaza/kontrol-kodlari/kpn);;;;
Sıcaklık kontrol cihazları;KPN;Çubuk Grafik Sıcaklık Göstergeleri;KPN5213-030;Üretimde;Kod sayfası (/magaza/kontrol-kodlari/kpn);;;;
Sıcaklık kontrol cihazları;KPN;Çubuk Grafik Sıcaklık Göstergeleri;KPN5213-200;Üretimde;Kod sayfası (/magaza/kontrol-kodlari/kpn);;;;
Sıcaklık kontrol cihazları;KPN;Çubuk Grafik Sıcaklık Göstergeleri;KPN5213-230;Üretimde;Kod sayfası (/magaza/kontrol-kodlari/kpn);;;;
Sıcaklık kontrol cihazları;KPN;Çubuk Grafik Sıcaklık Göstergeleri;KPN5217-000;Üretimde;Kod sayfası (/magaza/kontrol-kodlari/kpn);;;;
Sıcaklık kontrol cihazları;KPN;Çubuk Grafik Sıcaklık Göstergeleri;KPN5217-030;Üretimde;Kod sayfası (/magaza/kontrol-kodlari/kpn);;;;
Sıcaklık kontrol cihazları;KPN;Çubuk Grafik Sıcaklık Göstergeleri;KPN5217-200;Üretimde;Kod sayfası (/magaza/kontrol-kodlari/kpn);;;;
Sıcaklık kontrol cihazları;KPN;Çubuk Grafik Sıcaklık Göstergeleri;KPN5217-230;Üretimde;Kod sayfası (/magaza/kontrol-kodlari/kpn);;;;
Sıcaklık kontrol cihazları;KPN;Çubuk Grafik Sıcaklık Göstergeleri;KPN5219-000;Üretimde;Kod sayfası (/magaza/kontrol-kodlari/kpn);;;;
Sıcaklık kontrol cihazları;KPN;Çubuk Grafik Sıcaklık Göstergeleri;KPN5219-030;Üretimde;Kod sayfası (/magaza/kontrol-kodlari/kpn);;;;
Sıcaklık kontrol cihazları;KPN;Çubuk Grafik Sıcaklık Göstergeleri;KPN5219-200;Üretimde;Kod sayfası (/magaza/kontrol-kodlari/kpn);;;;
Sıcaklık kontrol cihazları;KPN;Çubuk Grafik Sıcaklık Göstergeleri;KPN5219-230;Üretimde;Kod sayfası (/magaza/kontrol-kodlari/kpn);;;;
Sıcaklık kontrol cihazları;KPN;Çubuk Grafik Sıcaklık Göstergeleri;KPN5300-000;Üretimde;Kod sayfası (/magaza/kontrol-kodlari/kpn);;;;
Sıcaklık kontrol cihazları;KPN;Çubuk Grafik Sıcaklık Göstergeleri;KPN5300-030;Üretimde;Kod sayfası (/magaza/kontrol-kodlari/kpn);;;;
Sıcaklık kontrol cihazları;KPN;Çubuk Grafik Sıcaklık Göstergeleri;KPN5300-200;Üretimde;Kod sayfası (/magaza/kontrol-kodlari/kpn);;;;
Sıcaklık kontrol cihazları;KPN;Çubuk Grafik Sıcaklık Göstergeleri;KPN5300-230;Üretimde;Kod sayfası (/magaza/kontrol-kodlari/kpn);;;;
Sıcaklık kontrol cihazları;KPN;Çubuk Grafik Sıcaklık Göstergeleri;KPN5311-000;Üretimde;Kod sayfası (/magaza/kontrol-kodlari/kpn);;;;
Sıcaklık kontrol cihazları;KPN;Çubuk Grafik Sıcaklık Göstergeleri;KPN5311-030;Üretimde;Kod sayfası (/magaza/kontrol-kodlari/kpn);;;;
Sıcaklık kontrol cihazları;KPN;Çubuk Grafik Sıcaklık Göstergeleri;KPN5311-200;Üretimde;Kod sayfası (/magaza/kontrol-kodlari/kpn);;;;
Sıcaklık kontrol cihazları;KPN;Çubuk Grafik Sıcaklık Göstergeleri;KPN5311-230;Üretimde;Kod sayfası (/magaza/kontrol-kodlari/kpn);;;;
Sıcaklık kontrol cihazları;KPN;Çubuk Grafik Sıcaklık Göstergeleri;KPN5313-000;Üretimde;Kod sayfası (/magaza/kontrol-kodlari/kpn);;;;
Sıcaklık kontrol cihazları;KPN;Çubuk Grafik Sıcaklık Göstergeleri;KPN5313-030;Üretimde;Kod sayfası (/magaza/kontrol-kodlari/kpn);;;;
Sıcaklık kontrol cihazları;KPN;Çubuk Grafik Sıcaklık Göstergeleri;KPN5313-200;Üretimde;Kod sayfası (/magaza/kontrol-kodlari/kpn);;;;
Sıcaklık kontrol cihazları;KPN;Çubuk Grafik Sıcaklık Göstergeleri;KPN5313-230;Üretimde;Kod sayfası (/magaza/kontrol-kodlari/kpn);;;;
Sıcaklık kontrol cihazları;KPN;Çubuk Grafik Sıcaklık Göstergeleri;KPN5317-000;Üretimde;Kod sayfası (/magaza/kontrol-kodlari/kpn);;;;
Sıcaklık kontrol cihazları;KPN;Çubuk Grafik Sıcaklık Göstergeleri;KPN5317-030;Üretimde;Kod sayfası (/magaza/kontrol-kodlari/kpn);;;;
Sıcaklık kontrol cihazları;KPN;Çubuk Grafik Sıcaklık Göstergeleri;KPN5317-200;Üretimde;Kod sayfası (/magaza/kontrol-kodlari/kpn);;;;
Sıcaklık kontrol cihazları;KPN;Çubuk Grafik Sıcaklık Göstergeleri;KPN5317-230;Üretimde;Kod sayfası (/magaza/kontrol-kodlari/kpn);;;;
Sıcaklık kontrol cihazları;KPN;Çubuk Grafik Sıcaklık Göstergeleri;KPN5319-000;Üretimde;Kod sayfası (/magaza/kontrol-kodlari/kpn);;;;
Sıcaklık kontrol cihazları;KPN;Çubuk Grafik Sıcaklık Göstergeleri;KPN5319-030;Üretimde;Kod sayfası (/magaza/kontrol-kodlari/kpn);;;;
Sıcaklık kontrol cihazları;KPN;Çubuk Grafik Sıcaklık Göstergeleri;KPN5319-200;Üretimde;Kod sayfası (/magaza/kontrol-kodlari/kpn);;;;
Sıcaklık kontrol cihazları;KPN;Çubuk Grafik Sıcaklık Göstergeleri;KPN5319-230;Üretimde;Kod sayfası (/magaza/kontrol-kodlari/kpn);;;;
Sıcaklık kontrol cihazları;KPN;Çubuk Grafik Sıcaklık Göstergeleri;KPN5500-000;Üretimde;Kod sayfası (/magaza/kontrol-kodlari/kpn);;;;
Sıcaklık kontrol cihazları;KPN;Çubuk Grafik Sıcaklık Göstergeleri;KPN5500-030;Üretimde;Kod sayfası (/magaza/kontrol-kodlari/kpn);;;;
Sıcaklık kontrol cihazları;KPN;Çubuk Grafik Sıcaklık Göstergeleri;KPN5500-200;Üretimde;Kod sayfası (/magaza/kontrol-kodlari/kpn);;;;
Sıcaklık kontrol cihazları;KPN;Çubuk Grafik Sıcaklık Göstergeleri;KPN5500-230;Üretimde;Kod sayfası (/magaza/kontrol-kodlari/kpn);;;;
Sıcaklık kontrol cihazları;KPN;Çubuk Grafik Sıcaklık Göstergeleri;KPN5511-000;Üretimde;Kod sayfası (/magaza/kontrol-kodlari/kpn);;;;
Sıcaklık kontrol cihazları;KPN;Çubuk Grafik Sıcaklık Göstergeleri;KPN5511-030;Üretimde;Kod sayfası (/magaza/kontrol-kodlari/kpn);;;;
Sıcaklık kontrol cihazları;KPN;Çubuk Grafik Sıcaklık Göstergeleri;KPN5511-200;Üretimde;Kod sayfası (/magaza/kontrol-kodlari/kpn);;;;
Sıcaklık kontrol cihazları;KPN;Çubuk Grafik Sıcaklık Göstergeleri;KPN5511-230;Üretimde;Kod sayfası (/magaza/kontrol-kodlari/kpn);;;;
Sıcaklık kontrol cihazları;KPN;Çubuk Grafik Sıcaklık Göstergeleri;KPN5513-000;Üretimde;Kod sayfası (/magaza/kontrol-kodlari/kpn);;;;
Sıcaklık kontrol cihazları;KPN;Çubuk Grafik Sıcaklık Göstergeleri;KPN5513-030;Üretimde;Kod sayfası (/magaza/kontrol-kodlari/kpn);;;;
Sıcaklık kontrol cihazları;KPN;Çubuk Grafik Sıcaklık Göstergeleri;KPN5513-200;Üretimde;Kod sayfası (/magaza/kontrol-kodlari/kpn);;;;
Sıcaklık kontrol cihazları;KPN;Çubuk Grafik Sıcaklık Göstergeleri;KPN5513-230;Üretimde;Kod sayfası (/magaza/kontrol-kodlari/kpn);;;;
Sıcaklık kontrol cihazları;KPN;Çubuk Grafik Sıcaklık Göstergeleri;KPN5517-000;Üretimde;Kod sayfası (/magaza/kontrol-kodlari/kpn);;;;
Sıcaklık kontrol cihazları;KPN;Çubuk Grafik Sıcaklık Göstergeleri;KPN5517-030;Üretimde;Kod sayfası (/magaza/kontrol-kodlari/kpn);;;;
Sıcaklık kontrol cihazları;KPN;Çubuk Grafik Sıcaklık Göstergeleri;KPN5517-200;Üretimde;Kod sayfası (/magaza/kontrol-kodlari/kpn);;;;
Sıcaklık kontrol cihazları;KPN;Çubuk Grafik Sıcaklık Göstergeleri;KPN5517-230;Üretimde;Kod sayfası (/magaza/kontrol-kodlari/kpn);;;;
Sıcaklık kontrol cihazları;KPN;Çubuk Grafik Sıcaklık Göstergeleri;KPN5519-000;Üretimde;Kod sayfası (/magaza/kontrol-kodlari/kpn);;;;
Sıcaklık kontrol cihazları;KPN;Çubuk Grafik Sıcaklık Göstergeleri;KPN5519-030;Üretimde;Kod sayfası (/magaza/kontrol-kodlari/kpn);;;;
Sıcaklık kontrol cihazları;KPN;Çubuk Grafik Sıcaklık Göstergeleri;KPN5519-200;Üretimde;Kod sayfası (/magaza/kontrol-kodlari/kpn);;;;
Sıcaklık kontrol cihazları;KPN;Çubuk Grafik Sıcaklık Göstergeleri;KPN5519-230;Üretimde;Kod sayfası (/magaza/kontrol-kodlari/kpn);;;;
Sayıcılar;CM6M;30 Kanallı Sayaçlar;CM6M-30B2;Üretimde;Ürün (/magaza/autonics-cm6m-30b2);;;;
Sayıcılar;CX;LCD Ekranlı Dijital Sayıcı/Zamanlayıcılar;CX6M-1P2;Üretimde;Ürün (/magaza/autonics-cx6m-1p2);;;;
Sayıcılar;CX;LCD Ekranlı Dijital Sayıcı/Zamanlayıcılar;CX6M-1P2F;Üretimde;Ürün (/magaza/autonics-cx6m-1p2f);;;;
Sayıcılar;CX;LCD Ekranlı Dijital Sayıcı/Zamanlayıcılar;CX6M-1P4;Üretimde;Ürün (/magaza/autonics-cx6m-1p4);;;;
Sayıcılar;CX;LCD Ekranlı Dijital Sayıcı/Zamanlayıcılar;CX6M-1P4F;Üretimde;Ürün (/magaza/autonics-cx6m-1p4f);;;;
Sayıcılar;CX;LCD Ekranlı Dijital Sayıcı/Zamanlayıcılar;CX6M-2P2;Üretimde;Ürün (/magaza/autonics-cx6m-2p2);;;;
Sayıcılar;CX;LCD Ekranlı Dijital Sayıcı/Zamanlayıcılar;CX6M-2P2F;Üretimde;Ürün (/magaza/autonics-cx6m-2p2f);;;;
Sayıcılar;CX;LCD Ekranlı Dijital Sayıcı/Zamanlayıcılar;CX6M-2P4;Üretimde;Ürün (/magaza/autonics-cx6m-2p4);;;;
Sayıcılar;CX;LCD Ekranlı Dijital Sayıcı/Zamanlayıcılar;CX6M-2P4F;Üretimde;Ürün (/magaza/autonics-cx6m-2p4f);;;;
Sayıcılar;CX;LCD Ekranlı Dijital Sayıcı/Zamanlayıcılar;CX6S-1P2;Üretimde;Ürün (/magaza/autonics-cx6s-1p2);;;;
Sayıcılar;CX;LCD Ekranlı Dijital Sayıcı/Zamanlayıcılar;CX6S-1P2F;Üretimde;Ürün (/magaza/autonics-cx6s-1p2f);;;;
Sayıcılar;CX;LCD Ekranlı Dijital Sayıcı/Zamanlayıcılar;CX6S-1P4;Üretimde;Ürün (/magaza/autonics-cx6s-1p4);;;;
Sayıcılar;CX;LCD Ekranlı Dijital Sayıcı/Zamanlayıcılar;CX6S-1P4F;Üretimde;Ürün (/magaza/autonics-cx6s-1p4f);;;;
Sayıcılar;CX;LCD Ekranlı Dijital Sayıcı/Zamanlayıcılar;CX6S-2P2;Üretimde;Ürün (/magaza/autonics-cx6s-2p2);;;;
Sayıcılar;CX;LCD Ekranlı Dijital Sayıcı/Zamanlayıcılar;CX6S-2P2F;Üretimde;Ürün (/magaza/autonics-cx6s-2p2f);;;;
Sayıcılar;CX;LCD Ekranlı Dijital Sayıcı/Zamanlayıcılar;CX6S-2P4;Üretimde;Ürün (/magaza/autonics-cx6s-2p4);;;;
Sayıcılar;CX;LCD Ekranlı Dijital Sayıcı/Zamanlayıcılar;CX6S-2P4F;Üretimde;Ürün (/magaza/autonics-cx6s-2p4f);;;;
Sayıcılar;LA8N;Küçük 8 Haneli LCD Dijital Sayıcılar;LA8N-BF;Üretimde;Ürün (/magaza/autonics-la8n-bf);;;;
Sayıcılar;LA8N;Küçük 8 Haneli LCD Dijital Sayıcılar;LA8N-BN;Üretimde;Ürün (/magaza/autonics-la8n-bn);;;;
Sayıcılar;LA8N;Küçük 8 Haneli LCD Dijital Sayıcılar;LA8N-BN-L;Üretimde;Ürün (/magaza/autonics-la8n-bn-l);;;;
Sayıcılar;LA8N;Küçük 8 Haneli LCD Dijital Sayıcılar;LA8N-BV;Üretimde;Ürün (/magaza/autonics-la8n-bv);;;;
Sayıcılar;LA8N;Küçük 8 Haneli LCD Dijital Sayıcılar;LA8N-BV-L;Üretimde;Ürün (/magaza/autonics-la8n-bv-l);;;;
Sayıcılar;CT;Programlanabilir Dijital Sayıcı/Zamanlayıcılar;CT4S-1P2;Üretimde;Ürün (/magaza/autonics-ct4s-1p2);;;;
Sayıcılar;CT;Programlanabilir Dijital Sayıcı/Zamanlayıcılar;CT4S-1P2T;Üretimde;Ürün (/magaza/autonics-ct4s-1p2t);;;;
Sayıcılar;CT;Programlanabilir Dijital Sayıcı/Zamanlayıcılar;CT4S-1P4;Üretimde;Ürün (/magaza/autonics-ct4s-1p4);;;;
Sayıcılar;CT;Programlanabilir Dijital Sayıcı/Zamanlayıcılar;CT4S-1P4T;Üretimde;Ürün (/magaza/autonics-ct4s-1p4t);;;;
Sayıcılar;CT;Programlanabilir Dijital Sayıcı/Zamanlayıcılar;CT4S-2P2;Üretimde;Ürün (/magaza/autonics-ct4s-2p2);;;;
Sayıcılar;CT;Programlanabilir Dijital Sayıcı/Zamanlayıcılar;CT4S-2P2T;Üretimde;Ürün (/magaza/autonics-ct4s-2p2t);;;;
Sayıcılar;CT;Programlanabilir Dijital Sayıcı/Zamanlayıcılar;CT4S-2P4;Üretimde;Ürün (/magaza/autonics-ct4s-2p4);;;;
Sayıcılar;CT;Programlanabilir Dijital Sayıcı/Zamanlayıcılar;CT4S-2P4T;Üretimde;Ürün (/magaza/autonics-ct4s-2p4t);;;;
Sayıcılar;CT;Programlanabilir Dijital Sayıcı/Zamanlayıcılar;CT6M-1P2;Üretimde;Ürün (/magaza/autonics-ct6m-1p2);;;;
Sayıcılar;CT;Programlanabilir Dijital Sayıcı/Zamanlayıcılar;CT6M-1P2T;Üretimde;Ürün (/magaza/autonics-ct6m-1p2t);;;;
Sayıcılar;CT;Programlanabilir Dijital Sayıcı/Zamanlayıcılar;CT6M-1P4;Üretimde;Ürün (/magaza/autonics-ct6m-1p4);;;;
Sayıcılar;CT;Programlanabilir Dijital Sayıcı/Zamanlayıcılar;CT6M-1P4T;Üretimde;Ürün (/magaza/autonics-ct6m-1p4t);;;;
Sayıcılar;CT;Programlanabilir Dijital Sayıcı/Zamanlayıcılar;CT6M-2P2;Üretimde;Ürün (/magaza/autonics-ct6m-2p2);;;;
Sayıcılar;CT;Programlanabilir Dijital Sayıcı/Zamanlayıcılar;CT6M-2P2T;Üretimde;Ürün (/magaza/autonics-ct6m-2p2t);;;;
Sayıcılar;CT;Programlanabilir Dijital Sayıcı/Zamanlayıcılar;CT6M-2P4;Üretimde;Ürün (/magaza/autonics-ct6m-2p4);;;;
Sayıcılar;CT;Programlanabilir Dijital Sayıcı/Zamanlayıcılar;CT6M-2P4T;Üretimde;Ürün (/magaza/autonics-ct6m-2p4t);;;;
Sayıcılar;CT;Programlanabilir Dijital Sayıcı/Zamanlayıcılar;CT6M-I2;Üretimde;Ürün (/magaza/autonics-ct6m-i2);;;;
Sayıcılar;CT;Programlanabilir Dijital Sayıcı/Zamanlayıcılar;CT6M-I2T;Üretimde;Ürün (/magaza/autonics-ct6m-i2t);;;;
Sayıcılar;CT;Programlanabilir Dijital Sayıcı/Zamanlayıcılar;CT6M-I4;Üretimde;Ürün (/magaza/autonics-ct6m-i4);;;;
Sayıcılar;CT;Programlanabilir Dijital Sayıcı/Zamanlayıcılar;CT6M-I4T;Üretimde;Ürün (/magaza/autonics-ct6m-i4t);;;;
Sayıcılar;CT;Programlanabilir Dijital Sayıcı/Zamanlayıcılar;CT6S-1P2;Üretimde;Ürün (/magaza/autonics-ct6s-1p2);;;;
Sayıcılar;CT;Programlanabilir Dijital Sayıcı/Zamanlayıcılar;CT6S-1P2T;Üretimde;Ürün (/magaza/autonics-ct6s-1p2t);;;;
Sayıcılar;CT;Programlanabilir Dijital Sayıcı/Zamanlayıcılar;CT6S-1P4;Üretimde;Ürün (/magaza/autonics-ct6s-1p4);;;;
Sayıcılar;CT;Programlanabilir Dijital Sayıcı/Zamanlayıcılar;CT6S-1P4T;Üretimde;Ürün (/magaza/autonics-ct6s-1p4t);;;;
Sayıcılar;CT;Programlanabilir Dijital Sayıcı/Zamanlayıcılar;CT6S-2P2;Üretimde;Ürün (/magaza/autonics-ct6s-2p2);;;;
Sayıcılar;CT;Programlanabilir Dijital Sayıcı/Zamanlayıcılar;CT6S-2P2T;Üretimde;Ürün (/magaza/autonics-ct6s-2p2t);;;;
Sayıcılar;CT;Programlanabilir Dijital Sayıcı/Zamanlayıcılar;CT6S-2P4;Üretimde;Ürün (/magaza/autonics-ct6s-2p4);;;;
Sayıcılar;CT;Programlanabilir Dijital Sayıcı/Zamanlayıcılar;CT6S-2P4T;Üretimde;Ürün (/magaza/autonics-ct6s-2p4t);;;;
Sayıcılar;CT;Programlanabilir Dijital Sayıcı/Zamanlayıcılar;CT6S-I2;Üretimde;Ürün (/magaza/autonics-ct6s-i2);;;;
Sayıcılar;CT;Programlanabilir Dijital Sayıcı/Zamanlayıcılar;CT6S-I2T;Üretimde;Ürün (/magaza/autonics-ct6s-i2t);;;;
Sayıcılar;CT;Programlanabilir Dijital Sayıcı/Zamanlayıcılar;CT6S-I4;Üretimde;Ürün (/magaza/autonics-ct6s-i4);;;;
Sayıcılar;CT;Programlanabilir Dijital Sayıcı/Zamanlayıcılar;CT6S-I4T;Üretimde;Ürün (/magaza/autonics-ct6s-i4t);;;;
Sayıcılar;CT;Programlanabilir Dijital Sayıcı/Zamanlayıcılar;CT6Y-1P2;Üretimde;Ürün (/magaza/autonics-ct6y-1p2);;;;
Sayıcılar;CT;Programlanabilir Dijital Sayıcı/Zamanlayıcılar;CT6Y-1P2T;Üretimde;Ürün (/magaza/autonics-ct6y-1p2t);;;;
Sayıcılar;CT;Programlanabilir Dijital Sayıcı/Zamanlayıcılar;CT6Y-1P4;Üretimde;Ürün (/magaza/autonics-ct6y-1p4);;;;
Sayıcılar;CT;Programlanabilir Dijital Sayıcı/Zamanlayıcılar;CT6Y-1P4T;Üretimde;Ürün (/magaza/autonics-ct6y-1p4t);;;;
Sayıcılar;CT;Programlanabilir Dijital Sayıcı/Zamanlayıcılar;CT6Y-2P2;Üretimde;Ürün (/magaza/autonics-ct6y-2p2);;;;
Sayıcılar;CT;Programlanabilir Dijital Sayıcı/Zamanlayıcılar;CT6Y-2P2T;Üretimde;Ürün (/magaza/autonics-ct6y-2p2t);;;;
Sayıcılar;CT;Programlanabilir Dijital Sayıcı/Zamanlayıcılar;CT6Y-2P4;Üretimde;Ürün (/magaza/autonics-ct6y-2p4);;;;
Sayıcılar;CT;Programlanabilir Dijital Sayıcı/Zamanlayıcılar;CT6Y-2P4T;Üretimde;Ürün (/magaza/autonics-ct6y-2p4t);;;;
Sayıcılar;CT;Programlanabilir Dijital Sayıcı/Zamanlayıcılar;CT6Y-I2;Üretimde;Ürün (/magaza/autonics-ct6y-i2);;;;
Sayıcılar;CT;Programlanabilir Dijital Sayıcı/Zamanlayıcılar;CT6Y-I2T;Üretimde;Ürün (/magaza/autonics-ct6y-i2t);;;;
Sayıcılar;CT;Programlanabilir Dijital Sayıcı/Zamanlayıcılar;CT6Y-I4;Üretimde;Ürün (/magaza/autonics-ct6y-i4);;;;
Sayıcılar;CT;Programlanabilir Dijital Sayıcı/Zamanlayıcılar;CT6Y-I4T;Üretimde;Ürün (/magaza/autonics-ct6y-i4t);;;;
Sayıcılar;FXY;Dijital Sayıcı/Zamanlayıcı Göstergeleri (Sadece Gösterge);FX4Y-I2;Üretimde;Ürün (/magaza/autonics-fx4y-i2);;;;
Sayıcılar;FXY;Dijital Sayıcı/Zamanlayıcı Göstergeleri (Sadece Gösterge);FX4Y-I4;Üretimde;Ürün (/magaza/autonics-fx4y-i4);;;;
Sayıcılar;FXY;Dijital Sayıcı/Zamanlayıcı Göstergeleri (Sadece Gösterge);FX6Y-I2;Üretimde;Ürün (/magaza/autonics-fx6y-i2);;;;
Sayıcılar;FXY;Dijital Sayıcı/Zamanlayıcı Göstergeleri (Sadece Gösterge);FX6Y-I4;Üretimde;Ürün (/magaza/autonics-fx6y-i4);;;;
Sayıcılar;FXS;Küçük Dijital Sayıcı/Zamanlayıcılar;FX4S-1P2;Üretimde;Ürün (/magaza/autonics-fx4s-1p2);;;;
Sayıcılar;FXS;Küçük Dijital Sayıcı/Zamanlayıcılar;FX4S-1P4;Üretimde;Ürün (/magaza/autonics-fx4s-1p4);;;;
Sayıcılar;FXS;Küçük Dijital Sayıcı/Zamanlayıcılar;FX5S-I2;Üretimde;Ürün (/magaza/autonics-fx5s-i2);;;;
Sayıcılar;FXS;Küçük Dijital Sayıcı/Zamanlayıcılar;FX5S-I4;Üretimde;Ürün (/magaza/autonics-fx5s-i4);;;;
Sayıcılar;FXM/FXH;Standart Dijital Sayıcı/Zamanlayıcılar;FX4H-1P4;Üretimde;Ürün (/magaza/autonics-fx4h-1p4);;;;
Sayıcılar;FXM/FXH;Standart Dijital Sayıcı/Zamanlayıcılar;FX4H-2P4;Üretimde;Ürün (/magaza/autonics-fx4h-2p4);;;;
Sayıcılar;FXM/FXH;Standart Dijital Sayıcı/Zamanlayıcılar;FX4M-1P4;Üretimde;Ürün (/magaza/autonics-fx4m-1p4);;;;
Sayıcılar;FXM/FXH;Standart Dijital Sayıcı/Zamanlayıcılar;FX4M-2P4;Üretimde;Ürün (/magaza/autonics-fx4m-2p4);;;;
Sayıcılar;FXM/FXH;Standart Dijital Sayıcı/Zamanlayıcılar;FX4M-I4;Üretimde;Ürün (/magaza/autonics-fx4m-i4);;;;
Sayıcılar;FXM/FXH;Standart Dijital Sayıcı/Zamanlayıcılar;FX6M-1P4;Üretimde;Ürün (/magaza/autonics-fx6m-1p4);;;;
Sayıcılar;FXM/FXH;Standart Dijital Sayıcı/Zamanlayıcılar;FX6M-2P4;Üretimde;Ürün (/magaza/autonics-fx6m-2p4);;;;
Sayıcılar;FXM/FXH;Standart Dijital Sayıcı/Zamanlayıcılar;FX6M-I4;Üretimde;Ürün (/magaza/autonics-fx6m-i4);;;;
Sayıcılar;FXM/FXH;Standart Dijital Sayıcı/Zamanlayıcılar;FX8M-1P4;Üretimde;Ürün (/magaza/autonics-fx8m-1p4);;;;
Sayıcılar;FXM/FXH;Standart Dijital Sayıcı/Zamanlayıcılar;FX8M-I4;Üretimde;Ürün (/magaza/autonics-fx8m-i4);;;;
Sayıcılar;FS;8 Pinli Dijital Sayıcılar;FS4-1P2;Üretimde;Ürün (/magaza/autonics-fs4-1p2);;;;
Sayıcılar;FS;8 Pinli Dijital Sayıcılar;FS4-1P4;Üretimde;Ürün (/magaza/autonics-fs4-1p4);;;;
Sayıcılar;FS;8 Pinli Dijital Sayıcılar;FS5-I4;Üretimde;Ürün (/magaza/autonics-fs5-i4);;;;
Sayıcılar;FM;Aşağı-Yukarı Ölçüm Sayıcılar;FM4M-1P4;Üretimde;Ürün (/magaza/autonics-fm4m-1p4);;;;
Sayıcılar;FM;Aşağı-Yukarı Ölçüm Sayıcılar;FM4M-2P4;Üretimde;Ürün (/magaza/autonics-fm4m-2p4);;;;
Sayıcılar;FM;Aşağı-Yukarı Ölçüm Sayıcılar;FM4M-I4;Üretimde;Ürün (/magaza/autonics-fm4m-i4);;;;
Sayıcılar;FM;Aşağı-Yukarı Ölçüm Sayıcılar;FM6M-1P4;Üretimde;Ürün (/magaza/autonics-fm6m-1p4);;;;
Sayıcılar;FM;Aşağı-Yukarı Ölçüm Sayıcılar;FM6M-2P4;Üretimde;Ürün (/magaza/autonics-fm6m-2p4);;;;
Sayıcılar;FM;Aşağı-Yukarı Ölçüm Sayıcılar;FM6M-I4;Üretimde;Ürün (/magaza/autonics-fm6m-i4);;;;
Zamanlayıcılar;ATM;Minyatür Analog Zamanlayıcılar;ATM4-210M;Üretimde;Ürün (/magaza/autonics-atm4-210m);;;;
Zamanlayıcılar;ATM;Minyatür Analog Zamanlayıcılar;ATM4-210S;Üretimde;Ürün (/magaza/autonics-atm4-210s);;;;
Zamanlayıcılar;ATM;Minyatür Analog Zamanlayıcılar;ATM4-21S;Üretimde;Ürün (/magaza/autonics-atm4-21s);;;;
Zamanlayıcılar;ATM;Minyatür Analog Zamanlayıcılar;ATM4-230M;Üretimde;Ürün (/magaza/autonics-atm4-230m);;;;
Zamanlayıcılar;ATM;Minyatür Analog Zamanlayıcılar;ATM4-230S;Üretimde;Ürün (/magaza/autonics-atm4-230s);;;;
Zamanlayıcılar;ATM;Minyatür Analog Zamanlayıcılar;ATM4-23H;Üretimde;Ürün (/magaza/autonics-atm4-23h);;;;
Zamanlayıcılar;ATM;Minyatür Analog Zamanlayıcılar;ATM4-23M;Üretimde;Ürün (/magaza/autonics-atm4-23m);;;;
Zamanlayıcılar;ATM;Minyatür Analog Zamanlayıcılar;ATM4-25M;Üretimde;Ürün (/magaza/autonics-atm4-25m);;;;
Zamanlayıcılar;ATM;Minyatür Analog Zamanlayıcılar;ATM4-25S;Üretimde;Ürün (/magaza/autonics-atm4-25s);;;;
Zamanlayıcılar;ATM;Minyatür Analog Zamanlayıcılar;ATM4-260M;Üretimde;Ürün (/magaza/autonics-atm4-260m);;;;
Zamanlayıcılar;ATM;Minyatür Analog Zamanlayıcılar;ATM4-260S;Üretimde;Ürün (/magaza/autonics-atm4-260s);;;;
Zamanlayıcılar;ATM;Minyatür Analog Zamanlayıcılar;ATM4-510M;Üretimde;Ürün (/magaza/autonics-atm4-510m);;;;
Zamanlayıcılar;ATM;Minyatür Analog Zamanlayıcılar;ATM4-510S;Üretimde;Ürün (/magaza/autonics-atm4-510s);;;;
Zamanlayıcılar;ATM;Minyatür Analog Zamanlayıcılar;ATM4-51S;Üretimde;Ürün (/magaza/autonics-atm4-51s);;;;
Zamanlayıcılar;ATM;Minyatür Analog Zamanlayıcılar;ATM4-530M;Üretimde;Ürün (/magaza/autonics-atm4-530m);;;;
Zamanlayıcılar;ATM;Minyatür Analog Zamanlayıcılar;ATM4-530S;Üretimde;Ürün (/magaza/autonics-atm4-530s);;;;
Zamanlayıcılar;ATM;Minyatür Analog Zamanlayıcılar;ATM4-53H;Üretimde;Ürün (/magaza/autonics-atm4-53h);;;;
Zamanlayıcılar;ATM;Minyatür Analog Zamanlayıcılar;ATM4-53M;Üretimde;Ürün (/magaza/autonics-atm4-53m);;;;
Zamanlayıcılar;ATM;Minyatür Analog Zamanlayıcılar;ATM4-55M;Üretimde;Ürün (/magaza/autonics-atm4-55m);;;;
Zamanlayıcılar;ATM;Minyatür Analog Zamanlayıcılar;ATM4-55S;Üretimde;Ürün (/magaza/autonics-atm4-55s);;;;
Zamanlayıcılar;ATM;Minyatür Analog Zamanlayıcılar;ATM4-560M;Üretimde;Ürün (/magaza/autonics-atm4-560m);;;;
Zamanlayıcılar;ATM;Minyatür Analog Zamanlayıcılar;ATM4-560S;Üretimde;Ürün (/magaza/autonics-atm4-560s);;;;
Zamanlayıcılar;ATM;Minyatür Analog Zamanlayıcılar;ATM4-610M;Üretimde;Ürün (/magaza/autonics-atm4-610m);;;;
Zamanlayıcılar;ATM;Minyatür Analog Zamanlayıcılar;ATM4-610S;Üretimde;Ürün (/magaza/autonics-atm4-610s);;;;
Zamanlayıcılar;ATM;Minyatür Analog Zamanlayıcılar;ATM4-61S;Üretimde;Ürün (/magaza/autonics-atm4-61s);;;;
Zamanlayıcılar;ATM;Minyatür Analog Zamanlayıcılar;ATM4-630M;Üretimde;Ürün (/magaza/autonics-atm4-630m);;;;
Zamanlayıcılar;ATM;Minyatür Analog Zamanlayıcılar;ATM4-630S;Üretimde;Ürün (/magaza/autonics-atm4-630s);;;;
Zamanlayıcılar;ATM;Minyatür Analog Zamanlayıcılar;ATM4-63H;Üretimde;Ürün (/magaza/autonics-atm4-63h);;;;
Zamanlayıcılar;ATM;Minyatür Analog Zamanlayıcılar;ATM4-63M;Üretimde;Ürün (/magaza/autonics-atm4-63m);;;;
Zamanlayıcılar;ATM;Minyatür Analog Zamanlayıcılar;ATM4-65M;Üretimde;Ürün (/magaza/autonics-atm4-65m);;;;
Zamanlayıcılar;ATM;Minyatür Analog Zamanlayıcılar;ATM4-65S;Üretimde;Ürün (/magaza/autonics-atm4-65s);;;;
Zamanlayıcılar;ATM;Minyatür Analog Zamanlayıcılar;ATM4-660M;Üretimde;Ürün (/magaza/autonics-atm4-660m);;;;
Zamanlayıcılar;ATM;Minyatür Analog Zamanlayıcılar;ATM4-660S;Üretimde;Ürün (/magaza/autonics-atm4-660s);;;;
Zamanlayıcılar;ATS;Küçük Çok İşlevli Analog Zamanlayıcılar;ATS11-11D;Üretimde;Ürün (/magaza/autonics-ats11-11d);;;;
Zamanlayıcılar;ATS;Küçük Çok İşlevli Analog Zamanlayıcılar;ATS11-11E;Üretimde;Ürün (/magaza/autonics-ats11-11e);;;;
Zamanlayıcılar;ATS;Küçük Çok İşlevli Analog Zamanlayıcılar;ATS11-13D;Üretimde;Ürün (/magaza/autonics-ats11-13d);;;;
Zamanlayıcılar;ATS;Küçük Çok İşlevli Analog Zamanlayıcılar;ATS11-13E;Üretimde;Ürün (/magaza/autonics-ats11-13e);;;;
Zamanlayıcılar;ATS;Küçük Çok İşlevli Analog Zamanlayıcılar;ATS11-21D;Üretimde;Ürün (/magaza/autonics-ats11-21d);;;;
Zamanlayıcılar;ATS;Küçük Çok İşlevli Analog Zamanlayıcılar;ATS11-21E;Üretimde;Ürün (/magaza/autonics-ats11-21e);;;;
Zamanlayıcılar;ATS;Küçük Çok İşlevli Analog Zamanlayıcılar;ATS11-23D;Üretimde;Ürün (/magaza/autonics-ats11-23d);;;;
Zamanlayıcılar;ATS;Küçük Çok İşlevli Analog Zamanlayıcılar;ATS11-23E;Üretimde;Ürün (/magaza/autonics-ats11-23e);;;;
Zamanlayıcılar;ATS;Küçük Çok İşlevli Analog Zamanlayıcılar;ATS11-41D;Üretimde;Ürün (/magaza/autonics-ats11-41d);;;;
Zamanlayıcılar;ATS;Küçük Çok İşlevli Analog Zamanlayıcılar;ATS11-41E;Üretimde;Ürün (/magaza/autonics-ats11-41e);;;;
Zamanlayıcılar;ATS;Küçük Çok İşlevli Analog Zamanlayıcılar;ATS11-43D;Üretimde;Ürün (/magaza/autonics-ats11-43d);;;;
Zamanlayıcılar;ATS;Küçük Çok İşlevli Analog Zamanlayıcılar;ATS11-43E;Üretimde;Ürün (/magaza/autonics-ats11-43e);;;;
Zamanlayıcılar;ATS;Küçük Çok İşlevli Analog Zamanlayıcılar;ATS8-11;Üretimde;Ürün (/magaza/autonics-ats8-11);;;;
Zamanlayıcılar;ATS;Küçük Çok İşlevli Analog Zamanlayıcılar;ATS8-13;Üretimde;Ürün (/magaza/autonics-ats8-13);;;;
Zamanlayıcılar;ATS;Küçük Çok İşlevli Analog Zamanlayıcılar;ATS8-21;Üretimde;Ürün (/magaza/autonics-ats8-21);;;;
Zamanlayıcılar;ATS;Küçük Çok İşlevli Analog Zamanlayıcılar;ATS8-23;Üretimde;Ürün (/magaza/autonics-ats8-23);;;;
Zamanlayıcılar;ATS;Küçük Çok İşlevli Analog Zamanlayıcılar;ATS8-41;Üretimde;Ürün (/magaza/autonics-ats8-41);;;;
Zamanlayıcılar;ATS;Küçük Çok İşlevli Analog Zamanlayıcılar;ATS8-43;Üretimde;Ürün (/magaza/autonics-ats8-43);;;;
Zamanlayıcılar;ATS8SD-4;Küçük Üçgen Yıldız (Delta )Analog Zamanlayıcılar;ATS8SD-4;Üretimde;Ürün (/magaza/autonics-ats8sd-4);;;;
Zamanlayıcılar;ATS8P;Küçük Güç Kapalı Zaman Gecikmeli Analog Zamanlayıcılar;ATS8P-2M;Üretimde;Ürün (/magaza/autonics-ats8p-2m);;;;
Zamanlayıcılar;ATS8P;Küçük Güç Kapalı Zaman Gecikmeli Analog Zamanlayıcılar;ATS8P-2S;Üretimde;Ürün (/magaza/autonics-ats8p-2s);;;;
Zamanlayıcılar;ATS8P;Küçük Güç Kapalı Zaman Gecikmeli Analog Zamanlayıcılar;ATS8P-5M;Üretimde;Ürün (/magaza/autonics-ats8p-5m);;;;
Zamanlayıcılar;ATS8P;Küçük Güç Kapalı Zaman Gecikmeli Analog Zamanlayıcılar;ATS8P-5S;Üretimde;Ürün (/magaza/autonics-ats8p-5s);;;;
Zamanlayıcılar;ATS8P;Küçük Güç Kapalı Zaman Gecikmeli Analog Zamanlayıcılar;ATS8P-6M;Üretimde;Ürün (/magaza/autonics-ats8p-6m);;;;
Zamanlayıcılar;ATS8P;Küçük Güç Kapalı Zaman Gecikmeli Analog Zamanlayıcılar;ATS8P-6S;Üretimde;Ürün (/magaza/autonics-ats8p-6s);;;;
Zamanlayıcılar;ATS8W/ATS11W;Küçük, İkiz Analog Zamanlayıcılar;ATS11W-11;Üretimde;Ürün (/magaza/autonics-ats11w-11);;;;
Zamanlayıcılar;ATS8W/ATS11W;Küçük, İkiz Analog Zamanlayıcılar;ATS11W-13;Üretimde;Ürün (/magaza/autonics-ats11w-13);;;;
Zamanlayıcılar;ATS8W/ATS11W;Küçük, İkiz Analog Zamanlayıcılar;ATS11W-21;Üretimde;Ürün (/magaza/autonics-ats11w-21);;;;
Zamanlayıcılar;ATS8W/ATS11W;Küçük, İkiz Analog Zamanlayıcılar;ATS11W-23;Üretimde;Ürün (/magaza/autonics-ats11w-23);;;;
Zamanlayıcılar;ATS8W/ATS11W;Küçük, İkiz Analog Zamanlayıcılar;ATS11W-41;Üretimde;Ürün (/magaza/autonics-ats11w-41);;;;
Zamanlayıcılar;ATS8W/ATS11W;Küçük, İkiz Analog Zamanlayıcılar;ATS11W-43;Üretimde;Ürün (/magaza/autonics-ats11w-43);;;;
Zamanlayıcılar;ATS8W/ATS11W;Küçük, İkiz Analog Zamanlayıcılar;ATS8W-11;Üretimde;Ürün (/magaza/autonics-ats8w-11);;;;
Zamanlayıcılar;ATS8W/ATS11W;Küçük, İkiz Analog Zamanlayıcılar;ATS8W-13;Üretimde;Ürün (/magaza/autonics-ats8w-13);;;;
Zamanlayıcılar;ATS8W/ATS11W;Küçük, İkiz Analog Zamanlayıcılar;ATS8W-21;Üretimde;Ürün (/magaza/autonics-ats8w-21);;;;
Zamanlayıcılar;ATS8W/ATS11W;Küçük, İkiz Analog Zamanlayıcılar;ATS8W-23;Üretimde;Ürün (/magaza/autonics-ats8w-23);;;;
Zamanlayıcılar;ATS8W/ATS11W;Küçük, İkiz Analog Zamanlayıcılar;ATS8W-41;Üretimde;Ürün (/magaza/autonics-ats8w-41);;;;
Zamanlayıcılar;ATS8W/ATS11W;Küçük, İkiz Analog Zamanlayıcılar;ATS8W-43;Üretimde;Ürün (/magaza/autonics-ats8w-43);;;;
Zamanlayıcılar;ATN;Çok İşlevli Analog Zamanlayıcılar;AT11DN;Üretimde;Ürün (/magaza/autonics-at11dn);;;;
Zamanlayıcılar;ATN;Çok İşlevli Analog Zamanlayıcılar;AT11DN-1;Üretimde;Ürün (/magaza/autonics-at11dn-1);;;;
Zamanlayıcılar;ATN;Çok İşlevli Analog Zamanlayıcılar;AT11DN-2;Üretimde;Ürün (/magaza/autonics-at11dn-2);;;;
Zamanlayıcılar;ATN;Çok İşlevli Analog Zamanlayıcılar;AT11EN;Üretimde;Ürün (/magaza/autonics-at11en);;;;
Zamanlayıcılar;ATN;Çok İşlevli Analog Zamanlayıcılar;AT11EN-1;Üretimde;Ürün (/magaza/autonics-at11en-1);;;;
Zamanlayıcılar;ATN;Çok İşlevli Analog Zamanlayıcılar;AT11EN-2;Üretimde;Ürün (/magaza/autonics-at11en-2);;;;
Zamanlayıcılar;ATN;Çok İşlevli Analog Zamanlayıcılar;AT8N;Üretimde;Ürün (/magaza/autonics-at8n);;;;
Zamanlayıcılar;ATN;Çok İşlevli Analog Zamanlayıcılar;AT8N-1;Üretimde;Ürün (/magaza/autonics-at8n-1);;;;
Zamanlayıcılar;ATN;Çok İşlevli Analog Zamanlayıcılar;AT8N-2;Üretimde;Ürün (/magaza/autonics-at8n-2);;;;
Zamanlayıcılar;AT8SDN;Yıldız Üçgen (Delta) Analog Zamanlayıcılar;AT8SDN;Üretimde;Ürün (/magaza/autonics-at8sdn);;;;
Zamanlayıcılar;AT8PSN/AT8PMN;Güç Kapalı Gecikmeli Analog Zamanlayıcılar;AT8PMN;Üretimde;Ürün (/magaza/autonics-at8pmn);;;;
Zamanlayıcılar;AT8PSN/AT8PMN;Güç Kapalı Gecikmeli Analog Zamanlayıcılar;AT8PMN-2;Üretimde;Ürün (/magaza/autonics-at8pmn-2);;;;
Zamanlayıcılar;AT8PSN/AT8PMN;Güç Kapalı Gecikmeli Analog Zamanlayıcılar;AT8PMN-6;Üretimde;Ürün (/magaza/autonics-at8pmn-6);;;;
Zamanlayıcılar;AT8PSN/AT8PMN;Güç Kapalı Gecikmeli Analog Zamanlayıcılar;AT8PMN-7;Üretimde;Ürün (/magaza/autonics-at8pmn-7);;;;
Zamanlayıcılar;AT8PSN/AT8PMN;Güç Kapalı Gecikmeli Analog Zamanlayıcılar;AT8PSN;Üretimde;Ürün (/magaza/autonics-at8psn);;;;
Zamanlayıcılar;AT8PSN/AT8PMN;Güç Kapalı Gecikmeli Analog Zamanlayıcılar;AT8PSN-2;Üretimde;Ürün (/magaza/autonics-at8psn-2);;;;
Zamanlayıcılar;AT8PSN/AT8PMN;Güç Kapalı Gecikmeli Analog Zamanlayıcılar;AT8PSN-6;Üretimde;Ürün (/magaza/autonics-at8psn-6);;;;
Zamanlayıcılar;AT8PSN/AT8PMN;Güç Kapalı Gecikmeli Analog Zamanlayıcılar;AT8PSN-7;Üretimde;Ürün (/magaza/autonics-at8psn-7);;;;
Zamanlayıcılar;LE7M-2;Haftalık/ Yıllık Dijital Zamanlayıcılar;LE7M-2B;Üretimde;Ürün (/magaza/autonics-le7m-2b);;;;
Zamanlayıcılar;LE7M-2;Haftalık/ Yıllık Dijital Zamanlayıcılar;LE7M-2D;Üretimde;Ürün (/magaza/autonics-le7m-2d);;;;
Zamanlayıcılar;LE8N;LCD Ekran Zamanlayıcılar;LE8N-BF;Üretimde;Ürün (/magaza/autonics-le8n-bf);;;;
Zamanlayıcılar;LE8N;LCD Ekran Zamanlayıcılar;LE8N-BN;Üretimde;Ürün (/magaza/autonics-le8n-bn);;;;
Zamanlayıcılar;LE8N;LCD Ekran Zamanlayıcılar;LE8N-BN-L;Üretimde;Ürün (/magaza/autonics-le8n-bn-l);;;;
Zamanlayıcılar;LE8N;LCD Ekran Zamanlayıcılar;LE8N-BV;Üretimde;Ürün (/magaza/autonics-le8n-bv);;;;
Zamanlayıcılar;LE8N;LCD Ekran Zamanlayıcılar;LE8N-BV-L;Üretimde;Ürün (/magaza/autonics-le8n-bv-l);;;;
Zamanlayıcılar;LE4S;Dijital LCD Arka Plan Aydınlatmalı Zamanlayıcılar;LE4S;Üretimde;Ürün (/magaza/autonics-le4s);;;;
Zamanlayıcılar;LE4S;Dijital LCD Arka Plan Aydınlatmalı Zamanlayıcılar;LE4SA;Üretimde;Ürün (/magaza/autonics-le4sa);;;;
Zamanlayıcılar;FSE;8-Pin Dijital Zamanlayıcılar;FS4E-1P2;Üretimde;Ürün (/magaza/autonics-fs4e-1p2);;;;
Zamanlayıcılar;FSE;8-Pin Dijital Zamanlayıcılar;FS4E-1P4;Üretimde;Ürün (/magaza/autonics-fs4e-1p4);;;;
Zamanlayıcılar;FSE;8-Pin Dijital Zamanlayıcılar;FS5E-I4;Üretimde;Ürün (/magaza/autonics-fs5e-i4);;;;
Zamanlayıcılar;ATE8;Basit İşlevli Analog Zamanlayıcılar;ATE8-41;Üretimde;Ürün (/magaza/autonics-ate8-41);;;;
Zamanlayıcılar;ATE8;Basit İşlevli Analog Zamanlayıcılar;ATE8-41D;Üretimde;Ürün (/magaza/autonics-ate8-41d);;;;
Zamanlayıcılar;ATE8;Basit İşlevli Analog Zamanlayıcılar;ATE8-41E;Üretimde;Ürün (/magaza/autonics-ate8-41e);;;;
Zamanlayıcılar;ATE8;Basit İşlevli Analog Zamanlayıcılar;ATE8-43;Üretimde;Ürün (/magaza/autonics-ate8-43);;;;
Zamanlayıcılar;ATE8;Basit İşlevli Analog Zamanlayıcılar;ATE8-43D;Üretimde;Ürün (/magaza/autonics-ate8-43d);;;;
Zamanlayıcılar;ATE8;Basit İşlevli Analog Zamanlayıcılar;ATE8-43E;Üretimde;Ürün (/magaza/autonics-ate8-43e);;;;
Zamanlayıcılar;ATE8;Basit İşlevli Analog Zamanlayıcılar;ATE8-46;Üretimde;Ürün (/magaza/autonics-ate8-46);;;;
Zamanlayıcılar;ATE8;Basit İşlevli Analog Zamanlayıcılar;ATE8-46D;Üretimde;Ürün (/magaza/autonics-ate8-46d);;;;
Zamanlayıcılar;ATE8;Basit İşlevli Analog Zamanlayıcılar;ATE8-46E;Üretimde;Ürün (/magaza/autonics-ate8-46e);;;;
Zamanlayıcılar;ATE8;Basit İşlevli Analog Zamanlayıcılar;ATE8-4C;Üretimde;Ürün (/magaza/autonics-ate8-4c);;;;
Zamanlayıcılar;ATE8;Basit İşlevli Analog Zamanlayıcılar;ATE8-4CD;Üretimde;Ürün (/magaza/autonics-ate8-4cd);;;;
Zamanlayıcılar;ATE8;Basit İşlevli Analog Zamanlayıcılar;ATE8-4CE;Üretimde;Ürün (/magaza/autonics-ate8-4ce);;;;
Dijital panel metreler;MT4Y/MT4W;Farklı Multi (Çoklu) Panel Metreler;MT4W-AA-10;Üretimde;Kod sayfası (/magaza/kontrol-kodlari/mt4y-mt4w);;;;
Dijital panel metreler;MT4Y/MT4W;Farklı Multi (Çoklu) Panel Metreler;MT4W-AA-11;Üretimde;Kod sayfası (/magaza/kontrol-kodlari/mt4y-mt4w);;;;
Dijital panel metreler;MT4Y/MT4W;Farklı Multi (Çoklu) Panel Metreler;MT4W-AA-1N;Üretimde;Kod sayfası (/magaza/kontrol-kodlari/mt4y-mt4w);;;;
Dijital panel metreler;MT4Y/MT4W;Farklı Multi (Çoklu) Panel Metreler;MT4W-AA-40;Üretimde;Kod sayfası (/magaza/kontrol-kodlari/mt4y-mt4w);;;;
Dijital panel metreler;MT4Y/MT4W;Farklı Multi (Çoklu) Panel Metreler;MT4W-AA-41;Üretimde;Kod sayfası (/magaza/kontrol-kodlari/mt4y-mt4w);;;;
Dijital panel metreler;MT4Y/MT4W;Farklı Multi (Çoklu) Panel Metreler;MT4W-AA-42;Üretimde;Kod sayfası (/magaza/kontrol-kodlari/mt4y-mt4w);;;;
Dijital panel metreler;MT4Y/MT4W;Farklı Multi (Çoklu) Panel Metreler;MT4W-AA-43;Üretimde;Kod sayfası (/magaza/kontrol-kodlari/mt4y-mt4w);;;;
Dijital panel metreler;MT4Y/MT4W;Farklı Multi (Çoklu) Panel Metreler;MT4W-AA-44;Üretimde;Kod sayfası (/magaza/kontrol-kodlari/mt4y-mt4w);;;;
Dijital panel metreler;MT4Y/MT4W;Farklı Multi (Çoklu) Panel Metreler;MT4W-AA-45;Üretimde;Kod sayfası (/magaza/kontrol-kodlari/mt4y-mt4w);;;;
Dijital panel metreler;MT4Y/MT4W;Farklı Multi (Çoklu) Panel Metreler;MT4W-AA-46;Üretimde;Kod sayfası (/magaza/kontrol-kodlari/mt4y-mt4w);;;;
Dijital panel metreler;MT4Y/MT4W;Farklı Multi (Çoklu) Panel Metreler;MT4W-AA-47;Üretimde;Kod sayfası (/magaza/kontrol-kodlari/mt4y-mt4w);;;;
Dijital panel metreler;MT4Y/MT4W;Farklı Multi (Çoklu) Panel Metreler;MT4W-AA-48;Üretimde;Kod sayfası (/magaza/kontrol-kodlari/mt4y-mt4w);;;;
Dijital panel metreler;MT4Y/MT4W;Farklı Multi (Çoklu) Panel Metreler;MT4W-AA-49;Üretimde;Kod sayfası (/magaza/kontrol-kodlari/mt4y-mt4w);;;;
Dijital panel metreler;MT4Y/MT4W;Farklı Multi (Çoklu) Panel Metreler;MT4W-AA-4N;Üretimde;Kod sayfası (/magaza/kontrol-kodlari/mt4y-mt4w);;;;
Dijital panel metreler;MT4Y/MT4W;Farklı Multi (Çoklu) Panel Metreler;MT4W-AV-10;Üretimde;Kod sayfası (/magaza/kontrol-kodlari/mt4y-mt4w);;;;
Dijital panel metreler;MT4Y/MT4W;Farklı Multi (Çoklu) Panel Metreler;MT4W-AV-11;Üretimde;Kod sayfası (/magaza/kontrol-kodlari/mt4y-mt4w);;;;
Dijital panel metreler;MT4Y/MT4W;Farklı Multi (Çoklu) Panel Metreler;MT4W-AV-1N;Üretimde;Kod sayfası (/magaza/kontrol-kodlari/mt4y-mt4w);;;;
Dijital panel metreler;MT4Y/MT4W;Farklı Multi (Çoklu) Panel Metreler;MT4W-AV-40;Üretimde;Kod sayfası (/magaza/kontrol-kodlari/mt4y-mt4w);;;;
Dijital panel metreler;MT4Y/MT4W;Farklı Multi (Çoklu) Panel Metreler;MT4W-AV-41;Üretimde;Kod sayfası (/magaza/kontrol-kodlari/mt4y-mt4w);;;;
Dijital panel metreler;MT4Y/MT4W;Farklı Multi (Çoklu) Panel Metreler;MT4W-AV-42;Üretimde;Kod sayfası (/magaza/kontrol-kodlari/mt4y-mt4w);;;;
Dijital panel metreler;MT4Y/MT4W;Farklı Multi (Çoklu) Panel Metreler;MT4W-AV-43;Üretimde;Kod sayfası (/magaza/kontrol-kodlari/mt4y-mt4w);;;;
Dijital panel metreler;MT4Y/MT4W;Farklı Multi (Çoklu) Panel Metreler;MT4W-AV-44;Üretimde;Kod sayfası (/magaza/kontrol-kodlari/mt4y-mt4w);;;;
Dijital panel metreler;MT4Y/MT4W;Farklı Multi (Çoklu) Panel Metreler;MT4W-AV-45;Üretimde;Kod sayfası (/magaza/kontrol-kodlari/mt4y-mt4w);;;;
Dijital panel metreler;MT4Y/MT4W;Farklı Multi (Çoklu) Panel Metreler;MT4W-AV-46;Üretimde;Kod sayfası (/magaza/kontrol-kodlari/mt4y-mt4w);;;;
Dijital panel metreler;MT4Y/MT4W;Farklı Multi (Çoklu) Panel Metreler;MT4W-AV-47;Üretimde;Kod sayfası (/magaza/kontrol-kodlari/mt4y-mt4w);;;;
Dijital panel metreler;MT4Y/MT4W;Farklı Multi (Çoklu) Panel Metreler;MT4W-AV-48;Üretimde;Kod sayfası (/magaza/kontrol-kodlari/mt4y-mt4w);;;;
Dijital panel metreler;MT4Y/MT4W;Farklı Multi (Çoklu) Panel Metreler;MT4W-AV-49;Üretimde;Kod sayfası (/magaza/kontrol-kodlari/mt4y-mt4w);;;;
Dijital panel metreler;MT4Y/MT4W;Farklı Multi (Çoklu) Panel Metreler;MT4W-AV-4N;Üretimde;Kod sayfası (/magaza/kontrol-kodlari/mt4y-mt4w);;;;
Dijital panel metreler;MT4Y/MT4W;Farklı Multi (Çoklu) Panel Metreler;MT4W-DA-10;Üretimde;Kod sayfası (/magaza/kontrol-kodlari/mt4y-mt4w);;;;
Dijital panel metreler;MT4Y/MT4W;Farklı Multi (Çoklu) Panel Metreler;MT4W-DA-11;Üretimde;Kod sayfası (/magaza/kontrol-kodlari/mt4y-mt4w);;;;
Dijital panel metreler;MT4Y/MT4W;Farklı Multi (Çoklu) Panel Metreler;MT4W-DA-18;Üretimde;Kod sayfası (/magaza/kontrol-kodlari/mt4y-mt4w);;;;
Dijital panel metreler;MT4Y/MT4W;Farklı Multi (Çoklu) Panel Metreler;MT4W-DA-1N;Üretimde;Kod sayfası (/magaza/kontrol-kodlari/mt4y-mt4w);;;;
Dijital panel metreler;MT4Y/MT4W;Farklı Multi (Çoklu) Panel Metreler;MT4W-DA-40;Üretimde;Kod sayfası (/magaza/kontrol-kodlari/mt4y-mt4w);;;;
Dijital panel metreler;MT4Y/MT4W;Farklı Multi (Çoklu) Panel Metreler;MT4W-DA-41;Üretimde;Kod sayfası (/magaza/kontrol-kodlari/mt4y-mt4w);;;;
Dijital panel metreler;MT4Y/MT4W;Farklı Multi (Çoklu) Panel Metreler;MT4W-DA-42;Üretimde;Kod sayfası (/magaza/kontrol-kodlari/mt4y-mt4w);;;;
Dijital panel metreler;MT4Y/MT4W;Farklı Multi (Çoklu) Panel Metreler;MT4W-DA-43;Üretimde;Kod sayfası (/magaza/kontrol-kodlari/mt4y-mt4w);;;;
Dijital panel metreler;MT4Y/MT4W;Farklı Multi (Çoklu) Panel Metreler;MT4W-DA-44;Üretimde;Kod sayfası (/magaza/kontrol-kodlari/mt4y-mt4w);;;;
Dijital panel metreler;MT4Y/MT4W;Farklı Multi (Çoklu) Panel Metreler;MT4W-DA-45;Üretimde;Kod sayfası (/magaza/kontrol-kodlari/mt4y-mt4w);;;;
Dijital panel metreler;MT4Y/MT4W;Farklı Multi (Çoklu) Panel Metreler;MT4W-DA-46;Üretimde;Kod sayfası (/magaza/kontrol-kodlari/mt4y-mt4w);;;;
Dijital panel metreler;MT4Y/MT4W;Farklı Multi (Çoklu) Panel Metreler;MT4W-DA-47;Üretimde;Kod sayfası (/magaza/kontrol-kodlari/mt4y-mt4w);;;;
Dijital panel metreler;MT4Y/MT4W;Farklı Multi (Çoklu) Panel Metreler;MT4W-DA-48;Üretimde;Kod sayfası (/magaza/kontrol-kodlari/mt4y-mt4w);;;;
Dijital panel metreler;MT4Y/MT4W;Farklı Multi (Çoklu) Panel Metreler;MT4W-DA-49;Üretimde;Kod sayfası (/magaza/kontrol-kodlari/mt4y-mt4w);;;;
Dijital panel metreler;MT4Y/MT4W;Farklı Multi (Çoklu) Panel Metreler;MT4W-DA-4N;Üretimde;Kod sayfası (/magaza/kontrol-kodlari/mt4y-mt4w);;;;
Dijital panel metreler;MT4Y/MT4W;Farklı Multi (Çoklu) Panel Metreler;MT4W-DV-10;Üretimde;Kod sayfası (/magaza/kontrol-kodlari/mt4y-mt4w);;;;
Dijital panel metreler;MT4Y/MT4W;Farklı Multi (Çoklu) Panel Metreler;MT4W-DV-11;Üretimde;Kod sayfası (/magaza/kontrol-kodlari/mt4y-mt4w);;;;
Dijital panel metreler;MT4Y/MT4W;Farklı Multi (Çoklu) Panel Metreler;MT4W-DV-18;Üretimde;Kod sayfası (/magaza/kontrol-kodlari/mt4y-mt4w);;;;
Dijital panel metreler;MT4Y/MT4W;Farklı Multi (Çoklu) Panel Metreler;MT4W-DV-1N;Üretimde;Kod sayfası (/magaza/kontrol-kodlari/mt4y-mt4w);;;;
Dijital panel metreler;MT4Y/MT4W;Farklı Multi (Çoklu) Panel Metreler;MT4W-DV-40;Üretimde;Kod sayfası (/magaza/kontrol-kodlari/mt4y-mt4w);;;;
Dijital panel metreler;MT4Y/MT4W;Farklı Multi (Çoklu) Panel Metreler;MT4W-DV-41;Üretimde;Kod sayfası (/magaza/kontrol-kodlari/mt4y-mt4w);;;;
Dijital panel metreler;MT4Y/MT4W;Farklı Multi (Çoklu) Panel Metreler;MT4W-DV-42;Üretimde;Kod sayfası (/magaza/kontrol-kodlari/mt4y-mt4w);;;;
Dijital panel metreler;MT4Y/MT4W;Farklı Multi (Çoklu) Panel Metreler;MT4W-DV-43;Üretimde;Kod sayfası (/magaza/kontrol-kodlari/mt4y-mt4w);;;;
Dijital panel metreler;MT4Y/MT4W;Farklı Multi (Çoklu) Panel Metreler;MT4W-DV-44;Üretimde;Kod sayfası (/magaza/kontrol-kodlari/mt4y-mt4w);;;;
Dijital panel metreler;MT4Y/MT4W;Farklı Multi (Çoklu) Panel Metreler;MT4W-DV-45;Üretimde;Kod sayfası (/magaza/kontrol-kodlari/mt4y-mt4w);;;;
Dijital panel metreler;MT4Y/MT4W;Farklı Multi (Çoklu) Panel Metreler;MT4W-DV-46;Üretimde;Kod sayfası (/magaza/kontrol-kodlari/mt4y-mt4w);;;;
Dijital panel metreler;MT4Y/MT4W;Farklı Multi (Çoklu) Panel Metreler;MT4W-DV-47;Üretimde;Kod sayfası (/magaza/kontrol-kodlari/mt4y-mt4w);;;;
Dijital panel metreler;MT4Y/MT4W;Farklı Multi (Çoklu) Panel Metreler;MT4W-DV-48;Üretimde;Kod sayfası (/magaza/kontrol-kodlari/mt4y-mt4w);;;;
Dijital panel metreler;MT4Y/MT4W;Farklı Multi (Çoklu) Panel Metreler;MT4W-DV-49;Üretimde;Kod sayfası (/magaza/kontrol-kodlari/mt4y-mt4w);;;;
Dijital panel metreler;MT4Y/MT4W;Farklı Multi (Çoklu) Panel Metreler;MT4W-DV-4N;Üretimde;Kod sayfası (/magaza/kontrol-kodlari/mt4y-mt4w);;;;
Dijital panel metreler;MT4Y/MT4W;Farklı Multi (Çoklu) Panel Metreler;MT4Y-AA-40;Üretimde;Kod sayfası (/magaza/kontrol-kodlari/mt4y-mt4w);;;;
Dijital panel metreler;MT4Y/MT4W;Farklı Multi (Çoklu) Panel Metreler;MT4Y-AA-41;Üretimde;Kod sayfası (/magaza/kontrol-kodlari/mt4y-mt4w);;;;
Dijital panel metreler;MT4Y/MT4W;Farklı Multi (Çoklu) Panel Metreler;MT4Y-AA-42;Üretimde;Kod sayfası (/magaza/kontrol-kodlari/mt4y-mt4w);;;;
Dijital panel metreler;MT4Y/MT4W;Farklı Multi (Çoklu) Panel Metreler;MT4Y-AA-43;Üretimde;Kod sayfası (/magaza/kontrol-kodlari/mt4y-mt4w);;;;
Dijital panel metreler;MT4Y/MT4W;Farklı Multi (Çoklu) Panel Metreler;MT4Y-AA-44;Üretimde;Kod sayfası (/magaza/kontrol-kodlari/mt4y-mt4w);;;;
Dijital panel metreler;MT4Y/MT4W;Farklı Multi (Çoklu) Panel Metreler;MT4Y-AA-45;Üretimde;Kod sayfası (/magaza/kontrol-kodlari/mt4y-mt4w);;;;
Dijital panel metreler;MT4Y/MT4W;Farklı Multi (Çoklu) Panel Metreler;MT4Y-AA-46;Üretimde;Kod sayfası (/magaza/kontrol-kodlari/mt4y-mt4w);;;;
Dijital panel metreler;MT4Y/MT4W;Farklı Multi (Çoklu) Panel Metreler;MT4Y-AA-4N;Üretimde;Kod sayfası (/magaza/kontrol-kodlari/mt4y-mt4w);;;;
Dijital panel metreler;MT4Y/MT4W;Farklı Multi (Çoklu) Panel Metreler;MT4Y-AV-40;Üretimde;Kod sayfası (/magaza/kontrol-kodlari/mt4y-mt4w);;;;
Dijital panel metreler;MT4Y/MT4W;Farklı Multi (Çoklu) Panel Metreler;MT4Y-AV-41;Üretimde;Kod sayfası (/magaza/kontrol-kodlari/mt4y-mt4w);;;;
Dijital panel metreler;MT4Y/MT4W;Farklı Multi (Çoklu) Panel Metreler;MT4Y-AV-42;Üretimde;Kod sayfası (/magaza/kontrol-kodlari/mt4y-mt4w);;;;
Dijital panel metreler;MT4Y/MT4W;Farklı Multi (Çoklu) Panel Metreler;MT4Y-AV-43;Üretimde;Kod sayfası (/magaza/kontrol-kodlari/mt4y-mt4w);;;;
Dijital panel metreler;MT4Y/MT4W;Farklı Multi (Çoklu) Panel Metreler;MT4Y-AV-44;Üretimde;Kod sayfası (/magaza/kontrol-kodlari/mt4y-mt4w);;;;
Dijital panel metreler;MT4Y/MT4W;Farklı Multi (Çoklu) Panel Metreler;MT4Y-AV-45;Üretimde;Kod sayfası (/magaza/kontrol-kodlari/mt4y-mt4w);;;;
Dijital panel metreler;MT4Y/MT4W;Farklı Multi (Çoklu) Panel Metreler;MT4Y-AV-46;Üretimde;Kod sayfası (/magaza/kontrol-kodlari/mt4y-mt4w);;;;
Dijital panel metreler;MT4Y/MT4W;Farklı Multi (Çoklu) Panel Metreler;MT4Y-AV-4N;Üretimde;Kod sayfası (/magaza/kontrol-kodlari/mt4y-mt4w);;;;
Dijital panel metreler;MT4Y/MT4W;Farklı Multi (Çoklu) Panel Metreler;MT4Y-DA-40;Üretimde;Kod sayfası (/magaza/kontrol-kodlari/mt4y-mt4w);;;;
Dijital panel metreler;MT4Y/MT4W;Farklı Multi (Çoklu) Panel Metreler;MT4Y-DA-41;Üretimde;Kod sayfası (/magaza/kontrol-kodlari/mt4y-mt4w);;;;
Dijital panel metreler;MT4Y/MT4W;Farklı Multi (Çoklu) Panel Metreler;MT4Y-DA-42;Üretimde;Kod sayfası (/magaza/kontrol-kodlari/mt4y-mt4w);;;;
Dijital panel metreler;MT4Y/MT4W;Farklı Multi (Çoklu) Panel Metreler;MT4Y-DA-43;Üretimde;Kod sayfası (/magaza/kontrol-kodlari/mt4y-mt4w);;;;
Dijital panel metreler;MT4Y/MT4W;Farklı Multi (Çoklu) Panel Metreler;MT4Y-DA-44;Üretimde;Kod sayfası (/magaza/kontrol-kodlari/mt4y-mt4w);;;;
Dijital panel metreler;MT4Y/MT4W;Farklı Multi (Çoklu) Panel Metreler;MT4Y-DA-45;Üretimde;Kod sayfası (/magaza/kontrol-kodlari/mt4y-mt4w);;;;
Dijital panel metreler;MT4Y/MT4W;Farklı Multi (Çoklu) Panel Metreler;MT4Y-DA-46;Üretimde;Kod sayfası (/magaza/kontrol-kodlari/mt4y-mt4w);;;;
Dijital panel metreler;MT4Y/MT4W;Farklı Multi (Çoklu) Panel Metreler;MT4Y-DA-4N;Üretimde;Kod sayfası (/magaza/kontrol-kodlari/mt4y-mt4w);;;;
Dijital panel metreler;MT4Y/MT4W;Farklı Multi (Çoklu) Panel Metreler;MT4Y-DV-40;Üretimde;Kod sayfası (/magaza/kontrol-kodlari/mt4y-mt4w);;;;
Dijital panel metreler;MT4Y/MT4W;Farklı Multi (Çoklu) Panel Metreler;MT4Y-DV-41;Üretimde;Kod sayfası (/magaza/kontrol-kodlari/mt4y-mt4w);;;;
Dijital panel metreler;MT4Y/MT4W;Farklı Multi (Çoklu) Panel Metreler;MT4Y-DV-42;Üretimde;Kod sayfası (/magaza/kontrol-kodlari/mt4y-mt4w);;;;
Dijital panel metreler;MT4Y/MT4W;Farklı Multi (Çoklu) Panel Metreler;MT4Y-DV-43;Üretimde;Kod sayfası (/magaza/kontrol-kodlari/mt4y-mt4w);;;;
Dijital panel metreler;MT4Y/MT4W;Farklı Multi (Çoklu) Panel Metreler;MT4Y-DV-44;Üretimde;Kod sayfası (/magaza/kontrol-kodlari/mt4y-mt4w);;;;
Dijital panel metreler;MT4Y/MT4W;Farklı Multi (Çoklu) Panel Metreler;MT4Y-DV-45;Üretimde;Kod sayfası (/magaza/kontrol-kodlari/mt4y-mt4w);;;;
Dijital panel metreler;MT4Y/MT4W;Farklı Multi (Çoklu) Panel Metreler;MT4Y-DV-46;Üretimde;Kod sayfası (/magaza/kontrol-kodlari/mt4y-mt4w);;;;
Dijital panel metreler;MT4Y/MT4W;Farklı Multi (Çoklu) Panel Metreler;MT4Y-DV-4N;Üretimde;Kod sayfası (/magaza/kontrol-kodlari/mt4y-mt4w);;;;
Dijital panel metreler;MT4N;Multi (Çoklu) Panel Metreler;MT4N-AA-40;Üretimde;Kod sayfası (/magaza/kontrol-kodlari/mt4n);;;;
Dijital panel metreler;MT4N;Multi (Çoklu) Panel Metreler;MT4N-AA-41;Üretimde;Kod sayfası (/magaza/kontrol-kodlari/mt4n);;;;
Dijital panel metreler;MT4N;Multi (Çoklu) Panel Metreler;MT4N-AA-42;Üretimde;Kod sayfası (/magaza/kontrol-kodlari/mt4n);;;;
Dijital panel metreler;MT4N;Multi (Çoklu) Panel Metreler;MT4N-AA-43;Üretimde;Kod sayfası (/magaza/kontrol-kodlari/mt4n);;;;
Dijital panel metreler;MT4N;Multi (Çoklu) Panel Metreler;MT4N-AA-44;Üretimde;Kod sayfası (/magaza/kontrol-kodlari/mt4n);;;;
Dijital panel metreler;MT4N;Multi (Çoklu) Panel Metreler;MT4N-AA-45;Üretimde;Kod sayfası (/magaza/kontrol-kodlari/mt4n);;;;
Dijital panel metreler;MT4N;Multi (Çoklu) Panel Metreler;MT4N-AA-4N;Üretimde;Kod sayfası (/magaza/kontrol-kodlari/mt4n);;;;
Dijital panel metreler;MT4N;Multi (Çoklu) Panel Metreler;MT4N-AA-E0;Üretimde;Kod sayfası (/magaza/kontrol-kodlari/mt4n);;;;
Dijital panel metreler;MT4N;Multi (Çoklu) Panel Metreler;MT4N-AA-E1;Üretimde;Kod sayfası (/magaza/kontrol-kodlari/mt4n);;;;
Dijital panel metreler;MT4N;Multi (Çoklu) Panel Metreler;MT4N-AA-E2;Üretimde;Kod sayfası (/magaza/kontrol-kodlari/mt4n);;;;
Dijital panel metreler;MT4N;Multi (Çoklu) Panel Metreler;MT4N-AA-E3;Üretimde;Kod sayfası (/magaza/kontrol-kodlari/mt4n);;;;
Dijital panel metreler;MT4N;Multi (Çoklu) Panel Metreler;MT4N-AA-E4;Üretimde;Kod sayfası (/magaza/kontrol-kodlari/mt4n);;;;
Dijital panel metreler;MT4N;Multi (Çoklu) Panel Metreler;MT4N-AA-E5;Üretimde;Kod sayfası (/magaza/kontrol-kodlari/mt4n);;;;
Dijital panel metreler;MT4N;Multi (Çoklu) Panel Metreler;MT4N-AA-EN;Üretimde;Kod sayfası (/magaza/kontrol-kodlari/mt4n);;;;
Dijital panel metreler;MT4N;Multi (Çoklu) Panel Metreler;MT4N-AV-40;Üretimde;Kod sayfası (/magaza/kontrol-kodlari/mt4n);;;;
Dijital panel metreler;MT4N;Multi (Çoklu) Panel Metreler;MT4N-AV-41;Üretimde;Kod sayfası (/magaza/kontrol-kodlari/mt4n);;;;
Dijital panel metreler;MT4N;Multi (Çoklu) Panel Metreler;MT4N-AV-42;Üretimde;Kod sayfası (/magaza/kontrol-kodlari/mt4n);;;;
Dijital panel metreler;MT4N;Multi (Çoklu) Panel Metreler;MT4N-AV-43;Üretimde;Kod sayfası (/magaza/kontrol-kodlari/mt4n);;;;
Dijital panel metreler;MT4N;Multi (Çoklu) Panel Metreler;MT4N-AV-44;Üretimde;Kod sayfası (/magaza/kontrol-kodlari/mt4n);;;;
Dijital panel metreler;MT4N;Multi (Çoklu) Panel Metreler;MT4N-AV-45;Üretimde;Kod sayfası (/magaza/kontrol-kodlari/mt4n);;;;
Dijital panel metreler;MT4N;Multi (Çoklu) Panel Metreler;MT4N-AV-4N;Üretimde;Kod sayfası (/magaza/kontrol-kodlari/mt4n);;;;
Dijital panel metreler;MT4N;Multi (Çoklu) Panel Metreler;MT4N-AV-E0;Üretimde;Kod sayfası (/magaza/kontrol-kodlari/mt4n);;;;
Dijital panel metreler;MT4N;Multi (Çoklu) Panel Metreler;MT4N-AV-E1;Üretimde;Kod sayfası (/magaza/kontrol-kodlari/mt4n);;;;
Dijital panel metreler;MT4N;Multi (Çoklu) Panel Metreler;MT4N-AV-E2;Üretimde;Kod sayfası (/magaza/kontrol-kodlari/mt4n);;;;
Dijital panel metreler;MT4N;Multi (Çoklu) Panel Metreler;MT4N-AV-E3;Üretimde;Kod sayfası (/magaza/kontrol-kodlari/mt4n);;;;
Dijital panel metreler;MT4N;Multi (Çoklu) Panel Metreler;MT4N-AV-E4;Üretimde;Kod sayfası (/magaza/kontrol-kodlari/mt4n);;;;
Dijital panel metreler;MT4N;Multi (Çoklu) Panel Metreler;MT4N-AV-E5;Üretimde;Kod sayfası (/magaza/kontrol-kodlari/mt4n);;;;
Dijital panel metreler;MT4N;Multi (Çoklu) Panel Metreler;MT4N-AV-EN;Üretimde;Kod sayfası (/magaza/kontrol-kodlari/mt4n);;;;
Dijital panel metreler;MT4N;Multi (Çoklu) Panel Metreler;MT4N-DA-40;Üretimde;Kod sayfası (/magaza/kontrol-kodlari/mt4n);;;;
Dijital panel metreler;MT4N;Multi (Çoklu) Panel Metreler;MT4N-DA-41;Üretimde;Kod sayfası (/magaza/kontrol-kodlari/mt4n);;;;
Dijital panel metreler;MT4N;Multi (Çoklu) Panel Metreler;MT4N-DA-42;Üretimde;Kod sayfası (/magaza/kontrol-kodlari/mt4n);;;;
Dijital panel metreler;MT4N;Multi (Çoklu) Panel Metreler;MT4N-DA-43;Üretimde;Kod sayfası (/magaza/kontrol-kodlari/mt4n);;;;
Dijital panel metreler;MT4N;Multi (Çoklu) Panel Metreler;MT4N-DA-44;Üretimde;Kod sayfası (/magaza/kontrol-kodlari/mt4n);;;;
Dijital panel metreler;MT4N;Multi (Çoklu) Panel Metreler;MT4N-DA-45;Üretimde;Kod sayfası (/magaza/kontrol-kodlari/mt4n);;;;
Dijital panel metreler;MT4N;Multi (Çoklu) Panel Metreler;MT4N-DA-4N;Üretimde;Kod sayfası (/magaza/kontrol-kodlari/mt4n);;;;
Dijital panel metreler;MT4N;Multi (Çoklu) Panel Metreler;MT4N-DA-E0;Üretimde;Kod sayfası (/magaza/kontrol-kodlari/mt4n);;;;
Dijital panel metreler;MT4N;Multi (Çoklu) Panel Metreler;MT4N-DA-E1;Üretimde;Kod sayfası (/magaza/kontrol-kodlari/mt4n);;;;
Dijital panel metreler;MT4N;Multi (Çoklu) Panel Metreler;MT4N-DA-E2;Üretimde;Kod sayfası (/magaza/kontrol-kodlari/mt4n);;;;
Dijital panel metreler;MT4N;Multi (Çoklu) Panel Metreler;MT4N-DA-E3;Üretimde;Kod sayfası (/magaza/kontrol-kodlari/mt4n);;;;
Dijital panel metreler;MT4N;Multi (Çoklu) Panel Metreler;MT4N-DA-E4;Üretimde;Kod sayfası (/magaza/kontrol-kodlari/mt4n);;;;
Dijital panel metreler;MT4N;Multi (Çoklu) Panel Metreler;MT4N-DA-E5;Üretimde;Kod sayfası (/magaza/kontrol-kodlari/mt4n);;;;
Dijital panel metreler;MT4N;Multi (Çoklu) Panel Metreler;MT4N-DA-EN;Üretimde;Kod sayfası (/magaza/kontrol-kodlari/mt4n);;;;
Dijital panel metreler;MT4N;Multi (Çoklu) Panel Metreler;MT4N-DV-40;Üretimde;Kod sayfası (/magaza/kontrol-kodlari/mt4n);;;;
Dijital panel metreler;MT4N;Multi (Çoklu) Panel Metreler;MT4N-DV-41;Üretimde;Kod sayfası (/magaza/kontrol-kodlari/mt4n);;;;
Dijital panel metreler;MT4N;Multi (Çoklu) Panel Metreler;MT4N-DV-42;Üretimde;Kod sayfası (/magaza/kontrol-kodlari/mt4n);;;;
Dijital panel metreler;MT4N;Multi (Çoklu) Panel Metreler;MT4N-DV-43;Üretimde;Kod sayfası (/magaza/kontrol-kodlari/mt4n);;;;
Dijital panel metreler;MT4N;Multi (Çoklu) Panel Metreler;MT4N-DV-44;Üretimde;Kod sayfası (/magaza/kontrol-kodlari/mt4n);;;;
Dijital panel metreler;MT4N;Multi (Çoklu) Panel Metreler;MT4N-DV-45;Üretimde;Kod sayfası (/magaza/kontrol-kodlari/mt4n);;;;
Dijital panel metreler;MT4N;Multi (Çoklu) Panel Metreler;MT4N-DV-4N;Üretimde;Kod sayfası (/magaza/kontrol-kodlari/mt4n);;;;
Dijital panel metreler;MT4N;Multi (Çoklu) Panel Metreler;MT4N-DV-E0;Üretimde;Kod sayfası (/magaza/kontrol-kodlari/mt4n);;;;
Dijital panel metreler;MT4N;Multi (Çoklu) Panel Metreler;MT4N-DV-E1;Üretimde;Kod sayfası (/magaza/kontrol-kodlari/mt4n);;;;
Dijital panel metreler;MT4N;Multi (Çoklu) Panel Metreler;MT4N-DV-E2;Üretimde;Kod sayfası (/magaza/kontrol-kodlari/mt4n);;;;
Dijital panel metreler;MT4N;Multi (Çoklu) Panel Metreler;MT4N-DV-E3;Üretimde;Kod sayfası (/magaza/kontrol-kodlari/mt4n);;;;
Dijital panel metreler;MT4N;Multi (Çoklu) Panel Metreler;MT4N-DV-E4;Üretimde;Kod sayfası (/magaza/kontrol-kodlari/mt4n);;;;
Dijital panel metreler;MT4N;Multi (Çoklu) Panel Metreler;MT4N-DV-E5;Üretimde;Kod sayfası (/magaza/kontrol-kodlari/mt4n);;;;
Dijital panel metreler;MT4N;Multi (Çoklu) Panel Metreler;MT4N-DV-EN;Üretimde;Kod sayfası (/magaza/kontrol-kodlari/mt4n);;;;
Dijital panel metreler;MX4W;LCD Ekranlı Dijital Panel Metreler;MX4W-A-F1;Üretimde;Ürün (/magaza/autonics-mx4w-a-f1);;;;
Dijital panel metreler;MX4W;LCD Ekranlı Dijital Panel Metreler;MX4W-A-F2;Üretimde;Ürün (/magaza/autonics-mx4w-a-f2);;;;
Dijital panel metreler;MX4W;LCD Ekranlı Dijital Panel Metreler;MX4W-A-FN;Üretimde;Ürün (/magaza/autonics-mx4w-a-fn);;;;
Dijital panel metreler;MX4W;LCD Ekranlı Dijital Panel Metreler;MX4W-V-F1;Üretimde;Ürün (/magaza/autonics-mx4w-v-f1);;;;
Dijital panel metreler;MX4W;LCD Ekranlı Dijital Panel Metreler;MX4W-V-F2;Üretimde;Ürün (/magaza/autonics-mx4w-v-f2);;;;
Dijital panel metreler;MX4W;LCD Ekranlı Dijital Panel Metreler;MX4W-V-FN;Üretimde;Ürün (/magaza/autonics-mx4w-v-fn);;;;
Dijital panel metreler;LR5N-B;Küçük, Dijital Pals Metreler (Sadece Gösterge);LR5N-B;Üretimde;Kod sayfası (/magaza/kontrol-kodlari/lr5n-b);;;;
Dijital panel metreler;M4Y/M5W/M4W/M4M (Voltmeter);Dijital Volt Metreler;M4M-AV-6;Üretimde;Kod sayfası (/magaza/kontrol-kodlari/m4y-m5w-m4w-m4m-voltmetre);;;;
Dijital panel metreler;M4Y/M5W/M4W/M4M (Voltmeter);Dijital Volt Metreler;M4M-AVR-6;Üretimde;Kod sayfası (/magaza/kontrol-kodlari/m4y-m5w-m4w-m4m-voltmetre);;;;
Dijital panel metreler;M4Y/M5W/M4W/M4M (Voltmeter);Dijital Volt Metreler;M4M-DV-3;Üretimde;Kod sayfası (/magaza/kontrol-kodlari/m4y-m5w-m4w-m4m-voltmetre);;;;
Dijital panel metreler;M4Y/M5W/M4W/M4M (Voltmeter);Dijital Volt Metreler;M4M-DV-XX;Üretimde;Kod sayfası (/magaza/kontrol-kodlari/m4y-m5w-m4w-m4m-voltmetre);;;;
Dijital panel metreler;M4Y/M5W/M4W/M4M (Voltmeter);Dijital Volt Metreler;M4M1P-AV-XX;Üretimde;Kod sayfası (/magaza/kontrol-kodlari/m4y-m5w-m4w-m4m-voltmetre);;;;
Dijital panel metreler;M4Y/M5W/M4W/M4M (Voltmeter);Dijital Volt Metreler;M4M1P-DV-1;Üretimde;Kod sayfası (/magaza/kontrol-kodlari/m4y-m5w-m4w-m4m-voltmetre);;;;
Dijital panel metreler;M4Y/M5W/M4W/M4M (Voltmeter);Dijital Volt Metreler;M4M1P-DV-4;Üretimde;Kod sayfası (/magaza/kontrol-kodlari/m4y-m5w-m4w-m4m-voltmetre);;;;
Dijital panel metreler;M4Y/M5W/M4W/M4M (Voltmeter);Dijital Volt Metreler;M4M1P-DV-XX;Üretimde;Kod sayfası (/magaza/kontrol-kodlari/m4y-m5w-m4w-m4m-voltmetre);;;;
Dijital panel metreler;M4Y/M5W/M4W/M4M (Voltmeter);Dijital Volt Metreler;M4M2P-AV-XX;Üretimde;Kod sayfası (/magaza/kontrol-kodlari/m4y-m5w-m4w-m4m-voltmetre);;;;
Dijital panel metreler;M4Y/M5W/M4W/M4M (Voltmeter);Dijital Volt Metreler;M4M2P-DV-3;Üretimde;Kod sayfası (/magaza/kontrol-kodlari/m4y-m5w-m4w-m4m-voltmetre);;;;
Dijital panel metreler;M4Y/M5W/M4W/M4M (Voltmeter);Dijital Volt Metreler;M4M2P-DV-5;Üretimde;Kod sayfası (/magaza/kontrol-kodlari/m4y-m5w-m4w-m4m-voltmetre);;;;
Dijital panel metreler;M4Y/M5W/M4W/M4M (Voltmeter);Dijital Volt Metreler;M4M2P-DV-XX;Üretimde;Kod sayfası (/magaza/kontrol-kodlari/m4y-m5w-m4w-m4m-voltmetre);;;;
Dijital panel metreler;M4Y/M5W/M4W/M4M (Voltmeter);Dijital Volt Metreler;M4W-AV-1;Üretimde;Kod sayfası (/magaza/kontrol-kodlari/m4y-m5w-m4w-m4m-voltmetre);;;;
Dijital panel metreler;M4Y/M5W/M4W/M4M (Voltmeter);Dijital Volt Metreler;M4W-AV-2;Üretimde;Kod sayfası (/magaza/kontrol-kodlari/m4y-m5w-m4w-m4m-voltmetre);;;;
Dijital panel metreler;M4Y/M5W/M4W/M4M (Voltmeter);Dijital Volt Metreler;M4W-AV-3;Üretimde;Kod sayfası (/magaza/kontrol-kodlari/m4y-m5w-m4w-m4m-voltmetre);;;;
Dijital panel metreler;M4Y/M5W/M4W/M4M (Voltmeter);Dijital Volt Metreler;M4W-AV-4;Üretimde;Kod sayfası (/magaza/kontrol-kodlari/m4y-m5w-m4w-m4m-voltmetre);;;;
Dijital panel metreler;M4Y/M5W/M4W/M4M (Voltmeter);Dijital Volt Metreler;M4W-AV-6;Üretimde;Kod sayfası (/magaza/kontrol-kodlari/m4y-m5w-m4w-m4m-voltmetre);;;;
Dijital panel metreler;M4Y/M5W/M4W/M4M (Voltmeter);Dijital Volt Metreler;M4W-AV-XX;Üretimde;Kod sayfası (/magaza/kontrol-kodlari/m4y-m5w-m4w-m4m-voltmetre);;;;
Dijital panel metreler;M4Y/M5W/M4W/M4M (Voltmeter);Dijital Volt Metreler;M4W-AVR-1;Üretimde;Kod sayfası (/magaza/kontrol-kodlari/m4y-m5w-m4w-m4m-voltmetre);;;;
Dijital panel metreler;M4Y/M5W/M4W/M4M (Voltmeter);Dijital Volt Metreler;M4W-AVR-3;Üretimde;Kod sayfası (/magaza/kontrol-kodlari/m4y-m5w-m4w-m4m-voltmetre);;;;
Dijital panel metreler;M4Y/M5W/M4W/M4M (Voltmeter);Dijital Volt Metreler;M4W-AVR-4;Üretimde;Kod sayfası (/magaza/kontrol-kodlari/m4y-m5w-m4w-m4m-voltmetre);;;;
Dijital panel metreler;M4Y/M5W/M4W/M4M (Voltmeter);Dijital Volt Metreler;M4W-AVR-6;Üretimde;Kod sayfası (/magaza/kontrol-kodlari/m4y-m5w-m4w-m4m-voltmetre);;;;
Dijital panel metreler;M4Y/M5W/M4W/M4M (Voltmeter);Dijital Volt Metreler;M4W-AVR-XX;Üretimde;Kod sayfası (/magaza/kontrol-kodlari/m4y-m5w-m4w-m4m-voltmetre);;;;
Dijital panel metreler;M4Y/M5W/M4W/M4M (Voltmeter);Dijital Volt Metreler;M4W-DV-1;Üretimde;Kod sayfası (/magaza/kontrol-kodlari/m4y-m5w-m4w-m4m-voltmetre);;;;
Dijital panel metreler;M4Y/M5W/M4W/M4M (Voltmeter);Dijital Volt Metreler;M4W-DV-2;Üretimde;Kod sayfası (/magaza/kontrol-kodlari/m4y-m5w-m4w-m4m-voltmetre);;;;
Dijital panel metreler;M4Y/M5W/M4W/M4M (Voltmeter);Dijital Volt Metreler;M4W-DV-3;Üretimde;Kod sayfası (/magaza/kontrol-kodlari/m4y-m5w-m4w-m4m-voltmetre);;;;
Dijital panel metreler;M4Y/M5W/M4W/M4M (Voltmeter);Dijital Volt Metreler;M4W-DV-4;Üretimde;Kod sayfası (/magaza/kontrol-kodlari/m4y-m5w-m4w-m4m-voltmetre);;;;
Dijital panel metreler;M4Y/M5W/M4W/M4M (Voltmeter);Dijital Volt Metreler;M4W-DV-5;Üretimde;Kod sayfası (/magaza/kontrol-kodlari/m4y-m5w-m4w-m4m-voltmetre);;;;
Dijital panel metreler;M4Y/M5W/M4W/M4M (Voltmeter);Dijital Volt Metreler;M4W-DV-XX;Üretimde;Kod sayfası (/magaza/kontrol-kodlari/m4y-m5w-m4w-m4m-voltmetre);;;;
Dijital panel metreler;M4Y/M5W/M4W/M4M (Voltmeter);Dijital Volt Metreler;M4W1P-AV-1;Üretimde;Kod sayfası (/magaza/kontrol-kodlari/m4y-m5w-m4w-m4m-voltmetre);;;;
Dijital panel metreler;M4Y/M5W/M4W/M4M (Voltmeter);Dijital Volt Metreler;M4W1P-AV-3;Üretimde;Kod sayfası (/magaza/kontrol-kodlari/m4y-m5w-m4w-m4m-voltmetre);;;;
Dijital panel metreler;M4Y/M5W/M4W/M4M (Voltmeter);Dijital Volt Metreler;M4W1P-AV-4;Üretimde;Kod sayfası (/magaza/kontrol-kodlari/m4y-m5w-m4w-m4m-voltmetre);;;;
Dijital panel metreler;M4Y/M5W/M4W/M4M (Voltmeter);Dijital Volt Metreler;M4W1P-AV-6;Üretimde;Kod sayfası (/magaza/kontrol-kodlari/m4y-m5w-m4w-m4m-voltmetre);;;;
Dijital panel metreler;M4Y/M5W/M4W/M4M (Voltmeter);Dijital Volt Metreler;M4W1P-AV-XX;Üretimde;Kod sayfası (/magaza/kontrol-kodlari/m4y-m5w-m4w-m4m-voltmetre);;;;
Dijital panel metreler;M4Y/M5W/M4W/M4M (Voltmeter);Dijital Volt Metreler;M4W1P-AVR-1;Üretimde;Kod sayfası (/magaza/kontrol-kodlari/m4y-m5w-m4w-m4m-voltmetre);;;;
Dijital panel metreler;M4Y/M5W/M4W/M4M (Voltmeter);Dijital Volt Metreler;M4W1P-AVR-2;Üretimde;Kod sayfası (/magaza/kontrol-kodlari/m4y-m5w-m4w-m4m-voltmetre);;;;
Dijital panel metreler;M4Y/M5W/M4W/M4M (Voltmeter);Dijital Volt Metreler;M4W1P-AVR-3;Üretimde;Kod sayfası (/magaza/kontrol-kodlari/m4y-m5w-m4w-m4m-voltmetre);;;;
Dijital panel metreler;M4Y/M5W/M4W/M4M (Voltmeter);Dijital Volt Metreler;M4W1P-AVR-4;Üretimde;Kod sayfası (/magaza/kontrol-kodlari/m4y-m5w-m4w-m4m-voltmetre);;;;
Dijital panel metreler;M4Y/M5W/M4W/M4M (Voltmeter);Dijital Volt Metreler;M4W1P-AVR-6;Üretimde;Kod sayfası (/magaza/kontrol-kodlari/m4y-m5w-m4w-m4m-voltmetre);;;;
Dijital panel metreler;M4Y/M5W/M4W/M4M (Voltmeter);Dijital Volt Metreler;M4W1P-AVR-XX;Üretimde;Kod sayfası (/magaza/kontrol-kodlari/m4y-m5w-m4w-m4m-voltmetre);;;;
Dijital panel metreler;M4Y/M5W/M4W/M4M (Voltmeter);Dijital Volt Metreler;M4W1P-DV-1;Üretimde;Kod sayfası (/magaza/kontrol-kodlari/m4y-m5w-m4w-m4m-voltmetre);;;;
Dijital panel metreler;M4Y/M5W/M4W/M4M (Voltmeter);Dijital Volt Metreler;M4W1P-DV-2;Üretimde;Kod sayfası (/magaza/kontrol-kodlari/m4y-m5w-m4w-m4m-voltmetre);;;;
Dijital panel metreler;M4Y/M5W/M4W/M4M (Voltmeter);Dijital Volt Metreler;M4W1P-DV-3;Üretimde;Kod sayfası (/magaza/kontrol-kodlari/m4y-m5w-m4w-m4m-voltmetre);;;;
Dijital panel metreler;M4Y/M5W/M4W/M4M (Voltmeter);Dijital Volt Metreler;M4W1P-DV-4;Üretimde;Kod sayfası (/magaza/kontrol-kodlari/m4y-m5w-m4w-m4m-voltmetre);;;;
Dijital panel metreler;M4Y/M5W/M4W/M4M (Voltmeter);Dijital Volt Metreler;M4W1P-DV-5;Üretimde;Kod sayfası (/magaza/kontrol-kodlari/m4y-m5w-m4w-m4m-voltmetre);;;;
Dijital panel metreler;M4Y/M5W/M4W/M4M (Voltmeter);Dijital Volt Metreler;M4W1P-DV-XX;Üretimde;Kod sayfası (/magaza/kontrol-kodlari/m4y-m5w-m4w-m4m-voltmetre);;;;
Dijital panel metreler;M4Y/M5W/M4W/M4M (Voltmeter);Dijital Volt Metreler;M4W2P-AV-1;Üretimde;Kod sayfası (/magaza/kontrol-kodlari/m4y-m5w-m4w-m4m-voltmetre);;;;
Dijital panel metreler;M4Y/M5W/M4W/M4M (Voltmeter);Dijital Volt Metreler;M4W2P-AV-2;Üretimde;Kod sayfası (/magaza/kontrol-kodlari/m4y-m5w-m4w-m4m-voltmetre);;;;
Dijital panel metreler;M4Y/M5W/M4W/M4M (Voltmeter);Dijital Volt Metreler;M4W2P-AV-3;Üretimde;Kod sayfası (/magaza/kontrol-kodlari/m4y-m5w-m4w-m4m-voltmetre);;;;
Dijital panel metreler;M4Y/M5W/M4W/M4M (Voltmeter);Dijital Volt Metreler;M4W2P-AV-4;Üretimde;Kod sayfası (/magaza/kontrol-kodlari/m4y-m5w-m4w-m4m-voltmetre);;;;
Dijital panel metreler;M4Y/M5W/M4W/M4M (Voltmeter);Dijital Volt Metreler;M4W2P-AV-6;Üretimde;Kod sayfası (/magaza/kontrol-kodlari/m4y-m5w-m4w-m4m-voltmetre);;;;
Dijital panel metreler;M4Y/M5W/M4W/M4M (Voltmeter);Dijital Volt Metreler;M4W2P-AV-XX;Üretimde;Kod sayfası (/magaza/kontrol-kodlari/m4y-m5w-m4w-m4m-voltmetre);;;;
Dijital panel metreler;M4Y/M5W/M4W/M4M (Voltmeter);Dijital Volt Metreler;M4W2P-AVR-1;Üretimde;Kod sayfası (/magaza/kontrol-kodlari/m4y-m5w-m4w-m4m-voltmetre);;;;
Dijital panel metreler;M4Y/M5W/M4W/M4M (Voltmeter);Dijital Volt Metreler;M4W2P-AVR-2;Üretimde;Kod sayfası (/magaza/kontrol-kodlari/m4y-m5w-m4w-m4m-voltmetre);;;;
Dijital panel metreler;M4Y/M5W/M4W/M4M (Voltmeter);Dijital Volt Metreler;M4W2P-AVR-3;Üretimde;Kod sayfası (/magaza/kontrol-kodlari/m4y-m5w-m4w-m4m-voltmetre);;;;
Dijital panel metreler;M4Y/M5W/M4W/M4M (Voltmeter);Dijital Volt Metreler;M4W2P-AVR-4;Üretimde;Kod sayfası (/magaza/kontrol-kodlari/m4y-m5w-m4w-m4m-voltmetre);;;;
Dijital panel metreler;M4Y/M5W/M4W/M4M (Voltmeter);Dijital Volt Metreler;M4W2P-AVR-6;Üretimde;Kod sayfası (/magaza/kontrol-kodlari/m4y-m5w-m4w-m4m-voltmetre);;;;
Dijital panel metreler;M4Y/M5W/M4W/M4M (Voltmeter);Dijital Volt Metreler;M4W2P-AVR-XX;Üretimde;Kod sayfası (/magaza/kontrol-kodlari/m4y-m5w-m4w-m4m-voltmetre);;;;
Dijital panel metreler;M4Y/M5W/M4W/M4M (Voltmeter);Dijital Volt Metreler;M4W2P-DV-1;Üretimde;Kod sayfası (/magaza/kontrol-kodlari/m4y-m5w-m4w-m4m-voltmetre);;;;
Dijital panel metreler;M4Y/M5W/M4W/M4M (Voltmeter);Dijital Volt Metreler;M4W2P-DV-2;Üretimde;Kod sayfası (/magaza/kontrol-kodlari/m4y-m5w-m4w-m4m-voltmetre);;;;
Dijital panel metreler;M4Y/M5W/M4W/M4M (Voltmeter);Dijital Volt Metreler;M4W2P-DV-3;Üretimde;Kod sayfası (/magaza/kontrol-kodlari/m4y-m5w-m4w-m4m-voltmetre);;;;
Dijital panel metreler;M4Y/M5W/M4W/M4M (Voltmeter);Dijital Volt Metreler;M4W2P-DV-4;Üretimde;Kod sayfası (/magaza/kontrol-kodlari/m4y-m5w-m4w-m4m-voltmetre);;;;
Dijital panel metreler;M4Y/M5W/M4W/M4M (Voltmeter);Dijital Volt Metreler;M4W2P-DV-5;Üretimde;Kod sayfası (/magaza/kontrol-kodlari/m4y-m5w-m4w-m4m-voltmetre);;;;
Dijital panel metreler;M4Y/M5W/M4W/M4M (Voltmeter);Dijital Volt Metreler;M4W2P-DV-XX;Üretimde;Kod sayfası (/magaza/kontrol-kodlari/m4y-m5w-m4w-m4m-voltmetre);;;;
Dijital panel metreler;M4Y/M5W/M4W/M4M (Voltmeter);Dijital Volt Metreler;M4Y-AV-1;Üretimde;Kod sayfası (/magaza/kontrol-kodlari/m4y-m5w-m4w-m4m-voltmetre);;;;
Dijital panel metreler;M4Y/M5W/M4W/M4M (Voltmeter);Dijital Volt Metreler;M4Y-AV-2;Üretimde;Kod sayfası (/magaza/kontrol-kodlari/m4y-m5w-m4w-m4m-voltmetre);;;;
Dijital panel metreler;M4Y/M5W/M4W/M4M (Voltmeter);Dijital Volt Metreler;M4Y-AV-3;Üretimde;Kod sayfası (/magaza/kontrol-kodlari/m4y-m5w-m4w-m4m-voltmetre);;;;
Dijital panel metreler;M4Y/M5W/M4W/M4M (Voltmeter);Dijital Volt Metreler;M4Y-AV-4;Üretimde;Kod sayfası (/magaza/kontrol-kodlari/m4y-m5w-m4w-m4m-voltmetre);;;;
Dijital panel metreler;M4Y/M5W/M4W/M4M (Voltmeter);Dijital Volt Metreler;M4Y-AV-6;Üretimde;Kod sayfası (/magaza/kontrol-kodlari/m4y-m5w-m4w-m4m-voltmetre);;;;
Dijital panel metreler;M4Y/M5W/M4W/M4M (Voltmeter);Dijital Volt Metreler;M4Y-AV-XX;Üretimde;Kod sayfası (/magaza/kontrol-kodlari/m4y-m5w-m4w-m4m-voltmetre);;;;
Dijital panel metreler;M4Y/M5W/M4W/M4M (Voltmeter);Dijital Volt Metreler;M4Y-AVR-3;Üretimde;Kod sayfası (/magaza/kontrol-kodlari/m4y-m5w-m4w-m4m-voltmetre);;;;
Dijital panel metreler;M4Y/M5W/M4W/M4M (Voltmeter);Dijital Volt Metreler;M4Y-AVR-4;Üretimde;Kod sayfası (/magaza/kontrol-kodlari/m4y-m5w-m4w-m4m-voltmetre);;;;
Dijital panel metreler;M4Y/M5W/M4W/M4M (Voltmeter);Dijital Volt Metreler;M4Y-AVR-6;Üretimde;Kod sayfası (/magaza/kontrol-kodlari/m4y-m5w-m4w-m4m-voltmetre);;;;
Dijital panel metreler;M4Y/M5W/M4W/M4M (Voltmeter);Dijital Volt Metreler;M4Y-AVR-XX;Üretimde;Kod sayfası (/magaza/kontrol-kodlari/m4y-m5w-m4w-m4m-voltmetre);;;;
Dijital panel metreler;M4Y/M5W/M4W/M4M (Voltmeter);Dijital Volt Metreler;M4Y-DV-1;Üretimde;Kod sayfası (/magaza/kontrol-kodlari/m4y-m5w-m4w-m4m-voltmetre);;;;
Dijital panel metreler;M4Y/M5W/M4W/M4M (Voltmeter);Dijital Volt Metreler;M4Y-DV-2;Üretimde;Kod sayfası (/magaza/kontrol-kodlari/m4y-m5w-m4w-m4m-voltmetre);;;;
Dijital panel metreler;M4Y/M5W/M4W/M4M (Voltmeter);Dijital Volt Metreler;M4Y-DV-3;Üretimde;Kod sayfası (/magaza/kontrol-kodlari/m4y-m5w-m4w-m4m-voltmetre);;;;
Dijital panel metreler;M4Y/M5W/M4W/M4M (Voltmeter);Dijital Volt Metreler;M4Y-DV-4;Üretimde;Kod sayfası (/magaza/kontrol-kodlari/m4y-m5w-m4w-m4m-voltmetre);;;;
Dijital panel metreler;M4Y/M5W/M4W/M4M (Voltmeter);Dijital Volt Metreler;M4Y-DV-5;Üretimde;Kod sayfası (/magaza/kontrol-kodlari/m4y-m5w-m4w-m4m-voltmetre);;;;
Dijital panel metreler;M4Y/M5W/M4W/M4M (Voltmeter);Dijital Volt Metreler;M4Y-DV-XX;Üretimde;Kod sayfası (/magaza/kontrol-kodlari/m4y-m5w-m4w-m4m-voltmetre);;;;
Dijital panel metreler;M4Y/M5W/M4W/M4M (Voltmeter);Dijital Volt Metreler;M5W-AV-1;Üretimden kalktı;Kod sayfası (/magaza/kontrol-kodlari/m4y-m5w-m4w-m4m-voltmetre);;;;
Dijital panel metreler;M4Y/M5W/M4W/M4M (Voltmeter);Dijital Volt Metreler;M5W-AV-2;Üretimden kalktı;Kod sayfası (/magaza/kontrol-kodlari/m4y-m5w-m4w-m4m-voltmetre);;;;
Dijital panel metreler;M4Y/M5W/M4W/M4M (Voltmeter);Dijital Volt Metreler;M5W-AV-3;Üretimden kalktı;Kod sayfası (/magaza/kontrol-kodlari/m4y-m5w-m4w-m4m-voltmetre);;;;
Dijital panel metreler;M4Y/M5W/M4W/M4M (Voltmeter);Dijital Volt Metreler;M5W-AV-4;Üretimden kalktı;Kod sayfası (/magaza/kontrol-kodlari/m4y-m5w-m4w-m4m-voltmetre);;;;
Dijital panel metreler;M4Y/M5W/M4W/M4M (Voltmeter);Dijital Volt Metreler;M5W-AV-5;Üretimden kalktı;Kod sayfası (/magaza/kontrol-kodlari/m4y-m5w-m4w-m4m-voltmetre);;;;
Dijital panel metreler;M4Y/M5W/M4W/M4M (Voltmeter);Dijital Volt Metreler;M5W-AV-XX;Üretimden kalktı;Kod sayfası (/magaza/kontrol-kodlari/m4y-m5w-m4w-m4m-voltmetre);;;;
Dijital panel metreler;M4Y/M5W/M4W/M4M (Voltmeter);Dijital Volt Metreler;M5W-DV-1;Üretimde;Kod sayfası (/magaza/kontrol-kodlari/m4y-m5w-m4w-m4m-voltmetre);;;;
Dijital panel metreler;M4Y/M5W/M4W/M4M (Voltmeter);Dijital Volt Metreler;M5W-DV-2;Üretimde;Kod sayfası (/magaza/kontrol-kodlari/m4y-m5w-m4w-m4m-voltmetre);;;;
Dijital panel metreler;M4Y/M5W/M4W/M4M (Voltmeter);Dijital Volt Metreler;M5W-DV-3;Üretimde;Kod sayfası (/magaza/kontrol-kodlari/m4y-m5w-m4w-m4m-voltmetre);;;;
Dijital panel metreler;M4Y/M5W/M4W/M4M (Voltmeter);Dijital Volt Metreler;M5W-DV-4;Üretimde;Kod sayfası (/magaza/kontrol-kodlari/m4y-m5w-m4w-m4m-voltmetre);;;;
Dijital panel metreler;M4Y/M5W/M4W/M4M (Voltmeter);Dijital Volt Metreler;M5W-DV-5;Üretimde;Kod sayfası (/magaza/kontrol-kodlari/m4y-m5w-m4w-m4m-voltmetre);;;;
Dijital panel metreler;M4Y/M5W/M4W/M4M (Voltmeter);Dijital Volt Metreler;M5W-DV-XX;Üretimde;Kod sayfası (/magaza/kontrol-kodlari/m4y-m5w-m4w-m4m-voltmetre);;;;
Dijital panel metreler;M4NS/M4YS;Giriş Beslemeli Dijital Ölçeklemeli Göstergeler;M4NS-NA;Üretimde;Kod sayfası (/magaza/kontrol-kodlari/m4ns-m4ys);;;;
Dijital panel metreler;M4NS/M4YS;Giriş Beslemeli Dijital Ölçeklemeli Göstergeler;M4YS-NA;Üretimde;Kod sayfası (/magaza/kontrol-kodlari/m4ns-m4ys);;;;
Dijital panel metreler;M4Y/M5W/M4W/M4M (Scaling);Dijital Skalalı Metreler;M4M1P-DI-XX;Üretimde;Kod sayfası (/magaza/kontrol-kodlari/m4y-m5w-m4w-m4m-olcekli);;;;
Dijital panel metreler;M4Y/M5W/M4W/M4M (Scaling);Dijital Skalalı Metreler;M4M2P-DI-XX;Üretimde;Kod sayfası (/magaza/kontrol-kodlari/m4y-m5w-m4w-m4m-olcekli);;;;
Dijital panel metreler;M4Y/M5W/M4W/M4M (Scaling);Dijital Skalalı Metreler;M4W-DI-XX;Üretimde;Kod sayfası (/magaza/kontrol-kodlari/m4y-m5w-m4w-m4m-olcekli);;;;
Dijital panel metreler;M4Y/M5W/M4W/M4M (Scaling);Dijital Skalalı Metreler;M4W1P-DI-XX;Üretimde;Kod sayfası (/magaza/kontrol-kodlari/m4y-m5w-m4w-m4m-olcekli);;;;
Dijital panel metreler;M4Y/M5W/M4W/M4M (Scaling);Dijital Skalalı Metreler;M4W2P-DI-XX;Üretimde;Kod sayfası (/magaza/kontrol-kodlari/m4y-m5w-m4w-m4m-olcekli);;;;
Dijital panel metreler;M4Y/M5W/M4W/M4M (Scaling);Dijital Skalalı Metreler;M4Y-DI-XX;Üretimde;Kod sayfası (/magaza/kontrol-kodlari/m4y-m5w-m4w-m4m-olcekli);;;;
Dijital panel metreler;M4Y/M5W/M4W/M4M (Scaling);Dijital Skalalı Metreler;M5W-DI-XX;Üretimde;Kod sayfası (/magaza/kontrol-kodlari/m4y-m5w-m4w-m4m-olcekli);;;;
Dijital panel metreler;M4Y/M5W/M4W/M4M (Ammeter);Dijital Panel Metreler;M4M-AA-5;Üretimde;Kod sayfası (/magaza/kontrol-kodlari/m4y-m5w-m4w-m4m-ampermetre);;;;
Dijital panel metreler;M4Y/M5W/M4W/M4M (Ammeter);Dijital Panel Metreler;M4M-AA-XX;Üretimde;Kod sayfası (/magaza/kontrol-kodlari/m4y-m5w-m4w-m4m-ampermetre);;;;
Dijital panel metreler;M4Y/M5W/M4W/M4M (Ammeter);Dijital Panel Metreler;M4M1P-AA-5;Üretimde;Kod sayfası (/magaza/kontrol-kodlari/m4y-m5w-m4w-m4m-ampermetre);;;;
Dijital panel metreler;M4Y/M5W/M4W/M4M (Ammeter);Dijital Panel Metreler;M4M1P-AA-XX;Üretimde;Kod sayfası (/magaza/kontrol-kodlari/m4y-m5w-m4w-m4m-ampermetre);;;;
Dijital panel metreler;M4Y/M5W/M4W/M4M (Ammeter);Dijital Panel Metreler;M4M1P-AAR-XX;Üretimde;Kod sayfası (/magaza/kontrol-kodlari/m4y-m5w-m4w-m4m-ampermetre);;;;
Dijital panel metreler;M4Y/M5W/M4W/M4M (Ammeter);Dijital Panel Metreler;M4M2P-AA-4;Üretimde;Kod sayfası (/magaza/kontrol-kodlari/m4y-m5w-m4w-m4m-ampermetre);;;;
Dijital panel metreler;M4Y/M5W/M4W/M4M (Ammeter);Dijital Panel Metreler;M4M2P-AA-5;Üretimde;Kod sayfası (/magaza/kontrol-kodlari/m4y-m5w-m4w-m4m-ampermetre);;;;
Dijital panel metreler;M4Y/M5W/M4W/M4M (Ammeter);Dijital Panel Metreler;M4M2P-AA-XX;Üretimde;Kod sayfası (/magaza/kontrol-kodlari/m4y-m5w-m4w-m4m-ampermetre);;;;
Dijital panel metreler;M4Y/M5W/M4W/M4M (Ammeter);Dijital Panel Metreler;M4M2P-AAR-5;Üretimde;Kod sayfası (/magaza/kontrol-kodlari/m4y-m5w-m4w-m4m-ampermetre);;;;
Dijital panel metreler;M4Y/M5W/M4W/M4M (Ammeter);Dijital Panel Metreler;M4M2P-DA-5;Üretimde;Kod sayfası (/magaza/kontrol-kodlari/m4y-m5w-m4w-m4m-ampermetre);;;;
Dijital panel metreler;M4Y/M5W/M4W/M4M (Ammeter);Dijital Panel Metreler;M4W-AA-1;Üretimde;Kod sayfası (/magaza/kontrol-kodlari/m4y-m5w-m4w-m4m-ampermetre);;;;
Dijital panel metreler;M4Y/M5W/M4W/M4M (Ammeter);Dijital Panel Metreler;M4W-AA-2;Üretimde;Kod sayfası (/magaza/kontrol-kodlari/m4y-m5w-m4w-m4m-ampermetre);;;;
Dijital panel metreler;M4Y/M5W/M4W/M4M (Ammeter);Dijital Panel Metreler;M4W-AA-3;Üretimde;Kod sayfası (/magaza/kontrol-kodlari/m4y-m5w-m4w-m4m-ampermetre);;;;
Dijital panel metreler;M4Y/M5W/M4W/M4M (Ammeter);Dijital Panel Metreler;M4W-AA-4;Üretimde;Kod sayfası (/magaza/kontrol-kodlari/m4y-m5w-m4w-m4m-ampermetre);;;;
Dijital panel metreler;M4Y/M5W/M4W/M4M (Ammeter);Dijital Panel Metreler;M4W-AA-5;Üretimde;Kod sayfası (/magaza/kontrol-kodlari/m4y-m5w-m4w-m4m-ampermetre);;;;
Dijital panel metreler;M4Y/M5W/M4W/M4M (Ammeter);Dijital Panel Metreler;M4W-AA-6;Üretimde;Kod sayfası (/magaza/kontrol-kodlari/m4y-m5w-m4w-m4m-ampermetre);;;;
Dijital panel metreler;M4Y/M5W/M4W/M4M (Ammeter);Dijital Panel Metreler;M4W-AA-XX;Üretimde;Kod sayfası (/magaza/kontrol-kodlari/m4y-m5w-m4w-m4m-ampermetre);;;;
Dijital panel metreler;M4Y/M5W/M4W/M4M (Ammeter);Dijital Panel Metreler;M4W-AAR-2;Üretimde;Kod sayfası (/magaza/kontrol-kodlari/m4y-m5w-m4w-m4m-ampermetre);;;;
Dijital panel metreler;M4Y/M5W/M4W/M4M (Ammeter);Dijital Panel Metreler;M4W-AAR-3;Üretimde;Kod sayfası (/magaza/kontrol-kodlari/m4y-m5w-m4w-m4m-ampermetre);;;;
Dijital panel metreler;M4Y/M5W/M4W/M4M (Ammeter);Dijital Panel Metreler;M4W-AAR-4;Üretimde;Kod sayfası (/magaza/kontrol-kodlari/m4y-m5w-m4w-m4m-ampermetre);;;;
Dijital panel metreler;M4Y/M5W/M4W/M4M (Ammeter);Dijital Panel Metreler;M4W-AAR-5;Üretimde;Kod sayfası (/magaza/kontrol-kodlari/m4y-m5w-m4w-m4m-ampermetre);;;;
Dijital panel metreler;M4Y/M5W/M4W/M4M (Ammeter);Dijital Panel Metreler;M4W-AAR-6;Üretimde;Kod sayfası (/magaza/kontrol-kodlari/m4y-m5w-m4w-m4m-ampermetre);;;;
Dijital panel metreler;M4Y/M5W/M4W/M4M (Ammeter);Dijital Panel Metreler;M4W-AAR-XX;Üretimde;Kod sayfası (/magaza/kontrol-kodlari/m4y-m5w-m4w-m4m-ampermetre);;;;
Dijital panel metreler;M4Y/M5W/M4W/M4M (Ammeter);Dijital Panel Metreler;M4W-DA-1;Üretimde;Kod sayfası (/magaza/kontrol-kodlari/m4y-m5w-m4w-m4m-ampermetre);;;;
Dijital panel metreler;M4Y/M5W/M4W/M4M (Ammeter);Dijital Panel Metreler;M4W-DA-2;Üretimde;Kod sayfası (/magaza/kontrol-kodlari/m4y-m5w-m4w-m4m-ampermetre);;;;
Dijital panel metreler;M4Y/M5W/M4W/M4M (Ammeter);Dijital Panel Metreler;M4W-DA-3;Üretimde;Kod sayfası (/magaza/kontrol-kodlari/m4y-m5w-m4w-m4m-ampermetre);;;;
Dijital panel metreler;M4Y/M5W/M4W/M4M (Ammeter);Dijital Panel Metreler;M4W-DA-4;Üretimde;Kod sayfası (/magaza/kontrol-kodlari/m4y-m5w-m4w-m4m-ampermetre);;;;
Dijital panel metreler;M4Y/M5W/M4W/M4M (Ammeter);Dijital Panel Metreler;M4W-DA-5;Üretimde;Kod sayfası (/magaza/kontrol-kodlari/m4y-m5w-m4w-m4m-ampermetre);;;;
Dijital panel metreler;M4Y/M5W/M4W/M4M (Ammeter);Dijital Panel Metreler;M4W-DA-6;Üretimde;Kod sayfası (/magaza/kontrol-kodlari/m4y-m5w-m4w-m4m-ampermetre);;;;
Dijital panel metreler;M4Y/M5W/M4W/M4M (Ammeter);Dijital Panel Metreler;M4W-DA-7;Üretimde;Kod sayfası (/magaza/kontrol-kodlari/m4y-m5w-m4w-m4m-ampermetre);;;;
Dijital panel metreler;M4Y/M5W/M4W/M4M (Ammeter);Dijital Panel Metreler;M4W-DA-8;Üretimde;Kod sayfası (/magaza/kontrol-kodlari/m4y-m5w-m4w-m4m-ampermetre);;;;
Dijital panel metreler;M4Y/M5W/M4W/M4M (Ammeter);Dijital Panel Metreler;M4W-DA-XX;Üretimde;Kod sayfası (/magaza/kontrol-kodlari/m4y-m5w-m4w-m4m-ampermetre);;;;
Dijital panel metreler;M4Y/M5W/M4W/M4M (Ammeter);Dijital Panel Metreler;M4W1P-AA-1;Üretimde;Kod sayfası (/magaza/kontrol-kodlari/m4y-m5w-m4w-m4m-ampermetre);;;;
Dijital panel metreler;M4Y/M5W/M4W/M4M (Ammeter);Dijital Panel Metreler;M4W1P-AA-2;Üretimde;Kod sayfası (/magaza/kontrol-kodlari/m4y-m5w-m4w-m4m-ampermetre);;;;
Dijital panel metreler;M4Y/M5W/M4W/M4M (Ammeter);Dijital Panel Metreler;M4W1P-AA-3;Üretimde;Kod sayfası (/magaza/kontrol-kodlari/m4y-m5w-m4w-m4m-ampermetre);;;;
Dijital panel metreler;M4Y/M5W/M4W/M4M (Ammeter);Dijital Panel Metreler;M4W1P-AA-4;Üretimde;Kod sayfası (/magaza/kontrol-kodlari/m4y-m5w-m4w-m4m-ampermetre);;;;
Dijital panel metreler;M4Y/M5W/M4W/M4M (Ammeter);Dijital Panel Metreler;M4W1P-AA-5;Üretimde;Kod sayfası (/magaza/kontrol-kodlari/m4y-m5w-m4w-m4m-ampermetre);;;;
Dijital panel metreler;M4Y/M5W/M4W/M4M (Ammeter);Dijital Panel Metreler;M4W1P-AA-6;Üretimde;Kod sayfası (/magaza/kontrol-kodlari/m4y-m5w-m4w-m4m-ampermetre);;;;
Dijital panel metreler;M4Y/M5W/M4W/M4M (Ammeter);Dijital Panel Metreler;M4W1P-AA-XX;Üretimde;Kod sayfası (/magaza/kontrol-kodlari/m4y-m5w-m4w-m4m-ampermetre);;;;
Dijital panel metreler;M4Y/M5W/M4W/M4M (Ammeter);Dijital Panel Metreler;M4W1P-AAR-1;Üretimde;Kod sayfası (/magaza/kontrol-kodlari/m4y-m5w-m4w-m4m-ampermetre);;;;
Dijital panel metreler;M4Y/M5W/M4W/M4M (Ammeter);Dijital Panel Metreler;M4W1P-AAR-2;Üretimde;Kod sayfası (/magaza/kontrol-kodlari/m4y-m5w-m4w-m4m-ampermetre);;;;
Dijital panel metreler;M4Y/M5W/M4W/M4M (Ammeter);Dijital Panel Metreler;M4W1P-AAR-3;Üretimde;Kod sayfası (/magaza/kontrol-kodlari/m4y-m5w-m4w-m4m-ampermetre);;;;
Dijital panel metreler;M4Y/M5W/M4W/M4M (Ammeter);Dijital Panel Metreler;M4W1P-AAR-4;Üretimde;Kod sayfası (/magaza/kontrol-kodlari/m4y-m5w-m4w-m4m-ampermetre);;;;
Dijital panel metreler;M4Y/M5W/M4W/M4M (Ammeter);Dijital Panel Metreler;M4W1P-AAR-5;Üretimde;Kod sayfası (/magaza/kontrol-kodlari/m4y-m5w-m4w-m4m-ampermetre);;;;
Dijital panel metreler;M4Y/M5W/M4W/M4M (Ammeter);Dijital Panel Metreler;M4W1P-AAR-6;Üretimde;Kod sayfası (/magaza/kontrol-kodlari/m4y-m5w-m4w-m4m-ampermetre);;;;
Dijital panel metreler;M4Y/M5W/M4W/M4M (Ammeter);Dijital Panel Metreler;M4W1P-AAR-XX;Üretimde;Kod sayfası (/magaza/kontrol-kodlari/m4y-m5w-m4w-m4m-ampermetre);;;;
Dijital panel metreler;M4Y/M5W/M4W/M4M (Ammeter);Dijital Panel Metreler;M4W1P-DA-1;Üretimde;Kod sayfası (/magaza/kontrol-kodlari/m4y-m5w-m4w-m4m-ampermetre);;;;
Dijital panel metreler;M4Y/M5W/M4W/M4M (Ammeter);Dijital Panel Metreler;M4W1P-DA-2;Üretimde;Kod sayfası (/magaza/kontrol-kodlari/m4y-m5w-m4w-m4m-ampermetre);;;;
Dijital panel metreler;M4Y/M5W/M4W/M4M (Ammeter);Dijital Panel Metreler;M4W1P-DA-3;Üretimde;Kod sayfası (/magaza/kontrol-kodlari/m4y-m5w-m4w-m4m-ampermetre);;;;
Dijital panel metreler;M4Y/M5W/M4W/M4M (Ammeter);Dijital Panel Metreler;M4W1P-DA-4;Üretimde;Kod sayfası (/magaza/kontrol-kodlari/m4y-m5w-m4w-m4m-ampermetre);;;;
Dijital panel metreler;M4Y/M5W/M4W/M4M (Ammeter);Dijital Panel Metreler;M4W1P-DA-5;Üretimde;Kod sayfası (/magaza/kontrol-kodlari/m4y-m5w-m4w-m4m-ampermetre);;;;
Dijital panel metreler;M4Y/M5W/M4W/M4M (Ammeter);Dijital Panel Metreler;M4W1P-DA-6;Üretimde;Kod sayfası (/magaza/kontrol-kodlari/m4y-m5w-m4w-m4m-ampermetre);;;;
Dijital panel metreler;M4Y/M5W/M4W/M4M (Ammeter);Dijital Panel Metreler;M4W1P-DA-7;Üretimde;Kod sayfası (/magaza/kontrol-kodlari/m4y-m5w-m4w-m4m-ampermetre);;;;
Dijital panel metreler;M4Y/M5W/M4W/M4M (Ammeter);Dijital Panel Metreler;M4W1P-DA-8;Üretimde;Kod sayfası (/magaza/kontrol-kodlari/m4y-m5w-m4w-m4m-ampermetre);;;;
Dijital panel metreler;M4Y/M5W/M4W/M4M (Ammeter);Dijital Panel Metreler;M4W1P-DA-XX;Üretimde;Kod sayfası (/magaza/kontrol-kodlari/m4y-m5w-m4w-m4m-ampermetre);;;;
Dijital panel metreler;M4Y/M5W/M4W/M4M (Ammeter);Dijital Panel Metreler;M4W2P-AA-1;Üretimde;Kod sayfası (/magaza/kontrol-kodlari/m4y-m5w-m4w-m4m-ampermetre);;;;
Dijital panel metreler;M4Y/M5W/M4W/M4M (Ammeter);Dijital Panel Metreler;M4W2P-AA-2;Üretimde;Kod sayfası (/magaza/kontrol-kodlari/m4y-m5w-m4w-m4m-ampermetre);;;;
Dijital panel metreler;M4Y/M5W/M4W/M4M (Ammeter);Dijital Panel Metreler;M4W2P-AA-3;Üretimde;Kod sayfası (/magaza/kontrol-kodlari/m4y-m5w-m4w-m4m-ampermetre);;;;
Dijital panel metreler;M4Y/M5W/M4W/M4M (Ammeter);Dijital Panel Metreler;M4W2P-AA-4;Üretimde;Kod sayfası (/magaza/kontrol-kodlari/m4y-m5w-m4w-m4m-ampermetre);;;;
Dijital panel metreler;M4Y/M5W/M4W/M4M (Ammeter);Dijital Panel Metreler;M4W2P-AA-5;Üretimde;Kod sayfası (/magaza/kontrol-kodlari/m4y-m5w-m4w-m4m-ampermetre);;;;
Dijital panel metreler;M4Y/M5W/M4W/M4M (Ammeter);Dijital Panel Metreler;M4W2P-AA-6;Üretimde;Kod sayfası (/magaza/kontrol-kodlari/m4y-m5w-m4w-m4m-ampermetre);;;;
Dijital panel metreler;M4Y/M5W/M4W/M4M (Ammeter);Dijital Panel Metreler;M4W2P-AA-XX;Üretimde;Kod sayfası (/magaza/kontrol-kodlari/m4y-m5w-m4w-m4m-ampermetre);;;;
Dijital panel metreler;M4Y/M5W/M4W/M4M (Ammeter);Dijital Panel Metreler;M4W2P-AAR-2;Üretimde;Kod sayfası (/magaza/kontrol-kodlari/m4y-m5w-m4w-m4m-ampermetre);;;;
Dijital panel metreler;M4Y/M5W/M4W/M4M (Ammeter);Dijital Panel Metreler;M4W2P-AAR-3;Üretimde;Kod sayfası (/magaza/kontrol-kodlari/m4y-m5w-m4w-m4m-ampermetre);;;;
Dijital panel metreler;M4Y/M5W/M4W/M4M (Ammeter);Dijital Panel Metreler;M4W2P-AAR-4;Üretimde;Kod sayfası (/magaza/kontrol-kodlari/m4y-m5w-m4w-m4m-ampermetre);;;;
Dijital panel metreler;M4Y/M5W/M4W/M4M (Ammeter);Dijital Panel Metreler;M4W2P-AAR-5;Üretimde;Kod sayfası (/magaza/kontrol-kodlari/m4y-m5w-m4w-m4m-ampermetre);;;;
Dijital panel metreler;M4Y/M5W/M4W/M4M (Ammeter);Dijital Panel Metreler;M4W2P-AAR-6;Üretimde;Kod sayfası (/magaza/kontrol-kodlari/m4y-m5w-m4w-m4m-ampermetre);;;;
Dijital panel metreler;M4Y/M5W/M4W/M4M (Ammeter);Dijital Panel Metreler;M4W2P-AAR-XX;Üretimde;Kod sayfası (/magaza/kontrol-kodlari/m4y-m5w-m4w-m4m-ampermetre);;;;
Dijital panel metreler;M4Y/M5W/M4W/M4M (Ammeter);Dijital Panel Metreler;M4W2P-DA-1;Üretimde;Kod sayfası (/magaza/kontrol-kodlari/m4y-m5w-m4w-m4m-ampermetre);;;;
Dijital panel metreler;M4Y/M5W/M4W/M4M (Ammeter);Dijital Panel Metreler;M4W2P-DA-2;Üretimde;Kod sayfası (/magaza/kontrol-kodlari/m4y-m5w-m4w-m4m-ampermetre);;;;
Dijital panel metreler;M4Y/M5W/M4W/M4M (Ammeter);Dijital Panel Metreler;M4W2P-DA-3;Üretimde;Kod sayfası (/magaza/kontrol-kodlari/m4y-m5w-m4w-m4m-ampermetre);;;;
Dijital panel metreler;M4Y/M5W/M4W/M4M (Ammeter);Dijital Panel Metreler;M4W2P-DA-4;Üretimde;Kod sayfası (/magaza/kontrol-kodlari/m4y-m5w-m4w-m4m-ampermetre);;;;
Dijital panel metreler;M4Y/M5W/M4W/M4M (Ammeter);Dijital Panel Metreler;M4W2P-DA-5;Üretimde;Kod sayfası (/magaza/kontrol-kodlari/m4y-m5w-m4w-m4m-ampermetre);;;;
Dijital panel metreler;M4Y/M5W/M4W/M4M (Ammeter);Dijital Panel Metreler;M4W2P-DA-6;Üretimde;Kod sayfası (/magaza/kontrol-kodlari/m4y-m5w-m4w-m4m-ampermetre);;;;
Dijital panel metreler;M4Y/M5W/M4W/M4M (Ammeter);Dijital Panel Metreler;M4W2P-DA-7;Üretimde;Kod sayfası (/magaza/kontrol-kodlari/m4y-m5w-m4w-m4m-ampermetre);;;;
Dijital panel metreler;M4Y/M5W/M4W/M4M (Ammeter);Dijital Panel Metreler;M4W2P-DA-8;Üretimde;Kod sayfası (/magaza/kontrol-kodlari/m4y-m5w-m4w-m4m-ampermetre);;;;
Dijital panel metreler;M4Y/M5W/M4W/M4M (Ammeter);Dijital Panel Metreler;M4W2P-DA-XX;Üretimde;Kod sayfası (/magaza/kontrol-kodlari/m4y-m5w-m4w-m4m-ampermetre);;;;
Dijital panel metreler;M4Y/M5W/M4W/M4M (Ammeter);Dijital Panel Metreler;M4Y-AA-1;Üretimde;Kod sayfası (/magaza/kontrol-kodlari/m4y-m5w-m4w-m4m-ampermetre);;;;
Dijital panel metreler;M4Y/M5W/M4W/M4M (Ammeter);Dijital Panel Metreler;M4Y-AA-2;Üretimde;Kod sayfası (/magaza/kontrol-kodlari/m4y-m5w-m4w-m4m-ampermetre);;;;
Dijital panel metreler;M4Y/M5W/M4W/M4M (Ammeter);Dijital Panel Metreler;M4Y-AA-3;Üretimde;Kod sayfası (/magaza/kontrol-kodlari/m4y-m5w-m4w-m4m-ampermetre);;;;
Dijital panel metreler;M4Y/M5W/M4W/M4M (Ammeter);Dijital Panel Metreler;M4Y-AA-4;Üretimde;Kod sayfası (/magaza/kontrol-kodlari/m4y-m5w-m4w-m4m-ampermetre);;;;
Dijital panel metreler;M4Y/M5W/M4W/M4M (Ammeter);Dijital Panel Metreler;M4Y-AA-5;Üretimde;Kod sayfası (/magaza/kontrol-kodlari/m4y-m5w-m4w-m4m-ampermetre);;;;
Dijital panel metreler;M4Y/M5W/M4W/M4M (Ammeter);Dijital Panel Metreler;M4Y-AA-6;Üretimde;Kod sayfası (/magaza/kontrol-kodlari/m4y-m5w-m4w-m4m-ampermetre);;;;
Dijital panel metreler;M4Y/M5W/M4W/M4M (Ammeter);Dijital Panel Metreler;M4Y-AA-XX;Üretimde;Kod sayfası (/magaza/kontrol-kodlari/m4y-m5w-m4w-m4m-ampermetre);;;;
Dijital panel metreler;M4Y/M5W/M4W/M4M (Ammeter);Dijital Panel Metreler;M4Y-AAR-1;Üretimde;Kod sayfası (/magaza/kontrol-kodlari/m4y-m5w-m4w-m4m-ampermetre);;;;
Dijital panel metreler;M4Y/M5W/M4W/M4M (Ammeter);Dijital Panel Metreler;M4Y-AAR-2;Üretimde;Kod sayfası (/magaza/kontrol-kodlari/m4y-m5w-m4w-m4m-ampermetre);;;;
Dijital panel metreler;M4Y/M5W/M4W/M4M (Ammeter);Dijital Panel Metreler;M4Y-AAR-3;Üretimde;Kod sayfası (/magaza/kontrol-kodlari/m4y-m5w-m4w-m4m-ampermetre);;;;
Dijital panel metreler;M4Y/M5W/M4W/M4M (Ammeter);Dijital Panel Metreler;M4Y-AAR-4;Üretimde;Kod sayfası (/magaza/kontrol-kodlari/m4y-m5w-m4w-m4m-ampermetre);;;;
Dijital panel metreler;M4Y/M5W/M4W/M4M (Ammeter);Dijital Panel Metreler;M4Y-AAR-5;Üretimde;Kod sayfası (/magaza/kontrol-kodlari/m4y-m5w-m4w-m4m-ampermetre);;;;
Dijital panel metreler;M4Y/M5W/M4W/M4M (Ammeter);Dijital Panel Metreler;M4Y-AAR-6;Üretimde;Kod sayfası (/magaza/kontrol-kodlari/m4y-m5w-m4w-m4m-ampermetre);;;;
Dijital panel metreler;M4Y/M5W/M4W/M4M (Ammeter);Dijital Panel Metreler;M4Y-AAR-XX;Üretimde;Kod sayfası (/magaza/kontrol-kodlari/m4y-m5w-m4w-m4m-ampermetre);;;;
Dijital panel metreler;M4Y/M5W/M4W/M4M (Ammeter);Dijital Panel Metreler;M4Y-DA-1;Üretimde;Kod sayfası (/magaza/kontrol-kodlari/m4y-m5w-m4w-m4m-ampermetre);;;;
Dijital panel metreler;M4Y/M5W/M4W/M4M (Ammeter);Dijital Panel Metreler;M4Y-DA-2;Üretimde;Kod sayfası (/magaza/kontrol-kodlari/m4y-m5w-m4w-m4m-ampermetre);;;;
Dijital panel metreler;M4Y/M5W/M4W/M4M (Ammeter);Dijital Panel Metreler;M4Y-DA-3;Üretimde;Kod sayfası (/magaza/kontrol-kodlari/m4y-m5w-m4w-m4m-ampermetre);;;;
Dijital panel metreler;M4Y/M5W/M4W/M4M (Ammeter);Dijital Panel Metreler;M4Y-DA-4;Üretimde;Kod sayfası (/magaza/kontrol-kodlari/m4y-m5w-m4w-m4m-ampermetre);;;;
Dijital panel metreler;M4Y/M5W/M4W/M4M (Ammeter);Dijital Panel Metreler;M4Y-DA-5;Üretimde;Kod sayfası (/magaza/kontrol-kodlari/m4y-m5w-m4w-m4m-ampermetre);;;;
Dijital panel metreler;M4Y/M5W/M4W/M4M (Ammeter);Dijital Panel Metreler;M4Y-DA-6;Üretimde;Kod sayfası (/magaza/kontrol-kodlari/m4y-m5w-m4w-m4m-ampermetre);;;;
Dijital panel metreler;M4Y/M5W/M4W/M4M (Ammeter);Dijital Panel Metreler;M4Y-DA-7;Üretimde;Kod sayfası (/magaza/kontrol-kodlari/m4y-m5w-m4w-m4m-ampermetre);;;;
Dijital panel metreler;M4Y/M5W/M4W/M4M (Ammeter);Dijital Panel Metreler;M4Y-DA-8;Üretimde;Kod sayfası (/magaza/kontrol-kodlari/m4y-m5w-m4w-m4m-ampermetre);;;;
Dijital panel metreler;M4Y/M5W/M4W/M4M (Ammeter);Dijital Panel Metreler;M4Y-DA-XX;Üretimde;Kod sayfası (/magaza/kontrol-kodlari/m4y-m5w-m4w-m4m-ampermetre);;;;
Dijital panel metreler;M4Y/M5W/M4W/M4M (Ammeter);Dijital Panel Metreler;M5W-AA-1;Üretimden kalktı;Kod sayfası (/magaza/kontrol-kodlari/m4y-m5w-m4w-m4m-ampermetre);;;;
Dijital panel metreler;M4Y/M5W/M4W/M4M (Ammeter);Dijital Panel Metreler;M5W-AA-2;Üretimden kalktı;Kod sayfası (/magaza/kontrol-kodlari/m4y-m5w-m4w-m4m-ampermetre);;;;
Dijital panel metreler;M4Y/M5W/M4W/M4M (Ammeter);Dijital Panel Metreler;M5W-AA-3;Üretimden kalktı;Kod sayfası (/magaza/kontrol-kodlari/m4y-m5w-m4w-m4m-ampermetre);;;;
Dijital panel metreler;M4Y/M5W/M4W/M4M (Ammeter);Dijital Panel Metreler;M5W-AA-4;Üretimden kalktı;Kod sayfası (/magaza/kontrol-kodlari/m4y-m5w-m4w-m4m-ampermetre);;;;
Dijital panel metreler;M4Y/M5W/M4W/M4M (Ammeter);Dijital Panel Metreler;M5W-AA-5;Üretimden kalktı;Kod sayfası (/magaza/kontrol-kodlari/m4y-m5w-m4w-m4m-ampermetre);;;;
Dijital panel metreler;M4Y/M5W/M4W/M4M (Ammeter);Dijital Panel Metreler;M5W-AA-6;Üretimden kalktı;Kod sayfası (/magaza/kontrol-kodlari/m4y-m5w-m4w-m4m-ampermetre);;;;
Dijital panel metreler;M4Y/M5W/M4W/M4M (Ammeter);Dijital Panel Metreler;M5W-AA-XX;Üretimden kalktı;Kod sayfası (/magaza/kontrol-kodlari/m4y-m5w-m4w-m4m-ampermetre);;;;
Dijital panel metreler;M4Y/M5W/M4W/M4M (Ammeter);Dijital Panel Metreler;M5W-DA-1;Üretimde;Kod sayfası (/magaza/kontrol-kodlari/m4y-m5w-m4w-m4m-ampermetre);;;;
Dijital panel metreler;M4Y/M5W/M4W/M4M (Ammeter);Dijital Panel Metreler;M5W-DA-2;Üretimde;Kod sayfası (/magaza/kontrol-kodlari/m4y-m5w-m4w-m4m-ampermetre);;;;
Dijital panel metreler;M4Y/M5W/M4W/M4M (Ammeter);Dijital Panel Metreler;M5W-DA-3;Üretimde;Kod sayfası (/magaza/kontrol-kodlari/m4y-m5w-m4w-m4m-ampermetre);;;;
Dijital panel metreler;M4Y/M5W/M4W/M4M (Ammeter);Dijital Panel Metreler;M5W-DA-4;Üretimde;Kod sayfası (/magaza/kontrol-kodlari/m4y-m5w-m4w-m4m-ampermetre);;;;
Dijital panel metreler;M4Y/M5W/M4W/M4M (Ammeter);Dijital Panel Metreler;M5W-DA-5;Üretimde;Kod sayfası (/magaza/kontrol-kodlari/m4y-m5w-m4w-m4m-ampermetre);;;;
Dijital panel metreler;M4Y/M5W/M4W/M4M (Ammeter);Dijital Panel Metreler;M5W-DA-6;Üretimde;Kod sayfası (/magaza/kontrol-kodlari/m4y-m5w-m4w-m4m-ampermetre);;;;
Dijital panel metreler;M4Y/M5W/M4W/M4M (Ammeter);Dijital Panel Metreler;M5W-DA-7;Üretimde;Kod sayfası (/magaza/kontrol-kodlari/m4y-m5w-m4w-m4m-ampermetre);;;;
Dijital panel metreler;M4Y/M5W/M4W/M4M (Ammeter);Dijital Panel Metreler;M5W-DA-8;Üretimde;Kod sayfası (/magaza/kontrol-kodlari/m4y-m5w-m4w-m4m-ampermetre);;;;
Dijital panel metreler;M4Y/M5W/M4W/M4M (Ammeter);Dijital Panel Metreler;M5W-DA-XX;Üretimde;Kod sayfası (/magaza/kontrol-kodlari/m4y-m5w-m4w-m4m-ampermetre);;;;
Dijital panel metreler;M4Y/M5W/M4W/M4M (Wattmeter);Dijital Panel Metreler;M4W-W-1;Üretimde;Kod sayfası (/magaza/kontrol-kodlari/m4y-m5w-m4w-m4m-wattmetre);;;;
Dijital panel metreler;M4Y/M5W/M4W/M4M (Wattmeter);Dijital Panel Metreler;M4W-W-2;Üretimde;Kod sayfası (/magaza/kontrol-kodlari/m4y-m5w-m4w-m4m-wattmetre);;;;
Dijital panel metreler;M4Y/M5W/M4W/M4M (Wattmeter);Dijital Panel Metreler;M4W-W-3;Üretimde;Kod sayfası (/magaza/kontrol-kodlari/m4y-m5w-m4w-m4m-wattmetre);;;;
Dijital panel metreler;M4Y/M5W/M4W/M4M (Wattmeter);Dijital Panel Metreler;M4W-W-4;Üretimde;Kod sayfası (/magaza/kontrol-kodlari/m4y-m5w-m4w-m4m-wattmetre);;;;
Dijital panel metreler;M4Y/M5W/M4W/M4M (Wattmeter);Dijital Panel Metreler;M4W-W-5;Üretimde;Kod sayfası (/magaza/kontrol-kodlari/m4y-m5w-m4w-m4m-wattmetre);;;;
Dijital panel metreler;M4Y/M5W/M4W/M4M (Wattmeter);Dijital Panel Metreler;M4W-W-XX;Üretimde;Kod sayfası (/magaza/kontrol-kodlari/m4y-m5w-m4w-m4m-wattmetre);;;;
Dijital panel metreler;M4Y/M5W/M4W/M4M (Wattmeter);Dijital Panel Metreler;M4W1P-W-1;Üretimde;Kod sayfası (/magaza/kontrol-kodlari/m4y-m5w-m4w-m4m-wattmetre);;;;
Dijital panel metreler;M4Y/M5W/M4W/M4M (Wattmeter);Dijital Panel Metreler;M4W1P-W-3;Üretimde;Kod sayfası (/magaza/kontrol-kodlari/m4y-m5w-m4w-m4m-wattmetre);;;;
Dijital panel metreler;M4Y/M5W/M4W/M4M (Wattmeter);Dijital Panel Metreler;M4W1P-W-4;Üretimde;Kod sayfası (/magaza/kontrol-kodlari/m4y-m5w-m4w-m4m-wattmetre);;;;
Dijital panel metreler;M4Y/M5W/M4W/M4M (Wattmeter);Dijital Panel Metreler;M4W1P-W-5;Üretimde;Kod sayfası (/magaza/kontrol-kodlari/m4y-m5w-m4w-m4m-wattmetre);;;;
Dijital panel metreler;M4Y/M5W/M4W/M4M (Wattmeter);Dijital Panel Metreler;M4W2P-W-1;Üretimde;Kod sayfası (/magaza/kontrol-kodlari/m4y-m5w-m4w-m4m-wattmetre);;;;
Dijital panel metreler;M4Y/M5W/M4W/M4M (Wattmeter);Dijital Panel Metreler;M4W2P-W-2;Üretimde;Kod sayfası (/magaza/kontrol-kodlari/m4y-m5w-m4w-m4m-wattmetre);;;;
Dijital panel metreler;M4Y/M5W/M4W/M4M (Wattmeter);Dijital Panel Metreler;M4W2P-W-4;Üretimde;Kod sayfası (/magaza/kontrol-kodlari/m4y-m5w-m4w-m4m-wattmetre);;;;
Dijital panel metreler;M4Y/M5W/M4W/M4M (Wattmeter);Dijital Panel Metreler;M4W2P-W-XX;Üretimde;Kod sayfası (/magaza/kontrol-kodlari/m4y-m5w-m4w-m4m-wattmetre);;;;
Dijital panel metreler;M4Y/M5W/M4W/M4M (Wattmeter);Dijital Panel Metreler;M4Y-W-1;Üretimde;Kod sayfası (/magaza/kontrol-kodlari/m4y-m5w-m4w-m4m-wattmetre);;;;
Dijital panel metreler;M4Y/M5W/M4W/M4M (Wattmeter);Dijital Panel Metreler;M4Y-W-2;Üretimde;Kod sayfası (/magaza/kontrol-kodlari/m4y-m5w-m4w-m4m-wattmetre);;;;
Dijital panel metreler;M4Y/M5W/M4W/M4M (Wattmeter);Dijital Panel Metreler;M4Y-W-3;Üretimde;Kod sayfası (/magaza/kontrol-kodlari/m4y-m5w-m4w-m4m-wattmetre);;;;
Dijital panel metreler;M4Y/M5W/M4W/M4M (Wattmeter);Dijital Panel Metreler;M4Y-W-4;Üretimde;Kod sayfası (/magaza/kontrol-kodlari/m4y-m5w-m4w-m4m-wattmetre);;;;
Dijital panel metreler;M4Y/M5W/M4W/M4M (Wattmeter);Dijital Panel Metreler;M4Y-W-XX;Üretimde;Kod sayfası (/magaza/kontrol-kodlari/m4y-m5w-m4w-m4m-wattmetre);;;;
Dijital panel metreler;M4Y/M5W/M4W/M4M (Wattmeter);Dijital Panel Metreler;M5W-W-1;Üretimde;Kod sayfası (/magaza/kontrol-kodlari/m4y-m5w-m4w-m4m-wattmetre);;;;
Dijital panel metreler;M4Y/M5W/M4W/M4M (Wattmeter);Dijital Panel Metreler;M5W-W-2;Üretimde;Kod sayfası (/magaza/kontrol-kodlari/m4y-m5w-m4w-m4m-wattmetre);;;;
Dijital panel metreler;M4Y/M5W/M4W/M4M (Wattmeter);Dijital Panel Metreler;M5W-W-3;Üretimde;Kod sayfası (/magaza/kontrol-kodlari/m4y-m5w-m4w-m4m-wattmetre);;;;
Dijital panel metreler;M4Y/M5W/M4W/M4M (Wattmeter);Dijital Panel Metreler;M5W-W-4;Üretimde;Kod sayfası (/magaza/kontrol-kodlari/m4y-m5w-m4w-m4m-wattmetre);;;;
Dijital panel metreler;M4Y/M5W/M4W/M4M (Wattmeter);Dijital Panel Metreler;M5W-W-5;Üretimde;Kod sayfası (/magaza/kontrol-kodlari/m4y-m5w-m4w-m4m-wattmetre);;;;
Dijital panel metreler;M4Y/M5W/M4W/M4M (Wattmeter);Dijital Panel Metreler;M5W-W-XX;Üretimde;Kod sayfası (/magaza/kontrol-kodlari/m4y-m5w-m4w-m4m-wattmetre);;;;
Dijital panel metreler;M4Y/M5W/M4W/M4M (Tachometer / Speed Meter);Dijital Panel Metreler;M4W-S-1;Üretimde;Kod sayfası (/magaza/kontrol-kodlari/m4y-m5w-m4w-m4m-takometre-hiz-gostergesi);;;;
Dijital panel metreler;M4Y/M5W/M4W/M4M (Tachometer / Speed Meter);Dijital Panel Metreler;M4W-S-2;Üretimde;Kod sayfası (/magaza/kontrol-kodlari/m4y-m5w-m4w-m4m-takometre-hiz-gostergesi);;;;
Dijital panel metreler;M4Y/M5W/M4W/M4M (Tachometer / Speed Meter);Dijital Panel Metreler;M4W-S-AX;Üretimde;Kod sayfası (/magaza/kontrol-kodlari/m4y-m5w-m4w-m4m-takometre-hiz-gostergesi);;;;
Dijital panel metreler;M4Y/M5W/M4W/M4M (Tachometer / Speed Meter);Dijital Panel Metreler;M4W-S-DX;Üretimde;Kod sayfası (/magaza/kontrol-kodlari/m4y-m5w-m4w-m4m-takometre-hiz-gostergesi);;;;
Dijital panel metreler;M4Y/M5W/M4W/M4M (Tachometer / Speed Meter);Dijital Panel Metreler;M4W-T-1;Üretimde;Kod sayfası (/magaza/kontrol-kodlari/m4y-m5w-m4w-m4m-takometre-hiz-gostergesi);;;;
Dijital panel metreler;M4Y/M5W/M4W/M4M (Tachometer / Speed Meter);Dijital Panel Metreler;M4W-T-2;Üretimde;Kod sayfası (/magaza/kontrol-kodlari/m4y-m5w-m4w-m4m-takometre-hiz-gostergesi);;;;
Dijital panel metreler;M4Y/M5W/M4W/M4M (Tachometer / Speed Meter);Dijital Panel Metreler;M4W-T-DX;Üretimde;Kod sayfası (/magaza/kontrol-kodlari/m4y-m5w-m4w-m4m-takometre-hiz-gostergesi);;;;
Dijital panel metreler;M4Y/M5W/M4W/M4M (Tachometer / Speed Meter);Dijital Panel Metreler;M4W1P-S-1;Üretimde;Kod sayfası (/magaza/kontrol-kodlari/m4y-m5w-m4w-m4m-takometre-hiz-gostergesi);;;;
Dijital panel metreler;M4Y/M5W/M4W/M4M (Tachometer / Speed Meter);Dijital Panel Metreler;M4W1P-S-DX;Üretimde;Kod sayfası (/magaza/kontrol-kodlari/m4y-m5w-m4w-m4m-takometre-hiz-gostergesi);;;;
Dijital panel metreler;M4Y/M5W/M4W/M4M (Tachometer / Speed Meter);Dijital Panel Metreler;M4W1P-T-1;Üretimde;Kod sayfası (/magaza/kontrol-kodlari/m4y-m5w-m4w-m4m-takometre-hiz-gostergesi);;;;
Dijital panel metreler;M4Y/M5W/M4W/M4M (Tachometer / Speed Meter);Dijital Panel Metreler;M4W1P-T-2;Üretimde;Kod sayfası (/magaza/kontrol-kodlari/m4y-m5w-m4w-m4m-takometre-hiz-gostergesi);;;;
Dijital panel metreler;M4Y/M5W/M4W/M4M (Tachometer / Speed Meter);Dijital Panel Metreler;M4W1P-T-DX;Üretimde;Kod sayfası (/magaza/kontrol-kodlari/m4y-m5w-m4w-m4m-takometre-hiz-gostergesi);;;;
Dijital panel metreler;M4Y/M5W/M4W/M4M (Tachometer / Speed Meter);Dijital Panel Metreler;M4W1P-TR-2;Üretimde;Kod sayfası (/magaza/kontrol-kodlari/m4y-m5w-m4w-m4m-takometre-hiz-gostergesi);;;;
Dijital panel metreler;M4Y/M5W/M4W/M4M (Tachometer / Speed Meter);Dijital Panel Metreler;M4W1P-TR-AX;Üretimde;Kod sayfası (/magaza/kontrol-kodlari/m4y-m5w-m4w-m4m-takometre-hiz-gostergesi);;;;
Dijital panel metreler;M4Y/M5W/M4W/M4M (Tachometer / Speed Meter);Dijital Panel Metreler;M4W2P-S-1;Üretimde;Kod sayfası (/magaza/kontrol-kodlari/m4y-m5w-m4w-m4m-takometre-hiz-gostergesi);;;;
Dijital panel metreler;M4Y/M5W/M4W/M4M (Tachometer / Speed Meter);Dijital Panel Metreler;M4W2P-S-DX;Üretimde;Kod sayfası (/magaza/kontrol-kodlari/m4y-m5w-m4w-m4m-takometre-hiz-gostergesi);;;;
Dijital panel metreler;M4Y/M5W/M4W/M4M (Tachometer / Speed Meter);Dijital Panel Metreler;M4W2P-SR-2;Üretimde;Kod sayfası (/magaza/kontrol-kodlari/m4y-m5w-m4w-m4m-takometre-hiz-gostergesi);;;;
Dijital panel metreler;M4Y/M5W/M4W/M4M (Tachometer / Speed Meter);Dijital Panel Metreler;M4W2P-T-1;Üretimde;Kod sayfası (/magaza/kontrol-kodlari/m4y-m5w-m4w-m4m-takometre-hiz-gostergesi);;;;
Dijital panel metreler;M4Y/M5W/M4W/M4M (Tachometer / Speed Meter);Dijital Panel Metreler;M4W2P-T-2;Üretimde;Kod sayfası (/magaza/kontrol-kodlari/m4y-m5w-m4w-m4m-takometre-hiz-gostergesi);;;;
Dijital panel metreler;M4Y/M5W/M4W/M4M (Tachometer / Speed Meter);Dijital Panel Metreler;M4W2P-T-AX;Üretimde;Kod sayfası (/magaza/kontrol-kodlari/m4y-m5w-m4w-m4m-takometre-hiz-gostergesi);;;;
Dijital panel metreler;M4Y/M5W/M4W/M4M (Tachometer / Speed Meter);Dijital Panel Metreler;M4W2P-T-DX;Üretimde;Kod sayfası (/magaza/kontrol-kodlari/m4y-m5w-m4w-m4m-takometre-hiz-gostergesi);;;;
Dijital panel metreler;M4Y/M5W/M4W/M4M (Tachometer / Speed Meter);Dijital Panel Metreler;M4Y-S-1;Üretimde;Kod sayfası (/magaza/kontrol-kodlari/m4y-m5w-m4w-m4m-takometre-hiz-gostergesi);;;;
Dijital panel metreler;M4Y/M5W/M4W/M4M (Tachometer / Speed Meter);Dijital Panel Metreler;M4Y-S-2;Üretimde;Kod sayfası (/magaza/kontrol-kodlari/m4y-m5w-m4w-m4m-takometre-hiz-gostergesi);;;;
Dijital panel metreler;M4Y/M5W/M4W/M4M (Tachometer / Speed Meter);Dijital Panel Metreler;M4Y-S-DX;Üretimde;Kod sayfası (/magaza/kontrol-kodlari/m4y-m5w-m4w-m4m-takometre-hiz-gostergesi);;;;
Dijital panel metreler;M4Y/M5W/M4W/M4M (Tachometer / Speed Meter);Dijital Panel Metreler;M4Y-SR-2;Üretimde;Kod sayfası (/magaza/kontrol-kodlari/m4y-m5w-m4w-m4m-takometre-hiz-gostergesi);;;;
Dijital panel metreler;M4Y/M5W/M4W/M4M (Tachometer / Speed Meter);Dijital Panel Metreler;M4Y-T-1;Üretimde;Kod sayfası (/magaza/kontrol-kodlari/m4y-m5w-m4w-m4m-takometre-hiz-gostergesi);;;;
Dijital panel metreler;M4Y/M5W/M4W/M4M (Tachometer / Speed Meter);Dijital Panel Metreler;M4Y-T-2;Üretimde;Kod sayfası (/magaza/kontrol-kodlari/m4y-m5w-m4w-m4m-takometre-hiz-gostergesi);;;;
Dijital panel metreler;M4Y/M5W/M4W/M4M (Tachometer / Speed Meter);Dijital Panel Metreler;M4Y-T-AX;Üretimde;Kod sayfası (/magaza/kontrol-kodlari/m4y-m5w-m4w-m4m-takometre-hiz-gostergesi);;;;
Dijital panel metreler;M4Y/M5W/M4W/M4M (Tachometer / Speed Meter);Dijital Panel Metreler;M4Y-T-DX;Üretimde;Kod sayfası (/magaza/kontrol-kodlari/m4y-m5w-m4w-m4m-takometre-hiz-gostergesi);;;;
Dijital panel metreler;M4Y/M5W/M4W/M4M (Tachometer / Speed Meter);Dijital Panel Metreler;M5W-S-1;Üretimde;Kod sayfası (/magaza/kontrol-kodlari/m4y-m5w-m4w-m4m-takometre-hiz-gostergesi);;;;
Dijital panel metreler;M4Y/M5W/M4W/M4M (Tachometer / Speed Meter);Dijital Panel Metreler;M5W-S-2;Üretimden kalktı;Kod sayfası (/magaza/kontrol-kodlari/m4y-m5w-m4w-m4m-takometre-hiz-gostergesi);;;;
Dijital panel metreler;M4Y/M5W/M4W/M4M (Tachometer / Speed Meter);Dijital Panel Metreler;M5W-S-AX;Üretimden kalktı;Kod sayfası (/magaza/kontrol-kodlari/m4y-m5w-m4w-m4m-takometre-hiz-gostergesi);;;;
Dijital panel metreler;M4Y/M5W/M4W/M4M (Tachometer / Speed Meter);Dijital Panel Metreler;M5W-T-1;Üretimde;Kod sayfası (/magaza/kontrol-kodlari/m4y-m5w-m4w-m4m-takometre-hiz-gostergesi);;;;
Dijital panel metreler;M4Y/M5W/M4W/M4M (Tachometer / Speed Meter);Dijital Panel Metreler;M5W-T-2;Üretimden kalktı;Kod sayfası (/magaza/kontrol-kodlari/m4y-m5w-m4w-m4m-takometre-hiz-gostergesi);;;;
Dijital panel metreler;M4Y/M5W/M4W/M4M (Tachometer / Speed Meter);Dijital Panel Metreler;M5W-T-AX;Üretimden kalktı;Kod sayfası (/magaza/kontrol-kodlari/m4y-m5w-m4w-m4m-takometre-hiz-gostergesi);;;;
Dijital panel metreler;M4Y/M5W/M4W/M4M (Tachometer / Speed Meter);Dijital Panel Metreler;M5W-T-DX;Üretimden kalktı;Kod sayfası (/magaza/kontrol-kodlari/m4y-m5w-m4w-m4m-takometre-hiz-gostergesi);;;;
Dijital panel metreler;M4N;Dijital Panel Metreler;M4N-DA-01;Üretimde;Kod sayfası (/magaza/kontrol-kodlari/m4n);;;;
Dijital panel metreler;M4N;Dijital Panel Metreler;M4N-DA-02;Üretimde;Kod sayfası (/magaza/kontrol-kodlari/m4n);;;;
Dijital panel metreler;M4N;Dijital Panel Metreler;M4N-DA-03;Üretimde;Kod sayfası (/magaza/kontrol-kodlari/m4n);;;;
Dijital panel metreler;M4N;Dijital Panel Metreler;M4N-DA-04;Üretimde;Kod sayfası (/magaza/kontrol-kodlari/m4n);;;;
Dijital panel metreler;M4N;Dijital Panel Metreler;M4N-DA-0X;Üretimde;Kod sayfası (/magaza/kontrol-kodlari/m4n);;;;
Dijital panel metreler;M4N;Dijital Panel Metreler;M4N-DA-11;Üretimde;Kod sayfası (/magaza/kontrol-kodlari/m4n);;;;
Dijital panel metreler;M4N;Dijital Panel Metreler;M4N-DA-12;Üretimde;Kod sayfası (/magaza/kontrol-kodlari/m4n);;;;
Dijital panel metreler;M4N;Dijital Panel Metreler;M4N-DA-13;Üretimde;Kod sayfası (/magaza/kontrol-kodlari/m4n);;;;
Dijital panel metreler;M4N;Dijital Panel Metreler;M4N-DA-14;Üretimde;Kod sayfası (/magaza/kontrol-kodlari/m4n);;;;
Dijital panel metreler;M4N;Dijital Panel Metreler;M4N-DA-1X;Üretimde;Kod sayfası (/magaza/kontrol-kodlari/m4n);;;;
Dijital panel metreler;M4N;Dijital Panel Metreler;M4N-DI-0X;Üretimde;Kod sayfası (/magaza/kontrol-kodlari/m4n);;;;
Dijital panel metreler;M4N;Dijital Panel Metreler;M4N-DI-1X;Üretimde;Kod sayfası (/magaza/kontrol-kodlari/m4n);;;;
Dijital panel metreler;M4N;Dijital Panel Metreler;M4N-DV-01;Üretimde;Kod sayfası (/magaza/kontrol-kodlari/m4n);;;;
Dijital panel metreler;M4N;Dijital Panel Metreler;M4N-DV-02;Üretimde;Kod sayfası (/magaza/kontrol-kodlari/m4n);;;;
Dijital panel metreler;M4N;Dijital Panel Metreler;M4N-DV-03;Üretimde;Kod sayfası (/magaza/kontrol-kodlari/m4n);;;;
Dijital panel metreler;M4N;Dijital Panel Metreler;M4N-DV-04;Üretimde;Kod sayfası (/magaza/kontrol-kodlari/m4n);;;;
Dijital panel metreler;M4N;Dijital Panel Metreler;M4N-DV-0X;Üretimde;Kod sayfası (/magaza/kontrol-kodlari/m4n);;;;
Dijital panel metreler;M4N;Dijital Panel Metreler;M4N-DV-11;Üretimde;Kod sayfası (/magaza/kontrol-kodlari/m4n);;;;
Dijital panel metreler;M4N;Dijital Panel Metreler;M4N-DV-12;Üretimde;Kod sayfası (/magaza/kontrol-kodlari/m4n);;;;
Dijital panel metreler;M4N;Dijital Panel Metreler;M4N-DV-13;Üretimde;Kod sayfası (/magaza/kontrol-kodlari/m4n);;;;
Dijital panel metreler;M4N;Dijital Panel Metreler;M4N-DV-14;Üretimde;Kod sayfası (/magaza/kontrol-kodlari/m4n);;;;
Dijital panel metreler;M4N;Dijital Panel Metreler;M4N-DV-1X;Üretimde;Kod sayfası (/magaza/kontrol-kodlari/m4n);;;;
Dijital panel metreler;M4V;Mozaik Paneller İçin Dijital Grafik Panel Ölçerler;M4V;Üretimde;Kod sayfası (/magaza/kontrol-kodlari/m4v);;;;
Dijital panel metreler;M4NN;Farklı Giriş Seçenekli Dijital Panel Metreler;M4NN-AA-11;Üretimde;Kod sayfası (/magaza/kontrol-kodlari/m4nn);;;;
Dijital panel metreler;M4NN;Farklı Giriş Seçenekli Dijital Panel Metreler;M4NN-AA-12;Üretimde;Kod sayfası (/magaza/kontrol-kodlari/m4nn);;;;
Dijital panel metreler;M4NN;Farklı Giriş Seçenekli Dijital Panel Metreler;M4NN-AA-1N;Üretimde;Kod sayfası (/magaza/kontrol-kodlari/m4nn);;;;
Dijital panel metreler;M4NN;Farklı Giriş Seçenekli Dijital Panel Metreler;M4NN-AV-11;Üretimde;Kod sayfası (/magaza/kontrol-kodlari/m4nn);;;;
Dijital panel metreler;M4NN;Farklı Giriş Seçenekli Dijital Panel Metreler;M4NN-AV-12;Üretimde;Kod sayfası (/magaza/kontrol-kodlari/m4nn);;;;
Dijital panel metreler;M4NN;Farklı Giriş Seçenekli Dijital Panel Metreler;M4NN-AV-1N;Üretimde;Kod sayfası (/magaza/kontrol-kodlari/m4nn);;;;
Dijital panel metreler;M4NN;Farklı Giriş Seçenekli Dijital Panel Metreler;M4NN-DA-11;Üretimde;Kod sayfası (/magaza/kontrol-kodlari/m4nn);;;;
Dijital panel metreler;M4NN;Farklı Giriş Seçenekli Dijital Panel Metreler;M4NN-DA-12;Üretimde;Kod sayfası (/magaza/kontrol-kodlari/m4nn);;;;
Dijital panel metreler;M4NN;Farklı Giriş Seçenekli Dijital Panel Metreler;M4NN-DA-1N;Üretimde;Kod sayfası (/magaza/kontrol-kodlari/m4nn);;;;
Dijital panel metreler;M4NN;Farklı Giriş Seçenekli Dijital Panel Metreler;M4NN-DV-11;Üretimde;Kod sayfası (/magaza/kontrol-kodlari/m4nn);;;;
Dijital panel metreler;M4NN;Farklı Giriş Seçenekli Dijital Panel Metreler;M4NN-DV-12;Üretimde;Kod sayfası (/magaza/kontrol-kodlari/m4nn);;;;
Dijital panel metreler;M4NN;Farklı Giriş Seçenekli Dijital Panel Metreler;M4NN-DV-1N;Üretimde;Kod sayfası (/magaza/kontrol-kodlari/m4nn);;;;
Dijital panel metreler;MP5S/MP5Y/MP5W;Yüksek Performanslı Dijital Pals Metreler;MP5S-2N;Üretimde;Kod sayfası (/magaza/kontrol-kodlari/mp5s-mp5y-mp5w);;;;
Dijital panel metreler;MP5S/MP5Y/MP5W;Yüksek Performanslı Dijital Pals Metreler;MP5S-4N;Üretimde;Kod sayfası (/magaza/kontrol-kodlari/mp5s-mp5y-mp5w);;;;
Dijital panel metreler;MP5S/MP5Y/MP5W;Yüksek Performanslı Dijital Pals Metreler;MP5W-21;Üretimde;Kod sayfası (/magaza/kontrol-kodlari/mp5s-mp5y-mp5w);;;;
Dijital panel metreler;MP5S/MP5Y/MP5W;Yüksek Performanslı Dijital Pals Metreler;MP5W-22;Üretimde;Kod sayfası (/magaza/kontrol-kodlari/mp5s-mp5y-mp5w);;;;
Dijital panel metreler;MP5S/MP5Y/MP5W;Yüksek Performanslı Dijital Pals Metreler;MP5W-24;Üretimde;Kod sayfası (/magaza/kontrol-kodlari/mp5s-mp5y-mp5w);;;;
Dijital panel metreler;MP5S/MP5Y/MP5W;Yüksek Performanslı Dijital Pals Metreler;MP5W-25;Üretimde;Kod sayfası (/magaza/kontrol-kodlari/mp5s-mp5y-mp5w);;;;
Dijital panel metreler;MP5S/MP5Y/MP5W;Yüksek Performanslı Dijital Pals Metreler;MP5W-28;Üretimde;Kod sayfası (/magaza/kontrol-kodlari/mp5s-mp5y-mp5w);;;;
Dijital panel metreler;MP5S/MP5Y/MP5W;Yüksek Performanslı Dijital Pals Metreler;MP5W-29;Üretimde;Kod sayfası (/magaza/kontrol-kodlari/mp5s-mp5y-mp5w);;;;
Dijital panel metreler;MP5S/MP5Y/MP5W;Yüksek Performanslı Dijital Pals Metreler;MP5W-2A;Üretimde;Kod sayfası (/magaza/kontrol-kodlari/mp5s-mp5y-mp5w);;;;
Dijital panel metreler;MP5S/MP5Y/MP5W;Yüksek Performanslı Dijital Pals Metreler;MP5W-2N;Üretimde;Kod sayfası (/magaza/kontrol-kodlari/mp5s-mp5y-mp5w);;;;
Dijital panel metreler;MP5S/MP5Y/MP5W;Yüksek Performanslı Dijital Pals Metreler;MP5W-41;Üretimde;Kod sayfası (/magaza/kontrol-kodlari/mp5s-mp5y-mp5w);;;;
Dijital panel metreler;MP5S/MP5Y/MP5W;Yüksek Performanslı Dijital Pals Metreler;MP5W-42;Üretimde;Kod sayfası (/magaza/kontrol-kodlari/mp5s-mp5y-mp5w);;;;
Dijital panel metreler;MP5S/MP5Y/MP5W;Yüksek Performanslı Dijital Pals Metreler;MP5W-44;Üretimde;Kod sayfası (/magaza/kontrol-kodlari/mp5s-mp5y-mp5w);;;;
Dijital panel metreler;MP5S/MP5Y/MP5W;Yüksek Performanslı Dijital Pals Metreler;MP5W-45;Üretimde;Kod sayfası (/magaza/kontrol-kodlari/mp5s-mp5y-mp5w);;;;
Dijital panel metreler;MP5S/MP5Y/MP5W;Yüksek Performanslı Dijital Pals Metreler;MP5W-48;Üretimde;Kod sayfası (/magaza/kontrol-kodlari/mp5s-mp5y-mp5w);;;;
Dijital panel metreler;MP5S/MP5Y/MP5W;Yüksek Performanslı Dijital Pals Metreler;MP5W-49;Üretimde;Kod sayfası (/magaza/kontrol-kodlari/mp5s-mp5y-mp5w);;;;
Dijital panel metreler;MP5S/MP5Y/MP5W;Yüksek Performanslı Dijital Pals Metreler;MP5W-4A;Üretimde;Kod sayfası (/magaza/kontrol-kodlari/mp5s-mp5y-mp5w);;;;
Dijital panel metreler;MP5S/MP5Y/MP5W;Yüksek Performanslı Dijital Pals Metreler;MP5W-4N;Üretimde;Kod sayfası (/magaza/kontrol-kodlari/mp5s-mp5y-mp5w);;;;
Dijital panel metreler;MP5S/MP5Y/MP5W;Yüksek Performanslı Dijital Pals Metreler;MP5Y-21;Üretimde;Kod sayfası (/magaza/kontrol-kodlari/mp5s-mp5y-mp5w);;;;
Dijital panel metreler;MP5S/MP5Y/MP5W;Yüksek Performanslı Dijital Pals Metreler;MP5Y-22;Üretimde;Kod sayfası (/magaza/kontrol-kodlari/mp5s-mp5y-mp5w);;;;
Dijital panel metreler;MP5S/MP5Y/MP5W;Yüksek Performanslı Dijital Pals Metreler;MP5Y-23;Üretimde;Kod sayfası (/magaza/kontrol-kodlari/mp5s-mp5y-mp5w);;;;
Dijital panel metreler;MP5S/MP5Y/MP5W;Yüksek Performanslı Dijital Pals Metreler;MP5Y-24;Üretimde;Kod sayfası (/magaza/kontrol-kodlari/mp5s-mp5y-mp5w);;;;
Dijital panel metreler;MP5S/MP5Y/MP5W;Yüksek Performanslı Dijital Pals Metreler;MP5Y-25;Üretimde;Kod sayfası (/magaza/kontrol-kodlari/mp5s-mp5y-mp5w);;;;
Dijital panel metreler;MP5S/MP5Y/MP5W;Yüksek Performanslı Dijital Pals Metreler;MP5Y-26;Üretimde;Kod sayfası (/magaza/kontrol-kodlari/mp5s-mp5y-mp5w);;;;
Dijital panel metreler;MP5S/MP5Y/MP5W;Yüksek Performanslı Dijital Pals Metreler;MP5Y-2N;Üretimde;Kod sayfası (/magaza/kontrol-kodlari/mp5s-mp5y-mp5w);;;;
Dijital panel metreler;MP5S/MP5Y/MP5W;Yüksek Performanslı Dijital Pals Metreler;MP5Y-41;Üretimde;Kod sayfası (/magaza/kontrol-kodlari/mp5s-mp5y-mp5w);;;;
Dijital panel metreler;MP5S/MP5Y/MP5W;Yüksek Performanslı Dijital Pals Metreler;MP5Y-42;Üretimde;Kod sayfası (/magaza/kontrol-kodlari/mp5s-mp5y-mp5w);;;;
Dijital panel metreler;MP5S/MP5Y/MP5W;Yüksek Performanslı Dijital Pals Metreler;MP5Y-43;Üretimde;Kod sayfası (/magaza/kontrol-kodlari/mp5s-mp5y-mp5w);;;;
Dijital panel metreler;MP5S/MP5Y/MP5W;Yüksek Performanslı Dijital Pals Metreler;MP5Y-44;Üretimde;Kod sayfası (/magaza/kontrol-kodlari/mp5s-mp5y-mp5w);;;;
Dijital panel metreler;MP5S/MP5Y/MP5W;Yüksek Performanslı Dijital Pals Metreler;MP5Y-45;Üretimde;Kod sayfası (/magaza/kontrol-kodlari/mp5s-mp5y-mp5w);;;;
Dijital panel metreler;MP5S/MP5Y/MP5W;Yüksek Performanslı Dijital Pals Metreler;MP5Y-46;Üretimde;Kod sayfası (/magaza/kontrol-kodlari/mp5s-mp5y-mp5w);;;;
Dijital panel metreler;MP5S/MP5Y/MP5W;Yüksek Performanslı Dijital Pals Metreler;MP5Y-4N;Üretimde;Kod sayfası (/magaza/kontrol-kodlari/mp5s-mp5y-mp5w);;;;
Dijital panel metreler;MP5M;Pals Metreler;MP5M-21;Üretimde;Kod sayfası (/magaza/kontrol-kodlari/mp5m);;;;
Dijital panel metreler;MP5M;Pals Metreler;MP5M-22;Üretimde;Kod sayfası (/magaza/kontrol-kodlari/mp5m);;;;
Dijital panel metreler;MP5M;Pals Metreler;MP5M-2N;Üretimde;Kod sayfası (/magaza/kontrol-kodlari/mp5m);;;;
Dijital panel metreler;MP5M;Pals Metreler;MP5M-41;Üretimde;Kod sayfası (/magaza/kontrol-kodlari/mp5m);;;;
Dijital panel metreler;MP5M;Pals Metreler;MP5M-42;Üretimde;Kod sayfası (/magaza/kontrol-kodlari/mp5m);;;;
Dijital panel metreler;MP5M;Pals Metreler;MP5M-4N;Üretimde;Kod sayfası (/magaza/kontrol-kodlari/mp5m);;;;
Kayıt cihazları;KRN50;50 mm Küçük Hibrit Kayıt Cihazları;KRN50-1000-00;Üretimde;Ürün (/magaza/autonics-krn50-1000-00);;;;
Kayıt cihazları;KRN50;50 mm Küçük Hibrit Kayıt Cihazları;KRN50-1000-01;Üretimde;Ürün (/magaza/autonics-krn50-1000-01);;;;
Kayıt cihazları;KRN50;50 mm Küçük Hibrit Kayıt Cihazları;KRN50-1000-40;Üretimde;Ürün (/magaza/autonics-krn50-1000-40);;;;
Kayıt cihazları;KRN50;50 mm Küçük Hibrit Kayıt Cihazları;KRN50-1000-41;Üretimde;Ürün (/magaza/autonics-krn50-1000-41);;;;
Kayıt cihazları;KRN50;50 mm Küçük Hibrit Kayıt Cihazları;KRN50-1002-00;Üretimde;Ürün (/magaza/autonics-krn50-1002-00);;;;
Kayıt cihazları;KRN50;50 mm Küçük Hibrit Kayıt Cihazları;KRN50-1002-01;Üretimde;Ürün (/magaza/autonics-krn50-1002-01);;;;
Kayıt cihazları;KRN50;50 mm Küçük Hibrit Kayıt Cihazları;KRN50-1002-40;Üretimde;Ürün (/magaza/autonics-krn50-1002-40);;;;
Kayıt cihazları;KRN50;50 mm Küçük Hibrit Kayıt Cihazları;KRN50-1002-41;Üretimde;Ürün (/magaza/autonics-krn50-1002-41);;;;
Kayıt cihazları;KRN50;50 mm Küçük Hibrit Kayıt Cihazları;KRN50-2000-00;Üretimde;Ürün (/magaza/autonics-krn50-2000-00);;;;
Kayıt cihazları;KRN50;50 mm Küçük Hibrit Kayıt Cihazları;KRN50-2000-01;Üretimde;Ürün (/magaza/autonics-krn50-2000-01);;;;
Kayıt cihazları;KRN50;50 mm Küçük Hibrit Kayıt Cihazları;KRN50-2000-40;Üretimde;Ürün (/magaza/autonics-krn50-2000-40);;;;
Kayıt cihazları;KRN50;50 mm Küçük Hibrit Kayıt Cihazları;KRN50-2000-41;Üretimde;Ürün (/magaza/autonics-krn50-2000-41);;;;
Kayıt cihazları;KRN50;50 mm Küçük Hibrit Kayıt Cihazları;KRN50-2002-00;Üretimde;Ürün (/magaza/autonics-krn50-2002-00);;;;
Kayıt cihazları;KRN50;50 mm Küçük Hibrit Kayıt Cihazları;KRN50-2002-01;Üretimde;Ürün (/magaza/autonics-krn50-2002-01);;;;
Kayıt cihazları;KRN50;50 mm Küçük Hibrit Kayıt Cihazları;KRN50-2002-40;Üretimde;Ürün (/magaza/autonics-krn50-2002-40);;;;
Kayıt cihazları;KRN50;50 mm Küçük Hibrit Kayıt Cihazları;KRN50-2002-41;Üretimde;Ürün (/magaza/autonics-krn50-2002-41);;;;
Kayıt cihazları;KRN50;50 mm Küçük Hibrit Kayıt Cihazları;KRN50-2004-00;Üretimde;Ürün (/magaza/autonics-krn50-2004-00);;;;
Kayıt cihazları;KRN50;50 mm Küçük Hibrit Kayıt Cihazları;KRN50-2004-01;Üretimde;Ürün (/magaza/autonics-krn50-2004-01);;;;
Kayıt cihazları;KRN50;50 mm Küçük Hibrit Kayıt Cihazları;KRN50-2004-40;Üretimde;Ürün (/magaza/autonics-krn50-2004-40);;;;
Kayıt cihazları;KRN50;50 mm Küçük Hibrit Kayıt Cihazları;KRN50-2004-41;Üretimde;Ürün (/magaza/autonics-krn50-2004-41);;;;
Kayıt cihazları;KRN100;Kağıtlı ve Kağıtsız Endüstriyel Kayıt Cihazları;KRN100-02000-00-0S;Üretimde;Ürün (/magaza/autonics-krn100-02000-00-0s);;;;
Kayıt cihazları;KRN100;Kağıtlı ve Kağıtsız Endüstriyel Kayıt Cihazları;KRN100-02000-01-0S;Üretimde;Ürün (/magaza/autonics-krn100-02000-01-0s);;;;
Kayıt cihazları;KRN100;Kağıtlı ve Kağıtsız Endüstriyel Kayıt Cihazları;KRN100-02001-00-0S;Üretimde;Ürün (/magaza/autonics-krn100-02001-00-0s);;;;
Kayıt cihazları;KRN100;Kağıtlı ve Kağıtsız Endüstriyel Kayıt Cihazları;KRN100-02001-01-0S;Üretimde;Ürün (/magaza/autonics-krn100-02001-01-0s);;;;
Kayıt cihazları;KRN100;Kağıtlı ve Kağıtsız Endüstriyel Kayıt Cihazları;KRN100-04000-00-0S;Üretimde;Ürün (/magaza/autonics-krn100-04000-00-0s);;;;
Kayıt cihazları;KRN100;Kağıtlı ve Kağıtsız Endüstriyel Kayıt Cihazları;KRN100-04000-01-0S;Üretimde;Ürün (/magaza/autonics-krn100-04000-01-0s);;;;
Kayıt cihazları;KRN100;Kağıtlı ve Kağıtsız Endüstriyel Kayıt Cihazları;KRN100-04001-00-0S;Üretimde;Ürün (/magaza/autonics-krn100-04001-00-0s);;;;
Kayıt cihazları;KRN100;Kağıtlı ve Kağıtsız Endüstriyel Kayıt Cihazları;KRN100-04001-01-0S;Üretimde;Ürün (/magaza/autonics-krn100-04001-01-0s);;;;
Kayıt cihazları;KRN100;Kağıtlı ve Kağıtsız Endüstriyel Kayıt Cihazları;KRN100-04003-11-0S;Üretimde;Ürün (/magaza/autonics-krn100-04003-11-0s);;;;
Kayıt cihazları;KRN100;Kağıtlı ve Kağıtsız Endüstriyel Kayıt Cihazları;KRN100-06000-00-0S;Üretimde;Ürün (/magaza/autonics-krn100-06000-00-0s);;;;
Kayıt cihazları;KRN100;Kağıtlı ve Kağıtsız Endüstriyel Kayıt Cihazları;KRN100-06000-01-0S;Üretimde;Ürün (/magaza/autonics-krn100-06000-01-0s);;;;
Kayıt cihazları;KRN100;Kağıtlı ve Kağıtsız Endüstriyel Kayıt Cihazları;KRN100-06001-00-0S;Üretimde;Ürün (/magaza/autonics-krn100-06001-00-0s);;;;
Kayıt cihazları;KRN100;Kağıtlı ve Kağıtsız Endüstriyel Kayıt Cihazları;KRN100-06001-01-0S;Üretimde;Ürün (/magaza/autonics-krn100-06001-01-0s);;;;
Kayıt cihazları;KRN100;Kağıtlı ve Kağıtsız Endüstriyel Kayıt Cihazları;KRN100-06002-00-0S;Üretimde;Ürün (/magaza/autonics-krn100-06002-00-0s);;;;
Kayıt cihazları;KRN100;Kağıtlı ve Kağıtsız Endüstriyel Kayıt Cihazları;KRN100-06002-01-0S;Üretimde;Ürün (/magaza/autonics-krn100-06002-01-0s);;;;
Kayıt cihazları;KRN100;Kağıtlı ve Kağıtsız Endüstriyel Kayıt Cihazları;KRN100-06101-01-0S;Üretimde;Ürün (/magaza/autonics-krn100-06101-01-0s);;;;
Kayıt cihazları;KRN100;Kağıtlı ve Kağıtsız Endüstriyel Kayıt Cihazları;KRN100-08000-00-0S;Üretimde;Ürün (/magaza/autonics-krn100-08000-00-0s);;;;
Kayıt cihazları;KRN100;Kağıtlı ve Kağıtsız Endüstriyel Kayıt Cihazları;KRN100-08000-01-0S;Üretimde;Ürün (/magaza/autonics-krn100-08000-01-0s);;;;
Kayıt cihazları;KRN100;Kağıtlı ve Kağıtsız Endüstriyel Kayıt Cihazları;KRN100-08001-00-0S;Üretimde;Ürün (/magaza/autonics-krn100-08001-00-0s);;;;
Kayıt cihazları;KRN100;Kağıtlı ve Kağıtsız Endüstriyel Kayıt Cihazları;KRN100-08001-01-0S;Üretimde;Ürün (/magaza/autonics-krn100-08001-01-0s);;;;
Kayıt cihazları;KRN100;Kağıtlı ve Kağıtsız Endüstriyel Kayıt Cihazları;KRN100-08002-00-0S;Üretimde;Ürün (/magaza/autonics-krn100-08002-00-0s);;;;
Kayıt cihazları;KRN100;Kağıtlı ve Kağıtsız Endüstriyel Kayıt Cihazları;KRN100-08002-01-0S;Üretimde;Ürün (/magaza/autonics-krn100-08002-01-0s);;;;
Kayıt cihazları;KRN100;Kağıtlı ve Kağıtsız Endüstriyel Kayıt Cihazları;KRN100-10000-00-0S;Üretimde;Ürün (/magaza/autonics-krn100-10000-00-0s);;;;
Kayıt cihazları;KRN100;Kağıtlı ve Kağıtsız Endüstriyel Kayıt Cihazları;KRN100-10000-01-0S;Üretimde;Ürün (/magaza/autonics-krn100-10000-01-0s);;;;
Kayıt cihazları;KRN100;Kağıtlı ve Kağıtsız Endüstriyel Kayıt Cihazları;KRN100-10001-00-0S;Üretimde;Ürün (/magaza/autonics-krn100-10001-00-0s);;;;
Kayıt cihazları;KRN100;Kağıtlı ve Kağıtsız Endüstriyel Kayıt Cihazları;KRN100-10001-01-0S;Üretimde;Ürün (/magaza/autonics-krn100-10001-01-0s);;;;
Kayıt cihazları;KRN100;Kağıtlı ve Kağıtsız Endüstriyel Kayıt Cihazları;KRN100-10002-00-0S;Üretimde;Ürün (/magaza/autonics-krn100-10002-00-0s);;;;
Kayıt cihazları;KRN100;Kağıtlı ve Kağıtsız Endüstriyel Kayıt Cihazları;KRN100-10002-01-0S;Üretimde;Ürün (/magaza/autonics-krn100-10002-01-0s);;;;
Kayıt cihazları;KRN100;Kağıtlı ve Kağıtsız Endüstriyel Kayıt Cihazları;KRN100-10003-00-0S;Üretimde;Ürün (/magaza/autonics-krn100-10003-00-0s);;;;
Kayıt cihazları;KRN100;Kağıtlı ve Kağıtsız Endüstriyel Kayıt Cihazları;KRN100-10003-01-0S;Üretimde;Ürün (/magaza/autonics-krn100-10003-01-0s);;;;
Kayıt cihazları;KRN100;Kağıtlı ve Kağıtsız Endüstriyel Kayıt Cihazları;KRN100-12000-00-0S;Üretimde;Ürün (/magaza/autonics-krn100-12000-00-0s);;;;
Kayıt cihazları;KRN100;Kağıtlı ve Kağıtsız Endüstriyel Kayıt Cihazları;KRN100-12000-01-0S;Üretimde;Ürün (/magaza/autonics-krn100-12000-01-0s);;;;
Kayıt cihazları;KRN100;Kağıtlı ve Kağıtsız Endüstriyel Kayıt Cihazları;KRN100-12001-00-0S;Üretimde;Ürün (/magaza/autonics-krn100-12001-00-0s);;;;
Kayıt cihazları;KRN100;Kağıtlı ve Kağıtsız Endüstriyel Kayıt Cihazları;KRN100-12001-01-0S;Üretimde;Ürün (/magaza/autonics-krn100-12001-01-0s);;;;
Kayıt cihazları;KRN100;Kağıtlı ve Kağıtsız Endüstriyel Kayıt Cihazları;KRN100-12002-00-0S;Üretimde;Ürün (/magaza/autonics-krn100-12002-00-0s);;;;
Kayıt cihazları;KRN100;Kağıtlı ve Kağıtsız Endüstriyel Kayıt Cihazları;KRN100-12002-01-0S;Üretimde;Ürün (/magaza/autonics-krn100-12002-01-0s);;;;
Kayıt cihazları;KRN100;Kağıtlı ve Kağıtsız Endüstriyel Kayıt Cihazları;KRN100-12003-00-0S;Üretimde;Ürün (/magaza/autonics-krn100-12003-00-0s);;;;
Kayıt cihazları;KRN100;Kağıtlı ve Kağıtsız Endüstriyel Kayıt Cihazları;KRN100-12003-01-0S;Üretimde;Ürün (/magaza/autonics-krn100-12003-01-0s);;;;
Kayıt cihazları;KRN1000;LCD Dokunmatik Ekran Kağıtsız Kayıt Cihazları;KRN1000-0401-0S;Üretimde;Ürün (/magaza/autonics-krn1000-0401-0s);;;;
Kayıt cihazları;KRN1000;LCD Dokunmatik Ekran Kağıtsız Kayıt Cihazları;KRN1000-0411-0S;Üretimde;Ürün (/magaza/autonics-krn1000-0411-0s);;;;
Kayıt cihazları;KRN1000;LCD Dokunmatik Ekran Kağıtsız Kayıt Cihazları;KRN1000-0421-0S;Üretimde;Ürün (/magaza/autonics-krn1000-0421-0s);;;;
Kayıt cihazları;KRN1000;LCD Dokunmatik Ekran Kağıtsız Kayıt Cihazları;KRN1000-0431-0S;Üretimde;Ürün (/magaza/autonics-krn1000-0431-0s);;;;
Kayıt cihazları;KRN1000;LCD Dokunmatik Ekran Kağıtsız Kayıt Cihazları;KRN1000-0441-0S;Üretimde;Ürün (/magaza/autonics-krn1000-0441-0s);;;;
Kayıt cihazları;KRN1000;LCD Dokunmatik Ekran Kağıtsız Kayıt Cihazları;KRN1000-0801-0S;Üretimde;Ürün (/magaza/autonics-krn1000-0801-0s);;;;
Kayıt cihazları;KRN1000;LCD Dokunmatik Ekran Kağıtsız Kayıt Cihazları;KRN1000-0811-0S;Üretimde;Ürün (/magaza/autonics-krn1000-0811-0s);;;;
Kayıt cihazları;KRN1000;LCD Dokunmatik Ekran Kağıtsız Kayıt Cihazları;KRN1000-0821-0S;Üretimde;Ürün (/magaza/autonics-krn1000-0821-0s);;;;
Kayıt cihazları;KRN1000;LCD Dokunmatik Ekran Kağıtsız Kayıt Cihazları;KRN1000-0831-0S;Üretimde;Ürün (/magaza/autonics-krn1000-0831-0s);;;;
Kayıt cihazları;KRN1000;LCD Dokunmatik Ekran Kağıtsız Kayıt Cihazları;KRN1000-0841-0S;Üretimde;Ürün (/magaza/autonics-krn1000-0841-0s);;;;
Kayıt cihazları;KRN1000;LCD Dokunmatik Ekran Kağıtsız Kayıt Cihazları;KRN1000-1201-0S;Üretimde;Ürün (/magaza/autonics-krn1000-1201-0s);;;;
Kayıt cihazları;KRN1000;LCD Dokunmatik Ekran Kağıtsız Kayıt Cihazları;KRN1000-1211-0S;Üretimde;Ürün (/magaza/autonics-krn1000-1211-0s);;;;
Kayıt cihazları;KRN1000;LCD Dokunmatik Ekran Kağıtsız Kayıt Cihazları;KRN1000-1221-0S;Üretimde;Ürün (/magaza/autonics-krn1000-1221-0s);;;;
Kayıt cihazları;KRN1000;LCD Dokunmatik Ekran Kağıtsız Kayıt Cihazları;KRN1000-1231-0S;Üretimde;Ürün (/magaza/autonics-krn1000-1231-0s);;;;
Kayıt cihazları;KRN1000;LCD Dokunmatik Ekran Kağıtsız Kayıt Cihazları;KRN1000-1241-0S;Üretimde;Ürün (/magaza/autonics-krn1000-1241-0s);;;;
Kayıt cihazları;KRN1000;LCD Dokunmatik Ekran Kağıtsız Kayıt Cihazları;KRN1000-1601-0S;Üretimde;Ürün (/magaza/autonics-krn1000-1601-0s);;;;
Kayıt cihazları;KRN1000;LCD Dokunmatik Ekran Kağıtsız Kayıt Cihazları;KRN1000-1611-0S;Üretimde;Ürün (/magaza/autonics-krn1000-1611-0s);;;;
Kayıt cihazları;KRN1000;LCD Dokunmatik Ekran Kağıtsız Kayıt Cihazları;KRN1000-1621-0S;Üretimde;Ürün (/magaza/autonics-krn1000-1621-0s);;;;
Kayıt cihazları;KRN1000;LCD Dokunmatik Ekran Kağıtsız Kayıt Cihazları;KRN1000-1631-0S;Üretimde;Ürün (/magaza/autonics-krn1000-1631-0s);;;;
Kayıt cihazları;KRN1000;LCD Dokunmatik Ekran Kağıtsız Kayıt Cihazları;KRN1000-1641-0S;Üretimde;Ürün (/magaza/autonics-krn1000-1641-0s);;;;
Göstergeler;KN-1000B;Çubuk Grafik Göstergeleri;KN-1000B;Üretimde;Ürün (/magaza/autonics-kn-1000b);;;;
Göstergeler;KN-1000B;Çubuk Grafik Göstergeleri;KN-1001B;Üretimde;Ürün (/magaza/autonics-kn-1001b);;;;
Göstergeler;KN-1000B;Çubuk Grafik Göstergeleri;KN-1010B;Üretimde;Ürün (/magaza/autonics-kn-1010b);;;;
Göstergeler;KN-1000B;Çubuk Grafik Göstergeleri;KN-1011B;Üretimde;Ürün (/magaza/autonics-kn-1011b);;;;
Göstergeler;KN-1000B;Çubuk Grafik Göstergeleri;KN-1040B;Üretimde;Ürün (/magaza/autonics-kn-1040b);;;;
Göstergeler;KN-1000B;Çubuk Grafik Göstergeleri;KN-1041B;Üretimde;Ürün (/magaza/autonics-kn-1041b);;;;
Göstergeler;KN-1000B;Çubuk Grafik Göstergeleri;KN-1200B;Üretimde;Ürün (/magaza/autonics-kn-1200b);;;;
Göstergeler;KN-1000B;Çubuk Grafik Göstergeleri;KN-1201B;Üretimde;Ürün (/magaza/autonics-kn-1201b);;;;
Göstergeler;KN-1000B;Çubuk Grafik Göstergeleri;KN-1210B;Üretimde;Ürün (/magaza/autonics-kn-1210b);;;;
Göstergeler;KN-1000B;Çubuk Grafik Göstergeleri;KN-1211B;Üretimde;Ürün (/magaza/autonics-kn-1211b);;;;
Göstergeler;KN-1000B;Çubuk Grafik Göstergeleri;KN-1240B;Üretimde;Ürün (/magaza/autonics-kn-1240b);;;;
Göstergeler;KN-1000B;Çubuk Grafik Göstergeleri;KN-1241B;Üretimde;Ürün (/magaza/autonics-kn-1241b);;;;
Göstergeler;KN-1000B;Çubuk Grafik Göstergeleri;KN-1400B;Üretimde;Ürün (/magaza/autonics-kn-1400b);;;;
Göstergeler;KN-1000B;Çubuk Grafik Göstergeleri;KN-1401B;Üretimde;Ürün (/magaza/autonics-kn-1401b);;;;
Göstergeler;KN-1000B;Çubuk Grafik Göstergeleri;KN-1410B;Üretimde;Ürün (/magaza/autonics-kn-1410b);;;;
Göstergeler;KN-1000B;Çubuk Grafik Göstergeleri;KN-1411B;Üretimde;Ürün (/magaza/autonics-kn-1411b);;;;
Göstergeler;KN-1000B;Çubuk Grafik Göstergeleri;KN-1440B;Üretimde;Ürün (/magaza/autonics-kn-1440b);;;;
Göstergeler;KN-1000B;Çubuk Grafik Göstergeleri;KN-1441B;Üretimde;Ürün (/magaza/autonics-kn-1441b);;;;
Göstergeler;KN-2000W;Tek Kanallı Göstergeleri;KN-2000W;Üretimde;Ürün (/magaza/autonics-kn-2000w);;;;
Göstergeler;KN-2000W;Tek Kanallı Göstergeleri;KN-2001W;Üretimde;Ürün (/magaza/autonics-kn-2001w);;;;
Göstergeler;KN-2000W;Tek Kanallı Göstergeleri;KN-2200W;Üretimde;Ürün (/magaza/autonics-kn-2200w);;;;
Göstergeler;KN-2000W;Tek Kanallı Göstergeleri;KN-2201W;Üretimde;Ürün (/magaza/autonics-kn-2201w);;;;
Göstergeler;KN-2000W;Tek Kanallı Göstergeleri;KN-2210W;Üretimde;Ürün (/magaza/autonics-kn-2210w);;;;
Göstergeler;KN-2000W;Tek Kanallı Göstergeleri;KN-2211W;Üretimde;Ürün (/magaza/autonics-kn-2211w);;;;
Göstergeler;KN-2000W;Tek Kanallı Göstergeleri;KN-2240W;Üretimde;Ürün (/magaza/autonics-kn-2240w);;;;
Göstergeler;KN-2000W;Tek Kanallı Göstergeleri;KN-2241W;Üretimde;Ürün (/magaza/autonics-kn-2241w);;;;
Göstergeler;KN-2000W;Tek Kanallı Göstergeleri;KN-2250W;Üretimde;Ürün (/magaza/autonics-kn-2250w);;;;
Göstergeler;KN-2000W;Tek Kanallı Göstergeleri;KN-2251W;Üretimde;Ürün (/magaza/autonics-kn-2251w);;;;
Göstergeler;KN-2000W;Tek Kanallı Göstergeleri;KN-2400W;Üretimde;Ürün (/magaza/autonics-kn-2400w);;;;
Göstergeler;KN-2000W;Tek Kanallı Göstergeleri;KN-2401W;Üretimde;Ürün (/magaza/autonics-kn-2401w);;;;
Göstergeler;KN-2000W;Tek Kanallı Göstergeleri;KN-2410W;Üretimde;Ürün (/magaza/autonics-kn-2410w);;;;
Göstergeler;KN-2000W;Tek Kanallı Göstergeleri;KN-2411W;Üretimde;Ürün (/magaza/autonics-kn-2411w);;;;
Göstergeler;KN-2000W;Tek Kanallı Göstergeleri;KN-2440W;Üretimde;Ürün (/magaza/autonics-kn-2440w);;;;
Göstergeler;KN-2000W;Tek Kanallı Göstergeleri;KN-2441W;Üretimde;Ürün (/magaza/autonics-kn-2441w);;;;
Göstergeler;KN-2000W;Tek Kanallı Göstergeleri;KN-2450W;Üretimde;Ürün (/magaza/autonics-kn-2450w);;;;
Göstergeler;KN-2000W;Tek Kanallı Göstergeleri;KN-2451W;Üretimde;Ürün (/magaza/autonics-kn-2451w);;;;
Dijital görüntü birimleri;D1AA;Küçük 16 Bölmeli Ekran Birimleri;D1AA-GN;Üretimde;Ürün (/magaza/autonics-d1aa-gn);;;;
Dijital görüntü birimleri;D1AA;Küçük 16 Bölmeli Ekran Birimleri;D1AA-RN;Üretimde;Ürün (/magaza/autonics-d1aa-rn);;;;
Dijital görüntü birimleri;D1SC-N;Büyük 7 Bölmeli Dijital Ekran Birimleri;D1SC-N;Üretimde;Ürün (/magaza/autonics-d1sc-n);;;;
Dijital görüntü birimleri;D1SA;Küçük 7 Bölmeli Dijital Ekran Birimleri;D1SA-GN;Üretimde;Ürün (/magaza/autonics-d1sa-gn);;;;
Dijital görüntü birimleri;D1SA;Küçük 7 Bölmeli Dijital Ekran Birimleri;D1SA-RN;Üretimde;Ürün (/magaza/autonics-d1sa-rn);;;;
Dijital görüntü birimleri;D5Y/D5W;Pano Montajlı 5- Hane Dijital Gösterge Birimleri;D5W-M;Üretimde;Ürün (/magaza/autonics-d5w-m);;;;
Dijital görüntü birimleri;D5Y/D5W;Pano Montajlı 5- Hane Dijital Gösterge Birimleri;D5W-MX;Üretimde;Ürün (/magaza/autonics-d5w-mx);;;;
Dijital görüntü birimleri;D5Y/D5W;Pano Montajlı 5- Hane Dijital Gösterge Birimleri;D5Y-M;Üretimde;Ürün (/magaza/autonics-d5y-m);;;;
Dijital görüntü birimleri;DS/DA;Akıllı Dijital Gösterge Birimleri;DA22-GE;Üretimde;Ürün (/magaza/autonics-da22-ge);;;;
Dijital görüntü birimleri;DS/DA;Akıllı Dijital Gösterge Birimleri;DA22-GP;Üretimde;Ürün (/magaza/autonics-da22-gp);;;;
Dijital görüntü birimleri;DS/DA;Akıllı Dijital Gösterge Birimleri;DA22-GS;Üretimde;Ürün (/magaza/autonics-da22-gs);;;;
Dijital görüntü birimleri;DS/DA;Akıllı Dijital Gösterge Birimleri;DA22-GT;Üretimde;Ürün (/magaza/autonics-da22-gt);;;;
Dijital görüntü birimleri;DS/DA;Akıllı Dijital Gösterge Birimleri;DA22-RE;Üretimde;Ürün (/magaza/autonics-da22-re);;;;
Dijital görüntü birimleri;DS/DA;Akıllı Dijital Gösterge Birimleri;DA22-RP;Üretimde;Ürün (/magaza/autonics-da22-rp);;;;
Dijital görüntü birimleri;DS/DA;Akıllı Dijital Gösterge Birimleri;DA22-RS;Üretimde;Ürün (/magaza/autonics-da22-rs);;;;
Dijital görüntü birimleri;DS/DA;Akıllı Dijital Gösterge Birimleri;DA22-RT;Üretimde;Ürün (/magaza/autonics-da22-rt);;;;
Dijital görüntü birimleri;DS/DA;Akıllı Dijital Gösterge Birimleri;DA40-GE;Üretimde;Ürün (/magaza/autonics-da40-ge);;;;
Dijital görüntü birimleri;DS/DA;Akıllı Dijital Gösterge Birimleri;DA40-GP;Üretimde;Ürün (/magaza/autonics-da40-gp);;;;
Dijital görüntü birimleri;DS/DA;Akıllı Dijital Gösterge Birimleri;DA40-GS;Üretimde;Ürün (/magaza/autonics-da40-gs);;;;
Dijital görüntü birimleri;DS/DA;Akıllı Dijital Gösterge Birimleri;DA40-GT;Üretimde;Ürün (/magaza/autonics-da40-gt);;;;
Dijital görüntü birimleri;DS/DA;Akıllı Dijital Gösterge Birimleri;DA40-RE;Üretimde;Ürün (/magaza/autonics-da40-re);;;;
Dijital görüntü birimleri;DS/DA;Akıllı Dijital Gösterge Birimleri;DA40-RP;Üretimde;Ürün (/magaza/autonics-da40-rp);;;;
Dijital görüntü birimleri;DS/DA;Akıllı Dijital Gösterge Birimleri;DA40-RS;Üretimde;Ürün (/magaza/autonics-da40-rs);;;;
Dijital görüntü birimleri;DS/DA;Akıllı Dijital Gösterge Birimleri;DA40-RT;Üretimde;Ürün (/magaza/autonics-da40-rt);;;;
Dijital görüntü birimleri;DS/DA;Akıllı Dijital Gösterge Birimleri;DA60-GE;Üretimde;Ürün (/magaza/autonics-da60-ge);;;;
Dijital görüntü birimleri;DS/DA;Akıllı Dijital Gösterge Birimleri;DA60-GP;Üretimde;Ürün (/magaza/autonics-da60-gp);;;;
Dijital görüntü birimleri;DS/DA;Akıllı Dijital Gösterge Birimleri;DA60-GS;Üretimde;Ürün (/magaza/autonics-da60-gs);;;;
Dijital görüntü birimleri;DS/DA;Akıllı Dijital Gösterge Birimleri;DA60-GT;Üretimde;Ürün (/magaza/autonics-da60-gt);;;;
Dijital görüntü birimleri;DS/DA;Akıllı Dijital Gösterge Birimleri;DA60-RE;Üretimde;Ürün (/magaza/autonics-da60-re);;;;
Dijital görüntü birimleri;DS/DA;Akıllı Dijital Gösterge Birimleri;DA60-RP;Üretimde;Ürün (/magaza/autonics-da60-rp);;;;
Dijital görüntü birimleri;DS/DA;Akıllı Dijital Gösterge Birimleri;DA60-RS;Üretimde;Ürün (/magaza/autonics-da60-rs);;;;
Dijital görüntü birimleri;DS/DA;Akıllı Dijital Gösterge Birimleri;DA60-RT;Üretimde;Ürün (/magaza/autonics-da60-rt);;;;
Dijital görüntü birimleri;DS/DA;Akıllı Dijital Gösterge Birimleri;DS16-GE;Üretimde;Ürün (/magaza/autonics-ds16-ge);;;;
Dijital görüntü birimleri;DS/DA;Akıllı Dijital Gösterge Birimleri;DS16-GS;Üretimde;Ürün (/magaza/autonics-ds16-gs);;;;
Dijital görüntü birimleri;DS/DA;Akıllı Dijital Gösterge Birimleri;DS16-GT;Üretimde;Ürün (/magaza/autonics-ds16-gt);;;;
Dijital görüntü birimleri;DS/DA;Akıllı Dijital Gösterge Birimleri;DS16-RE;Üretimde;Ürün (/magaza/autonics-ds16-re);;;;
Dijital görüntü birimleri;DS/DA;Akıllı Dijital Gösterge Birimleri;DS16-RS;Üretimde;Ürün (/magaza/autonics-ds16-rs);;;;
Dijital görüntü birimleri;DS/DA;Akıllı Dijital Gösterge Birimleri;DS16-RT;Üretimde;Ürün (/magaza/autonics-ds16-rt);;;;
Dijital görüntü birimleri;DS/DA;Akıllı Dijital Gösterge Birimleri;DS22-GC;Üretimde;Ürün (/magaza/autonics-ds22-gc);;;;
Dijital görüntü birimleri;DS/DA;Akıllı Dijital Gösterge Birimleri;DS22-GE;Üretimde;Ürün (/magaza/autonics-ds22-ge);;;;
Dijital görüntü birimleri;DS/DA;Akıllı Dijital Gösterge Birimleri;DS22-GP;Üretimde;Ürün (/magaza/autonics-ds22-gp);;;;
Dijital görüntü birimleri;DS/DA;Akıllı Dijital Gösterge Birimleri;DS22-GS;Üretimde;Ürün (/magaza/autonics-ds22-gs);;;;
Dijital görüntü birimleri;DS/DA;Akıllı Dijital Gösterge Birimleri;DS22-GT;Üretimde;Ürün (/magaza/autonics-ds22-gt);;;;
Dijital görüntü birimleri;DS/DA;Akıllı Dijital Gösterge Birimleri;DS22-RC;Üretimde;Ürün (/magaza/autonics-ds22-rc);;;;
Dijital görüntü birimleri;DS/DA;Akıllı Dijital Gösterge Birimleri;DS22-RE;Üretimde;Ürün (/magaza/autonics-ds22-re);;;;
Dijital görüntü birimleri;DS/DA;Akıllı Dijital Gösterge Birimleri;DS22-RP;Üretimde;Ürün (/magaza/autonics-ds22-rp);;;;
Dijital görüntü birimleri;DS/DA;Akıllı Dijital Gösterge Birimleri;DS22-RS;Üretimde;Ürün (/magaza/autonics-ds22-rs);;;;
Dijital görüntü birimleri;DS/DA;Akıllı Dijital Gösterge Birimleri;DS22-RT;Üretimde;Ürün (/magaza/autonics-ds22-rt);;;;
Dijital görüntü birimleri;DS/DA;Akıllı Dijital Gösterge Birimleri;DS40-GC;Üretimde;Ürün (/magaza/autonics-ds40-gc);;;;
Dijital görüntü birimleri;DS/DA;Akıllı Dijital Gösterge Birimleri;DS40-GE;Üretimde;Ürün (/magaza/autonics-ds40-ge);;;;
Dijital görüntü birimleri;DS/DA;Akıllı Dijital Gösterge Birimleri;DS40-GP;Üretimde;Ürün (/magaza/autonics-ds40-gp);;;;
Dijital görüntü birimleri;DS/DA;Akıllı Dijital Gösterge Birimleri;DS40-GS;Üretimde;Ürün (/magaza/autonics-ds40-gs);;;;
Dijital görüntü birimleri;DS/DA;Akıllı Dijital Gösterge Birimleri;DS40-GT;Üretimde;Ürün (/magaza/autonics-ds40-gt);;;;
Dijital görüntü birimleri;DS/DA;Akıllı Dijital Gösterge Birimleri;DS40-RC;Üretimde;Ürün (/magaza/autonics-ds40-rc);;;;
Dijital görüntü birimleri;DS/DA;Akıllı Dijital Gösterge Birimleri;DS40-RE;Üretimde;Ürün (/magaza/autonics-ds40-re);;;;
Dijital görüntü birimleri;DS/DA;Akıllı Dijital Gösterge Birimleri;DS40-RP;Üretimde;Ürün (/magaza/autonics-ds40-rp);;;;
Dijital görüntü birimleri;DS/DA;Akıllı Dijital Gösterge Birimleri;DS40-RS;Üretimde;Ürün (/magaza/autonics-ds40-rs);;;;
Dijital görüntü birimleri;DS/DA;Akıllı Dijital Gösterge Birimleri;DS40-RT;Üretimde;Ürün (/magaza/autonics-ds40-rt);;;;
Dijital görüntü birimleri;DS/DA;Akıllı Dijital Gösterge Birimleri;DS60-GC;Üretimde;Ürün (/magaza/autonics-ds60-gc);;;;
Dijital görüntü birimleri;DS/DA;Akıllı Dijital Gösterge Birimleri;DS60-GE;Üretimde;Ürün (/magaza/autonics-ds60-ge);;;;
Dijital görüntü birimleri;DS/DA;Akıllı Dijital Gösterge Birimleri;DS60-GP;Üretimde;Ürün (/magaza/autonics-ds60-gp);;;;
Dijital görüntü birimleri;DS/DA;Akıllı Dijital Gösterge Birimleri;DS60-GS;Üretimde;Ürün (/magaza/autonics-ds60-gs);;;;
Dijital görüntü birimleri;DS/DA;Akıllı Dijital Gösterge Birimleri;DS60-GT;Üretimde;Ürün (/magaza/autonics-ds60-gt);;;;
Dijital görüntü birimleri;DS/DA;Akıllı Dijital Gösterge Birimleri;DS60-RC;Üretimde;Ürün (/magaza/autonics-ds60-rc);;;;
Dijital görüntü birimleri;DS/DA;Akıllı Dijital Gösterge Birimleri;DS60-RE;Üretimde;Ürün (/magaza/autonics-ds60-re);;;;
Dijital görüntü birimleri;DS/DA;Akıllı Dijital Gösterge Birimleri;DS60-RP;Üretimde;Ürün (/magaza/autonics-ds60-rp);;;;
Dijital görüntü birimleri;DS/DA;Akıllı Dijital Gösterge Birimleri;DS60-RS;Üretimde;Ürün (/magaza/autonics-ds60-rs);;;;
Dijital görüntü birimleri;DS/DA;Akıllı Dijital Gösterge Birimleri;DS60-RT;Üretimde;Ürün (/magaza/autonics-ds60-rt);;;;
Sensör kontrol cihazları;PA10;Yüksek Performanslı Sensör Kontrol Cihazları;PA10-U;Üretimde;Ürün (/magaza/autonics-pa10-u);;;;
Sensör kontrol cihazları;PA10;Yüksek Performanslı Sensör Kontrol Cihazları;PA10-V;Üretimde;Ürün (/magaza/autonics-pa10-v);;;;
Sensör kontrol cihazları;PA10;Yüksek Performanslı Sensör Kontrol Cihazları;PA10-VP;Üretimde;Ürün (/magaza/autonics-pa10-vp);;;;
Sensör kontrol cihazları;PA10;Yüksek Performanslı Sensör Kontrol Cihazları;PA10-W;Üretimde;Ürün (/magaza/autonics-pa10-w);;;;
Sensör kontrol cihazları;PA10;Yüksek Performanslı Sensör Kontrol Cihazları;PA10-WP;Üretimde;Ürün (/magaza/autonics-pa10-wp);;;;
Sensör kontrol cihazları;PA-12;8-Pin Sensör Kontrol Cihazları;PA-12;Üretimde;Ürün (/magaza/autonics-pa-12);;;;
Sensör kontrol cihazları;PA-12;8-Pin Sensör Kontrol Cihazları;PA-12-PG;Üretimde;Ürün (/magaza/autonics-pa-12-pg);;;;
Sensör kontrol cihazları;PA-12;8-Pin Sensör Kontrol Cihazları;PA-12-PGP;Üretimde;Ürün (/magaza/autonics-pa-12-pgp);;;;
Grafik paneller (HMI);TP;Standart Grafik Panel;TP-043;Üretimde;Ürün (/magaza/autonics-tp-043);;;;
Grafik paneller (HMI);TP;Standart Grafik Panel;TP-070;Üretimde;Ürün (/magaza/autonics-tp-070);;;;
Grafik paneller (HMI);TP;Standart Grafik Panel;TP-101;Üretimde;Ürün (/magaza/autonics-tp-101);;;;
Grafik paneller (HMI);iTP;Gelişmiş Grafik Panelleri;iTP-084;Üretimde;Ürün (/magaza/autonics-itp-084);;;;
Grafik paneller (HMI);iTP;Gelişmiş Grafik Panelleri;iTP-084-Ex;Üretimde;Ürün (/magaza/autonics-itp-084-ex);;;;
Grafik paneller (HMI);iTP;Gelişmiş Grafik Panelleri;iTP-104;Üretimde;Ürün (/magaza/autonics-itp-104);;;;
Grafik paneller (HMI);iTP;Gelişmiş Grafik Panelleri;iTP-104-Ex;Üretimde;Ürün (/magaza/autonics-itp-104-ex);;;;
Grafik paneller (HMI);iTP;Gelişmiş Grafik Panelleri;iTP-121;Üretimde;Ürün (/magaza/autonics-itp-121);;;;
Grafik paneller (HMI);iTP;Gelişmiş Grafik Panelleri;iTP-121-Ex;Üretimde;Ürün (/magaza/autonics-itp-121-ex);;;;
Grafik paneller (HMI);iTP;Gelişmiş Grafik Panelleri;iTP-150;Üretimde;Ürün (/magaza/autonics-itp-150);;;;
Grafik paneller (HMI);iTP;Gelişmiş Grafik Panelleri;iTP-150-Ex;Üretimde;Ürün (/magaza/autonics-itp-150-ex);;;;
Grafik paneller (HMI);iTP;Gelişmiş Grafik Panelleri;iTP-GW;Üretimde;Ürün (/magaza/autonics-itp-gw);;;;
Grafik paneller (HMI);iTP;Gelişmiş Grafik Panelleri;iTP-GW-Ex;Üretimde;Ürün (/magaza/autonics-itp-gw-ex);;;;
Grafik paneller (HMI);GP-A;Standart Grafik Panelleri;GP-A046-T9D6;Üretimde;Ürün (/magaza/autonics-gp-a046-t9d6);;;;
Grafik paneller (HMI);GP-A;Standart Grafik Panelleri;GP-A046-T9D7;Üretimde;Ürün (/magaza/autonics-gp-a046-t9d7);;;;
Grafik paneller (HMI);GP-A;Standart Grafik Panelleri;GP-A057-T8D6;Üretimde;Ürün (/magaza/autonics-gp-a057-t8d6);;;;
Grafik paneller (HMI);GP-A;Standart Grafik Panelleri;GP-A057-T8D7;Üretimde;Ürün (/magaza/autonics-gp-a057-t8d7);;;;
Grafik paneller (HMI);GP-A;Standart Grafik Panelleri;GP-A070-T9D6;Üretimde;Ürün (/magaza/autonics-gp-a070-t9d6);;;;
Grafik paneller (HMI);GP-A;Standart Grafik Panelleri;GP-A070-T9D7;Üretimde;Ürün (/magaza/autonics-gp-a070-t9d7);;;;
Grafik paneller (HMI);GP-A;Standart Grafik Panelleri;GP-A104-T9D8;Üretimde;Ürün (/magaza/autonics-gp-a104-t9d8);;;;
Grafik paneller (HMI);GP-A;Standart Grafik Panelleri;GP-A104-T9D9;Üretimde;Ürün (/magaza/autonics-gp-a104-t9d9);;;;
Grafik paneller (HMI);LP-A;Standart logic Panelleri;LP-A070-T9D6-C5R;Üretimde;Ürün (/magaza/autonics-lp-a070-t9d6-c5r);;;;
Grafik paneller (HMI);LP-A;Standart logic Panelleri;LP-A070-T9D6-C5T;Üretimde;Ürün (/magaza/autonics-lp-a070-t9d6-c5t);;;;
Grafik paneller (HMI);LP-A;Standart logic Panelleri;LP-A070-T9D7-C5R;Üretimde;Ürün (/magaza/autonics-lp-a070-t9d7-c5r);;;;
Grafik paneller (HMI);LP-A;Standart logic Panelleri;LP-A070-T9D7-C5T;Üretimde;Ürün (/magaza/autonics-lp-a070-t9d7-c5t);;;;
Grafik paneller (HMI);LP-A;Standart logic Panelleri;LP-A104-T9D8-C6R;Üretimde;Ürün (/magaza/autonics-lp-a104-t9d8-c6r);;;;
Grafik paneller (HMI);LP-A;Standart logic Panelleri;LP-A104-T9D8-C6T;Üretimde;Ürün (/magaza/autonics-lp-a104-t9d8-c6t);;;;
Grafik paneller (HMI);LP-A;Standart logic Panelleri;LP-A104-T9D9-C6R;Üretimde;Ürün (/magaza/autonics-lp-a104-t9d9-c6r);;;;
Grafik paneller (HMI);LP-A;Standart logic Panelleri;LP-A104-T9D9-C6T;Üretimde;Ürün (/magaza/autonics-lp-a104-t9d9-c6t);;;;
Endüstriyel bilgisayar;APC;10.1-İnç Panel Bilgisayar;APC-1021-EN;Üretimde;Ürün (/magaza/autonics-apc-1021-en);;;;
Endüstriyel bilgisayar;APC;10.1-İnç Panel Bilgisayar;APC-1021-KR;Üretimde;Ürün (/magaza/autonics-apc-1021-kr);;;;
