Ana kategori;Alt kategori;Ürün adı;Ürün kodu (site);Fiyat (USD, KDV hariç);Ürün fotoğrafı var mı;Açıklama var mı;Adres
Buton - Anahtar - Switch;ANAHTAR;AN-IKILI-ISIKLI-ON/OFF-6P;IN-101-İKİLİ IŞIKLI BLT;2,0;Evet;Hayır;https://www.ankaracncmarket.com.tr/buton-anahtar-switch/an-ikili-isikli-on-off-6p-89fb436f0949a51ee2ca
Buton - Anahtar - Switch;TOGGLE SWİTCH;SW-TOGGLE-ON/OFF-3P;IN-137;0,9;Evet;Hayır;https://www.ankaracncmarket.com.tr/buton-anahtar-switch/sw-toggle-on-off-3p-eb508eaace96e6de541b
Diyotlar ve Tristörler;Diyotlar;DIYOT-KAMCILI-ANOT-150A1600V;150UF1600W;25,0;Evet;Hayır;https://www.ankaracncmarket.com.tr/diyotlar-ve-tristorler/diyot-kamcili-anot-150a1600v-9af12f789fd8048e95ac
Diyotlar ve Tristörler;Diyotlar;DIYOT-KAMCILI-KATOT-150A1600V;150UFR1600W;25,0;Evet;Hayır;https://www.ankaracncmarket.com.tr/diyotlar-ve-tristorler/diyot-kamcili-katot-150a1600v-46b6660b934ababda3ef
Diyotlar ve Tristörler;Diyotlar;DIYOT-MODUL-TRİFAZE-100A1800V;MDS100A-18;34,0;Evet;Hayır;https://www.ankaracncmarket.com.tr/diyotlar-ve-tristorler/diyot-modul-trifaze-100a1800v-f1c95f32025d68d7940c
Diyotlar ve Tristörler;Diyotlar;DIYOT-VIDALI-ANOT -25A1200V;25HFR1200W;3,0;Evet;Hayır;https://www.ankaracncmarket.com.tr/diyotlar-ve-tristorler/diyot-vidali-anot--25a1200v-059ac5f1e83fb4c7d45d
Diyotlar ve Tristörler;Diyotlar;DIYOT-VIDALI-ANOT -40A1200V;40HFR1200W;5,0;Evet;Hayır;https://www.ankaracncmarket.com.tr/diyotlar-ve-tristorler/diyot-vidali-anot--40a1200v-ed113524c960fa3c1ddf
Diyotlar ve Tristörler;Diyotlar;DIYOT-VIDALI-ANOT -70A1200V;70AHFR1200W;6,0;Evet;Hayır;https://www.ankaracncmarket.com.tr/diyotlar-ve-tristorler/diyot-vidali-anot--70a1200v-e6393a66261bf9024379
Diyotlar ve Tristörler;Diyotlar;DIYOT-VIDALI-KATOT-25A1200V;25HF1200W;3,0;Evet;Hayır;https://www.ankaracncmarket.com.tr/diyotlar-ve-tristorler/diyot-vidali-katot-25a1200v-c2283fa77b2588ab6122
Diyotlar ve Tristörler;Diyotlar;DIYOT-VIDALI-KATOT-40A1200V;40HF1200W;5,0;Evet;Hayır;https://www.ankaracncmarket.com.tr/diyotlar-ve-tristorler/diyot-vidali-katot-40a1200v-bdb3cb3fae8a2992cfef
Diyotlar ve Tristörler;Diyotlar;DIYOT-VIDALI-KATOT-70A1200V;70AHF1200W;6,0;Evet;Hayır;https://www.ankaracncmarket.com.tr/diyotlar-ve-tristorler/diyot-vidali-katot-70a1200v-654a2af07f6801c4ce42
Diyotlar ve Tristörler;Diyotlar > Köprü Diyotlar;(1.5A 1000V) - Monofaze Köprü Diyot;DB157;1,0;Evet;Hayır;https://www.ankaracncmarket.com.tr/diyotlar-ve-tristorler/1.5a-1000v---monofaze-kopru-diyot-61949775a55fd4f59b9f
Diyotlar ve Tristörler;Diyotlar > Köprü Diyotlar;(6A 1000V) - Monofaze Köprü Diyot;P600M;0,17;Evet;Hayır;https://www.ankaracncmarket.com.tr/diyotlar-ve-tristorler/6a-1000v---monofaze-kopru-diyot-ed2ee313bceffeaa9265
Diyotlar ve Tristörler;Diyotlar > Köprü Diyotlar;1N 4148 (150mA 75V) - Monofaze Köprü Diyot;DY 2;0,08;Evet;Hayır;https://www.ankaracncmarket.com.tr/diyotlar-ve-tristorler/1n-4148-150ma-75v---monofaze-kopru-diyot-54e95fc3c546dad868ab
Diyotlar ve Tristörler;Diyotlar > Köprü Diyotlar;DIYOT-3A1000V;1N5408;0,1;Evet;Hayır;https://www.ankaracncmarket.com.tr/diyotlar-ve-tristorler/diyot-3a1000v-1cba7de2bf4b76200f0e
Diyotlar ve Tristörler;Diyotlar > Köprü Diyotlar;DIYOT-ANOT;1N4007-1A-1000V;0,1;Evet;Hayır;https://www.ankaracncmarket.com.tr/diyotlar-ve-tristorler/diyot-anot-129b5bc3c7f21699e071
Diyotlar ve Tristörler;Diyotlar > Köprü Diyotlar;DIYOT-KOPRU-25A1000V;KBPC2510;2,0;Evet;Hayır;https://www.ankaracncmarket.com.tr/diyotlar-ve-tristorler/diyot-kopru-25a1000v-2c58858d15a65f41abde
Diyotlar ve Tristörler;Diyotlar > Köprü Diyotlar;DIYOT-KOPRU-35A1000V;KBPC3510;2,0;Evet;Hayır;https://www.ankaracncmarket.com.tr/diyotlar-ve-tristorler/diyot-kopru-35a1000v-fcb10a7332bbf0680566
Diyotlar ve Tristörler;Diyotlar > Köprü Diyotlar;DIYOT-KOPRU-50A1000V;KBPC5010;2,0;Evet;Hayır;https://www.ankaracncmarket.com.tr/diyotlar-ve-tristorler/diyot-kopru-50a1000v-330070ae055639967790
Diyotlar ve Tristörler;Diyotlar > Köprü Diyotlar;DIYOT-KOPRU-6A100V;KBPC610;1,0;Evet;Hayır;https://www.ankaracncmarket.com.tr/diyotlar-ve-tristorler/diyot-kopru-6a100v-b020c3480cbc8246f871
Diyotlar ve Tristörler;Diyotlar > Köprü Diyotlar;DIYOT-TARAK-10A 1000V;KBJ1010;1,0;Evet;Hayır;https://www.ankaracncmarket.com.tr/diyotlar-ve-tristorler/diyot-tarak-10a-1000v-e91690e04208cf04a479
Diyotlar ve Tristörler;Diyotlar > Köprü Diyotlar;DIYOT-TARAK-25A 1000V;KBJ2510;0,95;Evet;Hayır;https://www.ankaracncmarket.com.tr/diyotlar-ve-tristorler/diyot-tarak-25a-1000v-1bc0b4aab2d2ea01d64a
Diyotlar ve Tristörler;Diyotlar > Köprü Diyotlar;DIYOT-TARAK-25A1000V;KBU2510;0,75;Evet;Hayır;https://www.ankaracncmarket.com.tr/diyotlar-ve-tristorler/diyot-tarak-25a1000v-f91ec66af3fba13283ef
Diyotlar ve Tristörler;Diyotlar > Köprü Diyotlar;DIYOT-TARAK-35A 1000V;MP3510;2,0;Evet;Hayır;https://www.ankaracncmarket.com.tr/diyotlar-ve-tristorler/diyot-tarak-35a-1000v-135d00fcd27140faa12e
Diyotlar ve Tristörler;Diyotlar > Köprü Diyotlar;DIYOT-TARAK-35A1000V;KBU3510;1,4;Evet;Hayır;https://www.ankaracncmarket.com.tr/diyotlar-ve-tristorler/diyot-tarak-35a1000v-6fe27acb642910266962
Diyotlar ve Tristörler;Diyotlar > Köprü Diyotlar;DIYOT-TARAK-55A1000V;MP5010;2,55;Evet;Hayır;https://www.ankaracncmarket.com.tr/diyotlar-ve-tristorler/diyot-tarak-55a1000v-177d097fdd97bb81f0ad
Diyotlar ve Tristörler;Diyotlar > Köprü Diyotlar;DIYOT-TARAK-8A 1000V;KBJ810;0,75;Evet;Hayır;https://www.ankaracncmarket.com.tr/diyotlar-ve-tristorler/diyot-tarak-8a-1000v-86fdead7907d55ec7f0b
Diyotlar ve Tristörler;Diyotlar > Köprü Diyotlar;DIYOT-TRIFAZE-35A1000V;SKBPC3510;7,0;Evet;Hayır;https://www.ankaracncmarket.com.tr/diyotlar-ve-tristorler/diyot-trifaze-35a1000v-19d35e7d3a288027abaf
Diyotlar ve Tristörler;Diyotlar > Köprü Diyotlar;DIYOT-TRIFAZE-50A1000V;SKBPC5010;9,0;Evet;Hayır;https://www.ankaracncmarket.com.tr/diyotlar-ve-tristorler/diyot-trifaze-50a1000v-c03245399673f5230aed
Diyotlar ve Tristörler;Diyotlar > Köprü Diyotlar;KBPC 1510 (15A 1000V) - Monofaze Köprü Diyot;DY 9;1,0;Evet;Hayır;https://www.ankaracncmarket.com.tr/diyotlar-ve-tristorler/kbpc-1510-15a-1000v---monofaze-kopru-diyot-d356d3576039f0d871fc
Diyotlar ve Tristörler;Diyotlar > Köprü Diyotlar;KBPC 810 (8A 1000V) - Monofaze Köprü Diyot;DY 8;0,65;Evet;Hayır;https://www.ankaracncmarket.com.tr/diyotlar-ve-tristorler/kbpc-810-8a-1000v---monofaze-kopru-diyot-fc1f31848b57284c2f65
Diyotlar ve Tristörler;Diyotlar > Köprü Diyotlar;KBU 1510 (15A 1000V KALIN TARAK TİPİ) - Monofaze Köprü Diyot;DY 22;0,65;Evet;Hayır;https://www.ankaracncmarket.com.tr/diyotlar-ve-tristorler/kbu-1510-15a-1000v-kalin-tarak-tipi---monofaze-kopru-diyot-a0f388e0c18c0bf90a33
Diyotlar ve Tristörler;Diyotlar > Köprü Diyotlar;KBU 4M (4A KALIN TARAK TİPİ) - Monofaze Köprü Diyot;DY 18;0,7;Evet;Hayır;https://www.ankaracncmarket.com.tr/diyotlar-ve-tristorler/kbu-4m-4a-kalin-tarak-tipi---monofaze-kopru-diyot-f57a75f1f582b166d9e7
Diyotlar ve Tristörler;Diyotlar > Köprü Diyotlar;KBU 6M (6A KALIN TARAK TİPİ) - Monofaze Köprü Diyot;DY 19;0,9;Evet;Hayır;https://www.ankaracncmarket.com.tr/diyotlar-ve-tristorler/kbu-6m-6a-kalin-tarak-tipi---monofaze-kopru-diyot-63b1d8ab7902bdd35c6a
Diyotlar ve Tristörler;Diyotlar > Köprü Diyotlar;KBU 8M (8A KALIN TARAK TİPİ) - Monofaze Köprü Diyot;DY 20;0,95;Evet;Hayır;https://www.ankaracncmarket.com.tr/diyotlar-ve-tristorler/kbu-8m-8a-kalin-tarak-tipi---monofaze-kopru-diyot-7e7f2feeb2ee2353fb24
ELEKTRONİK;;HINAKA HNS523S-3BTW VALF;AEFQRSZ3;170,0;Evet;Evet;https://www.ankaracncmarket.com.tr/elektronik/hinaka-hns523s-3btw-valf-b7f7941e701a1d1ae6f1
ELEKTRONİK;;HINAKA HPS523S VALF;AFLQRVWZ;170,0;Evet;Evet;https://www.ankaracncmarket.com.tr/elektronik/hinaka-hps523s-valf-2e8d2fffb5fb06e053bd
ELEKTRONİK;AYAK PEDALI;CNC TORNA 2Lİ AYAK PEDALI;DEKMRTW6;65,0;Evet;Evet;https://www.ankaracncmarket.com.tr/elektronik/cnc-torna-2li-ayak-pedali-ef98ff1d14062e6f1429
ELEKTRONİK;AYAK PEDALI;CNC TORNA AYAK PEDALI;BCFHM368;45,0;Evet;Evet;https://www.ankaracncmarket.com.tr/elektronik/cnc-torna-ayak-pedali-09563a263230ef05db9c
ELEKTRONİK;AYAK PEDALI;KORUMALI AYAK PEDALI;60;43,0;Evet;Evet;https://www.ankaracncmarket.com.tr/elektronik/korumali-ayak-pedali-2fc988629b39e2050ccc
ELEKTRONİK;AYDINLATMA LAMBALARI;22CM LED MAKİNE LAMBASI;ABGJMNR3;150,0;Evet;Evet;https://www.ankaracncmarket.com.tr/elektronik/22cm-led-makine-lambasi-f558cb2a2fbe0195648b
ELEKTRONİK;AYDINLATMA LAMBALARI;35 CM MAKİNE LAMBASI;DLPY3458;135,0;Evet;Evet;https://www.ankaracncmarket.com.tr/elektronik/35-cm-makine-lambasi-6f2ce8460ea9c2991c24
ELEKTRONİK;AYDINLATMA LAMBALARI;35CM LED MAKİNE LAMBASI;HKLNTU26;150,0;Evet;Evet;https://www.ankaracncmarket.com.tr/elektronik/35cm-led-makine-lambasi-20af2ffd64d0d51e83bd
ELEKTRONİK;AYDINLATMA LAMBALARI;53CM LED MAKİNE LAMBASI;BELPX267;200,0;Evet;Evet;https://www.ankaracncmarket.com.tr/elektronik/53cm-led-makine-lambasi-d4c55690f95a90d47c10
ELEKTRONİK;BUTON;16MM ANAHTARLI 0-1 KALICI BUTON;50;25,0;Evet;Evet;https://www.ankaracncmarket.com.tr/elektronik/16mm-anahtarli-0-1-kalici-buton-8b8d2ae9c9dd813c8c7f
ELEKTRONİK;BUTON;16MM DİKDÖRTGEN BUTON;90;25,0;Evet;Evet;https://www.ankaracncmarket.com.tr/elektronik/16mm-dikdortgen-buton-4b99f49ed3eaa14a4f66
ELEKTRONİK;BUTON;16MM DİKDÖRTGEN BUTON KIRMIZI;HKMQTX36;25,0;Evet;Evet;https://www.ankaracncmarket.com.tr/elektronik/16mm-dikdortgen-buton-kirmizi-2d3c8bfc2007ed8f5329
ELEKTRONİK;BUTON;16MM DİKDÖRTGEN BUTON YEŞİL;CHJKQTZ3;25,0;Evet;Evet;https://www.ankaracncmarket.com.tr/elektronik/16mm-dikdortgen-buton-yesil-5e1f61f87d453d857100
ELEKTRONİK;BUTON;16MM YUVRLAK IŞIKLI BUTON;70;25,0;Evet;Evet;https://www.ankaracncmarket.com.tr/elektronik/16mm-yuvrlak-isikli-buton-d12583541d58ee3da173
ELEKTRONİK;BUTON;22MM IŞIKLI BUTON;80;20,0;Evet;Evet;https://www.ankaracncmarket.com.tr/elektronik/22mm-isikli-buton-9b51fa36e51609c7d303
ELEKTRONİK;EL ÇARKI;CNC EL ÇARKI;200;180,0;Evet;Evet;https://www.ankaracncmarket.com.tr/elektronik/cnc-el-carki-2665b11d40bf7c72af46
ELEKTRONİK;EL ÇARKI;CNC EL ÇARKI 5 EKSEN 12V 25PALS iHDW OMT004;AELNQSUZ;190,0;Evet;Evet;https://www.ankaracncmarket.com.tr/elektronik/cnc-el-carki-5-eksen-12v-25pals-ihdw-omt004-549f9caf25907c3b983f
ELEKTRONİK;EL ÇARKI;CNC EL ÇARKI 5 EKSEN 12VOLT 25PALS EHDW OMT002;DKSTZ346;180,0;Evet;Evet;https://www.ankaracncmarket.com.tr/elektronik/cnc-el-carki-5-eksen-12volt-25pals-ehdw-omt002-2ffdfdfd3cd481191beb
ELEKTRONİK;EL ÇARKI;CNC EL ÇARKI 5 EKSEN 5V 100PALS iHDW OMT004;CEKLSZ26;185,0;Evet;Evet;https://www.ankaracncmarket.com.tr/elektronik/cnc-el-carki-5-eksen-5v-100pals-ihdw-omt004-b824a43f741ee60699df
ELEKTRONİK;EL ÇARKI;CNC EL ÇARKI 5 EKSEN 5VOLT 100PALS OMT002 EHDW;DEJMSU15;180,0;Evet;Evet;https://www.ankaracncmarket.com.tr/elektronik/cnc-el-carki-5-eksen-5volt-100pals-omt002-ehdw-0ac38e4ce6b0e1686084
ELEKTRONİK;EL ÇARKI;CNC TORNA EL ÇARKI;LRSTY345;145,0;Evet;Evet;https://www.ankaracncmarket.com.tr/elektronik/cnc-torna-el-carki-651f3b6f5a952359134e
ELEKTRONİK;EL ÇARKI;CNC TORNA EMGLİ EL ÇARKI;BCJLT348;150,0;Evet;Evet;https://www.ankaracncmarket.com.tr/elektronik/cnc-torna-emg-li-el-carki-ed15b284873f3ba414e9
ELEKTRONİK;EL ÇARKI;EL ÇARKI GÖBEĞİ ÇAP 60;230;95,0;Evet;Evet;https://www.ankaracncmarket.com.tr/elektronik/el-carki-gobegi-cap-60-0dba513e963a8e84b5d7
ELEKTRONİK;EL ÇARKI;EL ÇARKI GÖBEĞİ ÇAP 80;220;95,0;Evet;Evet;https://www.ankaracncmarket.com.tr/elektronik/el-carki-gobegi-cap-80-048eafd0a6e316ae2f90
ELEKTRONİK;EL ÇARKI;EL ÇARKI KABLOSU;180;65,0;Evet;Evet;https://www.ankaracncmarket.com.tr/elektronik/el-carki-kablosu-e6977cc89d7b1c9c5be6
ELEKTRONİK;EL ÇARKI;EL ÇARKI KABLOSU (UZUN TİP);BDFNPZ28;95,0;Evet;Evet;https://www.ankaracncmarket.com.tr/elektronik/el-carki-kablosu-uzun-tip-e58225dc3bd4e2c0e8c2
ELEKTRONİK;EL ÇARKI;EMGLİ EL ÇARKI;190;180,0;Evet;Evet;https://www.ankaracncmarket.com.tr/elektronik/emg-li-el-carki-f1146e5fcb1a6d3e4245
ELEKTRONİK;EL ÇARKI;KABLOSUZ EL ÇARKI;BNRSUXY1;285,0;Evet;Evet;https://www.ankaracncmarket.com.tr/elektronik/kablosuz-el-carki-d5938695502b97dc2a4b
ELEKTRONİK;EL ÇARKI;TOSOKU EL ÇARKI;210;185,0;Evet;Evet;https://www.ankaracncmarket.com.tr/elektronik/tosoku-el-carki-dc632f5b7e479796e496
ELEKTRONİK;ENCODER;A860-0365-V501;CFGNRT79;550,0;Evet;Evet;https://www.ankaracncmarket.com.tr/elektronik/a860-0365-v501-5db9266d39e9953e4640
ELEKTRONİK;ENCODER;A860-2000-T301;CDUW2689;725,0;Evet;Evet;https://www.ankaracncmarket.com.tr/elektronik/a860-2000-t301-f694dc4e3eeece5d2f7b
ELEKTRONİK;ENCODER;A860-2005-T301;EHJQ3568;670,0;Evet;Evet;https://www.ankaracncmarket.com.tr/elektronik/a860-2005-t301-b2fa64e6bfc4bc0ed07b
ELEKTRONİK;ENCODER;A860-2020-T301;ADEJKU59;675,0;Evet;Evet;https://www.ankaracncmarket.com.tr/elektronik/a860-2020-t301-905a1bee9965e1cbbd2a
ELEKTRONİK;ENCODER;A860-2020-T361;CFHRV578;850,0;Evet;Evet;https://www.ankaracncmarket.com.tr/elektronik/a860-2020-t361-4d29d4038dada5329209
ELEKTRONİK;ENCODER;KWANGWOO RAA-001207-2101 12 İSTASYON DOOSAN TARET ENCODERİ;CEHPUX37;800,0;Evet;Evet;https://www.ankaracncmarket.com.tr/elektronik/kwangwoo-raa-001207-2101-12-istasyon-doosan-taret-encoderi-cfe2e67edf3f217fa6a2
ELEKTRONİK;ENCODER;MITSUBISHI OSA104 ENCODER;AEJMNW79;725,0;Evet;Evet;https://www.ankaracncmarket.com.tr/elektronik/mitsubishi-osa104-encoder-41a13d1fd925f12af254
ELEKTRONİK;ENCODER;MITSUBISHI OSA105S5 ENCODER;GKPQTW47;700,0;Evet;Evet;https://www.ankaracncmarket.com.tr/elektronik/mitsubishi-osa105s5-encoder-902df6b408f2f9d1ab44
ELEKTRONİK;ENCODER;MITSUBISHI OSA105S5A ENCODER;DEUZ2589;700,0;Evet;Evet;https://www.ankaracncmarket.com.tr/elektronik/mitsubishi-osa105s5a-encoder-a448c072b7f1536b6528
ELEKTRONİK;ENCODER;MITSUBISHI OSA105S5A ENCODER (2.EL);GLRWY256;600,0;Evet;Evet;https://www.ankaracncmarket.com.tr/elektronik/mitsubishi-osa105s5a-encoder-2.el-dbf3fe343bab3b2372e9
ELEKTRONİK;ENCODER;MITSUBISHI OSA17-060 ENCODER;EHJKP168;650,0;Evet;Evet;https://www.ankaracncmarket.com.tr/elektronik/mitsubishi-osa17-060-encoder-7d9412ce9993801d91cb
ELEKTRONİK;ENCODER;MITSUBISHI OSA18-100 ENCODER;BDHJUW35;625,0;Evet;Evet;https://www.ankaracncmarket.com.tr/elektronik/mitsubishi-osa18-100-encoder-35208aa2eb534b4244b4
ELEKTRONİK;ENCODER;MITSUBISHI OSA18-130 ENCODER 1kw (HC-SFS102);CHJQS579;675,0;Evet;Evet;https://www.ankaracncmarket.com.tr/elektronik/mitsubishi-osa18-130-encoder-1kw-hc-sfs102-933baf3b2a89104b6578
ELEKTRONİK;ENCODER;MITSUBISHI OSA18-130 ENCODER 3.5kw (HC-SFS352);BMNRVY56;675,0;Evet;Evet;https://www.ankaracncmarket.com.tr/elektronik/mitsubishi-osa18-130-encoder-3.5kw-hc-sfs352-b564ff1ae1079982e0fd
ELEKTRONİK;ENCODER;MITSUBISHI OSA24RS ENCODER;CDEHJSY9;850,0;Evet;Evet;https://www.ankaracncmarket.com.tr/elektronik/mitsubishi-osa24rs-encoder-9310756d3ea8663a77ce
ELEKTRONİK;ENCODER;MITSUBISHI OSA405S5AS ENCODER;ABMPRXZ6;800,0;Evet;Evet;https://www.ankaracncmarket.com.tr/elektronik/mitsubishi-osa405s5as-encoder-f4c5451279554cb2870f
ELEKTRONİK;ENCODER;MITSUBISHI OSE105S2 ENCODER;FGJKQV16;700,0;Evet;Evet;https://www.ankaracncmarket.com.tr/elektronik/mitsubishi-ose105s2-encoder-305c4f3337c6d3c8a58c
ELEKTRONİK;ENCODER;MITSUBISHI OSE253 ENCODER;EGNVZ156;700,0;Evet;Evet;https://www.ankaracncmarket.com.tr/elektronik/mitsubishi-ose253-encoder-d495997bbcfd9144e27d
ELEKTRONİK;FANLAR;40X40X15 MMF-04C24DS MITSUBISHI FAN;BMNQXYZ1;27,0;Evet;Evet;https://www.ankaracncmarket.com.tr/elektronik/40x40x15-mmf-04c24ds-mitsubishi-fan-f9a0c604c6ede18e9314
ELEKTRONİK;FANLAR;40X40X20 SANACE 9WF0424H6D05 MITSUBISHI FAN;AGJKMX67;30,0;Evet;Evet;https://www.ankaracncmarket.com.tr/elektronik/40x40x20-sanace-9wf0424h6d05-mitsubishi-fan-082a5c7264fd897cd454
ELEKTRONİK;FANLAR;40x40x15 Fanuc Sürücü Fanı (Beyaz Soket) A90L-0001-0441/39;240;40,0;Evet;Evet;https://www.ankaracncmarket.com.tr/elektronik/40x40x15-fanuc-surucu-fani-beyaz-soket-a90l-0001-0441-39-7665f4365635eb557a45
ELEKTRONİK;FANLAR;40x40x20 Fanuc Sürücü Fanı (Beyaz Soket);250;19,0;Evet;Evet;https://www.ankaracncmarket.com.tr/elektronik/40x40x20-fanuc-surucu-fani-beyaz-soket-26bae1eb1e43a82fe622
ELEKTRONİK;FANLAR;40x40x20 Fanuc Sürücü Fanı A90L-0001-0510;260;35,0;Evet;Evet;https://www.ankaracncmarket.com.tr/elektronik/40x40x20-fanuc-surucu-fani-a90l-0001-0510-7f0219a4116470077c8b
ELEKTRONİK;FANLAR;4715KL-05W-B39 DC24V 120X120X38 MM FANUC RADYATÖR FAN A90L-0001-0509;330;95,0;Evet;Evet;https://www.ankaracncmarket.com.tr/elektronik/4715kl-05w-b39-dc24v-120x120x38-mm-fanuc-radyator-fan-a90l-0001-0509-0702f3dffefbe86124e4
ELEKTRONİK;FANLAR;60X60X15 FANUC SÜRÜCÜ FANI (BEYAZ SOKET) A90L-0001-0506/135;280;30,0;Evet;Evet;https://www.ankaracncmarket.com.tr/elektronik/60x60x15-fanuc-surucu-fani-beyaz-soket-a90l-0001-0506-135-2d91451c480b0304437f
ELEKTRONİK;FANLAR;60X60X15 FANUC SÜRÜCÜ FANI A90L-0001-0511;290;35,0;Evet;Evet;https://www.ankaracncmarket.com.tr/elektronik/60x60x15-fanuc-surucu-fani-a90l-0001-0511-c706fe5fd8aef610d6d7
ELEKTRONİK;FANLAR;60X60X25 MMF-06F24ES MITSUBISHI FAN;FGKMY256;30,0;Evet;Evet;https://www.ankaracncmarket.com.tr/elektronik/60x60x25-mmf-06f24es-mitsubishi-fan-7dee5ee5e7a00d2ed624
ELEKTRONİK;FANLAR;80X80X25 SANACE 9WP0824S4D03 MITSUBISHI FAN;CHLV2478;36,0;Evet;Evet;https://www.ankaracncmarket.com.tr/elektronik/80x80x25-sanace-9wp0824s4d03-mitsubishi-fan-8cd3642eccb142ee6725
ELEKTRONİK;FANLAR;90X90X25 MMF-09D24TS MITSUBISHI FAN;DEFLRSV9;35,0;Evet;Evet;https://www.ankaracncmarket.com.tr/elektronik/90x90x25-mmf-09d24ts-mitsubishi-fan-bf6e382873d6ea13981c
ELEKTRONİK;FANLAR;A90L-0001-0423#50 - NMB 2406VL-S5W-B79 FANUC SÜRÜCÜ FANI;FLV13489;25,0;Evet;Evet;https://www.ankaracncmarket.com.tr/elektronik/a90l-0001-0423sharp50---nmb-2406vl-s5w-b79-fanuc-surucu-fani-1a5a5f913a9abf1ddf3c
ELEKTRONİK;FANLAR;A90L-0001-0488 - NMB 3610ML-05W-B49 SİYAH SOKET FANUC SÜRÜCÜ FANI;ADELM178;36,0;Evet;Evet;https://www.ankaracncmarket.com.tr/elektronik/a90l-0001-0488---nmb-3610ml-05w-b49-siyah-soket-fanuc-surucu-fani-2d92adf432ee55d510c6
ELEKTRONİK;FANLAR;A90L-0001-0507 #A SANYO 9WF0424F6D03 40X40X20 FANUC RADIATOR FAN;270;26,0;Evet;Evet;https://www.ankaracncmarket.com.tr/elektronik/a90l-0001-0507-sharpa-sanyo-9wf0424f6d03-40x40x20-fanuc-radiator-fan-ab64e1e275cd3a546bc1
ELEKTRONİK;FANLAR;A90L-0001-0507#b SANYO 9WF0424F6D04 40X40X20 FANUC RADIATOR FAN 2Lİ;EJMQSY67;50,0;Evet;Evet;https://www.ankaracncmarket.com.tr/elektronik/a90l-0001-0507sharpb-sanyo-9wf0424f6d04-40x40x20-fanuc-radiator-fan-2li-9e4c61868e66249b5272
ELEKTRONİK;FANLAR;A90L-0001-0528#70 - 1608VL-05W-B59 FANUC FANI;EFHNXY25;25,0;Evet;Evet;https://www.ankaracncmarket.com.tr/elektronik/a90l-0001-0528sharp70---1608vl-05w-b59-fanuc-fani-6d9f4a398033990e3262
ELEKTRONİK;FANLAR;A90L-0001-0551#A - NMB 1608VL-05W-B49 FANUC FANI;EFHJKLUX;30,0;Evet;Evet;https://www.ankaracncmarket.com.tr/elektronik/a90l-0001-0551sharpa---nmb-1608vl-05w-b49-fanuc-fani-a2de0280feac4c4fecd1
ELEKTRONİK;FANLAR;A90L-0001-0552#A - SAN ACE 109P0624S7D03 FANUC FANI;ACGRTUY2;36,0;Evet;Evet;https://www.ankaracncmarket.com.tr/elektronik/a90l-0001-0552sharpa---san-ace-109p0624s7d03-fanuc-fani-9e74720c711fe54718b4
ELEKTRONİK;FANLAR;A90L-0001-0566#A - 9WF0424S604B FANUC FANI;BHKNRZ59;38,0;Evet;Evet;https://www.ankaracncmarket.com.tr/elektronik/a90l-0001-0566sharpa---9wf0424s604b-fanuc-fani-e2613bb0b36483b5455b
ELEKTRONİK;FANLAR;A90L-0001-0567#A - 9WF0624H706A FANUC FANI;FHRSZ359;40,0;Evet;Evet;https://www.ankaracncmarket.com.tr/elektronik/a90l-0001-0567sharpa---9wf0624h706a-fanuc-fani-4feebc8985d47070bb31
ELEKTRONİK;FANLAR;A90L-0001-0567#B - 9WF0624H707A FANUC FANI;EGLNWX23;40,0;Evet;Evet;https://www.ankaracncmarket.com.tr/elektronik/a90l-0001-0567sharpb---9wf0624h707a-fanuc-fani-e6c812ca5ca6fc251345
ELEKTRONİK;FANLAR;A90L-0001-0575#A - NMB 1608VL-S5W-B69 FANUC SÜRÜCÜ FANI;AEGJLSY4;45,0;Evet;Evet;https://www.ankaracncmarket.com.tr/elektronik/a90l-0001-0575sharpa---nmb-1608vl-s5w-b69-fanuc-surucu-fani-9e2188d04857cf338af6
ELEKTRONİK;FANLAR;A90L-0001-0575#B - NMB 1608VL-S5W-B69 FANUC SÜRÜCÜ FANI İKİLİ;BFRVW689;70,0;Evet;Evet;https://www.ankaracncmarket.com.tr/elektronik/a90l-0001-0575sharpb---nmb-1608vl-s5w-b69-fanuc-surucu-fani-ikili-0fd8e5c04a01954325ce
ELEKTRONİK;FANLAR;A90L-0001-0576 - NMB 2408VL-S5W-B79 FANUC SÜRÜCÜ FANI;HKRW1689;60,0;Evet;Evet;https://www.ankaracncmarket.com.tr/elektronik/a90l-0001-0576---nmb-2408vl-s5w-b79-fanuc-surucu-fani-93b18e08768dfdf3bcd6
ELEKTRONİK;FANLAR;A90L-0001-0577 - NMB 3612VL-S5W-B79 FANUC SÜRÜCÜ FANI;CGMPTWXY;44,0;Evet;Evet;https://www.ankaracncmarket.com.tr/elektronik/a90l-0001-0577---nmb-3612vl-s5w-b79-fanuc-surucu-fani-a968422e2298c7ae22f7
ELEKTRONİK;FANLAR;A90L-0001-0578 - SAN ACE 92WF 9WF0924S203 FANUC SÜRÜCÜ FANI;ADHKSU12;85,0;Evet;Evet;https://www.ankaracncmarket.com.tr/elektronik/a90l-0001-0578---san-ace-92wf-9wf0924s203-fanuc-surucu-fani-e84d22ac13aa0e3e20e2
ELEKTRONİK;FANLAR;A90L-0001-0580#A - SAN ACE 40 9PF0424H303 FANUC SÜRÜCÜ FANI;LTVYZ239;48,0;Evet;Evet;https://www.ankaracncmarket.com.tr/elektronik/a90l-0001-0580sharpa---san-ace-40-9pf0424h303-fanuc-surucu-fani-0c8f3a10581f62d08b8a
ELEKTRONİK;FANLAR;A90L-0001-0580#B - SAN ACE 40 9PF0424H304 FANUC SÜRÜCÜ FANI;DEHJT179;50,0;Evet;Evet;https://www.ankaracncmarket.com.tr/elektronik/a90l-0001-0580sharpb---san-ace-40-9pf0424h304-fanuc-surucu-fani-db80df52aad55feb3499
ELEKTRONİK;FANLAR;A90L-0001-0580#C - SAN ACE 40 9PF0424H305 FANUC SÜRÜCÜ FANI;EFW12357;52,0;Evet;Evet;https://www.ankaracncmarket.com.tr/elektronik/a90l-0001-0580sharpc---san-ace-40-9pf0424h305-fanuc-surucu-fani-09a67113280ac73f5658
ELEKTRONİK;FANLAR;A90L-0001-0581 - 60X60X25 FANUC SÜRÜCÜ FANI;FJKNPXY3;65,0;Evet;Evet;https://www.ankaracncmarket.com.tr/elektronik/a90l-0001-0581---60x60x25-fanuc-surucu-fani-329e9a60c11e752d99fd
ELEKTRONİK;FANLAR;A90L-0001-0598#B - SAN ACE 92WF 9WF0924S2041 FANUC SÜRÜCÜ FANI;ABKPRSWX;150,0;Evet;Evet;https://www.ankaracncmarket.com.tr/elektronik/a90l-0001-0598sharpb---san-ace-92wf-9wf0924s2041-fanuc-surucu-fani-228ee856e4353607fd25
ELEKTRONİK;FANLAR;FANUC 92X92X25 SÜRÜCÜ FANI 3610KL-05W-B49 A90L-0001-0378;320;35,0;Evet;Evet;https://www.ankaracncmarket.com.tr/elektronik/fanuc-92x92x25-surucu-fani-3610kl-05w-b49-a90l-0001-0378-a4cddac3fb1298efec67
ELEKTRONİK;FANLAR;FANUC 92X92X25 SÜRÜCÜ FANI 3610ML-05W-B49;GMNQUV23;58,0;Evet;Evet;https://www.ankaracncmarket.com.tr/elektronik/fanuc-92x92x25-surucu-fani-3610ml-05w-b49-e864008d50e56f713614
ELEKTRONİK;FANLAR;FANUC SÜRÜCÜ FANI PANAFLO A90L-0001-0422 FBK08T24H 80X80X15;310;55,0;Evet;Evet;https://www.ankaracncmarket.com.tr/elektronik/fanuc-surucu-fani-panaflo-a90l-0001-0422-fbk08t24h-80x80x15-e015dc65187acaf10f95
ELEKTRONİK;FANLAR;NMB 2410ML-05W-B39 24V 0.10A 60X60X25MM FANUC RADYATOR FAN A90L-0001-0508;300;42,0;Evet;Evet;https://www.ankaracncmarket.com.tr/elektronik/nmb-2410ml-05w-b39-24v-0.10a-60x60x25mm-fanuc-radyator-fan-a90l-0001-0508-d9d3877fc967430d8e17
ELEKTRONİK;FANUC DEVİR ENCODER;A20B-2002-0300;BFGRWZ24;500,0;Evet;Evet;https://www.ankaracncmarket.com.tr/elektronik/a20b-2002-0300-d067b76fe7ad52ec1195
ELEKTRONİK;FANUC DEVİR ENCODER;A20B-2002-0310;DJUZ1368;520,0;Evet;Evet;https://www.ankaracncmarket.com.tr/elektronik/a20b-2002-0310-797cda31f5c454c7b6ea
ELEKTRONİK;FANUC DEVİR ENCODER;A20B-2003-0310;CENQTYZ7;525,0;Evet;Evet;https://www.ankaracncmarket.com.tr/elektronik/a20b-2003-0310-0091d259c05e7084fcb5
ELEKTRONİK;FANUC DEVİR ENCODER;A20B-2003-0311;FJLPWXZ5;535,0;Evet;Evet;https://www.ankaracncmarket.com.tr/elektronik/a20b-2003-0311-ad285c12510082da0285
ELEKTRONİK;FANUC DEVİR ENCODER;A860-0309-T302 FANUC DEVİR ENCODER;DMUY3579;520,0;Evet;Evet;https://www.ankaracncmarket.com.tr/elektronik/a860-0309-t302-fanuc-devir-encoder-94d0a486be74833b4c4e
ELEKTRONİK;FANUC DEVİR ENCODER;A860-2100-V003 ( A20B-2003-0310 YENİ SERİSİ);HMSWZ567;525,0;Evet;Evet;https://www.ankaracncmarket.com.tr/elektronik/a860-2100-v003-a20b-2003-0310-yeni-serisi-e29c204e284a513d5c0b
ELEKTRONİK;FANUC DEVİR ENCODER;A860-2109-T302 FANUC DEVİR ENCODER;EKRVZ789;540,0;Evet;Evet;https://www.ankaracncmarket.com.tr/elektronik/a860-2109-t302-fanuc-devir-encoder-0946f86a611dd0d423d1
ELEKTRONİK;FANUC DEVİR ENCODER;A860-2110-V003 ( A20B-2003-0311 YENİ SERİSİ);CDKQRUW5;525,0;Evet;Evet;https://www.ankaracncmarket.com.tr/elektronik/a860-2110-v003-a20b-2003-0311-yeni-serisi-3b27d6bb3b88f416256b
ELEKTRONİK;FANUC DEVİR ENCODER;A860-2150-V001 FANUC DEVİR ENCODER iBZ SENSOR;RSTUZ268;1450,0;Evet;Evet;https://www.ankaracncmarket.com.tr/elektronik/a860-2150-v001-fanuc-devir-encoder-ibz-sensor-0a5c28a12b4af8c59d2d
ELEKTRONİK;FANUC DEVİR ENCODER;A860-2155-V001 FANUC DEVİR ENCODER iBZ SENSOR;CHJQUW35;1000,0;Evet;Evet;https://www.ankaracncmarket.com.tr/elektronik/a860-2155-v001-fanuc-devir-encoder-ibz-sensor-4ad2212a8d3e471dcc8c
ELEKTRONİK;FANUC DEVİR ENCODER;KWANGWOO RIB-60-1024VLF-A DEVİR ENCODER;BPSW4679;740,0;Evet;Evet;https://www.ankaracncmarket.com.tr/elektronik/kwangwoo-rib-60-1024vlf-a-devir-encoder-b3c930e81923160471ca
ELEKTRONİK;FANUC LCD EKRAN;SHARP LQ084V1DG21 FANUC LCD EKRAN;DHLWY479;280,0;Evet;Evet;https://www.ankaracncmarket.com.tr/elektronik/sharp-lq084v1dg21-fanuc-lcd-ekran-17e042d1470145d16dd9
ELEKTRONİK;FANUC LCD EKRAN;SHARP LQ084V1DG42 FANUC LCD EKRAN;FMPXZ236;280,0;Evet;Evet;https://www.ankaracncmarket.com.tr/elektronik/sharp-lq084v1dg42-fanuc-lcd-ekran-49995c6533fa2aa794f2
ELEKTRONİK;FANUC LCD EKRAN;SHARP LQ10D368 FANUC LCD EKRAN;CNTVX234;300,0;Evet;Evet;https://www.ankaracncmarket.com.tr/elektronik/sharp-lq10d368-fanuc-lcd-ekran-365dfc48ba94166a1d9f
ELEKTRONİK;FANUC SPINDLE FANI;A290-0241-T073 FANUC SPINDLE MOTOR FANI;BJPTZ238;137,0;Evet;Evet;https://www.ankaracncmarket.com.tr/elektronik/a290-0241-t073-fanuc-spindle-motor-fani-09dcbb1589152fdf44f1
ELEKTRONİK;FANUC SPINDLE FANI;A290-1404-X501 FANUC MOTOR FAN KAPAĞI;FGJNTUW1;45,0;Evet;Evet;https://www.ankaracncmarket.com.tr/elektronik/a290-1404-x501-fanuc-motor-fan-kapagi-94a8eebd77b685a3cdde
ELEKTRONİK;FANUC SPINDLE FANI;A290-1406-X501 FANUC MOTOR FAN KAPAĞI;BFLNSV15;55,0;Evet;Evet;https://www.ankaracncmarket.com.tr/elektronik/a290-1406-x501-fanuc-motor-fan-kapagi-b35aa7d239e206eb3bbf
ELEKTRONİK;FANUC SPINDLE FANI;A290-1408-X501 FANUC MOTOR FAN KAPAĞI;CNQSU128;65,0;Evet;Evet;https://www.ankaracncmarket.com.tr/elektronik/a290-1408-x501-fanuc-motor-fan-kapagi-561fa024d15d404c7491
ELEKTRONİK;FANUC SPINDLE FANI;A90L-0001-0318/F FANUC SPINDLE MOTOR FANI;CFHLNUW5;450,0;Evet;Evet;https://www.ankaracncmarket.com.tr/elektronik/a90l-0001-0318-f-fanuc-spindle-motor-fani-4e571da55c4fd0ef8afc
ELEKTRONİK;FANUC SPINDLE FANI;A90L-0001-0443/R FANUC SPINDLE MOTOR FANI;DFLMTVZ7;300,0;Evet;Evet;https://www.ankaracncmarket.com.tr/elektronik/a90l-0001-0443-r-fanuc-spindle-motor-fani-608c45b077a865c7ea4e
ELEKTRONİK;FANUC SPINDLE FANI;A90L-0001-0444/R FANUC SPINDLE MOTOR FANI;BCDEKM69;260,0;Evet;Evet;https://www.ankaracncmarket.com.tr/elektronik/a90l-0001-0444-r-fanuc-spindle-motor-fani-c0d53857139863c699a9
ELEKTRONİK;FANUC SPINDLE FANI;A90L-0001-0515/R FANUC SPINDLE MOTOR FANI;EJKNQ234;420,0;Evet;Evet;https://www.ankaracncmarket.com.tr/elektronik/a90l-0001-0515-r-fanuc-spindle-motor-fani-8cd54671605aad8fa7b4
ELEKTRONİK;FANUC SPINDLE FANI;A90L-0001-0516/R FANUC SPINDLE MOTOR FANI;FJLPQVX6;260,0;Evet;Evet;https://www.ankaracncmarket.com.tr/elektronik/a90l-0001-0516-r-fanuc-spindle-motor-fani-a739a03f36679d916e9a
ELEKTRONİK;FANUC SPINDLE FANI;A90L-0001-0537/R FANUC SPINDLE MOTOR FANI;CFX23578;200,0;Evet;Evet;https://www.ankaracncmarket.com.tr/elektronik/a90l-0001-0537-r-fanuc-spindle-motor-fani-81306a012ac89d39647d
ELEKTRONİK;FANUC SPINDLE FANI;A90L-0001-0538/R FANUC SPINDLE MOTOR FANI;CFGPSWZ3;270,0;Evet;Evet;https://www.ankaracncmarket.com.tr/elektronik/a90l-0001-0538-r-fanuc-spindle-motor-fani-a167073b63688f318ff4
ELEKTRONİK;FANUC SPINDLE FANI;A90L-0001-0548/R FANUC SPINDLE MOTOR FANI;CDKRVWX9;290,0;Evet;Evet;https://www.ankaracncmarket.com.tr/elektronik/a90l-0001-0548-r-fanuc-spindle-motor-fani-ffe7bb6fa4de27f9094d
ELEKTRONİK;FANUC SÜRÜCÜ;FANUC A06B-6093-H152 SERVO SÜRÜCÜ;EJQSVW49;2000,0;Evet;Evet;https://www.ankaracncmarket.com.tr/elektronik/fanuc-a06b-6093-h152-servo-surucu-41283d488f548610b3bd
ELEKTRONİK;KABLOLAR;FANUC ENCODER KABLOSU 10 METRE - A660-2005-T505#L-10M;GKPU3479;165,0;Evet;Evet;https://www.ankaracncmarket.com.tr/elektronik/fanuc-encoder-kablosu-10-metre---a660-2005-t505sharpl-10m-d64922f1bbc2328d80ee
ELEKTRONİK;KABLOLAR;FANUC ENCODER KABLOSU 10 METRE - A660-2005-T506#L-10M;CFJPV379;165,0;Evet;Evet;https://www.ankaracncmarket.com.tr/elektronik/fanuc-encoder-kablosu-10-metre---a660-2005-t506sharpl-10m-faabfbe389d32dae591b
ELEKTRONİK;KABLOLAR;FANUC ENCODER KABLOSU 15 METRE - A660-2005-T506#L-15M;DEFHLMX9;185,0;Evet;Evet;https://www.ankaracncmarket.com.tr/elektronik/fanuc-encoder-kablosu-15-metre---a660-2005-t506sharpl-15m-3e3dfcae3db1440ae928
ELEKTRONİK;KABLOLAR;FANUC ENCODER KABLOSU 3 METRE - A660-2005-T506#L-3M;DGHSX149;150,0;Evet;Evet;https://www.ankaracncmarket.com.tr/elektronik/fanuc-encoder-kablosu-3-metre---a660-2005-t506sharpl-3m-6343525c2d51461c06dd
ELEKTRONİK;KABLOLAR;FANUC ENCODER KABLOSU 5 METRE - A660-2005-T505#L-5M;AGMU3457;158,0;Evet;Evet;https://www.ankaracncmarket.com.tr/elektronik/fanuc-encoder-kablosu-5-metre---a660-2005-t505sharpl-5m-c0cf3c4e1e9418aef202
ELEKTRONİK;KABLOLAR;FANUC ENCODER KABLOSU 5 METRE - A660-2005-T506#L-5M;MPZ23567;158,0;Evet;Evet;https://www.ankaracncmarket.com.tr/elektronik/fanuc-encoder-kablosu-5-metre---a660-2005-t506sharpl-5m-6a8712391f3f7e7b91e6
ELEKTRONİK;KABLOLAR;FANUC ENCODER KABLOSU 7 METRE - A660-2005-T505#L-7M;DKNRYZ18;162,0;Evet;Evet;https://www.ankaracncmarket.com.tr/elektronik/fanuc-encoder-kablosu-7-metre---a660-2005-t505sharpl-7m-aa63a15ca6b690cfd2b8
ELEKTRONİK;KABLOLAR;FANUC ENCODER KABLOSU 7 METRE - A660-2005-T506#L-7M;CNPRTUW3;162,0;Evet;Evet;https://www.ankaracncmarket.com.tr/elektronik/fanuc-encoder-kablosu-7-metre---a660-2005-t506sharpl-7m-8f793cc17127b8e5d158
ELEKTRONİK;KABLOLAR;FANUC FİBEROPTİK KABLO;350;97,0;Evet;Evet;https://www.ankaracncmarket.com.tr/elektronik/fanuc-fiberoptik-kablo-20153543d7802276208b
ELEKTRONİK;KABLOLAR;FANUC SPINDLE ENCODER KABLOSU 7 METRE - A06B-6078-K811#L-7M;AFGLMT69;100,0;Evet;Evet;https://www.ankaracncmarket.com.tr/elektronik/fanuc-spindle-encoder-kablosu-7-metre---a06b-6078-k811sharpl-7m-ed2189ffad8fb332ccaf
ELEKTRONİK;KABLOLAR;MITSUBISHI ENCODER KABLOSU 10 METRE;BDGHUW26;170,0;Evet;Evet;https://www.ankaracncmarket.com.tr/elektronik/mitsubishi-encoder-kablosu-10-metre-83d35125aa5f8508efe4
ELEKTRONİK;KABLOLAR;MITSUBISHI ENCODER KABLOSU 10 METRE DİRSEK SOKET;ADFHQU27;170,0;Evet;Evet;https://www.ankaracncmarket.com.tr/elektronik/mitsubishi-encoder-kablosu-10-metre-dirsek-soket-c6a95583cad44ccd2cfc
ELEKTRONİK;KABLOLAR;MITSUBISHI ENCODER KABLOSU 15 METRE;BCHJQW19;200,0;Evet;Evet;https://www.ankaracncmarket.com.tr/elektronik/mitsubishi-encoder-kablosu-15-metre-6367566c6aa39e236a4b
ELEKTRONİK;KABLOLAR;MITSUBISHI ENCODER KABLOSU 15 METRE DİRSEK SOKET;GKSVY569;200,0;Evet;Evet;https://www.ankaracncmarket.com.tr/elektronik/mitsubishi-encoder-kablosu-15-metre-dirsek-soket-15031745e5ed2fdff493
ELEKTRONİK;KABLOLAR;MITSUBISHI ENCODER KABLOSU 5 METRE;EGHKLTW1;170,0;Evet;Evet;https://www.ankaracncmarket.com.tr/elektronik/mitsubishi-encoder-kablosu-5-metre-3564b96df73e413b67e0
ELEKTRONİK;KABLOLAR;MITSUBISHI ENCODER KABLOSU 5 METRE DİRSEK SOKET;ADJMSX69;170,0;Evet;Evet;https://www.ankaracncmarket.com.tr/elektronik/mitsubishi-encoder-kablosu-5-metre-dirsek-soket-05caea598113d86f740f
ELEKTRONİK;KABLOLAR;MITSUBISHI ENCODER KABLOSU 7 METRE;EFKU4578;180,0;Evet;Evet;https://www.ankaracncmarket.com.tr/elektronik/mitsubishi-encoder-kablosu-7-metre-0ad0ad64ebcd6b7af964
ELEKTRONİK;KABLOLAR;MITSUBISHI ENCODER KABLOSU 7 METRE DİRSEK SOKET;CGHQSV56;180,0;Evet;Evet;https://www.ankaracncmarket.com.tr/elektronik/mitsubishi-encoder-kablosu-7-metre-dirsek-soket-8b01521f491bdbbcc54b
ELEKTRONİK;KABLOLAR;MITSUBISHI FİBEROPTİK KABLO;BGKNPQRS;100,0;Evet;Evet;https://www.ankaracncmarket.com.tr/elektronik/mitsubishi-fiberoptik-kablo-c609c694f32236a6b26c
ELEKTRONİK;KART YUVASI;A66L-2050-0010#A FANUC KART YUVASI;CDHJRW19;190,0;Evet;Evet;https://www.ankaracncmarket.com.tr/elektronik/a66l-2050-0010sharpa-fanuc-kart-yuvasi-9545995e105ee832df65
ELEKTRONİK;KART YUVASI;A66L-2050-0010#B FANUC KART YUVASI;CDGJKLRU;190,0;Evet;Evet;https://www.ankaracncmarket.com.tr/elektronik/a66l-2050-0010sharpb-fanuc-kart-yuvasi-63d4e461ca0d33dc3fe8
ELEKTRONİK;KART YUVASI;A66L-2050-0025#A FANUC KART YUVASI;ADJKPTU5;160,0;Evet;Evet;https://www.ankaracncmarket.com.tr/elektronik/a66l-2050-0025sharpa-fanuc-kart-yuvasi-b9b598357be106b05277
ELEKTRONİK;KART YUVASI;A66L-2050-0025#B FANUC KART YUVASI;ABMSUVY8;160,0;Evet;Evet;https://www.ankaracncmarket.com.tr/elektronik/a66l-2050-0025sharpb-fanuc-kart-yuvasi-3d0b22d5c910a3eedacb
ELEKTRONİK;KART YUVASI;A66L-2050-0029#A FANUC KART YUVASI;BKLUV129;170,0;Evet;Evet;https://www.ankaracncmarket.com.tr/elektronik/a66l-2050-0029sharpa-fanuc-kart-yuvasi-0757907fd2923160f871
ELEKTRONİK;KART YUVASI;A66L-2050-0029#BE FANUC KART YUVASI;JKMTXY13;200,0;Evet;Evet;https://www.ankaracncmarket.com.tr/elektronik/a66l-2050-0029sharpbe-fanuc-kart-yuvasi-b77eb523e402e613161f
ELEKTRONİK;KART YUVASI;FCU7HN791 - M70 MITSUBISHI KART YUVASI;GLNRUYZ2;350,0;Evet;Evet;https://www.ankaracncmarket.com.tr/elektronik/fcu7hn791---m70-mitsubishi-kart-yuvasi-2d5ea8024ca1ca11df7a
ELEKTRONİK;KART YUVASI;FCU7HN793 - M70 MITSUBISHI KART YUVASI;BELMNRX7;350,0;Evet;Evet;https://www.ankaracncmarket.com.tr/elektronik/fcu7hn793---m70-mitsubishi-kart-yuvasi-2745fcac412078eadd46
ELEKTRONİK;KART YUVASI;WN791 MITSUBISHI M80 KART YUVASI;CJQSWZ45;420,0;Evet;Evet;https://www.ankaracncmarket.com.tr/elektronik/wn791-mitsubishi-m80-kart-yuvasi-037b816bf7e1e0a6c75c
ELEKTRONİK;MITSUBISHI DEVİR ENCODER;MITSUBISHI MAGNETIC RING MBE205 MBE205S2 ENCODER;ACLMTUX3;350,0;Evet;Evet;https://www.ankaracncmarket.com.tr/elektronik/mitsubishi-magnetic-ring-mbe205-mbe205s2-encoder-6d964755c89747e14bbf
ELEKTRONİK;MITSUBISHI DEVİR ENCODER;MITSUBISHI MBE1024-3-TA ENCODER;EPVXY157;1400,0;Evet;Evet;https://www.ankaracncmarket.com.tr/elektronik/mitsubishi-mbe1024-3-ta-encoder-788097a6b873f941f3d4
ELEKTRONİK;MITSUBISHI DEVİR ENCODER;MITSUBISHI MBE205 ENCODER;ACDFGHSU;1100,0;Evet;Evet;https://www.ankaracncmarket.com.tr/elektronik/mitsubishi-mbe205-encoder-daaa3046081645220ad3
ELEKTRONİK;MOD ANAHTARI;FUTURE MOD ANAHTARI 01H;ADEJUW29;120,0;Evet;Evet;https://www.ankaracncmarket.com.tr/elektronik/future-mod-anahtari-01h-fd0a636abddd3de44c0f
ELEKTRONİK;MOD ANAHTARI;FUTURE MOD ANAHTARI 01J;BNPTUW67;120,0;Evet;Evet;https://www.ankaracncmarket.com.tr/elektronik/future-mod-anahtari-01j-4a76b5b5aa24421276e7
ELEKTRONİK;MOD ANAHTARI;FUTURE MOD ANAHTARI 01N;HPQRT389;120,0;Evet;Evet;https://www.ankaracncmarket.com.tr/elektronik/future-mod-anahtari-01n-2f0ca4642368f3c7ab21
ELEKTRONİK;MOD ANAHTARI;FUTURE MOD ANAHTARI 02H;ABDRVX12;120,0;Evet;Evet;https://www.ankaracncmarket.com.tr/elektronik/future-mod-anahtari-02h-dcbc982233c01f1e6342
ELEKTRONİK;MOD ANAHTARI;FUTURE MOD ANAHTARI 02J;FHLQR258;120,0;Evet;Evet;https://www.ankaracncmarket.com.tr/elektronik/future-mod-anahtari-02j-2394bb6f019f8b3a8f19
ELEKTRONİK;MOD ANAHTARI;FUTURE MOD ANAHTARI 02N;HJLMTZ48;120,0;Evet;Evet;https://www.ankaracncmarket.com.tr/elektronik/future-mod-anahtari-02n-3ec25e83654c32a42ae7
ELEKTRONİK;MOD ANAHTARI;FUTURE MOD ANAHTARI 03H;BDGJMTX2;120,0;Evet;Evet;https://www.ankaracncmarket.com.tr/elektronik/future-mod-anahtari-03h-82575cb25845e7936389
ELEKTRONİK;MOD ANAHTARI;FUTURE MOD ANAHTARI 03J;ACGXY467;120,0;Evet;Evet;https://www.ankaracncmarket.com.tr/elektronik/future-mod-anahtari-03j-0e916d655e743078a55e
ELEKTRONİK;MOD ANAHTARI;FUTURE MOD ANAHTARI 03N;DNTX1457;120,0;Evet;Evet;https://www.ankaracncmarket.com.tr/elektronik/future-mod-anahtari-03n-975af697092413720022
ELEKTRONİK;MOD ANAHTARI;FUTURE MOD ANAHTARI 04N;HLRTXY16;120,0;Evet;Evet;https://www.ankaracncmarket.com.tr/elektronik/future-mod-anahtari-04n-1bb8df4347df772a34f9
ELEKTRONİK;MOD ANAHTARI;U-CHAIN 04G S S02 G MOD ANAHTARI;CGJNRS36;120,0;Evet;Evet;https://www.ankaracncmarket.com.tr/elektronik/u-chain-04g-s-s02-g-mod-anahtari-d1d9fa651d6d38f15484
ELEKTRONİK;POWER SUPPLY;LRS-150-24 156W 24Vdc/6.5A Güçkaynağı;490;18,5;Evet;Evet;https://www.ankaracncmarket.com.tr/elektronik/lrs-150-24-156w-24vdc-6.5a-guckaynagi-00e8aa46dd11531a36aa
ELEKTRONİK;POWER SUPPLY;LRS-350-24 350W 24V/14,6A Güçkaynağı;480;38,0;Evet;Evet;https://www.ankaracncmarket.com.tr/elektronik/lrs-350-24-350w-24v-14-6a-guckaynagi-1a3a52ea43d58021b507
ELEKTRONİK;PİLLER;DURACELL ALKALİN 1.5V PİL (2Lİ PAKET);400;7,0;Evet;Evet;https://www.ankaracncmarket.com.tr/elektronik/duracell-alkalin-1.5v-pil-2li-paket-5291b9bbacb0f5cb0a45
ELEKTRONİK;PİLLER;ER6VC119A TOSHIBA 3.6V PİL;440;24,0;Evet;Evet;https://www.ankaracncmarket.com.tr/elektronik/er6vc119a-toshiba-3.6v-pil-c088a8f7c215e6307c86
ELEKTRONİK;PİLLER;ER6VC119A TOSHIBA 3.6V PİL KAHVERENGİ SOKET;ALSTY458;24,0;Evet;Evet;https://www.ankaracncmarket.com.tr/elektronik/er6vc119a-toshiba-3.6v-pil-kahverengi-soket-b6b7379ad2d034605643
ELEKTRONİK;PİLLER;FANUC PİL PANASONİC BR-AGCF2W A98L-0031-0011#L;EGHMQTW4;40,0;Evet;Evet;https://www.ankaracncmarket.com.tr/elektronik/fanuc-pil-panasonic-br-agcf2w-a98l-0031-0011sharpl-94bc6126a857acc729e4
ELEKTRONİK;PİLLER;FANUC PİL PANASONİC BR-CCF2TH;CGHT3468;40,0;Evet;Evet;https://www.ankaracncmarket.com.tr/elektronik/fanuc-pil-panasonic-br-ccf2th-fea1af7e3d8f5befbddb
ELEKTRONİK;PİLLER;FANUC PİL PANASONİC BR2/3AGCT4A 6V;390;40,0;Evet;Evet;https://www.ankaracncmarket.com.tr/elektronik/fanuc-pil-panasonic-br2-3agct4a-6v-2d71af436a1fd0642da7
ELEKTRONİK;PİLLER;FANUC SİSTEM PİLİ A98L-0031-0026;410;40,0;Evet;Evet;https://www.ankaracncmarket.com.tr/elektronik/fanuc-sistem-pili-a98l-0031-0026-a9329f181b7e7139c82c
ELEKTRONİK;PİLLER;FANUC SİSTEM PİLİ A98L-0031-0028;420;40,0;Evet;Evet;https://www.ankaracncmarket.com.tr/elektronik/fanuc-sistem-pili-a98l-0031-0028-d2a70d16ceac68887692
ELEKTRONİK;PİLLER;FANUC SİSTEM PİLİ CR17450SE-R / A98L-0031-0012;430;20,0;Evet;Evet;https://www.ankaracncmarket.com.tr/elektronik/fanuc-sistem-pili-cr17450se-r-a98l-0031-0012-963a8a5004f4a2d37f3f
ELEKTRONİK;PİLLER;MITSUBISHI MR-J3BAT PİL;470;28,0;Evet;Evet;https://www.ankaracncmarket.com.tr/elektronik/mitsubishi-mr-j3bat-pil-ba1ac59b84b896046432
ELEKTRONİK;PİLLER;MR-BAT MITSUBISHI ER17330V / 3.6V;460;32,0;Evet;Evet;https://www.ankaracncmarket.com.tr/elektronik/mr-bat-mitsubishi-er17330v-3.6v-7f2703f12533ab1b56f5
ELEKTRONİK;PİLLER;MR-BAT6V1SET MITSUBISHI M80 PİLİ;450;65,0;Evet;Evet;https://www.ankaracncmarket.com.tr/elektronik/mr-bat6v1set-mitsubishi-m80-pili-b8414624226b8e30ba1d
ELEKTRONİK;PİLLER;Q6BAT MITSUBISHI ER17335SE-R 3V;BFLMVW78;22,0;Evet;Evet;https://www.ankaracncmarket.com.tr/elektronik/q6bat-mitsubishi-er17335se-r-3v-f36fe58a5d998a7c4ffb
ELEKTRONİK;SOKETLER;16 PİN EL ÇARKI SOKETİ;BDNUXZ26;40,0;Evet;Evet;https://www.ankaracncmarket.com.tr/elektronik/16-pin-el-carki-soketi-0a6aff26a5e5391fdf10
ELEKTRONİK;SOKETLER;20 PİN EL ÇARKI SOKETİ;DJLRVWX3;40,0;Evet;Evet;https://www.ankaracncmarket.com.tr/elektronik/20-pin-el-carki-soketi-9ac9fc1d25a35ad1ccfe
ELEKTRONİK;SOKETLER;24 PİN EL ÇARKI SOKETİ;DHJT2348;40,0;Evet;Evet;https://www.ankaracncmarket.com.tr/elektronik/24-pin-el-carki-soketi-8b9f4f6cb06ba24cb543
ELEKTRONİK;SOKETLER;26 PİN EL ÇARKI SOKETİ;JPQUX347;40,0;Evet;Evet;https://www.ankaracncmarket.com.tr/elektronik/26-pin-el-carki-soketi-c99918e2572079cecbda
ELEKTRONİK;SOKETLER;A06B-6110-K201 FANUC SÜRÜCÜ GÜÇ SOKETİ;EFMPSUW9;25,0;Evet;Evet;https://www.ankaracncmarket.com.tr/elektronik/a06b-6110-k201-fanuc-surucu-guc-soketi-dd2cf45715437243ce42
ELEKTRONİK;SOKETLER;A06B-6114-K220/E FANUC GÜÇ SOKETİ DİRSEK;JMNST148;40,0;Evet;Evet;https://www.ankaracncmarket.com.tr/elektronik/a06b-6114-k220-e-fanuc-guc-soketi-dirsek-23824d1658719dda4bda
ELEKTRONİK;SOKETLER;A06B-6114-K220/S FANUC GÜÇ SOKETİ DÜZ;CLPUVW89;40,0;Evet;Evet;https://www.ankaracncmarket.com.tr/elektronik/a06b-6114-k220-s-fanuc-guc-soketi-duz-47af1995f1335cffec00
ELEKTRONİK;SOKETLER;FANUC 20 PİN SÜRÜCÜ SOKETİ;AEGHPQ58;100,0;Evet;Evet;https://www.ankaracncmarket.com.tr/elektronik/fanuc-20-pin-surucu-soketi-069d281a58c075d3b46a
ELEKTRONİK;SOKETLER;FANUC ASKERİ TİP SOKET DÜZ 18-10;ABNU2489;60,0;Evet;Evet;https://www.ankaracncmarket.com.tr/elektronik/fanuc-askeri-tip-soket-duz-18-10-5ac8fd374fc82db5616a
ELEKTRONİK;SOKETLER;FANUC ASKERİ TİP SOKET DÜZ 22-22S;EGHJTZ48;60,0;Evet;Evet;https://www.ankaracncmarket.com.tr/elektronik/fanuc-askeri-tip-soket-duz-22-22s-a169bc5de4c6ec08a09f
ELEKTRONİK;SOKETLER;FANUC ASKERİ TİP SOKET DİRSEK 18-10;EQSW1579;60,0;Evet;Evet;https://www.ankaracncmarket.com.tr/elektronik/fanuc-askeri-tip-soket-dirsek-18-10-2cd57981f98f80d2c6ba
ELEKTRONİK;SOKETLER;FANUC ASKERİ TİP SOKET DİRSEK 22-22S;FHQRS147;60,0;Evet;Evet;https://www.ankaracncmarket.com.tr/elektronik/fanuc-askeri-tip-soket-dirsek-22-22s-516ca474a89bbe662914
ELEKTRONİK;SOKETLER;FANUC ENCODER SOKETİ - 90 DERECE;EPSWYZ48;35,0;Evet;Evet;https://www.ankaracncmarket.com.tr/elektronik/fanuc-encoder-soketi---90-derece-54409854ff23e919e411
ELEKTRONİK;SOKETLER;FANUC ENCODER SOKETİ DÜZ;EPSWYZ48(Kopya);35,0;Evet;Evet;https://www.ankaracncmarket.com.tr/elektronik/fanuc-encoder-soketi-duz-d1960ded8c7d7d78027f
ELEKTRONİK;SOKETLER;FANUC ENCODER SOKETİ FİLMLİ;BFHMQ157;80,0;Evet;Evet;https://www.ankaracncmarket.com.tr/elektronik/fanuc-encoder-soketi-filmli-b7a721a0fe10589c220f
ELEKTRONİK;SOKETLER;FANUC FREN SOKETİ DÜZ KABLO TARAFI 4 PİN;DEGQY569;45,0;Evet;Evet;https://www.ankaracncmarket.com.tr/elektronik/fanuc-fren-soketi-duz-kablo-tarafi-4-pin-e52fee506938861f6b5c
ELEKTRONİK;SOKETLER;FANUC FREN SOKETİ DİRSEK KABLO TARAFI 4 PİN;JNPT2679;45,0;Evet;Evet;https://www.ankaracncmarket.com.tr/elektronik/fanuc-fren-soketi-dirsek-kablo-tarafi-4-pin-01383023128658a4f631
ELEKTRONİK;SOKETLER;FANUC FREN SOKETİ MOTOR TARAFI 4PİN;FGLPTWX9;60,0;Evet;Evet;https://www.ankaracncmarket.com.tr/elektronik/fanuc-fren-soketi-motor-tarafi-4pin-db003faf4da1f5f95962
ELEKTRONİK;SOKETLER;FANUC MOTOR TARAFI ASKERİ TİP SOKET 18-10;CJKLPTU1;60,0;Evet;Evet;https://www.ankaracncmarket.com.tr/elektronik/fanuc-motor-tarafi-askeri-tip-soket-18-10-f5f4dde9bc8ebd7a9697
ELEKTRONİK;SOKETLER;FANUC MOTOR TARAFI ASKERİ TİP SOKET 22-22P;AGQRXZ79;60,0;Evet;Evet;https://www.ankaracncmarket.com.tr/elektronik/fanuc-motor-tarafi-askeri-tip-soket-22-22p-3997ed8997a216216467
ELEKTRONİK;SOKETLER;MITSUBISHI 10 PİN SÜRÜCÜ SOKETİ;BJL23679;30,0;Evet;Evet;https://www.ankaracncmarket.com.tr/elektronik/mitsubishi-10-pin-surucu-soketi-34ab33c0f3f6bab11fb8
ELEKTRONİK;SOKETLER;MITSUBISHI 6 PİN SÜRÜCÜ ENCODER SOKETİ;AEGHPQ58(Kopya);35,0;Evet;Evet;https://www.ankaracncmarket.com.tr/elektronik/mitsubishi-6-pin-surucu-encoder-soketi-eefe023ae3f1b95e7e30
ELEKTRONİK;SOKETLER;MITSUBISHI ENCODER SOKETİ;380;35,0;Evet;Evet;https://www.ankaracncmarket.com.tr/elektronik/mitsubishi-encoder-soketi-3fcd609c26a405d8c623
ELEKTRONİK;SOKETLER;MITSUBISHI ENCODER SOKETİ DİRSEK;ADEGLV15;35,0;Evet;Evet;https://www.ankaracncmarket.com.tr/elektronik/mitsubishi-encoder-soketi-dirsek-677b6d9b28a7d7665941
ELEKTRONİK;SOKETLER;MITSUBISHI ENCODER SOKETİ ENCODER TARAFI;FJLQRUV7;40,0;Evet;Evet;https://www.ankaracncmarket.com.tr/elektronik/mitsubishi-encoder-soketi-encoder-tarafi-0a165d26548584cf404e
ELEKTRONİK;SOKETLER;MITSUBISHI FREN KABLO SOKETİ DİRSEK;CDHKTVXZ;40,0;Evet;Evet;https://www.ankaracncmarket.com.tr/elektronik/mitsubishi-fren-kablo-soketi-dirsek-9d4b0fd7b67b9f58b9d9
ELEKTRONİK;SOKETLER;MITSUBISHI FREN SOKETİ MOTOR TARAFI;ABDTWX12;40,0;Evet;Evet;https://www.ankaracncmarket.com.tr/elektronik/mitsubishi-fren-soketi-motor-tarafi-1bbab556eda535ce1e9a
ELEKTRONİK;SWITCH;AZBİL SL1-A SWITCH;ABJNPUV1;90,0;Evet;Evet;https://www.ankaracncmarket.com.tr/elektronik/azbil-sl1-a-switch-891079b0ac7cb82d0f88
ELEKTRONİK;SWITCH;AZBİL SL1-D SWITCH;GKNUX479;90,0;Evet;Evet;https://www.ankaracncmarket.com.tr/elektronik/azbil-sl1-d-switch-b3b15053e15a0c2f7dc1
ELEKTRONİK;SWITCH;AZBİL SL1-EK SWITCH;CGNSVXZ7;95,0;Evet;Evet;https://www.ankaracncmarket.com.tr/elektronik/azbil-sl1-ek-switch-febc92e9344d105a1469
ELEKTRONİK;SWITCH;BALLUFF BES 516-300-S205-D-PU-01 SENSÖR;AGKLMNT5;150,0;Evet;Evet;https://www.ankaracncmarket.com.tr/elektronik/balluff-bes-516-300-s205-d-pu-01-sensor-569d327c9674b162062f
ELEKTRONİK;SWITCH;BALLUFF BNS 819-B02-D08-46-3B LİMİT SWITCH;AELMRUWX;250,0;Evet;Evet;https://www.ankaracncmarket.com.tr/elektronik/balluff-bns-819-b02-d08-46-3b-limit-switch-1dc45143e39148a0f5a9
ELEKTRONİK;SWITCH;BALLUFF BNS 819-B02-D12 LİMİT SWITCH;DGJN2468;250,0;Evet;Evet;https://www.ankaracncmarket.com.tr/elektronik/balluff-bns-819-b02-d12-limit-switch-6e1c5c7409b87834a424
ELEKTRONİK;SWITCH;BALLUFF BNS 819-B02-R08-40-10 LİMİT SWITCH;DFGHPSY9;275,0;Evet;Evet;https://www.ankaracncmarket.com.tr/elektronik/balluff-bns-819-b02-r08-40-10-limit-switch-01051b8c3a1b8251da62
ELEKTRONİK;SWITCH;BALLUFF BNS 819-B03-D12 LİMİT SWITCH;FHPSUW24;220,0;Evet;Evet;https://www.ankaracncmarket.com.tr/elektronik/balluff-bns-819-b03-d12-limit-switch-20914e230b9de30c9967
ELEKTRONİK;SWITCH;BALLUFF BNS 819-B03-R08-40-10 LİMİT SWITCH;BCEWX568;215,0;Evet;Evet;https://www.ankaracncmarket.com.tr/elektronik/balluff-bns-819-b03-r08-40-10-limit-switch-27fe92f9de9f6f43cfe5
ELEKTRONİK;SWITCH;BALLUFF BNS 819-D02-D12-100-10 LİMİT SWITCH;CDFMSUV2;250,0;Evet;Evet;https://www.ankaracncmarket.com.tr/elektronik/balluff-bns-819-d02-d12-100-10-limit-switch-f41488091f6126f951c6
ELEKTRONİK;SWITCH;CLUMP-UNCLUMP PİSTON SWITCH;CFKLPS59;10,0;Evet;Evet;https://www.ankaracncmarket.com.tr/elektronik/clump-unclump-piston-switch-41ddf92cb194548eb914
ELEKTRONİK;SWITCH;EUCHNER SN02D12-502-M LİMİT SWITCH;GKMNPQ38;145,0;Evet;Evet;https://www.ankaracncmarket.com.tr/elektronik/euchner-sn02d12-502-m-limit-switch-8985812af182c1239830
ELEKTRONİK;SWITCH;OMRON SHL-Q2155 LİMİT SWITCH;ACDENZ48;75,0;Evet;Evet;https://www.ankaracncmarket.com.tr/elektronik/omron-shl-q2155-limit-switch-4d37c31b59e879d9e4e3
ELEKTRONİK;SWITCH;OMRON SHL-Q2255 LİMİT SWITCH;510;75,0;Evet;Evet;https://www.ankaracncmarket.com.tr/elektronik/omron-shl-q2255-limit-switch-3c053ac3ade8001d08c8
ELEKTRONİK;SWITCH;OMRON VB-2121 LIMIT SWITCH;HJTZ5678;250,0;Evet;Evet;https://www.ankaracncmarket.com.tr/elektronik/omron-vb-2121-limit-switch-a754bbda28a476bda78a
ELEKTRONİK;SWITCH;OMRON VB-3121 LIMIT SWITCH;ACDHQTY3;250,0;Evet;Evet;https://www.ankaracncmarket.com.tr/elektronik/omron-vb-3121-limit-switch-812b661338182ed858d0
ELEKTRONİK;SWITCH;OMRON VB-3221 LIMIT SWITCH;BEFKLX68;250,0;Evet;Evet;https://www.ankaracncmarket.com.tr/elektronik/omron-vb-3221-limit-switch-5079426d9cee5714bb47
ELEKTRONİK;SİGORTA;DAITO GP TİPİ SİGORTA;AFNRX489;13,0;Evet;Evet;https://www.ankaracncmarket.com.tr/elektronik/daito-gp-tipi-sigorta-f64976f8dddd181449c9
ELEKTRONİK;SİGORTA;DAITO HP50 TİPİ SİGORTA;AHTUXY12;20,0;Evet;Evet;https://www.ankaracncmarket.com.tr/elektronik/daito-hp50-tipi-sigorta-99b2bd040c32b6c25e8e
ELEKTRONİK;SİGORTA;FANUC DAITO SİGORTA (FUSE);500;10,0;Evet;Evet;https://www.ankaracncmarket.com.tr/elektronik/fanuc-daito-sigorta-fuse-0911811f668af8cc71e3
ELEKTRONİK;SİGORTA;FANUC LM SİGORTA;CGLRSVY2;10,0;Evet;Evet;https://www.ankaracncmarket.com.tr/elektronik/fanuc-lm-sigorta-76a61d0b2cc8f5b294b0
ELEKTRONİK;TEPE LAMBASI;110-220 VAC 3 KATLI CNC TEPE LAMBASI;CLQR1379;40,0;Evet;Evet;https://www.ankaracncmarket.com.tr/elektronik/110-220-vac-3-katli-cnc-tepe-lambasi-d06df9541656e80e4224
ELEKTRONİK;TEPE LAMBASI;CNC 3 KATLI TEPE LAMBASI 24VDC;ALQRST24;40,0;Evet;Evet;https://www.ankaracncmarket.com.tr/elektronik/cnc-3-katli-tepe-lambasi-24vdc-0856b8d7918a9180218f
ELEKTRONİK;TEPE LAMBASI;CNC 3 KATLI TEPE LAMBASI BUZZERLİ 24VDC;GKQVWY68;40,0;Evet;Evet;https://www.ankaracncmarket.com.tr/elektronik/cnc-3-katli-tepe-lambasi-buzzerli-24vdc-8515c688d2acc98dc535
Endüstriyel - Otomasyon Röleler;;ROLE-OTO-12VDC-40A;VOLSWAGEN VW-373;2,54;Evet;Evet;https://www.ankaracncmarket.com.tr/endustriyel-otomasyon-roleler/role-oto-12vdc-40a-ae372e46cf4be8c6a19e
Endüstriyel - Otomasyon Röleler;;ROLE-PCB-5VDC-10A;HHC69A-1C-05D;2,0;Evet;Evet;https://www.ankaracncmarket.com.tr/endustriyel-otomasyon-roleler/role-pcb-5vdc-10a-efc61ed946641fea75e6
Endüstriyel - Otomasyon Röleler;;ROLE-PCB-5VDC-5A;HHC69A-2C-05D;2,2;Evet;Evet;https://www.ankaracncmarket.com.tr/endustriyel-otomasyon-roleler/role-pcb-5vdc-5a-dc8a16ad11731346c59d
Endüstriyel - Otomasyon Röleler;HHC67E - T90 Röle;ROLE-T90-12VDC-40A;HHC67E-C12D;2,0;Evet;Hayır;https://www.ankaracncmarket.com.tr/endustriyel-otomasyon-roleler/role-t90-12vdc-40a-1469dbe233666e71c53a
Endüstriyel - Otomasyon Röleler;HHC67E - T90 Röle;ROLE-T90-24VDC-40A;HHC67E-C24D;2,0;Evet;Hayır;https://www.ankaracncmarket.com.tr/endustriyel-otomasyon-roleler/role-t90-24vdc-40a-cbc2e409a8fc412f6bb0
Endüstriyel - Otomasyon Röleler;HHC67F - T91 Röle;ROLE-T91-12VDC-40A;HHC67F-C12D;2,0;Evet;Hayır;https://www.ankaracncmarket.com.tr/endustriyel-otomasyon-roleler/role-t91-12vdc-40a-ac5062f94f18ef73cd81
Endüstriyel - Otomasyon Röleler;HHC67F - T91 Röle;ROLE-T91-24VDC-40A;HHC67F-C24D;2,0;Evet;Hayır;https://www.ankaracncmarket.com.tr/endustriyel-otomasyon-roleler/role-t91-24vdc-40a-8dd93dda21e834faef22
Endüstriyel - Otomasyon Röleler;HHC67G - 40 Amper Röle;ROLE-OTO-12VDC-40A;NRA04-C12D;2,5;Evet;Evet;https://www.ankaracncmarket.com.tr/endustriyel-otomasyon-roleler/role-oto-12vdc-40a-65009ab29d07f2fbde2a
Endüstriyel - Otomasyon Röleler;HHC67G - 70 Amper Röle;ROLE-OTO-12VDC-70A;NRA07-C12D;5,0;Evet;Evet;https://www.ankaracncmarket.com.tr/endustriyel-otomasyon-roleler/role-oto-12vdc-70a-d0754dd6aafd2277cdad
Endüstriyel - Otomasyon Röleler;HHC67G - 70 Amper Röle;ROLE-OTO-24VDC-70A;NRA07-C24D;5,0;Evet;Evet;https://www.ankaracncmarket.com.tr/endustriyel-otomasyon-roleler/role-oto-24vdc-70a-86a5a6771612ed876e60
Endüstriyel - Otomasyon Röleler;HHC68A - (LY) Röle;NCR-CLİON RÖLE HHC68A - 2C - 24V DC;RL 32;6,0;Evet;Evet;https://www.ankaracncmarket.com.tr/endustriyel-otomasyon-roleler/ncr-clion-role-hhc68a---2c---24v-dc-2cd69e011d80432b9ec0
Endüstriyel - Otomasyon Röleler;HHC68A - (LY) Röle;ROLE-LY2-12VDC-12A;HHC68A-2C-12VDC;6,0;Evet;Evet;https://www.ankaracncmarket.com.tr/endustriyel-otomasyon-roleler/role-ly2-12vdc-12a-ae8a16b2f2adeb72eb7a
Endüstriyel - Otomasyon Röleler;HHC68A - (LY) Röle;ROLE-LY2-24VAC-12A;NNC68AZL-2C-24AC;6,78;Evet;Evet;https://www.ankaracncmarket.com.tr/endustriyel-otomasyon-roleler/role-ly2-24vac-12a-fb3837caf0439904f685
Endüstriyel - Otomasyon Röleler;HHC68A - (LY) Röle;ROLE-LY3-12VDC-15A;HHC68A-3C-12VDC;10,0;Evet;Evet;https://www.ankaracncmarket.com.tr/endustriyel-otomasyon-roleler/role-ly3-12vdc-15a-6d1060ef30125f328e10
Endüstriyel - Otomasyon Röleler;HHC68A - (LY) Röle;ROLE-LY3-220VAC-15A;HHC68A-3C-220A;10,0;Evet;Evet;https://www.ankaracncmarket.com.tr/endustriyel-otomasyon-roleler/role-ly3-220vac-15a-4b9b1c61dd57ce85eb59
Endüstriyel - Otomasyon Röleler;HHC68A - (LY) Röle;ROLE-LY3-24VAC-15A;HHC68A-3C-24AC;12,71;Evet;Evet;https://www.ankaracncmarket.com.tr/endustriyel-otomasyon-roleler/role-ly3-24vac-15a-4a56192b80e7bee065b7
Endüstriyel - Otomasyon Röleler;HHC68A - (LY) Röle;ROLE-LY3-24VDC-15A;HHC68A-3C-24VDC;10,0;Evet;Evet;https://www.ankaracncmarket.com.tr/endustriyel-otomasyon-roleler/role-ly3-24vdc-15a-d60c5f994fb88ebcfe06
Endüstriyel - Otomasyon Röleler;HHC68A - (LY) Röle;ROLE-LY4-12VAC-15A;HHC68A-4C-12AC;16,95;Evet;Evet;https://www.ankaracncmarket.com.tr/endustriyel-otomasyon-roleler/role-ly4-12vac-15a-46fdfd331cfb930a988d
Endüstriyel - Otomasyon Röleler;HHC68A - (LY) Röle;ROLE-LY4-12VDC-15A;HHC68A-4C-12D;12,0;Evet;Evet;https://www.ankaracncmarket.com.tr/endustriyel-otomasyon-roleler/role-ly4-12vdc-15a-4f346de7e2604ef09a76
Endüstriyel - Otomasyon Röleler;HHC68A - (LY) Röle;ROLE-LY4-220VAC-15A;HHC68A-4C-220AC;12,0;Evet;Evet;https://www.ankaracncmarket.com.tr/endustriyel-otomasyon-roleler/role-ly4-220vac-15a-e188c57afff4f680ea0d
Endüstriyel - Otomasyon Röleler;HHC68B - (MY) Röle;NCR-CLİON RÖLE HHC68B - 2C - 12V AC;RL 43;4,4;Evet;Evet;https://www.ankaracncmarket.com.tr/endustriyel-otomasyon-roleler/ncr-clion-role-hhc68b---2c---12v-ac-6a0dd193b57465f1b183
Endüstriyel - Otomasyon Röleler;HHC68B - (MY) Röle;NCR-CLİON RÖLE HHC68B - 2C - 24V AC;RL 44;4,4;Evet;Evet;https://www.ankaracncmarket.com.tr/endustriyel-otomasyon-roleler/ncr-clion-role-hhc68b---2c---24v-ac-986c92e45782b577faea
Endüstriyel - Otomasyon Röleler;HHC68B - (MY) Röle;NCR-CLİON RÖLE HHC68B - 2C - 48V AC;RL 45;4,6;Evet;Evet;https://www.ankaracncmarket.com.tr/endustriyel-otomasyon-roleler/ncr-clion-role-hhc68b---2c---48v-ac-7238e7660873587aa648
Endüstriyel - Otomasyon Röleler;HHC68B - (MY) Röle;NCR-CLİON RÖLE HHC68B - 3C - 12V AC;RL 50;5,0;Evet;Evet;https://www.ankaracncmarket.com.tr/endustriyel-otomasyon-roleler/ncr-clion-role-hhc68b---3c---12v-ac-a30102db1ff757724da4
Endüstriyel - Otomasyon Röleler;HHC68B - (MY) Röle;NCR-CLİON RÖLE HHC68B - 3C - 24V AC;RL 51;5,0;Evet;Evet;https://www.ankaracncmarket.com.tr/endustriyel-otomasyon-roleler/ncr-clion-role-hhc68b---3c---24v-ac-d23dc971b8e2ac3849b1
Endüstriyel - Otomasyon Röleler;HHC68B - (MY) Röle;NCR-CLİON RÖLE HHC68B - 3C - 48V AC;RL 52;5,0;Evet;Evet;https://www.ankaracncmarket.com.tr/endustriyel-otomasyon-roleler/ncr-clion-role-hhc68b---3c---48v-ac-b77943871e003e0bf55c
Endüstriyel - Otomasyon Röleler;HHC68B - (MY) Röle;NCR-CLİON RÖLE HHC68B- 2C - 220V AC;RL 46;4,6;Evet;Evet;https://www.ankaracncmarket.com.tr/endustriyel-otomasyon-roleler/ncr-clion-role-hhc68b--2c---220v-ac-5132b7a4db994adf9759
Endüstriyel - Otomasyon Röleler;HHC68B - (MY) Röle;ROLE-MY2-12VAC-5A;HHC68B-2C-12AC;4,4;Evet;Evet;https://www.ankaracncmarket.com.tr/endustriyel-otomasyon-roleler/role-my2-12vac-5a-3a96210d894fe0be33eb
Endüstriyel - Otomasyon Röleler;HHC68B - (MY) Röle;ROLE-MY2-48VAC-5A;HHC68B-2C-48AC;4,4;Evet;Evet;https://www.ankaracncmarket.com.tr/endustriyel-otomasyon-roleler/role-my2-48vac-5a-7e67714935997c3bb6b2
Endüstriyel - Otomasyon Röleler;HHC68B - (MY) Röle;ROLE-MY3-12VAC-5A;HHC68B-3C-12AC;5,0;Evet;Evet;https://www.ankaracncmarket.com.tr/endustriyel-otomasyon-roleler/role-my3-12vac-5a-0763be251cc57aeb5117
Endüstriyel - Otomasyon Röleler;HHC68B - (MY) Röle;ROLE-MY3-220VAC-5A;HHC68B-3C-220AC;6,0;Evet;Evet;https://www.ankaracncmarket.com.tr/endustriyel-otomasyon-roleler/role-my3-220vac-5a-f56cb8550be6317af227
Endüstriyel - Otomasyon Röleler;HHC68B - (MY) Röle;ROLE-MY3-24VAC-5A;HHC68B-3C-24AC;5,0;Evet;Evet;https://www.ankaracncmarket.com.tr/endustriyel-otomasyon-roleler/role-my3-24vac-5a-6b0301f0c55916ccd7a6
Endüstriyel - Otomasyon Röleler;HHC68B - (MY) Röle;ROLE-MY3-48VAC-5A;HHC68B-3C-48AC;5,0;Evet;Evet;https://www.ankaracncmarket.com.tr/endustriyel-otomasyon-roleler/role-my3-48vac-5a-1bca39f867f1003b933d
Endüstriyel - Otomasyon Röleler;HHC68B - (MY) Röle;ROLE-MY4-12VAC-3A;HHC68B-4C-12AC;5,5;Evet;Evet;https://www.ankaracncmarket.com.tr/endustriyel-otomasyon-roleler/role-my4-12vac-3a-16d72849a397c7ee9756
Endüstriyel - Otomasyon Röleler;HHC68B - (MY) Röle;ROLE-MY4-48VAC-3A;HHC68B-4C-48AC;5,5;Evet;Evet;https://www.ankaracncmarket.com.tr/endustriyel-otomasyon-roleler/role-my4-48vac-3a-23b43a3c1e0478fce946
Endüstriyel - Otomasyon Röleler;HHC68B - (MY) Röle;ROLE-MY4-48VDC-3A;HHC68B-4C-48D;5,5;Evet;Evet;https://www.ankaracncmarket.com.tr/endustriyel-otomasyon-roleler/role-my4-48vdc-3a-a98b63b780602e845a47
Endüstriyel - Otomasyon Röleler;HHC69A PCB Röle;ROLE-PCB-12VDC-10A;HHC69A-1C-12 VDC;1,7;Evet;Evet;https://www.ankaracncmarket.com.tr/endustriyel-otomasyon-roleler/role-pcb-12vdc-10a-aab45412225203e4185b
Endüstriyel - Otomasyon Röleler;HHC69A PCB Röle;ROLE-PCB-12VDC-16A;HHC69A-1C-12D-16A;2,0;Evet;Evet;https://www.ankaracncmarket.com.tr/endustriyel-otomasyon-roleler/role-pcb-12vdc-16a-26252b0eff6c7db68312
Endüstriyel - Otomasyon Röleler;HHC69A PCB Röle;ROLE-PCB-12VDC-5A;HHC69A-2C-12D;1,8;Evet;Evet;https://www.ankaracncmarket.com.tr/endustriyel-otomasyon-roleler/role-pcb-12vdc-5a-4688b3ac60c22306a14f
Endüstriyel - Otomasyon Röleler;HHC69A PCB Röle;ROLE-PCB-220VA-5A;HHC69A-2C-220AC;5,0;Evet;Evet;https://www.ankaracncmarket.com.tr/endustriyel-otomasyon-roleler/role-pcb-220va-5a-592843d12f434299d4bb
Endüstriyel - Otomasyon Röleler;HHC69A PCB Röle;ROLE-PCB-220VAC-10A;HHC69A-1C-220AC;5,0;Evet;Evet;https://www.ankaracncmarket.com.tr/endustriyel-otomasyon-roleler/role-pcb-220vac-10a-763138d550931ca0bdf6
Endüstriyel - Otomasyon Röleler;HHC69A PCB Röle;ROLE-PCB-24VDC-10A;HHC69A-1C-24D;1,7;Evet;Evet;https://www.ankaracncmarket.com.tr/endustriyel-otomasyon-roleler/role-pcb-24vdc-10a-ee620b9af23a08953f29
Endüstriyel - Otomasyon Röleler;HHC69A PCB Röle;ROLE-PCB-24VDC-16A;HHC69A-1C-24D-16A;2,2;Evet;Evet;https://www.ankaracncmarket.com.tr/endustriyel-otomasyon-roleler/role-pcb-24vdc-16a-1c1d6cc650d4a6664717
Endüstriyel - Otomasyon Röleler;HHC69A PCB Röle;ROLE-PCB-48VDC-10A;HHC69A-1C-48D;2,0;Evet;Evet;https://www.ankaracncmarket.com.tr/endustriyel-otomasyon-roleler/role-pcb-48vdc-10a-4b8d37bb494742a551ff
Endüstriyel - Otomasyon Röleler;HHC69A PCB Röle;ROLE-PCB-48VDC-5A;HHC69A-2C-48D;2,25;Evet;Evet;https://www.ankaracncmarket.com.tr/endustriyel-otomasyon-roleler/role-pcb-48vdc-5a-11a8a6c77b21ebda20b6
Endüstriyel - Otomasyon Röleler;HHC70 - (MK2P-MK3P) Röle;NCR-CLİON RÖLE HHC70 - 2C - 12V AC;RL 64;6,0;Evet;Evet;https://www.ankaracncmarket.com.tr/endustriyel-otomasyon-roleler/ncr-clion-role-hhc70---2c---12v-ac-7350924c9c870a68e708
Endüstriyel - Otomasyon Röleler;HHC70 - (MK2P-MK3P) Röle;ROLE-JTX3T-12VAC-10A RESETLİ;HHC70-3C-12VAC-JQX10F;6,5;Evet;Evet;https://www.ankaracncmarket.com.tr/endustriyel-otomasyon-roleler/role-jtx3t-12vac-10a-resetli-b127806ee0b8191378ba
Endüstriyel - Otomasyon Röleler;HHC70 - (MK2P-MK3P) Röle;ROLE-JTX3T-12VDC-10A REESETLİ;HHC70-3C-12VDC-JQX10F;6,5;Evet;Evet;https://www.ankaracncmarket.com.tr/endustriyel-otomasyon-roleler/role-jtx3t-12vdc-10a-reesetli-58ef909c7b5e0fec9b50
Endüstriyel - Otomasyon Röleler;HHC70 - (MK2P-MK3P) Röle;ROLE-JTX3T-24VAC-10A LEDLİ RESETLİ;HHC70-3C-24VAC-JQX10F;6,5;Evet;Evet;https://www.ankaracncmarket.com.tr/endustriyel-otomasyon-roleler/role-jtx3t-24vac-10a-ledli-resetli-22186f2c1c3628c78a86
Endüstriyel - Otomasyon Röleler;HHC70 - (MK2P-MK3P) Röle;ROLE-JTX3T-24VDC-10A LEDLİ RESETLİ;HHC70-3C-24VDC-JQX10F;6,5;Evet;Evet;https://www.ankaracncmarket.com.tr/endustriyel-otomasyon-roleler/role-jtx3t-24vdc-10a-ledli-resetli-f9d1363e072a0d162a42
Endüstriyel - Otomasyon Röleler;HHC70 - (MK2P-MK3P) Röle;ROLE-JTX3T-48VDC-10A RESETLİ;HHC70-3C-48VDC-JQX10F;6,5;Evet;Evet;https://www.ankaracncmarket.com.tr/endustriyel-otomasyon-roleler/role-jtx3t-48vdc-10a-resetli-29fb171cc95e642451ce
Endüstriyel - Otomasyon Röleler;HHC70 - (MK2P-MK3P) Röle;ROLE-MK2P-12VAC-10A;HHC70-2C-12VAC;6,0;Evet;Evet;https://www.ankaracncmarket.com.tr/endustriyel-otomasyon-roleler/role-mk2p-12vac-10a-228c759c2fe9b3432b82
Endüstriyel - Otomasyon Röleler;HHC70 - (MK2P-MK3P) Röle;ROLE-MK2P-220VAC-10A LEDLİ RESETLİ;HHC70-2C-220AC;7,0;Evet;Evet;https://www.ankaracncmarket.com.tr/endustriyel-otomasyon-roleler/role-mk2p-220vac-10a-ledli-resetli-76bb684a2aa2ce50558c
Endüstriyel - Otomasyon Röleler;HHC70 - (MK2P-MK3P) Röle;ROLE-MK2P-24VAC-10A LEDLİ RESETLİ;HHC70B-2C-24VAC;6,0;Evet;Evet;https://www.ankaracncmarket.com.tr/endustriyel-otomasyon-roleler/role-mk2p-24vac-10a-ledli-resetli-51bd23b1b734b51fac95
Endüstriyel - Otomasyon Röleler;HHC70 - (MK2P-MK3P) Röle;ROLE-MK2P-24VDC-10A LEDLİ RESETLİ;HHC70-2C-24VDC;6,0;Evet;Evet;https://www.ankaracncmarket.com.tr/endustriyel-otomasyon-roleler/role-mk2p-24vdc-10a-ledli-resetli-12afc7daa000d61b9b0a
Endüstriyel - Otomasyon Röleler;HHC70 - (MK2P-MK3P) Röle;ROLE-MK2P-48VAC-10A;HHC70B-2C-48VAC-MK2P;6,0;Evet;Evet;https://www.ankaracncmarket.com.tr/endustriyel-otomasyon-roleler/role-mk2p-48vac-10a-8489beb9beb6a33f5dc8
Endüstriyel - Otomasyon Röleler;HHC70 - (MK2P-MK3P) Röle;ROLE-MK2P-48VDC-10A;HHC70-2C-48D-MK2P;6,0;Evet;Evet;https://www.ankaracncmarket.com.tr/endustriyel-otomasyon-roleler/role-mk2p-48vdc-10a-070b2f7efab63f65d083
Endüstriyel - Otomasyon Röleler;HHC70 - (MK2P-MK3P) Röle;ROLE-MK3P-110VAC-10A;HHC70-3C-110VAC-MK3P;7,5;Evet;Evet;https://www.ankaracncmarket.com.tr/endustriyel-otomasyon-roleler/role-mk3p-110vac-10a-73ff0691c28fd4e63732
Endüstriyel - Otomasyon Röleler;HHC70 - (MK2P-MK3P) Röle;ROLE-MK3P-220VAC-10A;HHC70-3C-220VAC-MK3P;7,5;Evet;Evet;https://www.ankaracncmarket.com.tr/endustriyel-otomasyon-roleler/role-mk3p-220vac-10a-351cca93930b97768ac3
Endüstriyel - Otomasyon Röleler;HHC70 - (MK2P-MK3P) Röle;ROLE-MK3P-48VAC-10A;HHC70-3C-48VAC-MK3P;6,5;Evet;Evet;https://www.ankaracncmarket.com.tr/endustriyel-otomasyon-roleler/role-mk3p-48vac-10a-dedafccda7b7f842015e
Endüstriyel - Otomasyon Röleler;HHC71- 30 Amper Röle;ROLE-JQX30F-220VDC-30A;HHC71A-2C-220AC;20,0;Evet;Evet;https://www.ankaracncmarket.com.tr/endustriyel-otomasyon-roleler/role-jqx30f-220vdc-30a-6292ff5fa72327101b33
Endüstriyel - Otomasyon Röleler;HHC71- 30 Amper Röle;ROLE-JQX30F-24VDC-30A;HHC71A-2C-24VDC;20,0;Evet;Evet;https://www.ankaracncmarket.com.tr/endustriyel-otomasyon-roleler/role-jqx30f-24vdc-30a-9d099a4d5f33f848142b
Endüstriyel - Otomasyon Röleler;NNC68BZL;NNC68BZL- 4C -24V DC;NNC68BZL-4C- 24 VDC;4,0;Hayır;Hayır;https://www.ankaracncmarket.com.tr/endustriyel-otomasyon-roleler/nnc68bzl--4c--24v-dc-8d2b423b8dd57a2240c5
Endüstriyel - Otomasyon Röleler;NNC68BZL;ROLE-MY4-12VDC-10A;NNC68BZL-4C-12VDC;4,0;Hayır;Hayır;https://www.ankaracncmarket.com.tr/endustriyel-otomasyon-roleler/role-my4-12vdc-10a-54ee1e138e1f06ea00a9
Endüstriyel - Otomasyon Röleler;NNC68BZL;ROLE-MY4-220VAC-10A;NNC68BZL-4C-220AC;6,0;Hayır;Hayır;https://www.ankaracncmarket.com.tr/endustriyel-otomasyon-roleler/role-my4-220vac-10a-f874df6405860f9590b4
Endüstriyel - Otomasyon Röleler;NNC68BZL;ROLE-MY4-24VAC-10A;NNC68BZL-4C-24VAC;4,0;Hayır;Hayır;https://www.ankaracncmarket.com.tr/endustriyel-otomasyon-roleler/role-my4-24vac-10a-cc071c92455a94947b42
Endüstriyel - Otomasyon Röleler;NNC69KTL;NNC69KTL-1Z 12 DC;NNC69KTL 1Z 12VDC;4,2;Evet;Hayır;https://www.ankaracncmarket.com.tr/endustriyel-otomasyon-roleler/nnc69ktl-1z-12-dc-b1bd8711076979694bfb
Endüstriyel - Otomasyon Röleler;NNC69KTL;NNC69KTL-1Z 220AC;NNC69KT- 1Z 220 AC;4,5;Evet;Hayır;https://www.ankaracncmarket.com.tr/endustriyel-otomasyon-roleler/nnc69ktl-1z-220ac-057986ec9c0d3a270175
Endüstriyel - Otomasyon Röleler;NNC69KTL;NNC69KTL-2Z 220V AC;NNC69KTL-2Z;4,8;Evet;Hayır;https://www.ankaracncmarket.com.tr/endustriyel-otomasyon-roleler/nnc69ktl-2z-220v-ac-5e9c21715c8041a103b3
Endüstriyel - Otomasyon Röleler;NNC69KTL;NNC69KTL-2Z 24 AC;NNC69KTL-2Z 24 AC;4,8;Evet;Hayır;https://www.ankaracncmarket.com.tr/endustriyel-otomasyon-roleler/nnc69ktl-2z-24-ac-26fc23a1772f0c43dbc5
Endüstriyel - Otomasyon Röleler;NNC69KTL;NNC69KTL-2Z 24 DC;NNC69KTL- 2Z 24 DC;4,5;Evet;Hayır;https://www.ankaracncmarket.com.tr/endustriyel-otomasyon-roleler/nnc69ktl-2z-24-dc-75b88b6a92ac58fd2c14
Endüstriyel - Otomasyon Röleler;NNC69KTL;ROLE-PCB-12VDC-8A;NNC69KTL-2Z 12C DC;4,5;Evet;Hayır;https://www.ankaracncmarket.com.tr/endustriyel-otomasyon-roleler/role-pcb-12vdc-8a-619e826e890dd552b4ec
Endüstriyel - Otomasyon Röleler;NNC69KTL;ROLE-PCB-24VDC-8A;NNC69KTL-2Z-24D;4,2;Evet;Hayır;https://www.ankaracncmarket.com.tr/endustriyel-otomasyon-roleler/role-pcb-24vdc-8a-940973a6e8971a76e88e
Endüstriyel - Otomasyon Röleler;NRA09 - 25 Amper Röle;ROLE-OTO-12VDC-25A;NRA09-C12D;3,5;Evet;Evet;https://www.ankaracncmarket.com.tr/endustriyel-otomasyon-roleler/role-oto-12vdc-25a-96d0a802a24c0b5921f3
Endüstriyel - Otomasyon Röleler;NRA09 - 25 Amper Röle;ROLE-OTO-24VDC-25A;NRA09-C24D;3,5;Evet;Evet;https://www.ankaracncmarket.com.tr/endustriyel-otomasyon-roleler/role-oto-24vdc-25a-0b5ebddef74650e4a955
Endüstriyel - Otomasyon Röleler;NRP04 Telekom Röle;ROLE-M.SPOT-48VDC-12A;NRP07-C48D-1C;1,0;Evet;Hayır;https://www.ankaracncmarket.com.tr/endustriyel-otomasyon-roleler/role-m.spot-48vdc-12a-dec5f896c243e9f3334a
Endüstriyel - Otomasyon Röleler;NRP04 Telekom Röle;ROLE-TELEKOM-05VDC-1A;NRP04-C05DH-2C;1,0;Evet;Hayır;https://www.ankaracncmarket.com.tr/endustriyel-otomasyon-roleler/role-telekom-05vdc-1a-bfd769efba722da61ccc
Endüstriyel - Otomasyon Röleler;NRP04 Telekom Röle;ROLE-TELEKOM-09VDC-1A;NRP04-C09DH-2C;1,0;Evet;Hayır;https://www.ankaracncmarket.com.tr/endustriyel-otomasyon-roleler/role-telekom-09vdc-1a-ab8408147f19445b8dae
Endüstriyel - Otomasyon Röleler;NRP04 Telekom Röle;Telekom Röle - 12 VDC;RL 3;1,0;Evet;Hayır;https://www.ankaracncmarket.com.tr/endustriyel-otomasyon-roleler/telekom-role---12-vdc-14c65447dd5c4cc9160b
Endüstriyel - Otomasyon Röleler;NRP04 Telekom Röle;Telekom Röle - 24 VDC;RL 4;1,0;Evet;Hayır;https://www.ankaracncmarket.com.tr/endustriyel-otomasyon-roleler/telekom-role---24-vdc-01d690b3df39c034aecc
Endüstriyel - Otomasyon Röleler;NRP07 M.Spot Röle;ROLE-M.SPOT-5VDC-12A;NRP07-C05D-1C;0,6;Evet;Hayır;https://www.ankaracncmarket.com.tr/endustriyel-otomasyon-roleler/role-m.spot-5vdc-12a-7110c25cf14d71c8ed7a
Endüstriyel - Otomasyon Röleler;NRP07 M.Spot Röle;ROLE-M.SPOT-9VDC-12A;NRP07-C09D-1C;0,6;Evet;Hayır;https://www.ankaracncmarket.com.tr/endustriyel-otomasyon-roleler/role-m.spot-9vdc-12a-946b385f682d1459682e
Endüstriyel - Otomasyon Röleler;NRP07 M.Spot Röle;ROLE-TELEKOM-48VDC-1A;NRP04-C48DH-2C;1,0;Evet;Hayır;https://www.ankaracncmarket.com.tr/endustriyel-otomasyon-roleler/role-telekom-48vdc-1a-23d78f50395e19544880
Endüstriyel - Otomasyon Röleler;NRP26 - (ALD) Minyatür Röle;ROLE-TELEKOM-12VDC-1A;NRP04-C12DH-2C;1,5;Evet;Hayır;https://www.ankaracncmarket.com.tr/endustriyel-otomasyon-roleler/role-telekom-12vdc-1a-4214610384772c6bc76d
Endüstriyel - Otomasyon Röleler;NRP26 - (ALD) Minyatür Röle;ROLE-TELEKOM-24VDC-1A;NRP04-C24DH-2C;1,5;Evet;Hayır;https://www.ankaracncmarket.com.tr/endustriyel-otomasyon-roleler/role-telekom-24vdc-1a-c3fa5c387d2b85cea055
Fan Koruma Telleri;Fan Filtreleri;170X150mm Fan Filtresi SİYAH;FF04-172X150-FILITRE-SIY;2,5;Evet;Evet;https://www.ankaracncmarket.com.tr/fan-koruma-telleri/170x150mm-fan-filtresi-siyah-77e06018f50cdbf51271
Fan Koruma Telleri;Fan Filtreleri;FANFILTRESI-120X120-BEYAZ;FF02-150X150-FİLİTRE;4,0;Evet;Hayır;https://www.ankaracncmarket.com.tr/fan-koruma-telleri/fanfiltresi-120x120-beyaz-59e8de7922c80436cc81
Fan Koruma Telleri;Metal Fan Teli;120X120 METAL FAN TELİ;FT05-120X120-METAL;0,5;Evet;Evet;https://www.ankaracncmarket.com.tr/fan-koruma-telleri/120x120-metal-fan-teli-421f6dd2a323ad98f8d3
Fan Koruma Telleri;Metal Fan Teli;170X150 METAL FAN TELİ;FT06-170X150-METAL;1,25;Evet;Evet;https://www.ankaracncmarket.com.tr/fan-koruma-telleri/170x150-metal-fan-teli-b010de2bf2b4940812a9
Fan Koruma Telleri;Metal Fan Teli;225X225 METAL FAN TELİ;FT09-225X225-METAL;2,5;Evet;Evet;https://www.ankaracncmarket.com.tr/fan-koruma-telleri/225x225-metal-fan-teli-1fab7bd5f54569b0a5ac
Fan Koruma Telleri;Metal Fan Teli;280X280 METAL FAN TELİ;FT10-280X280-METAL;4,5;Evet;Evet;https://www.ankaracncmarket.com.tr/fan-koruma-telleri/280x280-metal-fan-teli-20da3a0340d8dc40e79b
Fan Koruma Telleri;Metal Fan Teli;40x40 METAL FAN TELİ;FT01-40X40-METAL;0,5;Evet;Evet;https://www.ankaracncmarket.com.tr/fan-koruma-telleri/40x40-metal-fan-teli-df6b17885300f23d97c1
Fan Koruma Telleri;Metal Fan Teli;60X60 METAL FAN TELİ;FT02-60X60-METAL;0,5;Evet;Evet;https://www.ankaracncmarket.com.tr/fan-koruma-telleri/60x60-metal-fan-teli-e29a216eee4f1f15c310
Fan Koruma Telleri;Metal Fan Teli;80X80 METAL FAN TELİ;FT03-80X80-METAL;0,5;Evet;Evet;https://www.ankaracncmarket.com.tr/fan-koruma-telleri/80x80-metal-fan-teli-ed7123a5b30877624c87
Fan Koruma Telleri;Metal Fan Teli;90X90 METAL FAN TELİ;FT04-90X90-METAL;0,5;Evet;Evet;https://www.ankaracncmarket.com.tr/fan-koruma-telleri/90x90-metal-fan-teli-9b181a285e80f91a72d5
Kompakt Fanlar;120X120;120X120X25MM 12V DC FAN;KA1225H1X;8,0;Evet;Evet;https://www.ankaracncmarket.com.tr/kompakt-fanlar/120x120x25mm-12v-dc-fan-71091588ed2b378c4113
Kompakt Fanlar;120X120;120X120X25MM 12VDC 0.25A;INK-12025HSL;4,0;Hayır;Hayır;https://www.ankaracncmarket.com.tr/kompakt-fanlar/120x120x25mm-12vdc-0.25a-66a88eef055d5a61fac2
Kompakt Fanlar;120X120;120X120X25MM 220VAC KARE FAN;KA1225HA2SML;18,0;Evet;Evet;https://www.ankaracncmarket.com.tr/kompakt-fanlar/120x120x25mm-220vac-kare-fan-e060ed084cd50f9790ac
Kompakt Fanlar;120X120;120X120X25MM 24 VDC 0.33A;NK-12025HSL;4,0;Hayır;Hayır;https://www.ankaracncmarket.com.tr/kompakt-fanlar/120x120x25mm-24-vdc-0.33a-339746c7a4b07f3d6067
Kompakt Fanlar;120X120;120X120X25MM 24V 0.19A 2700RPM KARE FAN;RS1225S24VH;6,0;Evet;Evet;https://www.ankaracncmarket.com.tr/kompakt-fanlar/120x120x25mm-24v-0.19a-2700rpm-kare-fan-b3de1044e9292301db07
Kompakt Fanlar;120X120;120X120X25MM 24V DC FAN;KA1225H2X;8,5;Evet;Evet;https://www.ankaracncmarket.com.tr/kompakt-fanlar/120x120x25mm-24v-dc-fan-0691583cb50bca726011
Kompakt Fanlar;120X120;120X120X25MM-12VDC-0.50A;LÜFTER-LTD1225M1S;5,0;Evet;Hayır;https://www.ankaracncmarket.com.tr/kompakt-fanlar/120x120x25mm-12vdc-0.50a-b18ff530ee54044d4249
Kompakt Fanlar;120X120;120X120X25MM-12VDC-0.80A;LÜFTER-LTD1225H1S;8,5;Evet;Evet;https://www.ankaracncmarket.com.tr/kompakt-fanlar/120x120x25mm-12vdc-0.80a-4bc0617c7a90c3ea6cf6
Kompakt Fanlar;120X120;120X120X25MM-220VAC-0,08A;DOSSY05-DS12025ASHL;8,0;Evet;Evet;https://www.ankaracncmarket.com.tr/kompakt-fanlar/120x120x25mm-220vac-0-08a-dbb8d8a84f8285d127d3
Kompakt Fanlar;120X120;120X120X25MM-24VDC-0.19A;RUNDA-RS1225S24VH-FA;21,0;Evet;Evet;https://www.ankaracncmarket.com.tr/kompakt-fanlar/120x120x25mm-24vdc-0.19a-50859f25ec569537818f
Kompakt Fanlar;120X120;120X120X25MM-24VDC-0.45A;LÜFTER-LTD1225H2S;8,5;Evet;Evet;https://www.ankaracncmarket.com.tr/kompakt-fanlar/120x120x25mm-24vdc-0.45a-92d0cbf8654594a99f77
Kompakt Fanlar;120X120;120X120X25MM-24VDC-0.66A-5500RPM;RUNDA-RD1225B24SH-FS;9,0;Evet;Evet;https://www.ankaracncmarket.com.tr/kompakt-fanlar/120x120x25mm-24vdc-0.66a-5500rpm-98c2e1d8bdf48f139d59
Kompakt Fanlar;120X120;120X120X25MM-48VDC-0.30A;LÜFTER-LTD1225H4S;9,5;Evet;Evet;https://www.ankaracncmarket.com.tr/kompakt-fanlar/120x120x25mm-48vdc-0.30a-318cc04dc9b9d2b008e1
Kompakt Fanlar;120X120;120X120X25mm 12VDC 0,50AMPER KARE FAN;LTD1125M1S;8,5;Evet;Evet;https://www.ankaracncmarket.com.tr/kompakt-fanlar/120x120x25mm-12vdc-0-50amper-kare-fan-6a80e47737a1b4e39d26
Kompakt Fanlar;120X120;120X120X38MM 12 VDC 0.30A;INK-12038HSL;6,0;Hayır;Hayır;https://www.ankaracncmarket.com.tr/kompakt-fanlar/120x120x38mm-12-vdc-0.30a-fec24533b04dc575bfc3
Kompakt Fanlar;120X120;120X120X38MM 12V DC FAN;KA1238M1X;18,0;Evet;Evet;https://www.ankaracncmarket.com.tr/kompakt-fanlar/120x120x38mm-12v-dc-fan-19133919ee461cbb380c
Kompakt Fanlar;120X120;120X120X38MM 12VDC 0,90;LÜFTER-LTD1238M1S;13,0;Evet;Evet;https://www.ankaracncmarket.com.tr/kompakt-fanlar/120x120x38mm-12vdc-0-90-9d2f44c44e3a7e92adbe
Kompakt Fanlar;120X120;120X120X38MM 220VAC METAL KARE FAN;KA1238XA2SML;50,0;Evet;Evet;https://www.ankaracncmarket.com.tr/kompakt-fanlar/120x120x38mm-220vac-metal-kare-fan-10de1b57f23a10d043ea
Kompakt Fanlar;120X120;120X120X38MM 220VAC PLASTİK KANAT KARE FAN;KA1238HA2SML;12,0;Evet;Hayır;https://www.ankaracncmarket.com.tr/kompakt-fanlar/120x120x38mm-220vac-plastik-kanat-kare-fan-2b1f22653fd8781537d7
Kompakt Fanlar;120X120;120X120X38MM 220VAC RULMANLI METAL KARE FAN;KA1238XA2BML;50,0;Evet;Evet;https://www.ankaracncmarket.com.tr/kompakt-fanlar/120x120x38mm-220vac-rulmanli-metal-kare-fan-2696bfb23a54252fc84f
Kompakt Fanlar;120X120;120X120X38MM 24V 0.35A DC FAN;KA1238M2X;12,0;Evet;Evet;https://www.ankaracncmarket.com.tr/kompakt-fanlar/120x120x38mm-24v-0.35a-dc-fan-676bdd221c4a1fa32e82
Kompakt Fanlar;120X120;120X120X38MM 24V 0.60A DC FAN;KA1238H2X;14,0;Evet;Evet;https://www.ankaracncmarket.com.tr/kompakt-fanlar/120x120x38mm-24v-0.60a-dc-fan-1f9d33338f5337405cfb
Kompakt Fanlar;120X120;120X120X38MM-110VAC-0,24A-22W;DOSSY09-DS12038ABHL;9,0;Evet;Evet;https://www.ankaracncmarket.com.tr/kompakt-fanlar/120x120x38mm-110vac-0-24a-22w-e9590339d534fd26ae16
Kompakt Fanlar;120X120;120X120X38MM-12VDC-0.66A-3200RPM;RUNDA-RS1238L12L-FA;12,0;Evet;Evet;https://www.ankaracncmarket.com.tr/kompakt-fanlar/120x120x38mm-12vdc-0.66a-3200rpm-60996693868e31b6ccd7
Kompakt Fanlar;120X120;120X120X38MM-12VDC-0.98A-3600RPM;RUNDA-RS1238B12M-FA;20,0;Hayır;Evet;https://www.ankaracncmarket.com.tr/kompakt-fanlar/120x120x38mm-12vdc-0.98a-3600rpm-b54cefb1d6126bc6c079
Kompakt Fanlar;120X120;120X120X38MM-12VDC-2.60A-5600RPM;RUNDA-RS1238B12SH-FS;25,0;Hayır;Evet;https://www.ankaracncmarket.com.tr/kompakt-fanlar/120x120x38mm-12vdc-2.60a-5600rpm-031ef3d50bdbdd587dcc
Kompakt Fanlar;120X120;120X120X38MM-220VEC-8W;LONGFLOW-LFE1238AS23H;10,0;Evet;Hayır;https://www.ankaracncmarket.com.tr/kompakt-fanlar/120x120x38mm-220vec-8w-cae3684a0f953444a9ee
Kompakt Fanlar;120X120;120X120X38MM-24VDC-0.46A;LÜFTER-LTD1238H2B-A;20,0;Evet;Hayır;https://www.ankaracncmarket.com.tr/kompakt-fanlar/120x120x38mm-24vdc-0.46a-481af768f3f88ff63d09
Kompakt Fanlar;120X120;120X120X38MM-24VDC-0.60A;LÜFTER-LTD1238H2B;20,0;Evet;Evet;https://www.ankaracncmarket.com.tr/kompakt-fanlar/120x120x38mm-24vdc-0.60a-24746b737d47888a2592
Kompakt Fanlar;120X120;120X120X38MM-24VDC-0.80A4800RPM;RUNDA-RS1238B24VH-FS;35,0;Hayır;Evet;https://www.ankaracncmarket.com.tr/kompakt-fanlar/120x120x38mm-24vdc-0.80a4800rpm-78d50ba4e84e368ba1d4
Kompakt Fanlar;120X120;120X120X38MM-24VDC-1.20A;LÜFTER-LTD1238M2B;20,0;Evet;Evet;https://www.ankaracncmarket.com.tr/kompakt-fanlar/120x120x38mm-24vdc-1.20a-1707898d25ce1e522ee1
Kompakt Fanlar;120X120;120X120X38MM-24VDC-1.50A;LÜFTER-LTD1238U2B;23,5;Evet;Evet;https://www.ankaracncmarket.com.tr/kompakt-fanlar/120x120x38mm-24vdc-1.50a-a8e8cdb4b827583054f9
Kompakt Fanlar;120X120;120X120X38MM-24VDC-2.60A-5500RPM;RUNDA-RD1238B24SH-FS;9,0;Evet;Evet;https://www.ankaracncmarket.com.tr/kompakt-fanlar/120x120x38mm-24vdc-2.60a-5500rpm-8db7d8f694dcf1cf9910
Kompakt Fanlar;120X120;120X120X38MM-48VDC-0.30A;LÜFTER-LTD1238D4S;10,0;Evet;Hayır;https://www.ankaracncmarket.com.tr/kompakt-fanlar/120x120x38mm-48vdc-0.30a-53043704858f5ae8de40
Kompakt Fanlar;120X120;127X127X38MM-24VDC-0.25A;SAVİOR-SD12738M5B;15,0;Evet;Evet;https://www.ankaracncmarket.com.tr/kompakt-fanlar/127x127x38mm-24vdc-0.25a-cac5034601ae24609d4a
Kompakt Fanlar;135X135;135X135X38MM 220VAC RULMANLI KARE FAN;DEMEX79-G113538HA2BL;28,0;Evet;Hayır;https://www.ankaracncmarket.com.tr/kompakt-fanlar/135x135x38mm-220vac-rulmanli-kare-fan-d4ea94594362da5cb9bc
Kompakt Fanlar;150X150;150X150X51MM-110VAC-30W;LÜFTER-LTA15051H1B;45,0;Hayır;Evet;https://www.ankaracncmarket.com.tr/kompakt-fanlar/150x150x51mm-110vac-30w-da7dc69b367d294cbd1f
Kompakt Fanlar;150X150;150X150X51MM-380VAC-30W;LÜFTER-LTA15051H3B;45,0;Hayır;Hayır;https://www.ankaracncmarket.com.tr/kompakt-fanlar/150x150x51mm-380vac-30w-74056585365d5245ee57
Kompakt Fanlar;160X160;150X150X60MM-220VAC-30W;LÜFTER-LTA16060H2B;45,0;Hayır;Hayır;https://www.ankaracncmarket.com.tr/kompakt-fanlar/150x150x60mm-220vac-30w-5a390838d1943987a631
Kompakt Fanlar;160X160;150X150X60MM-380VAC-30W;LÜFTER-LTA16060H3B;45,0;Hayır;Hayır;https://www.ankaracncmarket.com.tr/kompakt-fanlar/150x150x60mm-380vac-30w-a11c4a49949cd194b1eb
Kompakt Fanlar;160X160;160X160X65MM 110VAC RULMANLI KARE FAN;KA1606HA1BML;75,0;Evet;Evet;https://www.ankaracncmarket.com.tr/kompakt-fanlar/160x160x65mm-110vac-rulmanli-kare-fan-ff32e3ad984862ef4405
Kompakt Fanlar;160X160;160X160X65MM 220VAC RULMANLI KARE FAN;KA1606HA2BML;70,0;Evet;Evet;https://www.ankaracncmarket.com.tr/kompakt-fanlar/160x160x65mm-220vac-rulmanli-kare-fan-00c3376df5f473407535
Kompakt Fanlar;160X160;180X180X60MM-220VAC-60W;LÜFTER-LTA18060H2B;30,0;Hayır;Hayır;https://www.ankaracncmarket.com.tr/kompakt-fanlar/180x180x60mm-220vac-60w-67073b66e3e007347e91
Kompakt Fanlar;170X150;160X150X55MM-220VAC-0,17A;KAKU-KA1725/5CHA2;60,0;Evet;Evet;https://www.ankaracncmarket.com.tr/kompakt-fanlar/160x150x55mm-220vac-0-17a-aa08fd1ef05cf2a8eea8
Kompakt Fanlar;170X150;172X150X38MM-110VAC-0,3A-30W;DOSSY14-145FZY1-S;25,0;Evet;Evet;https://www.ankaracncmarket.com.tr/kompakt-fanlar/172x150x38mm-110vac-0-3a-30w-049155efb08dc08bb035
Kompakt Fanlar;170X150;172X150X38MM-110VAC-30W;LÜFTER-LTA17238H1B;25,0;Hayır;Hayır;https://www.ankaracncmarket.com.tr/kompakt-fanlar/172x150x38mm-110vac-30w-6d386b401be52065b8ed
Kompakt Fanlar;170X150;172X150X38MM-12VDC - 0,72A;KAKU-KA17023-D12B;60,0;Evet;Evet;https://www.ankaracncmarket.com.tr/kompakt-fanlar/172x150x38mm-12vdc---0-72a-ce8c36a323e5cc6eef18
Kompakt Fanlar;170X150;172X150X38MM-220VAC-0,18A-30W;DOSSY15-145FZY2-S;20,0;Evet;Evet;https://www.ankaracncmarket.com.tr/kompakt-fanlar/172x150x38mm-220vac-0-18a-30w-e49e4804bbda153ca578
Kompakt Fanlar;170X150;172X150X38MM-24VDC -0,36A;KAKU-KA17023-D24B;60,0;Evet;Evet;https://www.ankaracncmarket.com.tr/kompakt-fanlar/172x150x38mm-24vdc--0-36a-0da623013f96c08efa43
Kompakt Fanlar;170X150;172X150X38MM-48VDC -0,18A;KAKU-KA17023-D48B;60,0;Evet;Evet;https://www.ankaracncmarket.com.tr/kompakt-fanlar/172x150x38mm-48vdc--0-18a-3d043e4009d97717c87c
Kompakt Fanlar;170X150;172X150X51MM 12V DC FAN;DEMEX87-Y-Y17251H12B;50,0;Evet;Evet;https://www.ankaracncmarket.com.tr/kompakt-fanlar/172x150x51mm-12v-dc-fan-7aa6a6e70bbafade1558
Kompakt Fanlar;170X150;172X150X51MM-220VAC;DOSSY17-DS15052ABHL;20,0;Evet;Evet;https://www.ankaracncmarket.com.tr/kompakt-fanlar/172x150x51mm-220vac-11ee9ef8cdfaba243cd3
Kompakt Fanlar;170X150;172X150X51MM-220VAC-0,27A;KAKU-KA1725HA2B-MG;32,0;Hayır;Evet;https://www.ankaracncmarket.com.tr/kompakt-fanlar/172x150x51mm-220vac-0-27a-81b159cb14f54b0f4cf0
Kompakt Fanlar;170X150;172X150X51MM-24VDC -0,4A;KAKU-KA1725-D24B;70,0;Evet;Evet;https://www.ankaracncmarket.com.tr/kompakt-fanlar/172x150x51mm-24vdc--0-4a-e8849b224f0301f70160
Kompakt Fanlar;170X150;172X150X51MM-380VAC-30W;LÜFTER-LTA1751H3B;30,0;Hayır;Hayır;https://www.ankaracncmarket.com.tr/kompakt-fanlar/172x150x51mm-380vac-30w-a9f34903674c575d8288
Kompakt Fanlar;170X150;172X150X55MM-110VAC-40W;LÜFTER-LTA17255H1B;50,0;Hayır;Hayır;https://www.ankaracncmarket.com.tr/kompakt-fanlar/172x150x55mm-110vac-40w-de8d077aef47526e0dbe
Kompakt Fanlar;170X150;172X150X55MM-220VAC-40W;LÜFTER-LTA17255H2B;40,0;Hayır;Evet;https://www.ankaracncmarket.com.tr/kompakt-fanlar/172x150x55mm-220vac-40w-f5711d1aaa94b36c7c50
Kompakt Fanlar;170X150;172X150X55MM-380VAC-40W;LÜFTER-LTA17255H3B;60,0;Hayır;Hayır;https://www.ankaracncmarket.com.tr/kompakt-fanlar/172x150x55mm-380vac-40w-75d9c5a184e6ccf2a114
Kompakt Fanlar;170X160;172X150X51MM-12VDC-0,8A;KAKU-KA1725-D12B;60,0;Evet;Evet;https://www.ankaracncmarket.com.tr/kompakt-fanlar/172x150x51mm-12vdc-0-8a-18a0ceb925fd381ccdbf
Kompakt Fanlar;170X160;172X160X55MM 24V DC FAN;KA1725/5C/D24BML;70,0;Evet;Evet;https://www.ankaracncmarket.com.tr/kompakt-fanlar/172x160x55mm-24v-dc-fan-c8b1332f2baf4ba67177
Kompakt Fanlar;170X170;172X150X51MM 24VDC 0.60A;INK-17250HSL;26,0;Hayır;Hayır;https://www.ankaracncmarket.com.tr/kompakt-fanlar/172x150x51mm-24vdc-0.60a-212e52a2c1824baeb6e3
Kompakt Fanlar;170X170;172X160X51MM-220VAC-0,15A-30W;DOSSY18-DS1752ABHL;20,0;Evet;Evet;https://www.ankaracncmarket.com.tr/kompakt-fanlar/172x160x51mm-220vac-0-15a-30w-d0ee86eee2180f2389a6
Kompakt Fanlar;200X200;200X200X60MM-12VDC-2A;LÜFTER-LTD2060L1B;86,0;Evet;Hayır;https://www.ankaracncmarket.com.tr/kompakt-fanlar/200x200x60mm-12vdc-2a-a658085ccc5ab6dcc056
Kompakt Fanlar;200X200;200X200X60MM-220VAC;DOSSY21-DS20060ABHL;32,0;Evet;Evet;https://www.ankaracncmarket.com.tr/kompakt-fanlar/200x200x60mm-220vac-c5eaffd6c4d02938b023
Kompakt Fanlar;200X200;200X200X60MM-24VDC-1A;LÜFTER-LTD2060L2B;86,0;Evet;Hayır;https://www.ankaracncmarket.com.tr/kompakt-fanlar/200x200x60mm-24vdc-1a-baf1ae4a3ad446920f4b
Kompakt Fanlar;200X200;200X200X60MM-380VAC-65W;LÜFTER-LTA20060H3B;50,0;Hayır;Evet;https://www.ankaracncmarket.com.tr/kompakt-fanlar/200x200x60mm-380vac-65w-fcb694aa8055227fb0d6
Kompakt Fanlar;200X200;200X200X72MM-24VDC-RULMANLI;KAKU-KA2072-400D24BML;160,0;Evet;Hayır;https://www.ankaracncmarket.com.tr/kompakt-fanlar/200x200x72mm-24vdc-rulmanli-cce1bcd1e086831391e4
Kompakt Fanlar;210X210;210X210X75MM-380VAC-65W;LÜFTER-LTA21070H3B;40,0;Hayır;Evet;https://www.ankaracncmarket.com.tr/kompakt-fanlar/210x210x75mm-380vac-65w-93be94d6c43c83ef8ca0
Kompakt Fanlar;220X220;220X220X60MM-24VDC-1A;LÜFTER-LTD2260L2B;86,0;Evet;Hayır;https://www.ankaracncmarket.com.tr/kompakt-fanlar/220x220x60mm-24vdc-1a-35078670f1d2c56f5280
Kompakt Fanlar;220X220;220X220X60MM-380VAC-50W;LÜFTER-LTA22060H3B;50,0;Hayır;Hayır;https://www.ankaracncmarket.com.tr/kompakt-fanlar/220x220x60mm-380vac-50w-26c22593d6371c7a8ad2
Kompakt Fanlar;220X220;220X220X60MM-48VDC-0.50A;LÜFTER-LTD2260L4B;90,0;Evet;Hayır;https://www.ankaracncmarket.com.tr/kompakt-fanlar/220x220x60mm-48vdc-0.50a-be70d41f4306326cd162
Kompakt Fanlar;220X220;230X230X65MM 220V AC RULMANLI YUVARLAK FAN (LTA2365B);LFT 47;40,0;Evet;Evet;https://www.ankaracncmarket.com.tr/kompakt-fanlar/230x230x65mm-220v-ac-rulmanli-yuvarlak-fan-lta2365b-8ea87c4d72d35dd4dd8d
Kompakt Fanlar;225X225;225X225X80MM-110VAC-90W;LÜFTER-LTA22580H1B;80,0;Hayır;Hayır;https://www.ankaracncmarket.com.tr/kompakt-fanlar/225x225x80mm-110vac-90w-7cfcd37283cbd403c043
Kompakt Fanlar;225X225;225X225X80MM-24VDC-3A;KAKU-KA2258-3200/D24B;180,0;Evet;Evet;https://www.ankaracncmarket.com.tr/kompakt-fanlar/225x225x80mm-24vdc-3a-636e8e763b771fee20cb
Kompakt Fanlar;225X225;225X225X80MM-380VAC-105W;LÜFTER-LTA22580H3B;100,0;Hayır;Hayır;https://www.ankaracncmarket.com.tr/kompakt-fanlar/225x225x80mm-380vac-105w-70e53512a7c6f8058b61
Kompakt Fanlar;225X225;225X225X80MM-48VDC-1,5A;KAKU-KA2258-3200/D48B;200,0;Evet;Evet;https://www.ankaracncmarket.com.tr/kompakt-fanlar/225x225x80mm-48vdc-1-5a-6da69580acbe245fc8c3
Kompakt Fanlar;254X254;254X254X90M-220VAC-031A-DAİREFAN;KAKU-KA2509HA2-2P;140,0;Evet;Evet;https://www.ankaracncmarket.com.tr/kompakt-fanlar/254x254x90m-220vac-031a-dairefan-67cbed31dc87712f5cb3
Kompakt Fanlar;254X254;254X254X90MM-110VAC-0,47A-DAİRE FAN;KAKU-KA2509HA1-2P;155,0;Evet;Evet;https://www.ankaracncmarket.com.tr/kompakt-fanlar/254x254x90mm-110vac-0-47a-daire-fan-64be7b467407f0955d8c
Kompakt Fanlar;280X280;280X280X80MM-110VAC-130W;LÜFTER-LTA28080H1B;90,0;Hayır;Hayır;https://www.ankaracncmarket.com.tr/kompakt-fanlar/280x280x80mm-110vac-130w-785ee9c29eb29949a07b
Kompakt Fanlar;280X280;280X280X80MM-220VAC-130W;LÜFTER-LTA28080H2B;110,0;Hayır;Evet;https://www.ankaracncmarket.com.tr/kompakt-fanlar/280x280x80mm-220vac-130w-864446746ac906fde918
Kompakt Fanlar;280X280;280X280X80MM-24VDC- 5A;KAKU-KA28080-2800/D24B;200,0;Evet;Evet;https://www.ankaracncmarket.com.tr/kompakt-fanlar/280x280x80mm-24vdc--5a-ce4db4bc7184e5617132
Kompakt Fanlar;280X280;280X280X80MM-48VDC -2,5A;KAKU-KA28080-2800/D48B;220,0;Evet;Evet;https://www.ankaracncmarket.com.tr/kompakt-fanlar/280x280x80mm-48vdc--2-5a-ea676ec2737d5e7f9b4e
Kompakt Fanlar;30X30;30X30X10MM 12VDC KARE FAN;KA3010H1S;6,0;Evet;Evet;https://www.ankaracncmarket.com.tr/kompakt-fanlar/30x30x10mm-12vdc-kare-fan-5aaf0516884b01084851
Kompakt Fanlar;30X30;30X30X10MM 5VDC KARE FAN;KA3010H5S;6,0;Evet;Evet;https://www.ankaracncmarket.com.tr/kompakt-fanlar/30x30x10mm-5vdc-kare-fan-48ef080705e89b3d6ca1
Kompakt Fanlar;30X30;30X30X10MM-12VDC-0.10A;LÜFTER-LTD3010H1S;4,0;Evet;Evet;https://www.ankaracncmarket.com.tr/kompakt-fanlar/30x30x10mm-12vdc-0.10a-ad4eaeb56552f76d13bf
Kompakt Fanlar;40X40;40X40X10MM 12V DC KARE FAN;WIKOOL-WK4010;2,0;Evet;Evet;https://www.ankaracncmarket.com.tr/kompakt-fanlar/40x40x10mm-12v-dc-kare-fan-0c82ce7f3e656b0e4d12
Kompakt Fanlar;40X40;40X40X10MM 12VDC KARE FAN;KA4010H1S;6,0;Evet;Evet;https://www.ankaracncmarket.com.tr/kompakt-fanlar/40x40x10mm-12vdc-kare-fan-9148b5d84e180e27ba03
Kompakt Fanlar;40X40;40X40X10MM 24V 0,09A DC KARE FAN;WIKOOL-WK4010HSL;2,0;Evet;Evet;https://www.ankaracncmarket.com.tr/kompakt-fanlar/40x40x10mm-24v-0-09a-dc-kare-fan-849e5b59e3343a235aa4
Kompakt Fanlar;40X40;40X40X10MM 24V 0.07A 5000RPM KARE FAN;RS4010S24M;5,0;Evet;Evet;https://www.ankaracncmarket.com.tr/kompakt-fanlar/40x40x10mm-24v-0.07a-5000rpm-kare-fan-2aeaea12e75d3e3a30ed
Kompakt Fanlar;40X40;40X40X10MM 24VDC KARE FAN;KA4010H2S;6,0;Evet;Evet;https://www.ankaracncmarket.com.tr/kompakt-fanlar/40x40x10mm-24vdc-kare-fan-1abc57184d8512d36a58
Kompakt Fanlar;40X40;40X40X10MM 5V 0,29A 6000RPM KARE FAN;RS4010S05H;5,0;Evet;Evet;https://www.ankaracncmarket.com.tr/kompakt-fanlar/40x40x10mm-5v-0-29a-6000rpm-kare-fan-39afcac71d8b84649562
Kompakt Fanlar;40X40;40X40X10MM-5VDC-0.20A;LÜFTER-LTD4010H5S;4,0;Evet;Evet;https://www.ankaracncmarket.com.tr/kompakt-fanlar/40x40x10mm-5vdc-0.20a-28a1d10e858ec6a9fc3c
Kompakt Fanlar;40X40;40X40X15MM 12V 0.14A 8000RPM KARE FAN;RS4015S12H;6,0;Evet;Evet;https://www.ankaracncmarket.com.tr/kompakt-fanlar/40x40x15mm-12v-0.14a-8000rpm-kare-fan-6c7f4e69c5b9edd09875
Kompakt Fanlar;40X40;40X40X15MM 12VDC KARE FAN;KA4015H1S;6,0;Evet;Evet;https://www.ankaracncmarket.com.tr/kompakt-fanlar/40x40x15mm-12vdc-kare-fan-74512eadc585a0edb39b
Kompakt Fanlar;40X40;40X40X15MM 24V 0.08A 9000RPM HYDRAULİC;RS4015L24VH;7,0;Evet;Evet;https://www.ankaracncmarket.com.tr/kompakt-fanlar/40x40x15mm-24v-0.08a-9000rpm-hydraulic-55483c0802c853d256c2
Kompakt Fanlar;40X40;40X40X15MM 24VDC 0.09A KARE FAN;KA4015H2X;10,0;Evet;Evet;https://www.ankaracncmarket.com.tr/kompakt-fanlar/40x40x15mm-24vdc-0.09a-kare-fan-c887762ead68add131af
Kompakt Fanlar;40X40;40X40X15MM 24VDC 0.12A KARE FAN;KA4015H2S;6,0;Evet;Evet;https://www.ankaracncmarket.com.tr/kompakt-fanlar/40x40x15mm-24vdc-0.12a-kare-fan-724c024be268b53a4d19
Kompakt Fanlar;40X40;40X40X20MM 12V 0.10A 6500RPM KARE FAN;RS4020S12VH;5,0;Evet;Evet;https://www.ankaracncmarket.com.tr/kompakt-fanlar/40x40x20mm-12v-0.10a-6500rpm-kare-fan-b7a6212bd1785dbb6ca6
Kompakt Fanlar;40X40;40X40X20MM 12VDC KARE FAN;KA4020H1S;6,0;Evet;Evet;https://www.ankaracncmarket.com.tr/kompakt-fanlar/40x40x20mm-12vdc-kare-fan-ae71cd4a24c37c49a2ef
Kompakt Fanlar;40X40;40X40X20MM 24V 0.08A 8500RPM KARE FAN;RS4020S24H;5,0;Evet;Evet;https://www.ankaracncmarket.com.tr/kompakt-fanlar/40x40x20mm-24v-0.08a-8500rpm-kare-fan-242279e52596faeda414
Kompakt Fanlar;40X40;40X40X20MM 24VDC KARE FAN;KA4020H2S;6,0;Evet;Evet;https://www.ankaracncmarket.com.tr/kompakt-fanlar/40x40x20mm-24vdc-kare-fan-9efae728b894d1897177
Kompakt Fanlar;40X40;40X40X20MM-12VDC-0.13A;WIIKOOL05-WK4020HSL;2,0;Evet;Hayır;https://www.ankaracncmarket.com.tr/kompakt-fanlar/40x40x20mm-12vdc-0.13a-8e9659618629f94acbe7
Kompakt Fanlar;40X40;40X40X20MM-12VDC-0.15A;LÜFTER-LTD4020H1S;3,0;Evet;Evet;https://www.ankaracncmarket.com.tr/kompakt-fanlar/40x40x20mm-12vdc-0.15a-1ce18dc4fc10fc7d353a
Kompakt Fanlar;40X40;40X40X20MM-24VDC-0.09A;WIIKOOL06-WK4020HSL;6,0;Evet;Hayır;https://www.ankaracncmarket.com.tr/kompakt-fanlar/40x40x20mm-24vdc-0.09a-7cf67200bcdc114faa18
Kompakt Fanlar;40X40;40X40X20MM-5VDC-0.30A;WIIKOOL04-WK4020D5HSL;3,0;Evet;Evet;https://www.ankaracncmarket.com.tr/kompakt-fanlar/40x40x20mm-5vdc-0.30a-6b82865f00e8b18effe7
Kompakt Fanlar;40X40;40X40X28MM 24V 0.30A 14500RPM RULMANLI KARE FAN;RD4028B24SH;14,0;Evet;Evet;https://www.ankaracncmarket.com.tr/kompakt-fanlar/40x40x28mm-24v-0.30a-14500rpm-rulmanli-kare-fan-777feb6f924d2b270e17
Kompakt Fanlar;40X40;40X40X28MM-24VDC-0.20A;LÜFTER-LTD4028H2B;8,0;Evet;Evet;https://www.ankaracncmarket.com.tr/kompakt-fanlar/40x40x28mm-24vdc-0.20a-03306162580aa97a02c0
Kompakt Fanlar;40X40;DEMEX 40X40X20MM 12V DC 0,30A KARE FAN;DEMEX11-Y-Y4028H12B;6,0;Evet;Evet;https://www.ankaracncmarket.com.tr/kompakt-fanlar/demex-40x40x20mm-12v-dc-0-30a-kare-fan-3c14e5452af70fc31d71
Kompakt Fanlar;40X40;DEMEX 40X40X28MM 12V DC;DEMEX-Y-Y4028H12H4SB;20,0;Evet;Evet;https://www.ankaracncmarket.com.tr/kompakt-fanlar/demex-40x40x28mm-12v-dc-7fec84c88db94091743a
Kompakt Fanlar;40X40;LÜFTER LTD4010D2S-40X40X10MM 24VDC;LFT 4;4,0;Evet;Evet;https://www.ankaracncmarket.com.tr/kompakt-fanlar/lufter-ltd4010d2s-40x40x10mm-24vdc-6e0e5863463aa7aed4d8
Kompakt Fanlar;40X40;LÜFTER LTD4015H2S-40X40X15MM 24VDC;LFT 5;6,0;Evet;Evet;https://www.ankaracncmarket.com.tr/kompakt-fanlar/lufter-ltd4015h2s-40x40x15mm-24vdc-29d55cbef3207e721d68
Kompakt Fanlar;40X40;LÜFTER LTD4020H2S-40X40X20MM 24VDC;LFT 6;2,75;Evet;Evet;https://www.ankaracncmarket.com.tr/kompakt-fanlar/lufter-ltd4020h2s-40x40x20mm-24vdc-0b77150644b9e065aacf
Kompakt Fanlar;50X50;50X50X10MM 12VDC KARE FAN;KA5010M1X;6,0;Evet;Evet;https://www.ankaracncmarket.com.tr/kompakt-fanlar/50x50x10mm-12vdc-kare-fan-8dba9a040fabad4d4f86
Kompakt Fanlar;50X50;50X50X10MM 24V 0.10A 6300RPM KARE FAN;RS5010S24VH;5,0;Evet;Evet;https://www.ankaracncmarket.com.tr/kompakt-fanlar/50x50x10mm-24v-0.10a-6300rpm-kare-fan-765766dd867a8186cafc
Kompakt Fanlar;50X50;50X50X10MM 24VDC KARE FAN;KA5010M2X;6,0;Evet;Evet;https://www.ankaracncmarket.com.tr/kompakt-fanlar/50x50x10mm-24vdc-kare-fan-0f6a0bc8b4a36bd21d11
Kompakt Fanlar;50X50;50X50X10MM 5VDC KARE FAN;KA5010M5X;6,0;Evet;Evet;https://www.ankaracncmarket.com.tr/kompakt-fanlar/50x50x10mm-5vdc-kare-fan-27de5e575466726b8ef9
Kompakt Fanlar;50X50;50X50X10MM-24VDC-0.09A;WIIKOOL08-WK5010D2HSL;2,0;Evet;Hayır;https://www.ankaracncmarket.com.tr/kompakt-fanlar/50x50x10mm-24vdc-0.09a-b8380b733c57bb33fc9a
Kompakt Fanlar;50X50;50X50X15MM 12VDC KARE FAN;KA5015M1X;6,0;Evet;Evet;https://www.ankaracncmarket.com.tr/kompakt-fanlar/50x50x15mm-12vdc-kare-fan-5d78dbd7bdebdeca1d29
Kompakt Fanlar;50X50;50X50X15MM 24V DC KARE FAN (LTD5015H2S);LFT 9;10,0;Evet;Evet;https://www.ankaracncmarket.com.tr/kompakt-fanlar/50x50x15mm-24v-dc-kare-fan-ltd5015h2s-2a6ee009655917bd79d8
Kompakt Fanlar;50X50;50X50X15MM 24VDC KARE FAN;KA5015H2X;6,0;Evet;Evet;https://www.ankaracncmarket.com.tr/kompakt-fanlar/50x50x15mm-24vdc-kare-fan-9046f988bb890a0ba1f5
Kompakt Fanlar;50X50;50X50X15MM 5VDC KARE FAN;KA5015M5X;6,0;Evet;Evet;https://www.ankaracncmarket.com.tr/kompakt-fanlar/50x50x15mm-5vdc-kare-fan-9effc3bc5164d7c74a88
Kompakt Fanlar;50X50;50X50X15MM-12VDC-0.30A;LÜFTER-LTD5015H1S;3,0;Evet;Evet;https://www.ankaracncmarket.com.tr/kompakt-fanlar/50x50x15mm-12vdc-0.30a-0748fb4261d11e022e1c
Kompakt Fanlar;50X50;50X50X20MM 12VDC KARE FAN;KA5020M1X;6,0;Evet;Evet;https://www.ankaracncmarket.com.tr/kompakt-fanlar/50x50x20mm-12vdc-kare-fan-f03043a089c48caea836
Kompakt Fanlar;50X50;50X50X20MM 24VDC KARE FAN;KA5020H2X;6,0;Evet;Evet;https://www.ankaracncmarket.com.tr/kompakt-fanlar/50x50x20mm-24vdc-kare-fan-d1d0677a308b4a0d16d4
Kompakt Fanlar;50X50;50X50X20MM 5VDC KARE FAN;KA5020M5X;6,0;Evet;Evet;https://www.ankaracncmarket.com.tr/kompakt-fanlar/50x50x20mm-5vdc-kare-fan-cbca16598bb30d48ad5c
Kompakt Fanlar;50X50;DEMEX 50X50X10MM 5V DC 0,20A KARE FAN;DEMEX13-Y-Y5010H5S;6,0;Evet;Evet;https://www.ankaracncmarket.com.tr/kompakt-fanlar/demex-50x50x10mm-5v-dc-0-20a-kare-fan-0b200c50754f3c74c022
Kompakt Fanlar;50X50;DEMEX 50X50X15MM 12V DC 0,15A KARE FAN;DEME17-Y-Y5015H12S;6,0;Evet;Evet;https://www.ankaracncmarket.com.tr/kompakt-fanlar/demex-50x50x15mm-12v-dc-0-15a-kare-fan-cc14145804b2a127343c
Kompakt Fanlar;50X50;DEMEX 50X50X15MM 5V DC 0,30A KARE FAN;DEMEX16-Y-Y5015H5S;6,0;Evet;Evet;https://www.ankaracncmarket.com.tr/kompakt-fanlar/demex-50x50x15mm-5v-dc-0-30a-kare-fan-5926f56480e8944f3b7a
Kompakt Fanlar;50X50;DEMEX 50X50X20MM 12V DC 0,22A KARE FAN;DEMEX22-Y-Y5020H12S;6,0;Evet;Evet;https://www.ankaracncmarket.com.tr/kompakt-fanlar/demex-50x50x20mm-12v-dc-0-22a-kare-fan-4a3beca0403fa4c72ec2
Kompakt Fanlar;50X50;DEMEX 50X50X20MM 5V DC 0,23A KARE FAN;DEMEX21-Y-Y-5020H5S;6,0;Evet;Evet;https://www.ankaracncmarket.com.tr/kompakt-fanlar/demex-50x50x20mm-5v-dc-0-23a-kare-fan-47745dd314e5b928cee5
Kompakt Fanlar;50X50;LÜFTER LTD5010H1S-50X50X10MM 12VDC;LFT 7;4,0;Evet;Evet;https://www.ankaracncmarket.com.tr/kompakt-fanlar/lufter-ltd5010h1s-50x50x10mm-12vdc-5bf3763df285ca9bc88b
Kompakt Fanlar;50X50;LÜFTER LTD5010H2S-50X50X10MM 24VDC;LFT 8;2,5;Evet;Evet;https://www.ankaracncmarket.com.tr/kompakt-fanlar/lufter-ltd5010h2s-50x50x10mm-24vdc-58f3954745b53c5559d4
Kompakt Fanlar;50X50;RUNDA 50X50X15MM 24V 0.10A 6500RPM KARE FAN;RS5015S24VH;5,0;Evet;Evet;https://www.ankaracncmarket.com.tr/kompakt-fanlar/runda-50x50x15mm-24v-0.10a-6500rpm-kare-fan-7ae8121f849a5170d5d3
Kompakt Fanlar;50X50;RUNDA 50X50X20MM 12V 0.22A 6200RPM KARE FAN;RS5020S12VH;5,0;Evet;Evet;https://www.ankaracncmarket.com.tr/kompakt-fanlar/runda-50x50x20mm-12v-0.22a-6200rpm-kare-fan-6a78baeb8f680abc1e6e
Kompakt Fanlar;50X50;RUNDA 50X50X20MM 24V 0.11A 6200RPM KARE FAN;RS5020S24VH;5,0;Evet;Evet;https://www.ankaracncmarket.com.tr/kompakt-fanlar/runda-50x50x20mm-24v-0.11a-6200rpm-kare-fan-262bff2801592f55f444
Kompakt Fanlar;60X60;60X60X10MM 12VDC KARE FAN;KA6010M1X;6,0;Evet;Evet;https://www.ankaracncmarket.com.tr/kompakt-fanlar/60x60x10mm-12vdc-kare-fan-3c164c256679ddc264a3
Kompakt Fanlar;60X60;60X60X10MM 24V 0.09A 4000RPM KARE FAN;RS6010S24VH;5,0;Evet;Evet;https://www.ankaracncmarket.com.tr/kompakt-fanlar/60x60x10mm-24v-0.09a-4000rpm-kare-fan-2547236a0dce26d00e0e
Kompakt Fanlar;60X60;60X60X10MM 24VDC KARE FAN;KA6010M2X;6,0;Evet;Evet;https://www.ankaracncmarket.com.tr/kompakt-fanlar/60x60x10mm-24vdc-kare-fan-99985905e71a426a9597
Kompakt Fanlar;60X60;60X60X10MM 5VDC KARE FAN;KA6010M5X;6,0;Evet;Evet;https://www.ankaracncmarket.com.tr/kompakt-fanlar/60x60x10mm-5vdc-kare-fan-c58980e7da3ac87d1821
Kompakt Fanlar;60X60;60X60X10MM-12VDC-0.23A;LÜFTER-LTD6010H1S;3,0;Evet;Evet;https://www.ankaracncmarket.com.tr/kompakt-fanlar/60x60x10mm-12vdc-0.23a-4d89989734abb8f57cee
Kompakt Fanlar;60X60;60X60X10MM-24VDC-0.10A;LÜFTER-LTD6010H2S;5,0;Evet;Evet;https://www.ankaracncmarket.com.tr/kompakt-fanlar/60x60x10mm-24vdc-0.10a-87e748f33051c0faa3c9
Kompakt Fanlar;60X60;60X60X15MM 12V 0.28A DC FAN;AEFJU134;6,0;Evet;Hayır;https://www.ankaracncmarket.com.tr/kompakt-fanlar/60x60x15mm-12v-0.28a-dc-fan-fbd1128dfcb7d26d3c36
Kompakt Fanlar;60X60;60X60X15MM 12VDC KARE FAN;KA6015M1X;6,0;Evet;Evet;https://www.ankaracncmarket.com.tr/kompakt-fanlar/60x60x15mm-12vdc-kare-fan-dd8168ff61bcb66fa2da
Kompakt Fanlar;60X60;60X60X15MM 24V DC 0,11A KARE FAN;WIKOOL-WK6015HSL;5,0;Evet;Evet;https://www.ankaracncmarket.com.tr/kompakt-fanlar/60x60x15mm-24v-dc-0-11a-kare-fan-9b9be06b5fc41b15e6a5
Kompakt Fanlar;60X60;60X60X15MM 24VDC KARE FAN;KA6015M2X;6,0;Evet;Evet;https://www.ankaracncmarket.com.tr/kompakt-fanlar/60x60x15mm-24vdc-kare-fan-028235b54278de1c53a4
Kompakt Fanlar;60X60;60X60X15MM 5VDC KARE FAN;KA6015M5X;6,0;Evet;Evet;https://www.ankaracncmarket.com.tr/kompakt-fanlar/60x60x15mm-5vdc-kare-fan-c0a7519b69bf152a1304
Kompakt Fanlar;60X60;60X60X15MM-12VDC-0.28A;LÜFTER-LTD6015H1S;5,0;Evet;Evet;https://www.ankaracncmarket.com.tr/kompakt-fanlar/60x60x15mm-12vdc-0.28a-091dae7ebbdbe9b136b2
Kompakt Fanlar;60X60;60X60X15MM-24VDC-0.15A;LÜFTER-LTD6015H2S;3,0;Evet;Evet;https://www.ankaracncmarket.com.tr/kompakt-fanlar/60x60x15mm-24vdc-0.15a-5aa0fb49ae0ff14bcb3a
Kompakt Fanlar;60X60;60X60X20MM 12VDC KARE FAN;KA6020M1X;6,0;Evet;Evet;https://www.ankaracncmarket.com.tr/kompakt-fanlar/60x60x20mm-12vdc-kare-fan-86a55d1848d91af6e97a
Kompakt Fanlar;60X60;60X60X20MM 24VDC KARE FAN;KA6020M2X;6,0;Evet;Evet;https://www.ankaracncmarket.com.tr/kompakt-fanlar/60x60x20mm-24vdc-kare-fan-09e0d4b273d02f948890
Kompakt Fanlar;60X60;60X60X25MM 12 VDC 0.21A;INK-6025H1SL;2,5;Hayır;Hayır;https://www.ankaracncmarket.com.tr/kompakt-fanlar/60x60x25mm-12-vdc-0.21a-d9ca62cedf39f6b697a0
Kompakt Fanlar;60X60;60X60X25MM 12V DC 0,21A KARE FAN;WIKOOL-WK6025HSL;6,0;Evet;Evet;https://www.ankaracncmarket.com.tr/kompakt-fanlar/60x60x25mm-12v-dc-0-21a-kare-fan-3f997944175fc38404ad
Kompakt Fanlar;60X60;60X60X25MM 12VDC KARE FAN;KA6025M1X;6,0;Evet;Evet;https://www.ankaracncmarket.com.tr/kompakt-fanlar/60x60x25mm-12vdc-kare-fan-e042448b5a93c6562d5c
Kompakt Fanlar;60X60;60X60X25MM 24 VDC 0.15A;INK-6025HSL;2,5;Hayır;Hayır;https://www.ankaracncmarket.com.tr/kompakt-fanlar/60x60x25mm-24-vdc-0.15a-7505fbe2adc702ee9c5e
Kompakt Fanlar;60X60;60X60X25MM 24VDC KARE FAN;KA6025M2X;6,0;Evet;Evet;https://www.ankaracncmarket.com.tr/kompakt-fanlar/60x60x25mm-24vdc-kare-fan-6188d61d19f485b45a2e
Kompakt Fanlar;60X60;60X60X25MM 5VDC KARE FAN;KA6025M5X;6,0;Evet;Evet;https://www.ankaracncmarket.com.tr/kompakt-fanlar/60x60x25mm-5vdc-kare-fan-f49ec3c698e333f16f70
Kompakt Fanlar;60X60;60X60X25MM-12VDC-0.45A;LÜFTER-LTD6025H1S;5,0;Evet;Evet;https://www.ankaracncmarket.com.tr/kompakt-fanlar/60x60x25mm-12vdc-0.45a-0ab5366e5d25025045c4
Kompakt Fanlar;60X60;60X60X25MM-24VDC-0.25A;LÜFTER-LTD6025H2S;5,5;Evet;Evet;https://www.ankaracncmarket.com.tr/kompakt-fanlar/60x60x25mm-24vdc-0.25a-fa4daf799a81b9f82890
Kompakt Fanlar;60X60;60X60X30MM 220V AC KARE FAN (LTA6030M2B);LFT 37;20,0;Evet;Evet;https://www.ankaracncmarket.com.tr/kompakt-fanlar/60x60x30mm-220v-ac-kare-fan-lta6030m2b-1e1f97527b0a0a9a9aef
Kompakt Fanlar;60X60;60X60X32MM 220 VAC;LÜFTER-LTA6030M2B;20,0;Evet;Hayır;https://www.ankaracncmarket.com.tr/kompakt-fanlar/60x60x32mm-220-vac-247343b67e3443e7f66e
Kompakt Fanlar;60X60;60X60X38MM-12VDC-0.60A;RUNDA-RD6038L12L-FS;15,0;Evet;Evet;https://www.ankaracncmarket.com.tr/kompakt-fanlar/60x60x38mm-12vdc-0.60a-70108a8b5de4e4cc3a63
Kompakt Fanlar;60X60;60X60X38MM-24VDC-0.30A-8000RPM;RUNDA-RD6038L24L-FS;15,0;Evet;Evet;https://www.ankaracncmarket.com.tr/kompakt-fanlar/60x60x38mm-24vdc-0.30a-8000rpm-6d4fa4747d757f8ee3b0
Kompakt Fanlar;60X60;DEMEX 60X60X10MM 5V DC 0,26A KARE FAN;DEMEX-Y-Y6010H5S;6,0;Evet;Evet;https://www.ankaracncmarket.com.tr/kompakt-fanlar/demex-60x60x10mm-5v-dc-0-26a-kare-fan-956d7717ad4772de0ced
Kompakt Fanlar;60X60;DEMEX 60X60X20MM 12V DC 0,20A KARE FAN;DEMEX27-Y-Y6020H12S;6,0;Evet;Evet;https://www.ankaracncmarket.com.tr/kompakt-fanlar/demex-60x60x20mm-12v-dc-0-20a-kare-fan-54308c2225fd8e9b1e7f
Kompakt Fanlar;60X60;DEMEX 60X60X38MM 12V DC 0,45A KARE FAN;DEMEX32-Y-Y6038H12B;21,0;Evet;Evet;https://www.ankaracncmarket.com.tr/kompakt-fanlar/demex-60x60x38mm-12v-dc-0-45a-kare-fan-d32e1557241b22d2a298
Kompakt Fanlar;60X60;RUNDA 60X60X10MM 12V 0.18A 4000RPM KARE FAN;RS6010S12VH;5,0;Evet;Evet;https://www.ankaracncmarket.com.tr/kompakt-fanlar/runda-60x60x10mm-12v-0.18a-4000rpm-kare-fan-5ea42a42ae62aa5fab53
Kompakt Fanlar;60X60;RUNDA 60X60X15MM 12V 0.23A 5000RPM KARE FAN;RS6015S12VH;5,0;Evet;Evet;https://www.ankaracncmarket.com.tr/kompakt-fanlar/runda-60x60x15mm-12v-0.23a-5000rpm-kare-fan-4504a5e30699cd45e9aa
Kompakt Fanlar;60X60;RUNDA 60X60X15MM 24V 0.12A 5000RPM KARE FAN;RS6015S24VH;5,0;Evet;Evet;https://www.ankaracncmarket.com.tr/kompakt-fanlar/runda-60x60x15mm-24v-0.12a-5000rpm-kare-fan-719e34022ce095bfccb8
Kompakt Fanlar;70X70;70X70X15MM 24V DC KARE FAN;SUNFLOW-70X70X15MM-24VDC;3,0;Evet;Evet;https://www.ankaracncmarket.com.tr/kompakt-fanlar/70x70x15mm-24v-dc-kare-fan-2560820c81c265207f67
Kompakt Fanlar;70X70;70X70X15MM-24VDC-0.30A;LÜFTER-LTD7015H2S;4,0;Evet;Evet;https://www.ankaracncmarket.com.tr/kompakt-fanlar/70x70x15mm-24vdc-0.30a-60894145ea2301155a21
Kompakt Fanlar;70X70;70X70X20MM-24VDC-0.20A;LÜFTER-LTD7020H2S;4,0;Evet;Hayır;https://www.ankaracncmarket.com.tr/kompakt-fanlar/70x70x20mm-24vdc-0.20a-000bc702ac9d30f86e2f
Kompakt Fanlar;70X70;70X70X25MM-24VDC-0.25A;LÜFTER-LTD7025H2S;4,0;Evet;Evet;https://www.ankaracncmarket.com.tr/kompakt-fanlar/70x70x25mm-24vdc-0.25a-15a1edc4d1beb4edc4fd
Kompakt Fanlar;70X70;DEMEX 70X70X25MM 48V DC 0,10A KARE FAN;DEMEX-Y-Y7025H48S;12,0;Evet;Evet;https://www.ankaracncmarket.com.tr/kompakt-fanlar/demex-70x70x25mm-48v-dc-0-10a-kare-fan-b7fdc1239383662057ed
Kompakt Fanlar;80X80;80X80X10MM-24VDC-0.05A-2500RPM;RUNDA-RS8010S24M-FA;5,0;Evet;Evet;https://www.ankaracncmarket.com.tr/kompakt-fanlar/80x80x10mm-24vdc-0.05a-2500rpm-5fa43ea4a75d7af4eb7f
Kompakt Fanlar;80X80;80X80X15MM 24VDC KARE FAN;KA8015M2X;6,0;Evet;Evet;https://www.ankaracncmarket.com.tr/kompakt-fanlar/80x80x15mm-24vdc-kare-fan-66b5f213834adf292138
Kompakt Fanlar;80X80;80X80X25MM 110V AC-0,12A KARE FAN;WIKOOL21-WK8025HSL;6,0;Evet;Evet;https://www.ankaracncmarket.com.tr/kompakt-fanlar/80x80x25mm-110v-ac-0-12a-kare-fan-2be63defc902ea20f940
Kompakt Fanlar;80X80;80X80X25MM 220VAC KARE FAN;KA8025HA2SML;18,0;Evet;Evet;https://www.ankaracncmarket.com.tr/kompakt-fanlar/80x80x25mm-220vac-kare-fan-33f89ad22c2657b649ff
Kompakt Fanlar;80X80;80X80X25MM 24VDC KARE FAN;KA8025H2X;6,0;Evet;Evet;https://www.ankaracncmarket.com.tr/kompakt-fanlar/80x80x25mm-24vdc-kare-fan-60535276713bc6634e0c
Kompakt Fanlar;80X80;80X80X25MM 5VDC KARE FAN;KA8025M5X;6,0;Evet;Evet;https://www.ankaracncmarket.com.tr/kompakt-fanlar/80x80x25mm-5vdc-kare-fan-d9aba4b1a876203dd968
Kompakt Fanlar;80X80;80X80X25MM-12VDC-0.40A;LÜFTER-LTD8025H1S;15,0;Evet;Evet;https://www.ankaracncmarket.com.tr/kompakt-fanlar/80x80x25mm-12vdc-0.40a-6c5815b689a335aceab9
Kompakt Fanlar;80X80;80X80X25MM-220VAC;DOSSY01-DS8025ABHL;7,0;Evet;Evet;https://www.ankaracncmarket.com.tr/kompakt-fanlar/80x80x25mm-220vac-9f1c9f8e43cf595bc39e
Kompakt Fanlar;80X80;80X80X38MM 110V AC KARE FAN;WIKOOL-WK8038H1S;6,0;Evet;Evet;https://www.ankaracncmarket.com.tr/kompakt-fanlar/80x80x38mm-110v-ac-kare-fan-8a434bd1c362f2554b9b
Kompakt Fanlar;80X80;80X80X38MM 220VAC KARE FAN;KA8038HA2SML;18,0;Evet;Evet;https://www.ankaracncmarket.com.tr/kompakt-fanlar/80x80x38mm-220vac-kare-fan-d80139aac0c1a9102f2d
Kompakt Fanlar;80X80;80X80X38MM-220VEC-5W;LÜFTER-LTE8038MS;7,0;Evet;Hayır;https://www.ankaracncmarket.com.tr/kompakt-fanlar/80x80x38mm-220vec-5w-02f6f94a4865a9f3ee1c
Kompakt Fanlar;80X80;80X80X38XMM 220;LÜFTER-LTA8038H2SL;7,0;Hayır;Hayır;https://www.ankaracncmarket.com.tr/kompakt-fanlar/80x80x38xmm-220-7792eb88112e3cc52daf
Kompakt Fanlar;80X80;DEMEX 80X80X38MM 12V DC 0,80A KARE FAN;DEMEX-Y-Y8038H48B;22,0;Evet;Evet;https://www.ankaracncmarket.com.tr/kompakt-fanlar/demex-80x80x38mm-12v-dc-0-80a-kare-fan-32558a661d0fc57488ad
Kompakt Fanlar;80X80;DEMEX 80X80X38MM 48V DC 0,25A KARE FAN;DEMEX-Y-8038H48B;26,0;Evet;Evet;https://www.ankaracncmarket.com.tr/kompakt-fanlar/demex-80x80x38mm-48v-dc-0-25a-kare-fan-09e30f8f8879e3c3df5c
Kompakt Fanlar;92X92;90X90X15MM-12VDC-0.10A;RUNDA-RS9015S12VH-FA;5,0;Evet;Evet;https://www.ankaracncmarket.com.tr/kompakt-fanlar/90x90x15mm-12vdc-0.10a-9027f0840612fc95aa5a
Kompakt Fanlar;92X92;90X90X15MM-24VDC-0.14A-3500RPM;RUNDA-RS9015S24VH-FA;5,0;Evet;Evet;https://www.ankaracncmarket.com.tr/kompakt-fanlar/90x90x15mm-24vdc-0.14a-3500rpm-9ccab7b469fac015c910
Kompakt Fanlar;92X92;92X92X25MM 0.44A 12V DC FAN;KA9225H1X;8,0;Evet;Evet;https://www.ankaracncmarket.com.tr/kompakt-fanlar/92x92x25mm-0.44a-12v-dc-fan-923d779ac4e11e15d4bd
Kompakt Fanlar;92X92;92X92X25MM 110V AC KARE FAN;WIKOOL-WK9225H;6,0;Evet;Evet;https://www.ankaracncmarket.com.tr/kompakt-fanlar/92x92x25mm-110v-ac-kare-fan-e4242e135aa2d5bec8a5
Kompakt Fanlar;92X92;92X92X25MM 110VAC;SUNF 4;5,0;Evet;Evet;https://www.ankaracncmarket.com.tr/kompakt-fanlar/92x92x25mm-110vac-02b0d2ec5fee5d2839f1
Kompakt Fanlar;92X92;92X92X25MM 12V 0.44A 4000RPM KARE FAN;RS9225S12VH;5,0;Evet;Evet;https://www.ankaracncmarket.com.tr/kompakt-fanlar/92x92x25mm-12v-0.44a-4000rpm-kare-fan-c99d7cc0bab281945439
Kompakt Fanlar;92X92;92X92X25MM 12VDC 0.20A;INK-9225HSL;2,5;Evet;Hayır;https://www.ankaracncmarket.com.tr/kompakt-fanlar/92x92x25mm-12vdc-0.20a-3abab57869e6e93ecea7
Kompakt Fanlar;92X92;92X92X25MM 12VDC FAN;KA9225M2X;6,0;Evet;Evet;https://www.ankaracncmarket.com.tr/kompakt-fanlar/92x92x25mm-12vdc-fan-30da7e728cbf408f4691
Kompakt Fanlar;92X92;92X92X25MM 220V AC KARE FAN (9225M2S);LFT 39;8,0;Evet;Evet;https://www.ankaracncmarket.com.tr/kompakt-fanlar/92x92x25mm-220v-ac-kare-fan-9225m2s-15a21dab467f1725e26f
Kompakt Fanlar;92X92;92X92X25MM 220VAC KARE FAN;KA9225HA2SML;18,0;Evet;Evet;https://www.ankaracncmarket.com.tr/kompakt-fanlar/92x92x25mm-220vac-kare-fan-0bbb4407e19d773ead0c
Kompakt Fanlar;92X92;92X92X25MM 24V DC FAN;KA9225H2X;6,0;Evet;Evet;https://www.ankaracncmarket.com.tr/kompakt-fanlar/92x92x25mm-24v-dc-fan-331fbc48b4b785be7a46
Kompakt Fanlar;92X92;92X92X25MM-12VDC-0.50A;LÜFTER-LTD9225H1S;5,0;Evet;Evet;https://www.ankaracncmarket.com.tr/kompakt-fanlar/92x92x25mm-12vdc-0.50a-da46b526e907222a8b08
Kompakt Fanlar;92X92;92X92X25MM-24VDC-0.16A;INK-9225H2SL;2,5;Hayır;Hayır;https://www.ankaracncmarket.com.tr/kompakt-fanlar/92x92x25mm-24vdc-0.16a-fcd9f1f9452914ac0f03
Kompakt Fanlar;92X92;92X92X25MM-24VDC-0.20A;RUNDA-RS9225S24VH-FA;6,0;Evet;Evet;https://www.ankaracncmarket.com.tr/kompakt-fanlar/92x92x25mm-24vdc-0.20a-7bb292d55bee8e8537eb
Kompakt Fanlar;92X92;92X92X25MM-24VDC-0.30A;LÜFTER-LTD9225H2S;5,5;Evet;Evet;https://www.ankaracncmarket.com.tr/kompakt-fanlar/92x92x25mm-24vdc-0.30a-3e26495a6ec67a25e4e5
Kompakt Fanlar;92X92;92X92X28MM 12V DC FAN;KA9228H1X;8,0;Evet;Evet;https://www.ankaracncmarket.com.tr/kompakt-fanlar/92x92x28mm-12v-dc-fan-952df886cc40c8bd22eb
Kompakt Fanlar;92X92;92X92X28MM 24V DC FAN;KA9228H2X;10,0;Evet;Evet;https://www.ankaracncmarket.com.tr/kompakt-fanlar/92x92x28mm-24v-dc-fan-d0118c6f9389372feef8
Kompakt Fanlar;92X92;92X92X28MM-24VDC-0.27A-3600RPM;RUNDA-RD9228L24VH-FA;9,0;Evet;Evet;https://www.ankaracncmarket.com.tr/kompakt-fanlar/92x92x28mm-24vdc-0.27a-3600rpm-adf2e157b9d28ab0b76f
Kompakt Fanlar;92X92;92X92X38MM 220V 4.6W 3600RPM HYDRAULİC EC FAN;RT9238L22M;14,0;Evet;Evet;https://www.ankaracncmarket.com.tr/kompakt-fanlar/92x92x38mm-220v-4.6w-3600rpm-hydraulic-ec-fan-7a18f9b5b5363c281415
Kompakt Fanlar;92X92;92X92X38MM 220V AC 0,08A KARE FAN;WIKOOL-WK9238HSL;6,0;Evet;Evet;https://www.ankaracncmarket.com.tr/kompakt-fanlar/92x92x38mm-220v-ac-0-08a-kare-fan-ecbe90ccee052d958d89
Kompakt Fanlar;92X92;92X92X38MM 220VAC KARE FAN;KA9238HA2SML;18,0;Evet;Evet;https://www.ankaracncmarket.com.tr/kompakt-fanlar/92x92x38mm-220vac-kare-fan-cc288a44a8e47ba38c5d
Kompakt Fanlar;92X92;92X92X38MM 24V DC KARE FAN;KA9238H2X;15,0;Evet;Evet;https://www.ankaracncmarket.com.tr/kompakt-fanlar/92x92x38mm-24v-dc-kare-fan-0430903e236b15d368b9
Kompakt Fanlar;92X92;92X92X38MM 24VDC KARE FAN (LTD9238M2S);LFT 21;11,5;Evet;Evet;https://www.ankaracncmarket.com.tr/kompakt-fanlar/92x92x38mm-24vdc-kare-fan-ltd9238m2s-c024606590e7e156f88a
Kompakt Fanlar;92X92;92X92X38MM-12VDC-1.20A;LÜFTER-LTD9238M1B;12,0;Evet;Evet;https://www.ankaracncmarket.com.tr/kompakt-fanlar/92x92x38mm-12vdc-1.20a-d61db7ea82e68608cda9
Kompakt Fanlar;92X92;92X92X38MM-220VAC-0,09A-15W;DOSSY04-DS9238ASHL;7,0;Evet;Evet;https://www.ankaracncmarket.com.tr/kompakt-fanlar/92x92x38mm-220vac-0-09a-15w-d41fe75964a4301aee3a
Kompakt Fanlar;92X92;92X92X38MM-24VDC-0.75A;LÜFTER-LTD9238M2S;10,0;Evet;Evet;https://www.ankaracncmarket.com.tr/kompakt-fanlar/92x92x38mm-24vdc-0.75a-dcf0d791d0432e6c6119
Kompakt Fanlar;92X92;92X92X38MM-48VDC-0.20A;LÜFTER-LTD9238M4B;12,0;Evet;Evet;https://www.ankaracncmarket.com.tr/kompakt-fanlar/92x92x38mm-48vdc-0.20a-acab419bfbca64268f41
Kompakt Fanlar;92X92;92X92X38MM-80VDC-6.1W-76mA;LÜFTER-LTD9238H8B;50,0;Evet;Evet;https://www.ankaracncmarket.com.tr/kompakt-fanlar/92x92x38mm-80vdc-6.1w-76ma-3872d630beee380c89c6
Kompakt Fanlar;92X92;DEMEX 92X92X25MM 48V DC 0,10A KARE FAN;DEMEX51-Y-Y9225H48S;10,0;Evet;Evet;https://www.ankaracncmarket.com.tr/kompakt-fanlar/demex-92x92x25mm-48v-dc-0-10a-kare-fan-879b56df2b68cf18f2dd
Kompakt Fanlar;92X92;DEMEX 92X92X32MM 48V DC 0,18A KARE FAN;DEMEX55-Y-Y9232H48B;26,0;Evet;Evet;https://www.ankaracncmarket.com.tr/kompakt-fanlar/demex-92x92x32mm-48v-dc-0-18a-kare-fan-374d32461d3af099b036
MEKANİK;CLUMP - UNCLUMP PİSTON;BT40 CLUMP-UNCLUMP PİSTON;EPRSY578;1600,0;Evet;Evet;https://www.ankaracncmarket.com.tr/mekanik/bt40-clump-unclump-piston-89dad11f08c4730f31ea
MEKANİK;CLUMP - UNCLUMP PİSTON;HINAKA BPT-10U5S45S13M CLUMP-UNCLUMP PİSTON;DEFK3467;1550,0;Evet;Evet;https://www.ankaracncmarket.com.tr/mekanik/hinaka-bpt-10u5s45s13m-clump-unclump-piston-4589e71208c74429d583
MEKANİK;CLUMP - UNCLUMP PİSTON;HINAKA CLUMP-UNCLUMP PİSTON;GHMNTV57;1550,0;Evet;Evet;https://www.ankaracncmarket.com.tr/mekanik/hinaka-clump-unclump-piston-465e51bd6a4abd7056bb
MEKANİK;MAGAZİN VE ATC PARÇALARI;BT 40 AKIRA SEIKI ATC POTU;FGKMQX45;150,0;Evet;Evet;https://www.ankaracncmarket.com.tr/mekanik/bt-40-akira-seiki-atc-potu-e339b0670d930aaeb9b0
MEKANİK;MAGAZİN VE ATC PARÇALARI;BT 40 ATC POTU;BCELVY59;150,0;Evet;Evet;https://www.ankaracncmarket.com.tr/mekanik/bt-40-atc-potu-cce3ba219fdec82215ff
MEKANİK;MAGAZİN VE ATC PARÇALARI;BT 40 ATC POTU;AFHMRX23;150,0;Evet;Evet;https://www.ankaracncmarket.com.tr/mekanik/bt-40-atc-potu-debb49f613f20898865e
MEKANİK;MAGAZİN VE ATC PARÇALARI;BT 40 ATC POTU (LEADWELL TİP);HKNW5789;150,0;Evet;Evet;https://www.ankaracncmarket.com.tr/mekanik/bt-40-atc-potu-leadwell-tip-5f320750f17a6fc4137c
MEKANİK;MAGAZİN VE ATC PARÇALARI;BT 40 OKADA ATC POTU;ACFHMW36;150,0;Evet;Evet;https://www.ankaracncmarket.com.tr/mekanik/bt-40-okada-atc-potu-90e7174e7474562e3ebc
MEKANİK;MAGAZİN VE ATC PARÇALARI;BT 40 ŞEMSİYE MAGAZİN KAMASI;AJKMPQZ7;10,0;Evet;Evet;https://www.ankaracncmarket.com.tr/mekanik/bt-40-semsiye-magazin-kamasi-ba98e5cadd6ccc55a6ad
MEKANİK;MAGAZİN VE ATC PARÇALARI;BT 40 ŞEMSİYE MAGAZİN İSTASYONU;AGPQSTU1;55,0;Evet;Evet;https://www.ankaracncmarket.com.tr/mekanik/bt-40-semsiye-magazin-istasyonu-87531575d246c8cded56
MEKANİK;MAGAZİN VE ATC PARÇALARI;BT40 ATC KOLU ÇENESİ;BGHLMSVZ;100,0;Evet;Evet;https://www.ankaracncmarket.com.tr/mekanik/bt40-atc-kolu-cenesi-f59d78bda943493b70e9
MEKANİK;MAGAZİN VE ATC PARÇALARI;BT40 ŞEMSİYE ÇENESİ;GLMUVWY2;35,0;Evet;Evet;https://www.ankaracncmarket.com.tr/mekanik/bt40-semsiye-cenesi-d9150f02e667ba880817
MEKANİK;MAGAZİN VE ATC PARÇALARI;HSK63 ŞEMSİYE ÇENESİ;BCGLMTW2;110,0;Evet;Evet;https://www.ankaracncmarket.com.tr/mekanik/hsk63-semsiye-cenesi-51a38a7a8a5f6b1119b9
MEKANİK;MAGAZİN VE ATC PARÇALARI;MORI SEIKI BT40 ATC KOLU ÇENESİ;BCJNR278;100,0;Evet;Evet;https://www.ankaracncmarket.com.tr/mekanik/mori-seiki-bt40-atc-kolu-cenesi-1fd90a86980ac39b9673
MEKANİK;MAGAZİN VE ATC PARÇALARI;QUASER BT40 ATC KOLU ÇENESİ;AEFSU159;100,0;Evet;Evet;https://www.ankaracncmarket.com.tr/mekanik/quaser-bt40-atc-kolu-cenesi-c5372e5928033b622347
MEKANİK;PULLSTAT TUTUCU;ACROW CAT40-04D QUASER COLLET;AFHQRSW6;500,0;Evet;Evet;https://www.ankaracncmarket.com.tr/mekanik/acrow-cat40-04d-quaser-collet-33fc2d5ca006ca08b92e
MEKANİK;PULLSTAT TUTUCU;BP40 DIN BRIGHT PULLSTUD COLLET TAYWAN;AEPUVZ69;600,0;Evet;Evet;https://www.ankaracncmarket.com.tr/mekanik/bp40-din-bright-pullstud-collet-taywan-bccddb357ca02f43c121
MEKANİK;PULLSTAT TUTUCU;BT30 45 DERECE COLLET ACROW TAYWAN;CEFHLVX4;250,0;Evet;Evet;https://www.ankaracncmarket.com.tr/mekanik/bt30-45-derece-collet-acrow-taywan-7daf39a0d8d64cebd10b
MEKANİK;PULLSTAT TUTUCU;BT30 OTT 45 DERECE COLLET ACROW TAYWAN;BDGKQRU9;275,0;Evet;Evet;https://www.ankaracncmarket.com.tr/mekanik/bt30-ott-45-derece-collet-acrow-taywan-fe99d85537a3fb3902e0
MEKANİK;PULLSTAT TUTUCU;BT40 45 DERECE COLLET ACROW TAYWAN;30;300,0;Evet;Evet;https://www.ankaracncmarket.com.tr/mekanik/bt40-45-derece-collet-acrow-taywan-60e4e152975dd8bb8dc0
MEKANİK;PULLSTAT TUTUCU;BT40 45 DERECE COLLET BRIGHT TAYWAN;CDEJSVX7;250,0;Evet;Evet;https://www.ankaracncmarket.com.tr/mekanik/bt40-45-derece-collet-bright-taywan-ca29377b8baa0e8a8923
MEKANİK;PULLSTAT TUTUCU;BT40 OTT45 DERECE COLLET ACROW TAYWAN;BGKMRY58;360,0;Evet;Evet;https://www.ankaracncmarket.com.tr/mekanik/bt40-ott45-derece-collet-acrow-taywan-8563e0e5603229ccb025
MEKANİK;PULLSTAT TUTUCU;BT50 45 DERECE COLLET ACROW TAYWAN;ACDKP347;500,0;Evet;Evet;https://www.ankaracncmarket.com.tr/mekanik/bt50-45-derece-collet-acrow-taywan-696e5ef219ed75226d47
MEKANİK;PULLSTAT TUTUCU;BT50 OTT45 DERECE COLLET ACROW TAYWAN;ACKQSVZ8;550,0;Evet;Evet;https://www.ankaracncmarket.com.tr/mekanik/bt50-ott45-derece-collet-acrow-taywan-8bd44fc18a00df878125
MEKANİK;PULLSTAT TUTUCU;CAT40 COLLET ACROW TAYWAN;GPQU4578;350,0;Evet;Evet;https://www.ankaracncmarket.com.tr/mekanik/cat40-collet-acrow-taywan-0424953c4db0a52ca3c9
MEKANİK;PULLSTAT TUTUCU;CAT40 OTT COLLET ACROW TAYWAN;ABHJNTY3;400,0;Evet;Evet;https://www.ankaracncmarket.com.tr/mekanik/cat40-ott-collet-acrow-taywan-f33cb47dd1196362bbb3
MEKANİK;PULLSTAT TUTUCU;DIN40 COLLET ACROW TAYWAN;EHLWZ367;350,0;Evet;Evet;https://www.ankaracncmarket.com.tr/mekanik/din40-collet-acrow-taywan-9bc3be0d9e58b6a2611b
MEKANİK;PULLSTAT TUTUCU;DIN40 OTT COLLET ACROW TAYWAN;FMUVX246;400,0;Evet;Evet;https://www.ankaracncmarket.com.tr/mekanik/din40-ott-collet-acrow-taywan-17934912d7573b33914f
MEKANİK;PULLSTAT TUTUCU;DIN50 COLLET ACROW TAYWAN;ALSTU146;600,0;Evet;Evet;https://www.ankaracncmarket.com.tr/mekanik/din50-collet-acrow-taywan-ecd99467b2f1eb6282d1
MEKANİK;PULLSTAT TUTUCU;DOOSAN COLLET 850412-00052C;CEHMZ789;600,0;Evet;Evet;https://www.ankaracncmarket.com.tr/mekanik/doosan-collet-850412-00052c-fbc8fe2e0c4924a60954
MEKANİK;PULLSTAT TUTUCU;DOOSAN COLLET 850412-00052C (HIGHCOPY);BGJRVW67;400,0;Evet;Evet;https://www.ankaracncmarket.com.tr/mekanik/doosan-collet-850412-00052c-highcopy-dd6e443d2b562a8b9134
MEKANİK;PULLSTAT TUTUCU;DOOSAN COLLET 850412-00308C ( UZUN TİP);BCJSZ267;650,0;Evet;Evet;https://www.ankaracncmarket.com.tr/mekanik/doosan-collet-850412-00308c-uzun-tip-adae4a2d19966b9ed9cc
MEKANİK;PULLSTAT TUTUCU;HARTFORD BT40 COLLET;ABHRVY69;460,0;Evet;Evet;https://www.ankaracncmarket.com.tr/mekanik/hartford-bt40-collet-afc99fac7230f1fecd31
MEKANİK;PULLSTAT TUTUCU;HARTFORD BT50 COLLET;EKPQSZ59;500,0;Evet;Evet;https://www.ankaracncmarket.com.tr/mekanik/hartford-bt50-collet-aa67c4f7e94f91ffb6b1
MEKANİK;PULLSTAT TUTUCU;TALONS CB4 PULLSTUD COLLET;BGLQUWY7;500,0;Evet;Evet;https://www.ankaracncmarket.com.tr/mekanik/talons-cb4-pullstud-collet-9df0d82c691260c0a8ce
MEKANİK;PULLSTAT TUTUCU;TALONS CR4 PULLSTUD COLLET;ABQRZ149;500,0;Evet;Evet;https://www.ankaracncmarket.com.tr/mekanik/talons-cr4-pullstud-collet-4ab6bd35cba5620a3429
MEKANİK;RULMAN;NSK 25 TAC 62 CNC EKSEN RULMANI;NTUX3489;47,17;Evet;Evet;https://www.ankaracncmarket.com.tr/mekanik/nsk-25-tac-62-cnc-eksen-rulmani-94f7cc166bfbf1cf8699
MEKANİK;RULMAN;NSK 30 TAC 62 CNC EKSEN RULMANI;CGMQSV48;47,17;Evet;Evet;https://www.ankaracncmarket.com.tr/mekanik/nsk-30-tac-62-cnc-eksen-rulmani-0dd59b0025b7c2c33bbf
MEKANİK;RULMAN;NSK 35 TAC 72 CNC EKSEN RULMANI;BJNTUV67;58,69;Evet;Evet;https://www.ankaracncmarket.com.tr/mekanik/nsk-35-tac-72-cnc-eksen-rulmani-29477e8b9f8bb25fc623
MEKANİK;RULMAN PAKET SOMUNU;M100X2 K TYPE RULMAN PAKET SOMUNU;ACEGQRY8;110,0;Evet;Evet;https://www.ankaracncmarket.com.tr/mekanik/m100x2-k-type-rulman-paket-somunu-aaeeeaad6b265c4186ca
MEKANİK;RULMAN PAKET SOMUNU;M100x2 F TYPE RULMAN PAKET SOMUNU;ABCLWX18;80,0;Evet;Evet;https://www.ankaracncmarket.com.tr/mekanik/m100x2-f-type-rulman-paket-somunu-47bd6900b9d71dfb3cb7
MEKANİK;RULMAN PAKET SOMUNU;M100x2 R TYPE RULMAN PAKET SOMUNU;ACLNTXZ2;75,0;Evet;Evet;https://www.ankaracncmarket.com.tr/mekanik/m100x2-r-type-rulman-paket-somunu-48231710a05333152bfa
MEKANİK;RULMAN PAKET SOMUNU;M17X1 R TYPE RULMAN PAKET SOMUNU;ABNPYZ18;18,0;Evet;Evet;https://www.ankaracncmarket.com.tr/mekanik/m17x1-r-type-rulman-paket-somunu-4475890f10851fca988c
MEKANİK;RULMAN PAKET SOMUNU;M25X1.5 F TYPE RULMAN PAKET SOMUNU;ABGJW234;26,0;Evet;Evet;https://www.ankaracncmarket.com.tr/mekanik/m25x1.5-f-type-rulman-paket-somunu-9acb16c1d62ef14b5a2f
MEKANİK;RULMAN PAKET SOMUNU;M25X1.5 FA TYPE RULMAN PAKET SOMUNU KMT5;EFMRT178;30,0;Evet;Evet;https://www.ankaracncmarket.com.tr/mekanik/m25x1.5-fa-type-rulman-paket-somunu-kmt5-b59e22efc601a99b19c7
MEKANİK;RULMAN PAKET SOMUNU;M25X1.5 K TYPE RULMAN PAKET SOMUNU;BEFGHJVY;50,0;Evet;Evet;https://www.ankaracncmarket.com.tr/mekanik/m25x1.5-k-type-rulman-paket-somunu-98a54cfd8dd714991a7f
MEKANİK;RULMAN PAKET SOMUNU;M30X1.5 F TYPE RULMAN PAKET SOMUNU;NRSWZ567;27,0;Evet;Evet;https://www.ankaracncmarket.com.tr/mekanik/m30x1.5-f-type-rulman-paket-somunu-6c85fe203af1303528af
MEKANİK;RULMAN PAKET SOMUNU;M30X1.5 FA TYPE RULMAN PAKET SOMUNU KMT6;CFHUW459;32,0;Evet;Evet;https://www.ankaracncmarket.com.tr/mekanik/m30x1.5-fa-type-rulman-paket-somunu-kmt6-33181e990bf819dfcdc6
MEKANİK;RULMAN PAKET SOMUNU;M30X1.5 K TYPE RULMAN PAKET SOMUNU;BCFGJKTW;52,0;Evet;Evet;https://www.ankaracncmarket.com.tr/mekanik/m30x1.5-k-type-rulman-paket-somunu-8980164622e43aaabfce
MEKANİK;RULMAN PAKET SOMUNU;M35X1.5 F TYPE RULMAN PAKET SOMUNU;GKQVXY36;29,0;Evet;Evet;https://www.ankaracncmarket.com.tr/mekanik/m35x1.5-f-type-rulman-paket-somunu-0c0b7238f2666f54b01d
MEKANİK;RULMAN PAKET SOMUNU;M35X1.5 FA TYPE RULMAN PAKET SOMUNU KMT7;PUY24679;33,0;Evet;Evet;https://www.ankaracncmarket.com.tr/mekanik/m35x1.5-fa-type-rulman-paket-somunu-kmt7-906ca1a57c4884830b0f
MEKANİK;RULMAN PAKET SOMUNU;M35X1.5 K TYPE RULMAN PAKET SOMUNU;ADJQRU18;54,0;Evet;Evet;https://www.ankaracncmarket.com.tr/mekanik/m35x1.5-k-type-rulman-paket-somunu-0eed77d404eab70352da
MEKANİK;RULMAN PAKET SOMUNU;M40X1.5 F TYPE RULMAN PAKET SOMUNU;EJKLTY16;35,0;Evet;Evet;https://www.ankaracncmarket.com.tr/mekanik/m40x1.5-f-type-rulman-paket-somunu-54c65180a1021411b2a8
MEKANİK;RULMAN PAKET SOMUNU;M40X1.5 FA TYPE RULMAN PAKET SOMUNU KMT8;BGUWX258;35,0;Evet;Evet;https://www.ankaracncmarket.com.tr/mekanik/m40x1.5-fa-type-rulman-paket-somunu-kmt8-db3a73a6b5ef44e5c2bb
MEKANİK;RULMAN PAKET SOMUNU;M40X1.5 K TYPE RULMAN PAKET SOMUNU;ACHJR123;63,0;Evet;Evet;https://www.ankaracncmarket.com.tr/mekanik/m40x1.5-k-type-rulman-paket-somunu-f17491026e2fa221e5f1
MEKANİK;RULMAN PAKET SOMUNU;M50X1.5 F TYPE RULMAN PAKET SOMUNU;HUZ12379;40,0;Evet;Evet;https://www.ankaracncmarket.com.tr/mekanik/m50x1.5-f-type-rulman-paket-somunu-2c06c18fb2800ede7f88
MEKANİK;RULMAN PAKET SOMUNU;M50X1.5 FA TYPE RULMAN PAKET SOMUNU KMT10;AEGJSV38;45,0;Evet;Evet;https://www.ankaracncmarket.com.tr/mekanik/m50x1.5-fa-type-rulman-paket-somunu-kmt10-4085c81b4f931ade3f59
MEKANİK;RULMAN PAKET SOMUNU;M50X1.5 K TYPE RULMAN PAKET SOMUNU;CEJQU589;65,0;Evet;Evet;https://www.ankaracncmarket.com.tr/mekanik/m50x1.5-k-type-rulman-paket-somunu-f75dc3da79a27bc0631b
MEKANİK;RULMAN PAKET SOMUNU;M60X2 K TYPE RULMAN PAKET SOMUNU;BGHJQY23;70,0;Evet;Evet;https://www.ankaracncmarket.com.tr/mekanik/m60x2-k-type-rulman-paket-somunu-977ef3a9e41342c81aa5
MEKANİK;RULMAN PAKET SOMUNU;M60x1.5 F TYPE RULMAN PAKET SOMUNU;DJMSTWZ5;46,0;Evet;Evet;https://www.ankaracncmarket.com.tr/mekanik/m60x1.5-f-type-rulman-paket-somunu-81d530ef0bf960661f8d
MEKANİK;RULMAN PAKET SOMUNU;M60x2 F TYPE RULMAN PAKET SOMUNU;BKMNQRS1;45,0;Evet;Evet;https://www.ankaracncmarket.com.tr/mekanik/m60x2-f-type-rulman-paket-somunu-19f9bbbeaee6e9b1ac44
MEKANİK;RULMAN PAKET SOMUNU;M60x2 R TYPE RULMAN PAKET SOMUNU;DLPSVZ49;41,0;Evet;Evet;https://www.ankaracncmarket.com.tr/mekanik/m60x2-r-type-rulman-paket-somunu-18de40107cd1e2d9a442
MEKANİK;RULMAN PAKET SOMUNU;M65X2 K TYPE RULMAN PAKET SOMUNU;EKNRTW49;75,0;Evet;Evet;https://www.ankaracncmarket.com.tr/mekanik/m65x2-k-type-rulman-paket-somunu-eee240efbf597ec5babf
MEKANİK;RULMAN PAKET SOMUNU;M65x1.5 F TYPE RULMAN PAKET SOMUNU;ACDEMY39;48,0;Evet;Evet;https://www.ankaracncmarket.com.tr/mekanik/m65x1.5-f-type-rulman-paket-somunu-5ad5cb7501751a08abd7
MEKANİK;RULMAN PAKET SOMUNU;M65x2 F TYPE RULMAN PAKET SOMUNU;CHLPZ147;47,0;Evet;Evet;https://www.ankaracncmarket.com.tr/mekanik/m65x2-f-type-rulman-paket-somunu-f9ce306313670a4a3bd4
MEKANİK;RULMAN PAKET SOMUNU;M65x2 R TYPE RULMAN PAKET SOMUNU;BCKTY459;43,0;Evet;Evet;https://www.ankaracncmarket.com.tr/mekanik/m65x2-r-type-rulman-paket-somunu-06279f5ada6635296184
MEKANİK;RULMAN PAKET SOMUNU;M70X2 K TYPE RULMAN PAKET SOMUNU;DLNQRT49;80,0;Evet;Evet;https://www.ankaracncmarket.com.tr/mekanik/m70x2-k-type-rulman-paket-somunu-414095709194e456563a
MEKANİK;RULMAN PAKET SOMUNU;M70x1.5 F TYPE RULMAN PAKET SOMUNU;AFHPQTY7;50,0;Evet;Evet;https://www.ankaracncmarket.com.tr/mekanik/m70x1.5-f-type-rulman-paket-somunu-3e7ae820f7a7ecad17b6
MEKANİK;RULMAN PAKET SOMUNU;M70x2 F TYPE RULMAN PAKET SOMUNU;AHPQW178;49,0;Evet;Evet;https://www.ankaracncmarket.com.tr/mekanik/m70x2-f-type-rulman-paket-somunu-d4a99c1e8f1c15849032
MEKANİK;RULMAN PAKET SOMUNU;M70x2 R TYPE RULMAN PAKET SOMUNU;ABHMRX26;45,0;Evet;Evet;https://www.ankaracncmarket.com.tr/mekanik/m70x2-r-type-rulman-paket-somunu-2ff8a5649cbc9222877a
MEKANİK;RULMAN PAKET SOMUNU;M80X2 K TYPE RULMAN PAKET SOMUNU;BCJLUVX7;85,0;Evet;Evet;https://www.ankaracncmarket.com.tr/mekanik/m80x2-k-type-rulman-paket-somunu-0b83039408977bc73bd2
MEKANİK;RULMAN PAKET SOMUNU;M80x2 F TYPE RULMAN PAKET SOMUNU;EHUXZ278;65,0;Evet;Evet;https://www.ankaracncmarket.com.tr/mekanik/m80x2-f-type-rulman-paket-somunu-9ea8eeb3458641fc543a
MEKANİK;RULMAN PAKET SOMUNU;M80x2 R TYPE RULMAN PAKET SOMUNU;ACGLPX38;60,0;Evet;Evet;https://www.ankaracncmarket.com.tr/mekanik/m80x2-r-type-rulman-paket-somunu-4d4fd4b5adab47240471
MEKANİK;RULMAN PAKET SOMUNU;M85X2 K TYPE RULMAN PAKET SOMUNU;JLMTVX58;90,0;Evet;Evet;https://www.ankaracncmarket.com.tr/mekanik/m85x2-k-type-rulman-paket-somunu-af9ec8bcf1365e980fd7
MEKANİK;RULMAN PAKET SOMUNU;M85x2 F TYPE RULMAN PAKET SOMUNU;DELMN678;68,0;Evet;Evet;https://www.ankaracncmarket.com.tr/mekanik/m85x2-f-type-rulman-paket-somunu-0dc12121a21bd43d59ea
MEKANİK;RULMAN PAKET SOMUNU;M85x2 R TYPE RULMAN PAKET SOMUNU;FKPUWYZ5;62,5;Evet;Evet;https://www.ankaracncmarket.com.tr/mekanik/m85x2-r-type-rulman-paket-somunu-7cd4db6c66a938d63c80
MEKANİK;RULMAN PAKET SOMUNU;M90X2 K TYPE RULMAN PAKET SOMUNU;EGSUWZ69;100,0;Evet;Evet;https://www.ankaracncmarket.com.tr/mekanik/m90x2-k-type-rulman-paket-somunu-d0807f9cc1fa4c97a4ba
MEKANİK;RULMAN PAKET SOMUNU;M90x2 F TYPE RULMAN PAKET SOMUNU;AFLPVZ24;71,0;Evet;Evet;https://www.ankaracncmarket.com.tr/mekanik/m90x2-f-type-rulman-paket-somunu-3f0d1e7509be72ce1e73
MEKANİK;RULMAN PAKET SOMUNU;M90x2 R TYPE RULMAN PAKET SOMUNU;BGHLPTU5;66,0;Evet;Evet;https://www.ankaracncmarket.com.tr/mekanik/m90x2-r-type-rulman-paket-somunu-445160c70393f41c5ad4
MEKANİK;SARF MALZEME;ARALDITE 2011 TURCİDE YAPIŞTIRICISI;BCEHKV69;60,0;Evet;Evet;https://www.ankaracncmarket.com.tr/mekanik/araldite-2011-turcide-yapistiricisi-127a17244b9f311cf09d
MEKANİK;SARF MALZEME;BANT TİPİ YAĞ AYRIŞTIRICI;ACEGKMP4;375,0;Evet;Evet;https://www.ankaracncmarket.com.tr/mekanik/bant-tipi-yag-ayristirici-e531abd07399ebbc04e2
MEKANİK;SARF MALZEME;BT40 KONİK TEMİZLEME APARATI;BJQV1259;23,0;Evet;Evet;https://www.ankaracncmarket.com.tr/mekanik/bt40-konik-temizleme-aparati-f121007b326776458fab
MEKANİK;SARF MALZEME;BT50 KONİK TEMİZLEME APARATI;HLMSY134;26,0;Evet;Evet;https://www.ankaracncmarket.com.tr/mekanik/bt50-konik-temizleme-aparati-4952539380e39fefc793
MEKANİK;SARF MALZEME;ÇAP 63MM FLANŞLI MANOMETRE;FGW12346;38,0;Evet;Evet;https://www.ankaracncmarket.com.tr/mekanik/cap-63mm-flansli-manometre-ee6f4698ede283efba46
MEKANİK;ÇANAK YAY;28,00x14,2x1,50MM ÇANAK YAY;EKTVWX37;1,0;Evet;Evet;https://www.ankaracncmarket.com.tr/mekanik/28-00x14-2x1-50mm-canak-yay-5c6077e7c061b42b7075
MEKANİK;ÇANAK YAY;31,50x16,30x2,00 MM ÇANAK YAY;BJKSVY28;1,0;Evet;Evet;https://www.ankaracncmarket.com.tr/mekanik/31-50x16-30x2-00-mm-canak-yay-5792576d73725245aecd
MEKANİK;ÇANAK YAY;34,00X16,00X2,00MM ÇANAK YAY;GJMRY138;1,0;Evet;Evet;https://www.ankaracncmarket.com.tr/mekanik/34-00x16-00x2-00mm-canak-yay-e1a0ac592019d5cc4242
MEKANİK;ÇANAK YAY;34,00X16,30X1,50MM ÇANAK YAY;CEFLZ358;1,0;Evet;Evet;https://www.ankaracncmarket.com.tr/mekanik/34-00x16-30x1-50mm-canak-yay-f7d6982f29524c091173
MEKANİK;ÇANAK YAY;35,50X18,30X2,00 MM ÇANAK YAY;EJNPSW23;1,0;Evet;Evet;https://www.ankaracncmarket.com.tr/mekanik/35-50x18-30x2-00-mm-canak-yay-59fed70b2dda11c73171
MEKANİK;ÇANAK YAY;40,00X20,40X2,00MM ÇANAK YAY;BDPUY145;1,05;Evet;Evet;https://www.ankaracncmarket.com.tr/mekanik/40-00x20-40x2-00mm-canak-yay-f0d1c502fce08d8cdade
MEKANİK;ÇANAK YAY;40,00X20,40X2,50MM ÇANAK YAY;GKQRSU39;1,05;Evet;Evet;https://www.ankaracncmarket.com.tr/mekanik/40-00x20-40x2-50mm-canak-yay-5345eec3401b163f9810
MEKANİK;ÖLÇME VE KALİBRASYON;300x300x50mm KARE GRANİT PLEYT;EFHNRUZ4;650,0;Evet;Evet;https://www.ankaracncmarket.com.tr/mekanik/300x300x50mm-kare-granit-pleyt-a91a439abc5f84db3967
MEKANİK;ÖLÇME VE KALİBRASYON;300x300x50mm ÜÇGEN GRANİT PLEYT;GJMSTXYZ;650,0;Evet;Evet;https://www.ankaracncmarket.com.tr/mekanik/300x300x50mm-ucgen-granit-pleyt-4c29c59b9c7235f375fc
MEKANİK;ÖLÇME VE KALİBRASYON;400x400x50mm KARE GRANİT PLEYT;DGNSV349;820,0;Evet;Evet;https://www.ankaracncmarket.com.tr/mekanik/400x400x50mm-kare-granit-pleyt-3897258186548e0b41c2
MEKANİK;ÖLÇME VE KALİBRASYON;500x500x50mm KARE GRANİT PLEYT;CEHUWX24;970,0;Evet;Evet;https://www.ankaracncmarket.com.tr/mekanik/500x500x50mm-kare-granit-pleyt-94094bbd9c3e4205a896
MEKANİK;ÖLÇME VE KALİBRASYON;BT30 TEST BAR;520;240,0;Evet;Evet;https://www.ankaracncmarket.com.tr/mekanik/bt30-test-bar-c7ad19de3d901ab1f22c
MEKANİK;ÖLÇME VE KALİBRASYON;BT30 ÇEKME KUVVETİ TESTİ;AFKPWZ49;610,0;Evet;Evet;https://www.ankaracncmarket.com.tr/mekanik/bt30-cekme-kuvveti-testi-2f207e6ce8a5a3bf8a66
MEKANİK;ÖLÇME VE KALİBRASYON;BT40 ATC KALİBRASYON MASTARI;10;350,0;Evet;Evet;https://www.ankaracncmarket.com.tr/mekanik/bt40-atc-kalibrasyon-mastari-015373b94d7d9a4c2c84
MEKANİK;ÖLÇME VE KALİBRASYON;BT40 TEST BAR;530;270,0;Evet;Evet;https://www.ankaracncmarket.com.tr/mekanik/bt40-test-bar-55c8987e2306a04bdf47
MEKANİK;ÖLÇME VE KALİBRASYON;BT40 ÇEKME KUVVETİ TESTİ;170;700,0;Evet;Evet;https://www.ankaracncmarket.com.tr/mekanik/bt40-cekme-kuvveti-testi-5a01a7c488317bff8f6f
MEKANİK;ÖLÇME VE KALİBRASYON;BT50 ATC KALİBRASYON MASTARI;20;400,0;Evet;Evet;https://www.ankaracncmarket.com.tr/mekanik/bt50-atc-kalibrasyon-mastari-1bd75ee5d1db4c9dc07c
MEKANİK;ÖLÇME VE KALİBRASYON;BT50 TEST BAR;540;400,0;Evet;Evet;https://www.ankaracncmarket.com.tr/mekanik/bt50-test-bar-9ea55a68f6fa911f23c9
MEKANİK;ÖLÇME VE KALİBRASYON;BT50 ÇEKME KUVVETİ TESTİ;BKPRUV27;800,0;Evet;Evet;https://www.ankaracncmarket.com.tr/mekanik/bt50-cekme-kuvveti-testi-bb5f31d22fcf594fa953
MEKANİK;ÖLÇME VE KALİBRASYON;HSK100 ATC KALİBRASYON MASTARI;BFGKMR49;1000,0;Evet;Evet;https://www.ankaracncmarket.com.tr/mekanik/hsk100-atc-kalibrasyon-mastari-497459d4a8bc0d116f7e
MEKANİK;ÖLÇME VE KALİBRASYON;HSK63 ATC KALİBRASYON MASTARI;ABDTY458;700,0;Evet;Evet;https://www.ankaracncmarket.com.tr/mekanik/hsk63-atc-kalibrasyon-mastari-952b02a9b0dd73abe5c0
MEKANİK;ÖLÇME VE KALİBRASYON;HSK63 ATC KALİBRASYON MASTARI (YENİ TİP);BJLNST56;700,0;Evet;Evet;https://www.ankaracncmarket.com.tr/mekanik/hsk63-atc-kalibrasyon-mastari-yeni-tip-09dfeab89fb8a59111ec
MEKANİK;ÖLÇME VE KALİBRASYON;HSK63 TEST BAR;BJKPST29;700,0;Evet;Evet;https://www.ankaracncmarket.com.tr/mekanik/hsk63-test-bar-a72700a12dedb7f6bf0f
MEKANİK;ÖLÇME VE KALİBRASYON;SK50 ATC KALİBRASYON MASTARI;CDFNPRU7;450,0;Evet;Evet;https://www.ankaracncmarket.com.tr/mekanik/sk50-atc-kalibrasyon-mastari-e609cdd097cf697bcb66
PROGRAM VE VERİ AKTARIMI;;ALL IN ONE KART OKUYUCU;130;25,0;Evet;Evet;https://www.ankaracncmarket.com.tr/program-ve-veri-aktarimi/all-in-one-kart-okuyucu-f69c0dbd1aed3edba31d
PROGRAM VE VERİ AKTARIMI;;CF KART;120;25,0;Evet;Evet;https://www.ankaracncmarket.com.tr/program-ve-veri-aktarimi/cf-kart-8aa6857b0158ef8fdf41
PROGRAM VE VERİ AKTARIMI;;CNC DATA SERVER AKTARIM CİHAZI;550;250,0;Evet;Evet;https://www.ankaracncmarket.com.tr/program-ve-veri-aktarimi/cnc-data-server-aktarim-cihazi-7d0a95ca59b55ab9dc50
PROGRAM VE VERİ AKTARIMI;;KART SETİ;160;65,0;Evet;Evet;https://www.ankaracncmarket.com.tr/program-ve-veri-aktarimi/kart-seti-fff624cacfd4871c228e
PROGRAM VE VERİ AKTARIMI;;MITSUBISHI CF KART ADAPTÖRÜ;BCEGMN26;30,0;Evet;Evet;https://www.ankaracncmarket.com.tr/program-ve-veri-aktarimi/mitsubishi-cf-kart-adaptoru-e84e2d31c29e4a288d25
PROGRAM VE VERİ AKTARIMI;;PCMCIA ADAPTOR;140;25,0;Evet;Evet;https://www.ankaracncmarket.com.tr/program-ve-veri-aktarimi/pcmcia-adaptor-ae65096cfe1395d23456
PROGRAM VE VERİ AKTARIMI;;SD KART;HJQX1279;15,0;Evet;Evet;https://www.ankaracncmarket.com.tr/program-ve-veri-aktarimi/sd-kart-04d0dc5c570fdcf0cf65
PROGRAM VE VERİ AKTARIMI;;USB CF KART OKUYUCU;150;15,0;Evet;Evet;https://www.ankaracncmarket.com.tr/program-ve-veri-aktarimi/usb-cf-kart-okuyucu-69b55c24a89f67edca1e
Potansiyometre ve Dialler;Anahtarlı Potansiyometreler;1M-ANAHTARLI KARBON POTANSİYOMETRE;POT 76;0,5;Evet;Hayır;https://www.ankaracncmarket.com.tr/potansiyometre-ve-dialler/1m-anahtarli-karbon-potansiyometre-efa7daa424fca8f5d870
Potansiyometre ve Dialler;Anahtarlı Potansiyometreler;ANAHTARLI KARBON POTANSİYOMETRE-470K OHM;WH148;0,5;Evet;Evet;https://www.ankaracncmarket.com.tr/potansiyometre-ve-dialler/anahtarli-karbon-potansiyometre-470k-ohm-e3364750e7f5930404ad
Potansiyometre ve Dialler;Anahtarlı Potansiyometreler;ANAHTARLI POTANSİYOMETRE - 100K OHM;WH16S-2-100K;3,0;Evet;Evet;https://www.ankaracncmarket.com.tr/potansiyometre-ve-dialler/anahtarli-potansiyometre---100k-ohm-3110e748016b1b9b644c
Potansiyometre ve Dialler;Anahtarlı Potansiyometreler;ANAHTARLI POTANSİYOMETRE - 10K OHM;WH16S-2-10K;3,0;Evet;Evet;https://www.ankaracncmarket.com.tr/potansiyometre-ve-dialler/anahtarli-potansiyometre---10k-ohm-c08474a5da34005456a3
Potansiyometre ve Dialler;Anahtarlı Potansiyometreler;ANAHTARLI POTANSİYOMETRE - 1K OHM;WH16S-2-2K2;3,0;Evet;Evet;https://www.ankaracncmarket.com.tr/potansiyometre-ve-dialler/anahtarli-potansiyometre---1k-ohm-4b6d6fe5e801969a39d8
Potansiyometre ve Dialler;Anahtarlı Potansiyometreler;ANAHTARLI POTANSİYOMETRE - 1M OHM;WH138;2,0;Evet;Evet;https://www.ankaracncmarket.com.tr/potansiyometre-ve-dialler/anahtarli-potansiyometre---1m-ohm-6b783aae26a69d475284
Potansiyometre ve Dialler;Anahtarlı Potansiyometreler;ANAHTARLI POTANSİYOMETRE - 220K OHM;WH16S-2-220K;3,0;Evet;Evet;https://www.ankaracncmarket.com.tr/potansiyometre-ve-dialler/anahtarli-potansiyometre---220k-ohm-4328db82badaa71a76a2
Potansiyometre ve Dialler;Anahtarlı Potansiyometreler;ANAHTARLI POTANSİYOMETRE - 22K OHM;WH16S-2-22K;3,0;Evet;Evet;https://www.ankaracncmarket.com.tr/potansiyometre-ve-dialler/anahtarli-potansiyometre---22k-ohm-cceaa98e96f40d196c8a
Potansiyometre ve Dialler;Anahtarlı Potansiyometreler;ANAHTARLI POTANSİYOMETRE - 470K OHM;WH16S-2;3,0;Evet;Evet;https://www.ankaracncmarket.com.tr/potansiyometre-ve-dialler/anahtarli-potansiyometre---470k-ohm-16fe4efde36589a54e3f
Potansiyometre ve Dialler;Potansiyometre Dialleri;BÜYÜK METAL DİAL;RH-46;15,0;Evet;Hayır;https://www.ankaracncmarket.com.tr/potansiyometre-ve-dialler/buyuk-metal-dial-9898deaa3c32f13f4f21
Potansiyometre ve Dialler;Potansiyometre Dialleri;RH 506 KÜÇÜK METAL DİAL;R-506;8,0;Evet;Hayır;https://www.ankaracncmarket.com.tr/potansiyometre-ve-dialler/rh-506-kucuk-metal-dial-161b09980a1f71395fa1
Potansiyometre ve Dialler;Potansiyometre Düğmeleri;DUGME-POT-SIYAH;KN-01A;0,45;Evet;Evet;https://www.ankaracncmarket.com.tr/potansiyometre-ve-dialler/dugme-pot-siyah-01916ca9b5772deef42a
Potansiyometre ve Dialler;Potansiyometre Düğmeleri;POTANSİYOMETRE DÜĞMESİ - KN-02 -;KN-02A;0,5;Evet;Evet;https://www.ankaracncmarket.com.tr/potansiyometre-ve-dialler/potansiyometre-dugmesi---kn-02---cd0d5bb80672be528ec1
Potansiyometre ve Dialler;Potansiyometre Düğmeleri;POTANSİYOMETRE DÜĞMESİ - KN-04 -;KN-04A;0,65;Evet;Evet;https://www.ankaracncmarket.com.tr/potansiyometre-ve-dialler/potansiyometre-dugmesi---kn-04---b879173e944336e783da
Potansiyometre ve Dialler;Potansiyometre Düğmeleri;POTANSİYOMETRE DÜĞMESİ - KN-05 -;KN-05A;0,8;Evet;Evet;https://www.ankaracncmarket.com.tr/potansiyometre-ve-dialler/potansiyometre-dugmesi---kn-05---6e35b3d08f244892d9e3
Potansiyometre ve Dialler;Sonsuz Turlu Potansiyometreler;SONSUZ TURLU POTANSİYOMETRE-1K OHM;WDJ22-1K;36,0;Evet;Evet;https://www.ankaracncmarket.com.tr/potansiyometre-ve-dialler/sonsuz-turlu-potansiyometre-1k-ohm-2e170c4e3166323042a4
Potansiyometre ve Dialler;Sonsuz Turlu Potansiyometreler;SONSUZ TURLU POTANSİYOMETRE-2K OHM;WDJ22-2K;36,0;Evet;Evet;https://www.ankaracncmarket.com.tr/potansiyometre-ve-dialler/sonsuz-turlu-potansiyometre-2k-ohm-f512a5b38c2e43b08f35
Potansiyometre ve Dialler;Sonsuz Turlu Potansiyometreler;SONSUZ TURLU POTANSİYOMETRE-5K OHM;WDJ22-5K;36,0;Evet;Evet;https://www.ankaracncmarket.com.tr/potansiyometre-ve-dialler/sonsuz-turlu-potansiyometre-5k-ohm-b43f199e7cb2d789a880
Potansiyometre ve Dialler;Tek Turlu Potansiyometreler;100K-TEK TURLU POTANSİYOMETRE;POT 26;2,0;Evet;Evet;https://www.ankaracncmarket.com.tr/potansiyometre-ve-dialler/100k-tek-turlu-potansiyometre-5223ee30278c7cbb12b1
Potansiyometre ve Dialler;Tek Turlu Potansiyometreler;100R-5W TEK TURLU POTANSİYOMETRE;WHO162-2-100R;14,0;Evet;Evet;https://www.ankaracncmarket.com.tr/potansiyometre-ve-dialler/100r-5w-tek-turlu-potansiyometre-21557b25731cab0bc332
Potansiyometre ve Dialler;Tek Turlu Potansiyometreler;10K-22mm - TEK TURLU POTANSİYOMETRE;BOCHEN-INK-10K22MM;10,0;Evet;Evet;https://www.ankaracncmarket.com.tr/potansiyometre-ve-dialler/10k-22mm---tek-turlu-potansiyometre-eee80a7cd799df9406a8
Potansiyometre ve Dialler;Tek Turlu Potansiyometreler;10K-5W TEK TURLU POTANSİYOMETRE;WHO162-2-10K;14,0;Evet;Evet;https://www.ankaracncmarket.com.tr/potansiyometre-ve-dialler/10k-5w-tek-turlu-potansiyometre-c252798ffadbceb13009
Potansiyometre ve Dialler;Tek Turlu Potansiyometreler;10K-KISA MİLLİ METAL TEK TURLU POTANSİYOMETRE;POT 37;3,5;Evet;Evet;https://www.ankaracncmarket.com.tr/potansiyometre-ve-dialler/10k-kisa-milli-metal-tek-turlu-potansiyometre-64b048872847f0bcf46f
Potansiyometre ve Dialler;Tek Turlu Potansiyometreler;10K-TEK TURLU POTANSİYOMETRE;WHO162-2-10K;2,0;Evet;Evet;https://www.ankaracncmarket.com.tr/potansiyometre-ve-dialler/10k-tek-turlu-potansiyometre-2587d20c4cc235577b5f
Potansiyometre ve Dialler;Tek Turlu Potansiyometreler;1K-22mm - TEK TURLU POTANSİYOMETRE;BOCHEN-INK-1K-22;10,0;Evet;Evet;https://www.ankaracncmarket.com.tr/potansiyometre-ve-dialler/1k-22mm---tek-turlu-potansiyometre-9c387e0173e4a8c6689a
Potansiyometre ve Dialler;Tek Turlu Potansiyometreler;1K-5W TEK TURLU POTANSİYOMETRE;WX112-1K;14,0;Evet;Evet;https://www.ankaracncmarket.com.tr/potansiyometre-ve-dialler/1k-5w-tek-turlu-potansiyometre-6bdd33b68de6d8255c4f
Potansiyometre ve Dialler;Tek Turlu Potansiyometreler;1K-KISA MİLLİ METAL TEK TURLU POTANSİYOMETRE;POT 34;3,5;Evet;Evet;https://www.ankaracncmarket.com.tr/potansiyometre-ve-dialler/1k-kisa-milli-metal-tek-turlu-potansiyometre-a6bb0aa4e84e9a7b4af9
Potansiyometre ve Dialler;Tek Turlu Potansiyometreler;1K-TEK TURLU POTANSİYOMETRE;WHO162-2-1K;2,0;Evet;Evet;https://www.ankaracncmarket.com.tr/potansiyometre-ve-dialler/1k-tek-turlu-potansiyometre-3cb4234d7fc813886e53
Potansiyometre ve Dialler;Tek Turlu Potansiyometreler;1M-TEK TURLU POTANSİYOMETRE;WHO162-2-1K;2,0;Evet;Evet;https://www.ankaracncmarket.com.tr/potansiyometre-ve-dialler/1m-tek-turlu-potansiyometre-fb5ea83792b21822081d
Potansiyometre ve Dialler;Tek Turlu Potansiyometreler;220K-TEK TURLU POTANSİYOMETRE;POT 27;2,0;Evet;Evet;https://www.ankaracncmarket.com.tr/potansiyometre-ve-dialler/220k-tek-turlu-potansiyometre-d1e1f82eb92ee9088c1c
Potansiyometre ve Dialler;Tek Turlu Potansiyometreler;220R-5W TEK TURLU POTANSİYOMETRE;WHO162-2-220K;14,0;Evet;Evet;https://www.ankaracncmarket.com.tr/potansiyometre-ve-dialler/220r-5w-tek-turlu-potansiyometre-095c230b3d1d44ddd733
Potansiyometre ve Dialler;Tek Turlu Potansiyometreler;22K-TEK TURLU POTANSİYOMETRE;WHO162-2-22K;2,0;Evet;Evet;https://www.ankaracncmarket.com.tr/potansiyometre-ve-dialler/22k-tek-turlu-potansiyometre-2d841556aa17a976b6db
Potansiyometre ve Dialler;Tek Turlu Potansiyometreler;2K-TEK TURLU POTANSİYOMETRE;POT 21;2,0;Evet;Evet;https://www.ankaracncmarket.com.tr/potansiyometre-ve-dialler/2k-tek-turlu-potansiyometre-f159ca158ff4ef471eb3
Potansiyometre ve Dialler;Tek Turlu Potansiyometreler;2K5-22mm - TEK TURLU POTANSİYOMETRE;BOCHEN-INK-;10,0;Evet;Evet;https://www.ankaracncmarket.com.tr/potansiyometre-ve-dialler/2k5-22mm---tek-turlu-potansiyometre-ee48b39d17d2da3dd7bd
Potansiyometre ve Dialler;Tek Turlu Potansiyometreler;2K5-METAL TEK TURLU POTANSİYOMETRE;POT 35;3,5;Evet;Evet;https://www.ankaracncmarket.com.tr/potansiyometre-ve-dialler/2k5-metal-tek-turlu-potansiyometre-1da0c21efe589872bdcf
Potansiyometre ve Dialler;Tek Turlu Potansiyometreler;470K-TEK TURLU POTANSİYOMETRE;POT 28;2,0;Evet;Evet;https://www.ankaracncmarket.com.tr/potansiyometre-ve-dialler/470k-tek-turlu-potansiyometre-a785e12078264ea567cf
Potansiyometre ve Dialler;Tek Turlu Potansiyometreler;470R-5W TEK TURLU POTANSİYOMETRE;WHO162-2-470K;14,0;Evet;Evet;https://www.ankaracncmarket.com.tr/potansiyometre-ve-dialler/470r-5w-tek-turlu-potansiyometre-85621c2a2b774e25de47
Potansiyometre ve Dialler;Tek Turlu Potansiyometreler;47K-TEK TURLU POTANSİYOMETRE;POT 25;2,0;Evet;Evet;https://www.ankaracncmarket.com.tr/potansiyometre-ve-dialler/47k-tek-turlu-potansiyometre-fe7b09dbaf01a7027f47
Potansiyometre ve Dialler;Tek Turlu Potansiyometreler;50R-5W TEK TURLU POTANSİYOMETRE;WHO162-2-47K;14,0;Evet;Evet;https://www.ankaracncmarket.com.tr/potansiyometre-ve-dialler/50r-5w-tek-turlu-potansiyometre-964bf4e9ed8c447f7197
Potansiyometre ve Dialler;Tek Turlu Potansiyometreler;5K-22mm - TEK TURLU POTANSİYOMETRE;BOCHEN-INK--5K;10,0;Evet;Evet;https://www.ankaracncmarket.com.tr/potansiyometre-ve-dialler/5k-22mm---tek-turlu-potansiyometre-cee6e32ed946bfe9da78
Potansiyometre ve Dialler;Tek Turlu Potansiyometreler;5K-5W TEK TURLU POTANSİYOMETRE;WX112-5K;14,0;Evet;Evet;https://www.ankaracncmarket.com.tr/potansiyometre-ve-dialler/5k-5w-tek-turlu-potansiyometre-42d0726420be8de69590
Potansiyometre ve Dialler;Tek Turlu Potansiyometreler;5K-METAL TEK TURLU POTANSİYOMETRE;POT 36;3,5;Evet;Evet;https://www.ankaracncmarket.com.tr/potansiyometre-ve-dialler/5k-metal-tek-turlu-potansiyometre-7457229fc5bd71f99141
Potansiyometre ve Dialler;Tek Turlu Potansiyometreler;5K-TEK TURLU POTANSİYOMETRE;WHO162-2-5K;2,0;Evet;Evet;https://www.ankaracncmarket.com.tr/potansiyometre-ve-dialler/5k-tek-turlu-potansiyometre-8903e8339a699fe96cf6
Potansiyometre ve Dialler;Tek Turlu Potansiyometreler;ABW-10K-TEK TURLU POTANSİYOMETRE;ABW1-10K;20,0;Evet;Evet;https://www.ankaracncmarket.com.tr/potansiyometre-ve-dialler/abw-10k-tek-turlu-potansiyometre-ec7e23f0df03f6fa4f5c
Potansiyometre ve Dialler;Tek Turlu Potansiyometreler;ABW-220R-TEK TURLU POTANSİYOMETRE;ABW1-220OHM;20,0;Evet;Evet;https://www.ankaracncmarket.com.tr/potansiyometre-ve-dialler/abw-220r-tek-turlu-potansiyometre-d9e43e32ae8ca088f09d
Potansiyometre ve Dialler;Tek Turlu Potansiyometreler;TEK TURLU POTANSİYOMETRE - WX118 100 OHM;WX118 100 OHM;2,4;Evet;Evet;https://www.ankaracncmarket.com.tr/potansiyometre-ve-dialler/tek-turlu-potansiyometre---wx118-100-ohm-8caec8ac51e839bd2609
Potansiyometre ve Dialler;Tek Turlu Potansiyometreler;TEK TURLU POTANSİYOMETRE - WX118 10K OHM;WX118 10K OHM;2,4;Evet;Evet;https://www.ankaracncmarket.com.tr/potansiyometre-ve-dialler/tek-turlu-potansiyometre---wx118-10k-ohm-17448c5ea5cee6da49f1
Potansiyometre ve Dialler;Tek Turlu Potansiyometreler;TEK TURLU POTANSİYOMETRE - WX118 1K OHM;WX118;2,4;Evet;Evet;https://www.ankaracncmarket.com.tr/potansiyometre-ve-dialler/tek-turlu-potansiyometre---wx118-1k-ohm-3ed40c0cafb58230793c
Potansiyometre ve Dialler;Tek Turlu Potansiyometreler;TEK TURLU POTANSİYOMETRE - WX118 25K OHM;WX118 25K OHM;3,0;Evet;Evet;https://www.ankaracncmarket.com.tr/potansiyometre-ve-dialler/tek-turlu-potansiyometre---wx118-25k-ohm-4182495b4295cf9328e0
Potansiyometre ve Dialler;Tek Turlu Potansiyometreler;TEK TURLU POTANSİYOMETRE - WX118 2K5 OHM;WX118 2K5 OHM;2,4;Evet;Evet;https://www.ankaracncmarket.com.tr/potansiyometre-ve-dialler/tek-turlu-potansiyometre---wx118-2k5-ohm-da5f8304ba2353849a7e
Potansiyometre ve Dialler;Tek Turlu Potansiyometreler;TEK TURLU POTANSİYOMETRE - WX118 500 OHM;WX118 500 OHM;2,4;Evet;Evet;https://www.ankaracncmarket.com.tr/potansiyometre-ve-dialler/tek-turlu-potansiyometre---wx118-500-ohm-62df67d983bb9616401a
Potansiyometre ve Dialler;Tek Turlu Potansiyometreler;TEK TURLU POTANSİYOMETRE - WX118 5K OHM;WX118 5K OHM;2,4;Evet;Evet;https://www.ankaracncmarket.com.tr/potansiyometre-ve-dialler/tek-turlu-potansiyometre---wx118-5k-ohm-7db3dd63d403aaa1bf32
Potansiyometre ve Dialler;Tek Turlu Potansiyometreler;TEK TURLU POTANSİYOMETRE- WX118 200 OHM;WX118 200 OHM;2,4;Evet;Evet;https://www.ankaracncmarket.com.tr/potansiyometre-ve-dialler/tek-turlu-potansiyometre--wx118-200-ohm-be720ec08ad503a296a0
Potansiyometre ve Dialler;Tek Turlu Potansiyometreler;TEK TURLU POTANSİYOMETRE-WX118 50 OHM;POT 6;2,4;Evet;Evet;https://www.ankaracncmarket.com.tr/potansiyometre-ve-dialler/tek-turlu-potansiyometre-wx118-50-ohm-b0ebb9b1a7379528864c
Potansiyometre ve Dialler;Çok Turlu Potansiyometreler;10K-7 TURLU 2W POTANSİYOMETRE;WXD3-13-10K;14,0;Evet;Evet;https://www.ankaracncmarket.com.tr/potansiyometre-ve-dialler/10k-7-turlu-2w-potansiyometre-4aa1d91a55f8610c39cc
Potansiyometre ve Dialler;Çok Turlu Potansiyometreler;1K-7 TURLU 2W POTANSİYOMETRE;WXD3-13-1K;14,0;Evet;Evet;https://www.ankaracncmarket.com.tr/potansiyometre-ve-dialler/1k-7-turlu-2w-potansiyometre-d28574276281fa520921
Potansiyometre ve Dialler;Çok Turlu Potansiyometreler;2K-10 TURLU POTANSİYOMETRE;POT 11;12,0;Evet;Evet;https://www.ankaracncmarket.com.tr/potansiyometre-ve-dialler/2k-10-turlu-potansiyometre-f10c82dee6d0140708a6
Potansiyometre ve Dialler;Çok Turlu Potansiyometreler;4K7-7 TURLU 2W POTANSİYOMETRE;WXD3-13-4K7;14,0;Evet;Evet;https://www.ankaracncmarket.com.tr/potansiyometre-ve-dialler/4k7-7-turlu-2w-potansiyometre-07e527d42448c1cf9f57
Potansiyometre ve Dialler;Çok Turlu Potansiyometreler;534-5K 10 TURLU POTANSİYOMETRE;POT 97;30,0;Evet;Evet;https://www.ankaracncmarket.com.tr/potansiyometre-ve-dialler/534-5k-10-turlu-potansiyometre-1bd3dd5fb96618dd0a21
Potansiyometre ve Dialler;Çok Turlu Potansiyometreler;VISHAY 534-100R 10 TURLU POTANSİYOMETRE;VISHAY534-100R;30,0;Evet;Evet;https://www.ankaracncmarket.com.tr/potansiyometre-ve-dialler/vishay-534-100r-10-turlu-potansiyometre-1209219ad69e9eb51071
Potansiyometre ve Dialler;Çok Turlu Potansiyometreler;VISHAY 534-10K 10 TURLU POTANSİYOMETRE;VISHAY534-10K;30,0;Hayır;Evet;https://www.ankaracncmarket.com.tr/potansiyometre-ve-dialler/vishay-534-10k-10-turlu-potansiyometre-d6f49cd05b8f7c20794b
Potansiyometre ve Dialler;Çok Turlu Potansiyometreler;VISHAY 534-1K 10 TURLU POTANSİYOMETRE;VISHAY534-1K;30,0;Evet;Evet;https://www.ankaracncmarket.com.tr/potansiyometre-ve-dialler/vishay-534-1k-10-turlu-potansiyometre-9cb4938d4090f7b99ba2
Potansiyometre ve Dialler;Çok Turlu Potansiyometreler;VISHAY 534-2K 10 TURLU POTANSİYOMETRE;VISHAY534-2K;30,0;Evet;Evet;https://www.ankaracncmarket.com.tr/potansiyometre-ve-dialler/vishay-534-2k-10-turlu-potansiyometre-90327c364b2046306367
Reostalar;;REOSTA-20W-220R;FRIZLEN-R20-220R;69,6;Evet;Hayır;https://www.ankaracncmarket.com.tr/reostalar/reosta-20w-220r-bcf75ed2171f04635510
Reostalar;;REOSTA-40W-1K;FRIZLEN-R40-1K;78,0;Evet;Hayır;https://www.ankaracncmarket.com.tr/reostalar/reosta-40w-1k-6a7d6ac1c8059d680c7f
Reostalar;;REOSTA-40W-220R;FRIZLEN-R40-220R;78,0;Evet;Hayır;https://www.ankaracncmarket.com.tr/reostalar/reosta-40w-220r-1a1d12ae2a7cde76a80c
Reostalar;;REOSTA-40W-470R;FRIZLEN-R40-470R;78,0;Evet;Hayır;https://www.ankaracncmarket.com.tr/reostalar/reosta-40w-470r-3edf92d03d610b612cdc
Röle Soketleri;Kart Tipi Soketler;ROLE-SOKET-KART-1C;14F-1C-(HHC69A);0,75;Evet;Evet;https://www.ankaracncmarket.com.tr/role-soketleri/role-soket-kart-1c-7b696af94a6cdf586329
Röle Soketleri;Kart Tipi Soketler;ROLE-SOKET-KART-2C;14F-2C-(HHC69A);0,85;Evet;Evet;https://www.ankaracncmarket.com.tr/role-soketleri/role-soket-kart-2c-983af9face56ad4de0aa
Röle Soketleri;Kart Tipi Soketler;ROLE-SOKET-KART-2C;13F-2C(HHC68A-LY);2,5;Evet;Evet;https://www.ankaracncmarket.com.tr/role-soketleri/role-soket-kart-2c-e7b9a2e00ae6491be80a
Röle Soketleri;Kart Tipi Soketler;ROLE-SOKET-KART-3C;HH53A-3C(HHC68B-MY);2,5;Evet;Evet;https://www.ankaracncmarket.com.tr/role-soketleri/role-soket-kart-3c-7701896d82a443b98b9e
Röle Soketleri;Kart Tipi Soketler;ROLE-SOKET-KART-4C;18F4ZA2 HH54A-4C(MY4 RS);2,5;Evet;Evet;https://www.ankaracncmarket.com.tr/role-soketleri/role-soket-kart-4c-3f1a1a5c96dcdb0e998e
Röle Soketleri;Oto Röle Soketi;ROLE-SOKET-OTO-5C (HHC67G);OTO ROLE SOKETİ;2,5;Evet;Evet;https://www.ankaracncmarket.com.tr/role-soketleri/role-soket-oto-5c-hhc67g-c54605fd821fd92b0fcc
Röle Soketleri;Ray Tipi Soketler;ROLE-SOKET-RAY-2C;P69F08E-2C(NNC69KT);4,5;Evet;Evet;https://www.ankaracncmarket.com.tr/role-soketleri/role-soket-ray-2c-33d6975cee02ba66a9cd
Röle Soketleri;Ray Tipi Soketler;ROLE-SOKET-RAY-3C;PYF11A-3C-(HHC68B);2,8;Evet;Evet;https://www.ankaracncmarket.com.tr/role-soketleri/role-soket-ray-3c-d841ec6498d687723771
Röle Soketleri;Ray Tipi Soketler;ROLE-SOKET-RAY-4C;PTF14A-4C(HHC68A);5,0;Evet;Evet;https://www.ankaracncmarket.com.tr/role-soketleri/role-soket-ray-4c-c1b4664851b2e9e568ce
Röle Soketleri;Ray Tipi Soketler;ROLE-SOKET-RAY-4C;PYF14A-4C-(HHC68B);2,8;Evet;Evet;https://www.ankaracncmarket.com.tr/role-soketleri/role-soket-ray-4c-7c3392d4ed66bf334e04
Röle Soketleri;Ray Tipi Soketler;ROLE-SOKET-RAY-4C;PYF14A-E2-4C-(HHC68B);3,5;Evet;Evet;https://www.ankaracncmarket.com.tr/role-soketleri/role-soket-ray-4c-22758e018a19445cfc6a
Röle Soketleri;Ray Tipi Soketler;RÖLE SOKETİ PF083A - 3C - (HHC70);RS 14;3,0;Evet;Evet;https://www.ankaracncmarket.com.tr/role-soketleri/role-soketi-pf083a---3c---hhc70-8c85aea86e676f3fac38
Röle Soketleri;Ray Tipi Soketler;RÖLE SOKETİ PF113A - 3C - (HHC70);PF113A-3C(HHC70-MK3P);2,8;Evet;Evet;https://www.ankaracncmarket.com.tr/role-soketleri/role-soketi-pf113a---3c---hhc70-64f9d8aec94e4db9bc4b
Röle Soketleri;Ray Tipi Soketler;RÖLE SOKETİ PTF11A - 3C - (HHC68A);RS 9;3,5;Evet;Evet;https://www.ankaracncmarket.com.tr/role-soketleri/role-soketi-ptf11a---3c---hhc68a-9a25102e65e6e7a30c4d
Röle Soketleri;Röle Ledleri;ROLE-LEDI-220V;RPML-0730;1,75;Evet;Evet;https://www.ankaracncmarket.com.tr/role-soketleri/role-ledi-220v-cf1e9e1c914334b62d85
Röle Soketleri;Röle Ledleri;ROLE-LEDI-24V;RPML0024;1,75;Evet;Evet;https://www.ankaracncmarket.com.tr/role-soketleri/role-ledi-24v-b871f3a176d4eb260f8a
Salyangoz Fan Çeşitleri;;120X120X32MM-24VDC-0.35A;DEMEX70-Y-Y12032H24B;22,5;Evet;Evet;https://www.ankaracncmarket.com.tr/salyangoz-fan-cesitleri/120x120x32mm-24vdc-0.35a-637b36f966b533c1a8b2
Salyangoz Fan Çeşitleri;;75X75X30MM-12VDC-0.50A;DEMEX39-Y-Y7530H12B;14,0;Evet;Evet;https://www.ankaracncmarket.com.tr/salyangoz-fan-cesitleri/75x75x30mm-12vdc-0.50a-67fa66cc29703f17e33b
Salyangoz Fan Çeşitleri;;75X75X30MM-24VDC-0.21A;DEMEX40-Y-Y7530H24B;14,0;Evet;Evet;https://www.ankaracncmarket.com.tr/salyangoz-fan-cesitleri/75x75x30mm-24vdc-0.21a-59b3a989b5a9e9077a90
Salyangoz Fan Çeşitleri;;97X97X33MM-12VDC-0.50A;DEMEX60-Y-Y9733H12B;18,0;Evet;Evet;https://www.ankaracncmarket.com.tr/salyangoz-fan-cesitleri/97x97x33mm-12vdc-0.50a-4d0e5f3b9965671041a5
Salyangoz Fan Çeşitleri;120X120 MM;120X120X32MM-12VDC-0.30A;LÜFTER-LTB1232H1S;10,0;Evet;Hayır;https://www.ankaracncmarket.com.tr/salyangoz-fan-cesitleri/120x120x32mm-12vdc-0.30a-4305ae3ccace216edbc8
Salyangoz Fan Çeşitleri;120X120 MM;120X120X32MM-24VDC-0.25A;LÜFTER-LTB1232H2S;10,0;Evet;Evet;https://www.ankaracncmarket.com.tr/salyangoz-fan-cesitleri/120x120x32mm-24vdc-0.25a-7a8c6a57dac636c6b634
Salyangoz Fan Çeşitleri;50X50 MM;50X50X15MM-24VDC-0.18A;LÜFTER-LTD5015H2S;10,0;Hayır;Evet;https://www.ankaracncmarket.com.tr/salyangoz-fan-cesitleri/50x50x15mm-24vdc-0.18a-37091ba12487a3bd66ec
Santrifüj Fan Çeşitleri;;LTC Q190 - 220VAC;KU190AHA2BML;350,0;Evet;Evet;https://www.ankaracncmarket.com.tr/santrifuj-fan-cesitleri/ltc-q190---220vac-7242cb8350377a73a7d9
Santrifüj Fan Çeşitleri;;Q133-220VAC;KAKU-KU133AHA2BML;355,0;Evet;Evet;https://www.ankaracncmarket.com.tr/santrifuj-fan-cesitleri/q133-220vac-7234bff299c21489a110
Santrifüj Fan Çeşitleri;;Q190-220VAC;KAKU-KU190AHA2BML;380,0;Evet;Evet;https://www.ankaracncmarket.com.tr/santrifuj-fan-cesitleri/q190-220vac-c00df920bdbdd844cc43
Santrifüj Fan Çeşitleri;;Q220-220VAC;KAKU-KU220AHA2BML;395,0;Evet;Evet;https://www.ankaracncmarket.com.tr/santrifuj-fan-cesitleri/q220-220vac-1043a737b55c9fbb181c
Santrifüj Fan Çeşitleri;;Q250-220VAC;KAKU-KU250AHA2BML;405,0;Evet;Evet;https://www.ankaracncmarket.com.tr/santrifuj-fan-cesitleri/q250-220vac-5308e18c865f7c8b5b83
Solid State Röleler(SSR);HHG1-1/032F-38 Masa Tipi SSR;ROLE-SSR-MASA-3A;HHG1-1/032F-38-3A;10,0;Evet;Evet;https://www.ankaracncmarket.com.tr/solid-state-rolelerssr/role-ssr-masa-3a-3d641885e98d93089564
Solid State Röleler(SSR);HHG1-1/032F-38 Masa Tipi SSR;ROLE-SSR-MASA-4A;HHG1-1/032F-38-4A;12,0;Evet;Evet;https://www.ankaracncmarket.com.tr/solid-state-rolelerssr/role-ssr-masa-4a-58ed4fa73994a96263fd
Solid State Röleler(SSR);HHG1-1/032F-38 Masa Tipi SSR;ROLE-SSR-MASA-5A;HHG1-1/032F-38-5A;13,0;Evet;Evet;https://www.ankaracncmarket.com.tr/solid-state-rolelerssr/role-ssr-masa-5a-441b405d0d31703bc79f
Solid State Röleler(SSR);HHG1-3/32F-38 Trifaze SSR;ROLE-SSR-TRIFAZE-100A;HHG1-3/032F-38-100A;116,6;Evet;Evet;https://www.ankaracncmarket.com.tr/solid-state-rolelerssr/role-ssr-trifaze-100a-b3f0dd8f7fe1d4737418
Solid State Röleler(SSR);HHG1-3/32F-38 Trifaze SSR;ROLE-SSR-TRIFAZE-120A;HHG1-3/032F-38-120A;116,6;Evet;Evet;https://www.ankaracncmarket.com.tr/solid-state-rolelerssr/role-ssr-trifaze-120a-246718ed739816b1d9bb
Solid State Röleler(SSR);HHG1-3/32F-38 Trifaze SSR;ROLE-SSR-TRIFAZE-40A;HHG1-3/032F-38-40A;42,9;Evet;Evet;https://www.ankaracncmarket.com.tr/solid-state-rolelerssr/role-ssr-trifaze-40a-535f53d7753197bea34b
Solid State Röleler(SSR);HHG1-3/32F-38 Trifaze SSR;ROLE-SSR-TRIFAZE-80A;HHG1-3/032F-38-80A;71,5;Evet;Evet;https://www.ankaracncmarket.com.tr/solid-state-rolelerssr/role-ssr-trifaze-80a-04142f86b9dd4b15f929
Solid State Röleler(SSR);HHG1D-1/032F-38 Tarak Tipi SSR;ROLE-SSR-TARAK-3A;HHG1D-1/032F-38-3A;10,0;Evet;Evet;https://www.ankaracncmarket.com.tr/solid-state-rolelerssr/role-ssr-tarak-3a-aff387fcf8f394c443bf
Solid State Röleler(SSR);HHG1D-1/032F-38 Tarak Tipi SSR;ROLE-SSR-TARAK-4A;HHG1D-1/032F-38-4A;12,0;Evet;Evet;https://www.ankaracncmarket.com.tr/solid-state-rolelerssr/role-ssr-tarak-4a-2faac1f27a1c387efee6
Solid State Röleler(SSR);HHG1D-1/032F-38 Tarak Tipi SSR;ROLE-SSR-TARAK-5A;HHG1D-1/032F-38-5A;13,0;Evet;Evet;https://www.ankaracncmarket.com.tr/solid-state-rolelerssr/role-ssr-tarak-5a-d184a3760906661682be
Solid State Röleler(SSR);HHG2-1/032F-38 Monofaze SSR;ROLE-SSR-MONOFAZE-25A;HHG1-1/032F-38-25A;13,25;Evet;Evet;https://www.ankaracncmarket.com.tr/solid-state-rolelerssr/role-ssr-monofaze-25a-b312a9ea21bc1d36474a
Solid State Röleler(SSR);HHG2-1/032F-38 Monofaze SSR;ROLE-SSR-MONOFAZE-40A;HHG1-1/032F-38-40A;15,25;Evet;Evet;https://www.ankaracncmarket.com.tr/solid-state-rolelerssr/role-ssr-monofaze-40a-ecb56ce1c5e8b604a860
Solid State Röleler(SSR);HHG2-1/032F-38 Monofaze SSR;ROLE-SSR-MONOFAZE-60A;HHG1-1/250-38-60A;23,0;Evet;Evet;https://www.ankaracncmarket.com.tr/solid-state-rolelerssr/role-ssr-monofaze-60a-c3e8fb01af21cf96eb93
Solid State Röleler(SSR);HHG2-1/032F-38 Monofaze SSR;ROLE-SSR-MONOFAZE-60A;HHG2-1/032F-38-60A;24,0;Evet;Evet;https://www.ankaracncmarket.com.tr/solid-state-rolelerssr/role-ssr-monofaze-60a-2d5867d7dbc7aa47b4d9
Solid State Röleler(SSR);HHT1-R/38 Potansiyometre ile Sürülebilen SSR;ROLE-SSR-POTANSLI-10A;HHT1-R/38-10A;13,5;Evet;Evet;https://www.ankaracncmarket.com.tr/solid-state-rolelerssr/role-ssr-potansli-10a-cc13c3a67c43ff7d35ed
Solid State Röleler(SSR);HHT1-R/38 Potansiyometre ile Sürülebilen SSR;ROLE-SSR-POTANSLI-25A;HHT1-R/38-25A;14,5;Evet;Evet;https://www.ankaracncmarket.com.tr/solid-state-rolelerssr/role-ssr-potansli-25a-d8f31b6bc8ac2d615eb2
Solid State Röleler(SSR);HHT1-R/38 Potansiyometre ile Sürülebilen SSR;ROLE-SSR-POTANSLI-40A;HHT1-R/38-40A;15,5;Evet;Evet;https://www.ankaracncmarket.com.tr/solid-state-rolelerssr/role-ssr-potansli-40a-1b97e5fa9cc1af5b10da
TUŞ TAKIMLARI;;A860-0104-X002 FANUC TUŞ TAKIMI;DKPX1258;100,0;Evet;Evet;https://www.ankaracncmarket.com.tr/tus-takimlari/a860-0104-x002-fanuc-tus-takimi-75a51970e21e53ecbe96
TUŞ TAKIMLARI;;A860-0104-X003 FANUC TUŞ TAKIMI;DFHJYZ18;100,0;Evet;Evet;https://www.ankaracncmarket.com.tr/tus-takimlari/a860-0104-x003-fanuc-tus-takimi-959740a1e8b889a06268
TUŞ TAKIMLARI;;A98L-0001-0290#A FANUC SOFTKEY 12Lİ İÇ BUTONLU FİLM;GJNQTU19;90,0;Evet;Evet;https://www.ankaracncmarket.com.tr/tus-takimlari/a98l-0001-0290sharpa-fanuc-softkey-12li-ic-butonlu-film-e38ce46b53393457f03a
TUŞ TAKIMLARI;;A98L-0001-0519 FANUC SOFTKEY 19,2 CM;ADEGHT58;35,0;Evet;Evet;https://www.ankaracncmarket.com.tr/tus-takimlari/a98l-0001-0519-fanuc-softkey-19-2-cm-c4194c50042975a14292
TUŞ TAKIMLARI;;A98L-0001-0519 FANUC SOFTKEY 20CM;BPQSTX38;35,0;Evet;Evet;https://www.ankaracncmarket.com.tr/tus-takimlari/a98l-0001-0519-fanuc-softkey-20cm-b018540d3b652dac80de
TUŞ TAKIMLARI;;A98L-0001-0519 FANUC SOFTKEY İÇ BUTONLU FİLM;ADFGJQY9;35,0;Evet;Evet;https://www.ankaracncmarket.com.tr/tus-takimlari/a98l-0001-0519-fanuc-softkey-ic-butonlu-film-92e081cddc63a71d1366
TUŞ TAKIMLARI;;A98L-0005-0252 FANUC SOFTKEY 12Lİ;BDELTYZ1;90,0;Evet;Evet;https://www.ankaracncmarket.com.tr/tus-takimlari/a98l-0005-0252-fanuc-softkey-12li-27cf56c3261373e2b2d2
TUŞ TAKIMLARI;;A98L-0005-0255 FANUC SOFTKEY;FJLMPW18;40,0;Evet;Evet;https://www.ankaracncmarket.com.tr/tus-takimlari/a98l-0005-0255-fanuc-softkey-819eadd28e7f7459b428
TUŞ TAKIMLARI;;A98L-0005-0298#M FANUC TUŞ PED;HJKLNST8;75,0;Evet;Evet;https://www.ankaracncmarket.com.tr/tus-takimlari/a98l-0005-0298sharpm-fanuc-tus-ped-49ef8ea85796bb0a566f
TUŞ TAKIMLARI;;A98L-0005-0298#T FANUC TUŞ PED;EKPTX159;75,0;Evet;Evet;https://www.ankaracncmarket.com.tr/tus-takimlari/a98l-0005-0298sharpt-fanuc-tus-ped-9b2f6896dfcd55e1df86
TUŞ TAKIMLARI;;A98L-0005-0307#M FANUC TUŞ PED;BCM24578;100,0;Evet;Evet;https://www.ankaracncmarket.com.tr/tus-takimlari/a98l-0005-0307sharpm-fanuc-tus-ped-3493684051f4bafd9a74
TUŞ TAKIMLARI;;C-TEK EL ÇARKI PAD ( MEMBRAN );KLMQY246;100,0;Evet;Evet;https://www.ankaracncmarket.com.tr/tus-takimlari/c-tek-el-carki-pad-membran-7521631e17404baa51ec
TUŞ TAKIMLARI;;C-TEK OPERATÖR PAD ( MEMBRAN );KLQR2348;175,0;Evet;Evet;https://www.ankaracncmarket.com.tr/tus-takimlari/c-tek-operator-pad-membran-b2fcc15e64a0528818e8
Termik Sigortalar;Eta Sigorta;ETA SİGORTA 3 AMPER;ETA 3;9,5;Evet;Hayır;https://www.ankaracncmarket.com.tr/termik-sigortalar/eta-sigorta-3-amper-9b066dc9a8d0793500af
Termik Sigortalar;Eta Sigorta;SG-ETA-16A;ETA-16A;9,5;Hayır;Evet;https://www.ankaracncmarket.com.tr/termik-sigortalar/sg-eta-16a-4b31b5aa9e5a85dad7c8
Termik Sigortalar;Eta Sigorta;SG-ETA-20A;ETA-20A;9,5;Hayır;Evet;https://www.ankaracncmarket.com.tr/termik-sigortalar/sg-eta-20a-f652298a2ff35456864e
Termik Sigortalar;L1 Model;RESETLİ TERMİK SİGORTA 10 AMPER (L1 MODEL);L1-10A-TERMİK;4,0;Evet;Evet;https://www.ankaracncmarket.com.tr/termik-sigortalar/resetli-termik-sigorta-10-amper-l1-model-3cc79fe03d5f24a55919
Termik Sigortalar;L1 Model;RESETLİ TERMİK SİGORTA 12 AMPER (L1 MODEL);L1-12A-TERMİK;4,0;Evet;Evet;https://www.ankaracncmarket.com.tr/termik-sigortalar/resetli-termik-sigorta-12-amper-l1-model-92bc9a8e1423af89569f
Termik Sigortalar;L1 Model;RESETLİ TERMİK SİGORTA 15 AMPER (L1 MODEL);L1-15A-TERMİK;4,0;Evet;Evet;https://www.ankaracncmarket.com.tr/termik-sigortalar/resetli-termik-sigorta-15-amper-l1-model-d68177491702eace2821
Termik Sigortalar;L1 Model;RESETLİ TERMİK SİGORTA 25 AMPER (L1 MODEL);L1-25A-TERMİK;4,0;Evet;Evet;https://www.ankaracncmarket.com.tr/termik-sigortalar/resetli-termik-sigorta-25-amper-l1-model-3381a01e19505119e126
Termik Sigortalar;L1 Model;RESETLİ TERMİK SİGORTA 3 AMPER (L1 MODEL);L1-3A-TERMİK;4,0;Evet;Evet;https://www.ankaracncmarket.com.tr/termik-sigortalar/resetli-termik-sigorta-3-amper-l1-model-61581b57931768f79979
Termik Sigortalar;L1 Model;RESETLİ TERMİK SİGORTA 30 AMPER (L1 MODEL);L1-30A-TERMİK;5,0;Evet;Evet;https://www.ankaracncmarket.com.tr/termik-sigortalar/resetli-termik-sigorta-30-amper-l1-model-3b55705d7c486b632933
Termik Sigortalar;L1 Model;RESETLİ TERMİK SİGORTA 35 AMPER (L1 MODEL);L1-35A-TERMİK;5,0;Evet;Evet;https://www.ankaracncmarket.com.tr/termik-sigortalar/resetli-termik-sigorta-35-amper-l1-model-91c20be7bde06a1c2318
Termik Sigortalar;L1 Model;RESETLİ TERMİK SİGORTA 4 AMPER (L1 MODEL);L1-4A-TERMİK;4,0;Evet;Evet;https://www.ankaracncmarket.com.tr/termik-sigortalar/resetli-termik-sigorta-4-amper-l1-model-92e64119f4019644dbbb
Termik Sigortalar;L1 Model;RESETLİ TERMİK SİGORTA 40 AMPER (L1 MODEL);L1-40A-TERMİK;5,0;Evet;Evet;https://www.ankaracncmarket.com.tr/termik-sigortalar/resetli-termik-sigorta-40-amper-l1-model-1afbff6915121cd3c909
Termik Sigortalar;L1 Model;RESETLİ TERMİK SİGORTA 45 AMPER (L1 MODEL);L1-45A-TERMİK;5,0;Evet;Evet;https://www.ankaracncmarket.com.tr/termik-sigortalar/resetli-termik-sigorta-45-amper-l1-model-f9c7c87abeefe0298682
Termik Sigortalar;L1 Model;RESETLİ TERMİK SİGORTA 5 AMPER (L1 MODEL);L1-5A-TERMİK;4,0;Evet;Evet;https://www.ankaracncmarket.com.tr/termik-sigortalar/resetli-termik-sigorta-5-amper-l1-model-fda671c295a2a1cd5b28
Termik Sigortalar;L1 Model;RESETLİ TERMİK SİGORTA 50 AMPER (L1 MODEL);L1-50A-TERMİK;5,0;Evet;Evet;https://www.ankaracncmarket.com.tr/termik-sigortalar/resetli-termik-sigorta-50-amper-l1-model-6633f7e11e351a692e50
Termik Sigortalar;L1 Model;RESETLİ TERMİK SİGORTA 6 AMPER (L1 MODEL);L1-6A-TERMİK;4,0;Evet;Evet;https://www.ankaracncmarket.com.tr/termik-sigortalar/resetli-termik-sigorta-6-amper-l1-model-2f0b27cb1904d9f8359a
Termik Sigortalar;L1 Model;RESETLİ TERMİK SİGORTA 7 AMPER (L1 MODEL);L1-7A-TERMİK;4,0;Evet;Evet;https://www.ankaracncmarket.com.tr/termik-sigortalar/resetli-termik-sigorta-7-amper-l1-model-1422bf14364498bb0136
Termik Sigortalar;L1 Model;RESETLİ TERMİK SİGORTA 8 AMPER (L1 MODEL);L1-8A-TERMİK;4,0;Evet;Evet;https://www.ankaracncmarket.com.tr/termik-sigortalar/resetli-termik-sigorta-8-amper-l1-model-d078b8b1a6d33ef3b4f5
Termik Sigortalar;L1 Model;SG-TERMIK-RESETLİ;L1-9A-TERMIK;4,0;Evet;Hayır;https://www.ankaracncmarket.com.tr/termik-sigortalar/sg-termik-resetli-fa45fd999fe884db5c20
Termik Sigortalar;L2 Model;RESETLİ TERMİK SİGORTA 12 AMPER (L2 MODEL);TS 25;4,0;Evet;Evet;https://www.ankaracncmarket.com.tr/termik-sigortalar/resetli-termik-sigorta-12-amper-l2-model-2d0c515ddc8ffa723e37
Termik Sigortalar;L2 Model;SG-TERMIK-RESETLİ;L2-13A-TERMİK;4,0;Evet;Evet;https://www.ankaracncmarket.com.tr/termik-sigortalar/sg-termik-resetli-dfe689d42c0541cd05e8
Termik Sigortalar;L2 Model;SG-TERMIK-RESETLİ;L2-15A-TERMİK;4,0;Evet;Evet;https://www.ankaracncmarket.com.tr/termik-sigortalar/sg-termik-resetli-8ffc89170cdeca1abda7
Termik Sigortalar;L2 Model;SG-TERMIK-RESETLİ;L2-12A-TERMİK;4,0;Evet;Evet;https://www.ankaracncmarket.com.tr/termik-sigortalar/sg-termik-resetli-53df915b9cf422d87b16
Termik Sigortalar;L2 Model;SG-TERMIK-RESETLİ;L2-20A-TERMİK;4,0;Evet;Evet;https://www.ankaracncmarket.com.tr/termik-sigortalar/sg-termik-resetli-bf85963d92d45832087c
Termik Sigortalar;L2 Model;SG-TERMIK-RESETLİ;L2-3A-TERMİK;4,0;Evet;Evet;https://www.ankaracncmarket.com.tr/termik-sigortalar/sg-termik-resetli-7fc6fdcd6c902a45b2a3
Termik Sigortalar;L2 Model;SG-TERMIK-RESETLİ;L2-5A-TERMİK;4,0;Evet;Evet;https://www.ankaracncmarket.com.tr/termik-sigortalar/sg-termik-resetli-ad3e97c98301baa1ce3a
Termik Sigortalar;L2 Model;SG-TERMIK-RESETLİ;L2-7A-TERMİK;4,0;Evet;Evet;https://www.ankaracncmarket.com.tr/termik-sigortalar/sg-termik-resetli-a6cff8b2c167766b3805
Termik Sigortalar;L2 Model;SG-TERMIK-RESETLİ;L2-4A-TERMİK;4,0;Evet;Evet;https://www.ankaracncmarket.com.tr/termik-sigortalar/sg-termik-resetli-b2dcebf306c741cb45a1
Termik Sigortalar;L2 Model;SG-TERMIK-RESETLİ;L2-8A-TERMİK;4,0;Evet;Evet;https://www.ankaracncmarket.com.tr/termik-sigortalar/sg-termik-resetli-654899cf1ee928c120cd
Termik Sigortalar;Termik Sigorta Kılıfı;Termik Sigorta Kılıfı Yassı;TS 42;2,0;Evet;Hayır;https://www.ankaracncmarket.com.tr/termik-sigortalar/termik-sigorta-kilifi-yassi-4af61e8d3e9b1062e7cb
Termik Sigortalar;Termik Sigorta Kılıfı;Termik Sigorta Kılıfı Yuvarlak;TS 41;2,0;Evet;Hayır;https://www.ankaracncmarket.com.tr/termik-sigortalar/termik-sigorta-kilifi-yuvarlak-604c73d2cbc96ce980e8
Termik Sigortalar;W Model;RESETLİ TERMİK SİGORTA 10 AMPER (W MODEL);W-10A-TERMİK;4,0;Evet;Evet;https://www.ankaracncmarket.com.tr/termik-sigortalar/resetli-termik-sigorta-10-amper-w-model-24488ec3994837898ee8
Termik Sigortalar;W Model;RESETLİ TERMİK SİGORTA 12 AMPER (W MODEL);W-12A-TERMİK;4,0;Evet;Evet;https://www.ankaracncmarket.com.tr/termik-sigortalar/resetli-termik-sigorta-12-amper-w-model-8cb2b953e8d8c1dbb076
Termik Sigortalar;W Model;RESETLİ TERMİK SİGORTA 15 AMPER (W MODEL);W-15A-TERMİK;4,0;Evet;Evet;https://www.ankaracncmarket.com.tr/termik-sigortalar/resetli-termik-sigorta-15-amper-w-model-33c83c17a6cbabc84541
Termik Sigortalar;W Model;RESETLİ TERMİK SİGORTA 20 AMPER (W MODEL);W-20A-TERMİK;4,0;Evet;Evet;https://www.ankaracncmarket.com.tr/termik-sigortalar/resetli-termik-sigorta-20-amper-w-model-9be89a322231815344a9
Termik Sigortalar;W Model;RESETLİ TERMİK SİGORTA 3 AMPER (W MODEL);W-3A-TERMİK;4,0;Evet;Evet;https://www.ankaracncmarket.com.tr/termik-sigortalar/resetli-termik-sigorta-3-amper-w-model-ac00551c236f66eca5c2
Termik Sigortalar;W Model;RESETLİ TERMİK SİGORTA 4 AMPER (W MODEL);W-4A-TERMİK;4,0;Evet;Evet;https://www.ankaracncmarket.com.tr/termik-sigortalar/resetli-termik-sigorta-4-amper-w-model-42e3f840eea3d208e6d6
Termik Sigortalar;W Model;RESETLİ TERMİK SİGORTA 7 AMPER (W MODEL);W-7A-TERMİK;4,0;Evet;Evet;https://www.ankaracncmarket.com.tr/termik-sigortalar/resetli-termik-sigorta-7-amper-w-model-824b2062dd1388d3f8e3
Termik Sigortalar;W Model;RESETLİ TERMİK SİGORTA 8 AMPER (W MODEL);W-8A-TERMİK;4,0;Evet;Evet;https://www.ankaracncmarket.com.tr/termik-sigortalar/resetli-termik-sigorta-8-amper-w-model-a0b7a031a0aff2240699
Termik Sigortalar;W Model;RESETLİ TERMİK SİGORTA 9 AMPER (W MODEL);W-9A-TERMİK;4,0;Evet;Evet;https://www.ankaracncmarket.com.tr/termik-sigortalar/resetli-termik-sigorta-9-amper-w-model-4bdb18092133c0a312cf
Termik Sigortalar;W Model;SG-TERMIK-RESETLİ;W-5A-TERMIK;4,0;Evet;Evet;https://www.ankaracncmarket.com.tr/termik-sigortalar/sg-termik-resetli-b47cc299d5a1da6c9ef8
Termostatlar;;TERMOSTAT-PANO-FAN;STG-1141;4,0;Evet;Evet;https://www.ankaracncmarket.com.tr/termostatlar/termostat-pano-fan-7a7bedcd749f5e7821a7
Termostatlar;;TERMOSTAT-PANO-ISITMA;STG-1140;5,0;Evet;Evet;https://www.ankaracncmarket.com.tr/termostatlar/termostat-pano-isitma-8be29c275ae70539fbbd
Termostatlar;;TERMOSTAT-PANO-ISITMA;STG-MFR012;35,0;Evet;Hayır;https://www.ankaracncmarket.com.tr/termostatlar/termostat-pano-isitma-c4b98833885a2e2daf4f
Termostatlar;;TERMOSTAT-PANO-ISITMA;STG-ZR011;11,0;Evet;Hayır;https://www.ankaracncmarket.com.tr/termostatlar/termostat-pano-isitma-bbf2c8695388376f0c46
YAĞLAMA;;KLUBER NBU15 50GR TÜP;370;35,0;Evet;Evet;https://www.ankaracncmarket.com.tr/yaglama/kluber-nbu15-50gr-tup-e424602853e5f8801a48
(kategorisiz);;A06B-6059-H002 FANUC SPINDLE SÜRÜCÜ;CHQSUW67;1500,0;Evet;Evet;https://www.ankaracncmarket.com.tr/a06b-6059-h002-fanuc-spindle-surucu-903a5df09b0b0684e3d0
(kategorisiz);;A06B-6089-H324 FANUC 3 EKSEN SERVO SÜRÜCÜ;AEKLPUXY;3000,0;Evet;Evet;https://www.ankaracncmarket.com.tr/a06b-6089-h324-fanuc-3-eksen-servo-surucu-6c7bba39f0fe4fea31b5
(kategorisiz);;A16B-1211-0850-01 FANUC POWER SUPPLY;BFKLSXY2;550,0;Evet;Evet;https://www.ankaracncmarket.com.tr/a16b-1211-0850-01-fanuc-power-supply-5c700d23961b424bbb0e
(kategorisiz);;A16B-1212-0220/02A FANUC I/O KARTI;BMPQX789;550,0;Evet;Evet;https://www.ankaracncmarket.com.tr/a16b-1212-0220-02a-fanuc-i-o-karti-ae01dacb3e9cd79e15ff
(kategorisiz);;A16B-2200-0360 FANUC 1/4 AXE EKSEN KARTI;BDLQT134;550,0;Evet;Evet;https://www.ankaracncmarket.com.tr/a16b-2200-0360-fanuc-1-4-axe-eksen-karti-c28ab9475cee21acb94a
(kategorisiz);;A20B-1004-0260 FANUC MAINBOARD;EKQSUXY6;625,0;Evet;Evet;https://www.ankaracncmarket.com.tr/a20b-1004-0260-fanuc-mainboard-0ee9b0c43b7874594099
(kategorisiz);;FANUC O-T MONİTÖR (EKRAN) KOMPLE;FGKNTUZ9;375,0;Evet;Evet;https://www.ankaracncmarket.com.tr/fanuc-o-t-monitor-ekran-komple-416f73e2a22069ccb942
