AOM kategori;Marka;Orijinal kod (MPN);Diğer geçerli kodlar;AOM ürün adı;Teknik bilgiler;Eski başlık (ankaracncmarket);Eski kod;Referans fiyat (USD + KDV);Görsel durumu;Görsel kapsamı;Üretici sayfası;Görsel adresi;Güven;Kayıttaki hata;Not;Kaynak adres
CNC yedek parçaları;C-TEK;El çarkı membran tuş takımı (C-TEK) [TEYİT];;C-TEK el çarkı membran tuş takımı;;C-TEK EL ÇARKI PAD ( MEMBRAN );KLMQY246;100,0;Resmi görsel bulunamadı;;;;Düşük;;C-TEK markasının resmi sitesi ve parça kodu bulunamadı.;https://www.ankaracncmarket.com.tr/tus-takimlari/c-tek-el-carki-pad-membran-7521631e17404baa51ec
CNC yedek parçaları;C-TEK;Operatör paneli membran tuş takımı (C-TEK) [TEYİT];;C-TEK operatör paneli membran tuş takımı;;C-TEK OPERATÖR PAD ( MEMBRAN );KLQR2348;175,0;Resmi görsel bulunamadı;;;;Düşük;;C-TEK markasının resmi sitesi ve parça kodu bulunamadı.;https://www.ankaracncmarket.com.tr/tus-takimlari/c-tek-operator-pad-membran-b2fcc15e64a0528818e8
CNC yedek parçaları;Duracell;Duracell alkalin 1,5 V pil, 2li paket [boyut TEYİT];;Duracell alkalin pil, 1,5 V, 2li paket;"Gerilim: 1,5 V; Kimya: Alkalin; Adet: 2";DURACELL ALKALİN 1.5V PİL (2Lİ PAKET);400;7,0;Resmi görsel bulunamadı;;;;Düşük;;"Pil boyutu (AA/AAA vb.) başlıkta yok; resmi görsel boyuta göre seçilmeli.";https://www.ankaracncmarket.com.tr/elektronik/duracell-alkalin-1.5v-pil-2li-paket-5291b9bbacb0f5cb0a45
CNC yedek parçaları;FDK;CR17450SE-R;A98L-0031-0012, A02B-0200-K102;Sanyo/FDK CR17450SE-R lityum pil, 3 V (Fanuc A98L-0031-0012);"Gerilim: 3 V; Kimya: Lityum mangan dioksit";FANUC SİSTEM PİLİ CR17450SE-R / A98L-0031-0012;430;20,0;Resmi görsel bulunamadı;;;;Yüksek;"Site kodu (430) rastgele iç kod; üretici parça numarası değil.";"KFAS ve bayiler: A98L-0031-0012 = CR17450SE-R (Sanyo, bugün FDK). '-R' konnektörlü Fanuc versiyonu; üretici görseli bulunamadı. 15B, 16i/18i/21i, 0i-B vb. hafıza pili.";https://www.ankaracncmarket.com.tr/elektronik/fanuc-sistem-pili-cr17450se-r-a98l-0031-0012-963a8a5004f4a2d37f3f
CNC yedek parçaları;Fanuc;A02B-0091-C042;A61L-0001-0093;Fanuc A02B-0091-C042 0-T CRT/MDI ünitesi (komple);"Tip: CRT/MDI ünitesi (klavyeli); Kontrol: Fanuc 0-T";FANUC O-T MONİTÖR (EKRAN) KOMPLE;FGKNTUZ9;375,0;Üretici görsel yayınlamıyor;;;;Orta;"Site kodu (FGKNTUZ9) rastgele iç kod; üretici parça numarası değil. Başlıkta numara yok; sitenin ürün sayfasında A02B-0091-C042 ve A61L-0001-0093 geçiyor.";"Fanuc yedek parça görseli yayınlamıyor. A02B-0091-C042 = 0-T CRT/MDI paneli (DNC, CNC-Shopping); A61L-0001-0093 içindeki CRT monitör.";https://www.ankaracncmarket.com.tr/fanuc-o-t-monitor-ekran-komple-416f73e2a22069ccb942
CNC yedek parçaları;Fanuc;A06B-6059-H002;;Fanuc A06B-6059-H002 AC spindle sürücüsü (S serisi);Tip: AC spindle servo ünitesi;A06B-6059-H002 FANUC SPINDLE SÜRÜCÜ;CHQSUW67;1500,0;Üretici görsel yayınlamıyor;;;;Yüksek;"Site kodu (CHQSUW67) rastgele iç kod; üretici parça numarası değil.";"Fanuc yedek parça görseli yayınlamıyor. AC spindle servo unit (S serisi, model 2S); #H5xx son eki motor modelini belirtir.";https://www.ankaracncmarket.com.tr/a06b-6059-h002-fanuc-spindle-surucu-903a5df09b0b0684e3d0
CNC yedek parçaları;Fanuc;A06B-6078-K811;;Fanuc A06B-6078-K811 spindle enkoder kablosu, 7 m;"Uzunluk: 7 m; Tip: Spindle motor sensör (JYA2) kablosu";FANUC SPINDLE ENCODER KABLOSU 7 METRE - A06B-6078-K811#L-7M;AFGLMT69;100,0;Üretici görsel yayınlamıyor;;;;Orta;"Site kodu (AFGLMT69) rastgele iç kod; üretici parça numarası değil. Başlıktaki '#L-7M' Fanuc yazımı değil; Fanuc uzunluk son eki '#L7R...' biçiminde.";Fanuc yedek parça görseli yayınlamıyor. JYA2 spindle sensör geri besleme kablosu. Orijinal Fanuc mu muadil mi belirsiz [TEYİT].;https://www.ankaracncmarket.com.tr/elektronik/fanuc-spindle-encoder-kablosu-7-metre---a06b-6078-k811sharpl-7m-ed2189ffad8fb332ccaf
CNC yedek parçaları;Fanuc;A06B-6089-H324;;Fanuc A06B-6089-H324 Alpha 3 eksen servo sürücü (SVU3-20/20/20);"Tip: Alpha servo amplifikatör; Eksen: 3";A06B-6089-H324 FANUC 3 EKSEN SERVO SÜRÜCÜ;AEKLPUXY;3000,0;Üretici görsel yayınlamıyor;;;;Yüksek;"Site kodu (AEKLPUXY) rastgele iç kod; üretici parça numarası değil.";Fanuc yedek parça görseli yayınlamıyor. Alpha serisi servo amplifikatör SVU3-20/20/20 (çok sayıda bayi kaynağı).;https://www.ankaracncmarket.com.tr/a06b-6089-h324-fanuc-3-eksen-servo-surucu-6c7bba39f0fe4fea31b5
CNC yedek parçaları;Fanuc;A06B-6093-H152;;Fanuc A06B-6093-H152 Beta servo sürücü (SVU-20, I/O Link);Tip: Beta servo amplifikatör (I/O Link);FANUC A06B-6093-H152 SERVO SÜRÜCÜ;EJQSVW49;2000,0;Üretici görsel yayınlamıyor;;;;Yüksek;"Site kodu (EJQSVW49) rastgele iç kod; üretici parça numarası değil.";"Fanuc yedek parça görseli yayınlamıyor. Grup ipucunda 'alfa servo amplifikatör' deniyor; kaynaklar (DNC, CNC-Shopping) A06B-6093-H152'yi Beta serisi SVU 1-20 I/O Link servo ünitesi olarak veriyor.";https://www.ankaracncmarket.com.tr/elektronik/fanuc-a06b-6093-h152-servo-surucu-41283d488f548610b3bd
CNC yedek parçaları;Fanuc;A06B-6110-K201;;Fanuc A06B-6110-K201 sürücü güç soketi (CZ2);Tip: Servo amplifikatör güç konnektör kiti;A06B-6110-K201 FANUC SÜRÜCÜ GÜÇ SOKETİ;EFMPSUW9;25,0;Üretici görsel yayınlamıyor;;;;Orta;"Site kodu (EFMPSUW9) rastgele iç kod; üretici parça numarası değil.";"Fanuc yedek parça görseli yayınlamıyor. Kaynaklarda Alpha i amplifikatör CZ2 güç konnektörü kiti; #XYM / #XYS gibi son eklerle eksen/tip belirtiliyor, üründeki son ek [TEYİT].";https://www.ankaracncmarket.com.tr/elektronik/a06b-6110-k201-fanuc-surucu-guc-soketi-dd2cf45715437243ce42
CNC yedek parçaları;Fanuc;A06B-6114-K204#E;;Fanuc enkoder soketi, 90° (A06B-6114-K204#E);"Tip: Enkoder konnektörü; Yön: 90°";FANUC ENCODER SOKETİ - 90 DERECE;EPSWYZ48;35,0;Üretici görsel yayınlamıyor;;;;Düşük;"Site kodu (EPSWYZ48) rastgele iç kod; üretici parça numarası değil.";Fanuc yedek parça görseli yayınlamıyor. Başlıkta numara yok. Alpha i/Beta i motorlarda yaygın enkoder fişi A06B-6114-K204#E (dirsek, JAE JN2FS10SL1-R) [TEYİT].;https://www.ankaracncmarket.com.tr/elektronik/fanuc-encoder-soketi---90-derece-54409854ff23e919e411
CNC yedek parçaları;Fanuc;A06B-6114-K204#S;;Fanuc enkoder soketi, düz (A06B-6114-K204#S);"Tip: Enkoder konnektörü; Yön: Düz";FANUC ENCODER SOKETİ DÜZ;EPSWYZ48(Kopya);35,0;Üretici görsel yayınlamıyor;;;;Düşük;"Site kodu (EPSWYZ48(Kopya)) rastgele iç kod; üretici parça numarası değil. Site kodu 'EPSWYZ48(Kopya)' başka ürünün kopyası.";Fanuc yedek parça görseli yayınlamıyor. Başlıkta numara yok. Alpha i/Beta i motorlarda yaygın düz enkoder fişi A06B-6114-K204#S (JAE JN2DS10SL1-R) [TEYİT].;https://www.ankaracncmarket.com.tr/elektronik/fanuc-encoder-soketi-duz-d1960ded8c7d7d78027f
CNC yedek parçaları;Fanuc;A06B-6114-K213#E;;Fanuc fren soketi, dirsek, kablo tarafı, 4 pin (A06B-6114-K213#E);"Tip: Fren konnektörü (kablo tarafı); Pin: 4; Yön: Dirsek";FANUC FREN SOKETİ DİRSEK KABLO TARAFI 4 PİN;JNPT2679;45,0;Üretici görsel yayınlamıyor;;;;Düşük;"Site kodu (JNPT2679) rastgele iç kod; üretici parça numarası değil.";Fanuc yedek parça görseli yayınlamıyor. Başlıkta numara yok. Alpha i/Beta i fren fişi A06B-6114-K213#E [TEYİT].;https://www.ankaracncmarket.com.tr/elektronik/fanuc-fren-soketi-dirsek-kablo-tarafi-4-pin-01383023128658a4f631
CNC yedek parçaları;Fanuc;A06B-6114-K213#S;;Fanuc fren soketi, düz, kablo tarafı, 4 pin (A06B-6114-K213#S);"Tip: Fren konnektörü (kablo tarafı); Pin: 4; Yön: Düz";FANUC FREN SOKETİ DÜZ KABLO TARAFI 4 PİN;DEGQY569;45,0;Üretici görsel yayınlamıyor;;;;Düşük;"Site kodu (DEGQY569) rastgele iç kod; üretici parça numarası değil.";Fanuc yedek parça görseli yayınlamıyor. Başlıkta numara yok. Alpha i/Beta i fren fişi A06B-6114-K213#S [TEYİT].;https://www.ankaracncmarket.com.tr/elektronik/fanuc-fren-soketi-duz-kablo-tarafi-4-pin-e52fee506938861f6b5c
CNC yedek parçaları;Fanuc;A06B-6114-K220#E;;Fanuc A06B-6114-K220#E motor güç soketi, dirsek;"Tip: Servo motor güç konnektörü; Yön: Dirsek";A06B-6114-K220/E FANUC GÜÇ SOKETİ DİRSEK;JMNST148;40,0;Üretici görsel yayınlamıyor;;;;Yüksek;"Site kodu (JMNST148) rastgele iç kod; üretici parça numarası değil. Başlıkta '/E'; Fanuc yazımı A06B-6114-K220#E.";Fanuc yedek parça görseli yayınlamıyor. 6 pinli motor güç konnektörü (Alpha i/Beta i).;https://www.ankaracncmarket.com.tr/elektronik/a06b-6114-k220-e-fanuc-guc-soketi-dirsek-23824d1658719dda4bda
CNC yedek parçaları;Fanuc;A06B-6114-K220#S;;Fanuc A06B-6114-K220#S motor güç soketi, düz;"Tip: Servo motor güç konnektörü; Yön: Düz";A06B-6114-K220/S FANUC GÜÇ SOKETİ DÜZ;CLPUVW89;40,0;Üretici görsel yayınlamıyor;;;;Yüksek;"Site kodu (CLPUVW89) rastgele iç kod; üretici parça numarası değil. Başlıkta '/S'; Fanuc yazımı A06B-6114-K220#S.";Fanuc yedek parça görseli yayınlamıyor. 6 pinli motor güç konnektörü (Alpha i/Beta i).;https://www.ankaracncmarket.com.tr/elektronik/a06b-6114-k220-s-fanuc-guc-soketi-duz-47af1995f1335cffec00
CNC yedek parçaları;Fanuc;A16B-1211-0850;A16B-1211-0850-01;Fanuc A16B-1211-0850 güç kaynağı ünitesi (0M/0T);Tip: Güç kaynağı ünitesi;A16B-1211-0850-01 FANUC POWER SUPPLY;BFKLSXY2;550,0;Üretici görsel yayınlamıyor;;;;Yüksek;"Site kodu (BFKLSXY2) rastgele iç kod; üretici parça numarası değil.";"Fanuc yedek parça görseli yayınlamıyor. Fanuc 0 serisi power supply unit; '-01' revizyon/sürüm eki.";https://www.ankaracncmarket.com.tr/a16b-1211-0850-01-fanuc-power-supply-5c700d23961b424bbb0e
CNC yedek parçaları;Fanuc;A16B-1212-0220;A16B-1212-0220/02A;Fanuc A16B-1212-0220 I/O kartı;Tip: I/O kartı;A16B-1212-0220/02A FANUC I/O KARTI;BMPQX789;550,0;Üretici görsel yayınlamıyor;;;;Orta;"Site kodu (BMPQX789) rastgele iç kod; üretici parça numarası değil. Başlıktaki '/02A' kart revizyonu; temel Fanuc numarası A16B-1212-0220.";Fanuc yedek parça görseli yayınlamıyor. Kaynaklarda I/O kartı / güç-I/O modülü olarak geçiyor.;https://www.ankaracncmarket.com.tr/a16b-1212-0220-02a-fanuc-i-o-karti-ae01dacb3e9cd79e15ff
CNC yedek parçaları;Fanuc;A16B-2200-0360;;Fanuc A16B-2200-0360 eksen kartı (0-C, 3/4 eksen);Tip: Eksen kontrol kartı;A16B-2200-0360 FANUC 1/4 AXE EKSEN KARTI;BDLQT134;550,0;Üretici görsel yayınlamıyor;;;;Yüksek;"Site kodu (BDLQT134) rastgele iç kod; üretici parça numarası değil. Başlıkta '1/4 AXE' yazıyor; kaynaklar kartı 0-C serisi 3/4 eksen (dijital) eksen kartı olarak veriyor.";Fanuc yedek parça görseli yayınlamıyor.;https://www.ankaracncmarket.com.tr/a16b-2200-0360-fanuc-1-4-axe-eksen-karti-c28ab9475cee21acb94a
CNC yedek parçaları;Fanuc;A20B-1004-0260;;Fanuc A20B-1004-0260 ana kart;Tip: Ana kart (mainboard);A20B-1004-0260 FANUC MAINBOARD;EKQSUXY6;625,0;Üretici görsel yayınlamıyor;;;;Düşük;"Site kodu (EKQSUXY6) rastgele iç kod; üretici parça numarası değil.";"Fanuc yedek parça görseli yayınlamıyor. Bu numara için başlıktaki 'mainboard' tanımını doğrulayan güvenilir kaynak bulunamadı; yalnız Türk bayi listesinde geçiyor [TEYİT].";https://www.ankaracncmarket.com.tr/a20b-1004-0260-fanuc-mainboard-0ee9b0c43b7874594099
CNC yedek parçaları;Fanuc;A290-0241-T073;;Fanuc A290-0241-T073 spindle motor fanı;"Tip: Spindle motor soğutma fanı; Gerilim: 200 V AC";A290-0241-T073 FANUC SPINDLE MOTOR FANI;BJPTZ238;137,0;Üretici görsel yayınlamıyor;;;;Orta;"Site kodu (BJPTZ238) rastgele iç kod; üretici parça numarası değil.";Fanuc yedek parça görseli yayınlamıyor. Bayi kaynaklarında 200 V AC, ~172×150×55 mm fan ünitesi olarak geçiyor [TEYİT].;https://www.ankaracncmarket.com.tr/elektronik/a290-0241-t073-fanuc-spindle-motor-fani-09dcbb1589152fdf44f1
CNC yedek parçaları;Fanuc;A290-1404-X501;;Fanuc A290-1404-X501 spindle motor fan kapağı;Tip: Spindle motor fan kapağı/gövdesi;A290-1404-X501 FANUC MOTOR FAN KAPAĞI;FGJNTUW1;45,0;Üretici görsel yayınlamıyor;;;;Orta;"Site kodu (FGJNTUW1) rastgele iç kod; üretici parça numarası değil.";Fanuc yedek parça görseli yayınlamıyor. Bayi kaynaklarında spindle motor fan gövdesi/kapağı olarak geçiyor (ör. A290-1404-X501 0538 fan için).;https://www.ankaracncmarket.com.tr/elektronik/a290-1404-x501-fanuc-motor-fan-kapagi-94a8eebd77b685a3cdde
CNC yedek parçaları;Fanuc;A290-1406-X501;;Fanuc A290-1406-X501 spindle motor fan kapağı;Tip: Spindle motor fan kapağı/gövdesi;A290-1406-X501 FANUC MOTOR FAN KAPAĞI;BFLNSV15;55,0;Üretici görsel yayınlamıyor;;;;Orta;"Site kodu (BFLNSV15) rastgele iç kod; üretici parça numarası değil.";Fanuc yedek parça görseli yayınlamıyor. Bayi kaynaklarında spindle motor fan gövdesi/kapağı olarak geçiyor (ör. A290-1404-X501 0538 fan için).;https://www.ankaracncmarket.com.tr/elektronik/a290-1406-x501-fanuc-motor-fan-kapagi-b35aa7d239e206eb3bbf
CNC yedek parçaları;Fanuc;A290-1408-X501;;Fanuc A290-1408-X501 spindle motor fan kapağı;Tip: Spindle motor fan kapağı/gövdesi;A290-1408-X501 FANUC MOTOR FAN KAPAĞI;CNQSU128;65,0;Üretici görsel yayınlamıyor;;;;Orta;"Site kodu (CNQSU128) rastgele iç kod; üretici parça numarası değil.";Fanuc yedek parça görseli yayınlamıyor. Bayi kaynaklarında spindle motor fan gövdesi/kapağı olarak geçiyor (ör. A290-1404-X501 0538 fan için).;https://www.ankaracncmarket.com.tr/elektronik/a290-1408-x501-fanuc-motor-fan-kapagi-561fa024d15d404c7491
CNC yedek parçaları;Fanuc;A660-2005-T505;;Fanuc A660-2005-T505 enkoder kablosu, 10 m, dirsek (L tip) konnektör;"Uzunluk: 10 m; Konnektör: dirsek (L tip)";FANUC ENCODER KABLOSU 10 METRE - A660-2005-T505#L-10M;GKPU3479;165,0;Üretici görsel yayınlamıyor;;;;Orta;"Site kodu (GKPU3479) rastgele iç kod; üretici parça numarası değil. Başlıktaki '#L-10M' Fanuc yazımı değil; Fanuc uzunluk son eki '#L10R03' / '#L10R003' biçiminde.";"Fanuc yedek parça görseli yayınlamıyor. Alpha i/Beta i pulsecoder kablosu; T505 dirsek, T506 düz konnektörlü (bayi kaynakları). Tam son ek (ör. A660-2005-T505#L10R03) üründeki etiketten [TEYİT]. Orijinal Fanuc mu muadil mi belirsiz.";https://www.ankaracncmarket.com.tr/elektronik/fanuc-encoder-kablosu-10-metre---a660-2005-t505sharpl-10m-d64922f1bbc2328d80ee
CNC yedek parçaları;Fanuc;A660-2005-T505;;Fanuc A660-2005-T505 enkoder kablosu, 5 m, dirsek (L tip) konnektör;"Uzunluk: 5 m; Konnektör: dirsek (L tip)";FANUC ENCODER KABLOSU 5 METRE - A660-2005-T505#L-5M;AGMU3457;158,0;Üretici görsel yayınlamıyor;;;;Orta;"Site kodu (AGMU3457) rastgele iç kod; üretici parça numarası değil. Başlıktaki '#L-5M' Fanuc yazımı değil; Fanuc uzunluk son eki '#L5R03' / '#L5R003' biçiminde.";"Fanuc yedek parça görseli yayınlamıyor. Alpha i/Beta i pulsecoder kablosu; T505 dirsek, T506 düz konnektörlü (bayi kaynakları). Tam son ek (ör. A660-2005-T505#L5R03) üründeki etiketten [TEYİT]. Orijinal Fanuc mu muadil mi belirsiz.";https://www.ankaracncmarket.com.tr/elektronik/fanuc-encoder-kablosu-5-metre---a660-2005-t505sharpl-5m-c0cf3c4e1e9418aef202
CNC yedek parçaları;Fanuc;A660-2005-T505;;Fanuc A660-2005-T505 enkoder kablosu, 7 m, dirsek (L tip) konnektör;"Uzunluk: 7 m; Konnektör: dirsek (L tip)";FANUC ENCODER KABLOSU 7 METRE - A660-2005-T505#L-7M;DKNRYZ18;162,0;Üretici görsel yayınlamıyor;;;;Orta;"Site kodu (DKNRYZ18) rastgele iç kod; üretici parça numarası değil. Başlıktaki '#L-7M' Fanuc yazımı değil; Fanuc uzunluk son eki '#L7R03' / '#L7R003' biçiminde.";"Fanuc yedek parça görseli yayınlamıyor. Alpha i/Beta i pulsecoder kablosu; T505 dirsek, T506 düz konnektörlü (bayi kaynakları). Tam son ek (ör. A660-2005-T505#L7R03) üründeki etiketten [TEYİT]. Orijinal Fanuc mu muadil mi belirsiz.";https://www.ankaracncmarket.com.tr/elektronik/fanuc-encoder-kablosu-7-metre---a660-2005-t505sharpl-7m-aa63a15ca6b690cfd2b8
CNC yedek parçaları;Fanuc;A660-2005-T506;;Fanuc A660-2005-T506 enkoder kablosu, 15 m, düz konnektör;"Uzunluk: 15 m; Konnektör: düz";FANUC ENCODER KABLOSU 15 METRE - A660-2005-T506#L-15M;DEFHLMX9;185,0;Üretici görsel yayınlamıyor;;;;Orta;"Site kodu (DEFHLMX9) rastgele iç kod; üretici parça numarası değil. Başlıktaki '#L-15M' Fanuc yazımı değil; Fanuc uzunluk son eki '#L15R03' / '#L15R003' biçiminde.";"Fanuc yedek parça görseli yayınlamıyor. Alpha i/Beta i pulsecoder kablosu; T505 dirsek, T506 düz konnektörlü (bayi kaynakları). Tam son ek (ör. A660-2005-T506#L15R03) üründeki etiketten [TEYİT]. Orijinal Fanuc mu muadil mi belirsiz.";https://www.ankaracncmarket.com.tr/elektronik/fanuc-encoder-kablosu-15-metre---a660-2005-t506sharpl-15m-3e3dfcae3db1440ae928
CNC yedek parçaları;Fanuc;A660-2005-T506;;Fanuc A660-2005-T506 enkoder kablosu, 10 m, düz konnektör;"Uzunluk: 10 m; Konnektör: düz";FANUC ENCODER KABLOSU 10 METRE - A660-2005-T506#L-10M;CFJPV379;165,0;Üretici görsel yayınlamıyor;;;;Orta;"Site kodu (CFJPV379) rastgele iç kod; üretici parça numarası değil. Başlıktaki '#L-10M' Fanuc yazımı değil; Fanuc uzunluk son eki '#L10R03' / '#L10R003' biçiminde.";"Fanuc yedek parça görseli yayınlamıyor. Alpha i/Beta i pulsecoder kablosu; T505 dirsek, T506 düz konnektörlü (bayi kaynakları). Tam son ek (ör. A660-2005-T506#L10R03) üründeki etiketten [TEYİT]. Orijinal Fanuc mu muadil mi belirsiz.";https://www.ankaracncmarket.com.tr/elektronik/fanuc-encoder-kablosu-10-metre---a660-2005-t506sharpl-10m-faabfbe389d32dae591b
CNC yedek parçaları;Fanuc;A660-2005-T506;;Fanuc A660-2005-T506 enkoder kablosu, 3 m, düz konnektör;"Uzunluk: 3 m; Konnektör: düz";FANUC ENCODER KABLOSU 3 METRE - A660-2005-T506#L-3M;DGHSX149;150,0;Üretici görsel yayınlamıyor;;;;Orta;"Site kodu (DGHSX149) rastgele iç kod; üretici parça numarası değil. Başlıktaki '#L-3M' Fanuc yazımı değil; Fanuc uzunluk son eki '#L3R03' / '#L3R003' biçiminde.";"Fanuc yedek parça görseli yayınlamıyor. Alpha i/Beta i pulsecoder kablosu; T505 dirsek, T506 düz konnektörlü (bayi kaynakları). Tam son ek (ör. A660-2005-T506#L3R03) üründeki etiketten [TEYİT]. Orijinal Fanuc mu muadil mi belirsiz.";https://www.ankaracncmarket.com.tr/elektronik/fanuc-encoder-kablosu-3-metre---a660-2005-t506sharpl-3m-6343525c2d51461c06dd
CNC yedek parçaları;Fanuc;A660-2005-T506;;Fanuc A660-2005-T506 enkoder kablosu, 5 m, düz konnektör;"Uzunluk: 5 m; Konnektör: düz";FANUC ENCODER KABLOSU 5 METRE - A660-2005-T506#L-5M;MPZ23567;158,0;Üretici görsel yayınlamıyor;;;;Orta;"Site kodu (MPZ23567) rastgele iç kod; üretici parça numarası değil. Başlıktaki '#L-5M' Fanuc yazımı değil; Fanuc uzunluk son eki '#L5R03' / '#L5R003' biçiminde.";"Fanuc yedek parça görseli yayınlamıyor. Alpha i/Beta i pulsecoder kablosu; T505 dirsek, T506 düz konnektörlü (bayi kaynakları). Tam son ek (ör. A660-2005-T506#L5R03) üründeki etiketten [TEYİT]. Orijinal Fanuc mu muadil mi belirsiz.";https://www.ankaracncmarket.com.tr/elektronik/fanuc-encoder-kablosu-5-metre---a660-2005-t506sharpl-5m-6a8712391f3f7e7b91e6
CNC yedek parçaları;Fanuc;A660-2005-T506;;Fanuc A660-2005-T506 enkoder kablosu, 7 m, düz konnektör;"Uzunluk: 7 m; Konnektör: düz";FANUC ENCODER KABLOSU 7 METRE - A660-2005-T506#L-7M;CNPRTUW3;162,0;Üretici görsel yayınlamıyor;;;;Orta;"Site kodu (CNPRTUW3) rastgele iç kod; üretici parça numarası değil. Başlıktaki '#L-7M' Fanuc yazımı değil; Fanuc uzunluk son eki '#L7R03' / '#L7R003' biçiminde.";"Fanuc yedek parça görseli yayınlamıyor. Alpha i/Beta i pulsecoder kablosu; T505 dirsek, T506 düz konnektörlü (bayi kaynakları). Tam son ek (ör. A660-2005-T506#L7R03) üründeki etiketten [TEYİT]. Orijinal Fanuc mu muadil mi belirsiz.";https://www.ankaracncmarket.com.tr/elektronik/fanuc-encoder-kablosu-7-metre---a660-2005-t506sharpl-7m-8f793cc17127b8e5d158
CNC yedek parçaları;Fanuc;A66L-2050-0010#A;;Fanuc A66L-2050-0010#A PCMCIA kart yuvası;Tip: PCMCIA/CF kart yuvası (kablolu);A66L-2050-0010#A FANUC KART YUVASI;CDHJRW19;190,0;Üretici görsel yayınlamıyor;;;;Yüksek;"Site kodu (CDHJRW19) rastgele iç kod; üretici parça numarası değil.";Fanuc yedek parça görseli yayınlamıyor.;https://www.ankaracncmarket.com.tr/elektronik/a66l-2050-0010sharpa-fanuc-kart-yuvasi-9545995e105ee832df65
CNC yedek parçaları;Fanuc;A66L-2050-0010#B;;Fanuc A66L-2050-0010#B PCMCIA kart yuvası;Tip: PCMCIA/CF kart yuvası (kablolu);A66L-2050-0010#B FANUC KART YUVASI;CDGJKLRU;190,0;Üretici görsel yayınlamıyor;;;;Yüksek;"Site kodu (CDGJKLRU) rastgele iç kod; üretici parça numarası değil.";Fanuc yedek parça görseli yayınlamıyor.;https://www.ankaracncmarket.com.tr/elektronik/a66l-2050-0010sharpb-fanuc-kart-yuvasi-63d4e461ca0d33dc3fe8
CNC yedek parçaları;Fanuc;A66L-2050-0025#A;;Fanuc A66L-2050-0025#A PCMCIA kart yuvası;Tip: PCMCIA/CF kart yuvası (kablolu);A66L-2050-0025#A FANUC KART YUVASI;ADJKPTU5;160,0;Üretici görsel yayınlamıyor;;;;Yüksek;"Site kodu (ADJKPTU5) rastgele iç kod; üretici parça numarası değil.";Fanuc yedek parça görseli yayınlamıyor.;https://www.ankaracncmarket.com.tr/elektronik/a66l-2050-0025sharpa-fanuc-kart-yuvasi-b9b598357be106b05277
CNC yedek parçaları;Fanuc;A66L-2050-0025#B;;Fanuc A66L-2050-0025#B PCMCIA kart yuvası;Tip: PCMCIA/CF kart yuvası (kablolu);A66L-2050-0025#B FANUC KART YUVASI;ABMSUVY8;160,0;Üretici görsel yayınlamıyor;;;;Yüksek;"Site kodu (ABMSUVY8) rastgele iç kod; üretici parça numarası değil.";Fanuc yedek parça görseli yayınlamıyor.;https://www.ankaracncmarket.com.tr/elektronik/a66l-2050-0025sharpb-fanuc-kart-yuvasi-3d0b22d5c910a3eedacb
CNC yedek parçaları;Fanuc;A66L-2050-0029#A;;Fanuc A66L-2050-0029#A PCMCIA kart yuvası;Tip: PCMCIA/CF kart yuvası (kablolu);A66L-2050-0029#A FANUC KART YUVASI;BKLUV129;170,0;Üretici görsel yayınlamıyor;;;;Orta;"Site kodu (BKLUV129) rastgele iç kod; üretici parça numarası değil.";Fanuc yedek parça görseli yayınlamıyor.;https://www.ankaracncmarket.com.tr/elektronik/a66l-2050-0029sharpa-fanuc-kart-yuvasi-0757907fd2923160f871
CNC yedek parçaları;Fanuc;A66L-2050-0029#BE;;Fanuc A66L-2050-0029#BE PCMCIA kart yuvası;Tip: PCMCIA/CF kart yuvası (kablolu);A66L-2050-0029#BE FANUC KART YUVASI;JKMTXY13;200,0;Üretici görsel yayınlamıyor;;;;Orta;"Site kodu (JKMTXY13) rastgele iç kod; üretici parça numarası değil.";Fanuc yedek parça görseli yayınlamıyor.;https://www.ankaracncmarket.com.tr/elektronik/a66l-2050-0029sharpbe-fanuc-kart-yuvasi-b77eb523e402e613161f
CNC yedek parçaları;Fanuc;A66L-6001-0026;;Fanuc A66L-6001-0026 fiber optik kablo;Tip: Fiber optik kablo;FANUC FİBEROPTİK KABLO;350;97,0;Üretici görsel yayınlamıyor;;;;Düşük;"Site kodu (350) rastgele iç kod; üretici parça numarası değil.";"Fanuc yedek parça görseli yayınlamıyor. Başlıkta numara ve uzunluk yok. Fanuc'un yaygın fiber optik kablosu A66L-6001-0026#L…R03 (uzunluk son eki); doğru numara ve uzunluk [TEYİT].";https://www.ankaracncmarket.com.tr/elektronik/fanuc-fiberoptik-kablo-20153543d7802276208b
CNC yedek parçaları;Fanuc;A860-0104-X002;;Fanuc A860-0104-X002 tuş takımı membranı;Tip: Membran tuş filmi;A860-0104-X002 FANUC TUŞ TAKIMI;DKPX1258;100,0;Üretici görsel yayınlamıyor;;;;Orta;"Site kodu (DKPX1258) rastgele iç kod; üretici parça numarası değil.";Fanuc yedek parça görseli yayınlamıyor.;https://www.ankaracncmarket.com.tr/tus-takimlari/a860-0104-x002-fanuc-tus-takimi-75a51970e21e53ecbe96
CNC yedek parçaları;Fanuc;A860-0104-X003;;Fanuc A860-0104-X003 tuş takımı membranı;Tip: Membran tuş filmi;A860-0104-X003 FANUC TUŞ TAKIMI;DFHJYZ18;100,0;Üretici görsel yayınlamıyor;;;;Orta;"Site kodu (DFHJYZ18) rastgele iç kod; üretici parça numarası değil.";Fanuc yedek parça görseli yayınlamıyor.;https://www.ankaracncmarket.com.tr/tus-takimlari/a860-0104-x003-fanuc-tus-takimi-959740a1e8b889a06268
CNC yedek parçaları;Fanuc;A90L-0001-0318#F;;Fanuc A90L-0001-0318#F spindle motor fanı;Tip: Spindle motor soğutma fanı;A90L-0001-0318/F FANUC SPINDLE MOTOR FANI;CFHLNUW5;450,0;Üretici görsel yayınlamıyor;;;;Yüksek;"Site kodu (CFHLNUW5) rastgele iç kod; üretici parça numarası değil. Başlıkta '/' ile yazılmış; Fanuc yazımında '#' kullanılır (A90L-0001-0318#F).";Fanuc spindle motoru soğutma fanı (fan ünitesi). Fanuc yedek parça görseli yayınlamıyor. '/R' ve '/F' son ekleri fan yönü/montaj varyantını gösterir. Bu fanlar AC 200 V 3 faz (bayi kaynakları).;https://www.ankaracncmarket.com.tr/elektronik/a90l-0001-0318-f-fanuc-spindle-motor-fani-4e571da55c4fd0ef8afc
CNC yedek parçaları;Fanuc;A90L-0001-0443#R;;Fanuc A90L-0001-0443#R spindle motor fanı;Tip: Spindle motor soğutma fanı;A90L-0001-0443/R FANUC SPINDLE MOTOR FANI;DFLMTVZ7;300,0;Üretici görsel yayınlamıyor;;;;Orta;"Site kodu (DFLMTVZ7) rastgele iç kod; üretici parça numarası değil. Başlıkta '/' ile yazılmış; Fanuc yazımında '#' kullanılır (A90L-0001-0443#R).";Fanuc spindle motoru soğutma fanı (fan ünitesi). Fanuc yedek parça görseli yayınlamıyor. '/R' ve '/F' son ekleri fan yönü/montaj varyantını gösterir. Bu fanlar AC 200 V 3 faz (bayi kaynakları).;https://www.ankaracncmarket.com.tr/elektronik/a90l-0001-0443-r-fanuc-spindle-motor-fani-608c45b077a865c7ea4e
CNC yedek parçaları;Fanuc;A90L-0001-0444#R;;Fanuc A90L-0001-0444#R spindle motor fanı;Tip: Spindle motor soğutma fanı;A90L-0001-0444/R FANUC SPINDLE MOTOR FANI;BCDEKM69;260,0;Üretici görsel yayınlamıyor;;;;Orta;"Site kodu (BCDEKM69) rastgele iç kod; üretici parça numarası değil. Başlıkta '/' ile yazılmış; Fanuc yazımında '#' kullanılır (A90L-0001-0444#R).";Fanuc spindle motoru soğutma fanı (fan ünitesi). Fanuc yedek parça görseli yayınlamıyor. '/R' ve '/F' son ekleri fan yönü/montaj varyantını gösterir. Bu fanlar AC 200 V 3 faz (bayi kaynakları).;https://www.ankaracncmarket.com.tr/elektronik/a90l-0001-0444-r-fanuc-spindle-motor-fani-c0d53857139863c699a9
CNC yedek parçaları;Fanuc;A90L-0001-0515#R;;Fanuc A90L-0001-0515#R spindle motor fanı;Tip: Spindle motor soğutma fanı;A90L-0001-0515/R FANUC SPINDLE MOTOR FANI;EJKNQ234;420,0;Üretici görsel yayınlamıyor;;;;Yüksek;"Site kodu (EJKNQ234) rastgele iç kod; üretici parça numarası değil. Başlıkta '/' ile yazılmış; Fanuc yazımında '#' kullanılır (A90L-0001-0515#R).";Fanuc spindle motoru soğutma fanı (fan ünitesi). Fanuc yedek parça görseli yayınlamıyor. '/R' ve '/F' son ekleri fan yönü/montaj varyantını gösterir. Bu fanlar AC 200 V 3 faz (bayi kaynakları).;https://www.ankaracncmarket.com.tr/elektronik/a90l-0001-0515-r-fanuc-spindle-motor-fani-8cd54671605aad8fa7b4
CNC yedek parçaları;Fanuc;A90L-0001-0516#R;;Fanuc A90L-0001-0516#R spindle motor fanı;Tip: Spindle motor soğutma fanı;A90L-0001-0516/R FANUC SPINDLE MOTOR FANI;FJLPQVX6;260,0;Üretici görsel yayınlamıyor;;;;Yüksek;"Site kodu (FJLPQVX6) rastgele iç kod; üretici parça numarası değil. Başlıkta '/' ile yazılmış; Fanuc yazımında '#' kullanılır (A90L-0001-0516#R).";Fanuc spindle motoru soğutma fanı (fan ünitesi). Fanuc yedek parça görseli yayınlamıyor. '/R' ve '/F' son ekleri fan yönü/montaj varyantını gösterir. Bu fanlar AC 200 V 3 faz (bayi kaynakları).;https://www.ankaracncmarket.com.tr/elektronik/a90l-0001-0516-r-fanuc-spindle-motor-fani-a739a03f36679d916e9a
CNC yedek parçaları;Fanuc;A90L-0001-0537#R;;Fanuc A90L-0001-0537#R spindle motor fanı;Tip: Spindle motor soğutma fanı;A90L-0001-0537/R FANUC SPINDLE MOTOR FANI;CFX23578;200,0;Üretici görsel yayınlamıyor;;;;Yüksek;"Site kodu (CFX23578) rastgele iç kod; üretici parça numarası değil. Başlıkta '/' ile yazılmış; Fanuc yazımında '#' kullanılır (A90L-0001-0537#R).";Fanuc spindle motoru soğutma fanı (fan ünitesi). Fanuc yedek parça görseli yayınlamıyor. '/R' ve '/F' son ekleri fan yönü/montaj varyantını gösterir. Bu fanlar AC 200 V 3 faz (bayi kaynakları).;https://www.ankaracncmarket.com.tr/elektronik/a90l-0001-0537-r-fanuc-spindle-motor-fani-81306a012ac89d39647d
CNC yedek parçaları;Fanuc;A90L-0001-0538#R;;Fanuc A90L-0001-0538#R spindle motor fanı;Tip: Spindle motor soğutma fanı;A90L-0001-0538/R FANUC SPINDLE MOTOR FANI;CFGPSWZ3;270,0;Üretici görsel yayınlamıyor;;;;Yüksek;"Site kodu (CFGPSWZ3) rastgele iç kod; üretici parça numarası değil. Başlıkta '/' ile yazılmış; Fanuc yazımında '#' kullanılır (A90L-0001-0538#R).";Fanuc spindle motoru soğutma fanı (fan ünitesi). Fanuc yedek parça görseli yayınlamıyor. '/R' ve '/F' son ekleri fan yönü/montaj varyantını gösterir. Bu fanlar AC 200 V 3 faz (bayi kaynakları).;https://www.ankaracncmarket.com.tr/elektronik/a90l-0001-0538-r-fanuc-spindle-motor-fani-a167073b63688f318ff4
CNC yedek parçaları;Fanuc;A90L-0001-0548#R;;Fanuc A90L-0001-0548#R spindle motor fanı;Tip: Spindle motor soğutma fanı;A90L-0001-0548/R FANUC SPINDLE MOTOR FANI;CDKRVWX9;290,0;Üretici görsel yayınlamıyor;;;;Yüksek;"Site kodu (CDKRVWX9) rastgele iç kod; üretici parça numarası değil. Başlıkta '/' ile yazılmış; Fanuc yazımında '#' kullanılır (A90L-0001-0548#R).";Fanuc spindle motoru soğutma fanı (fan ünitesi). Fanuc yedek parça görseli yayınlamıyor. '/R' ve '/F' son ekleri fan yönü/montaj varyantını gösterir. Bu fanlar AC 200 V 3 faz (bayi kaynakları).;https://www.ankaracncmarket.com.tr/elektronik/a90l-0001-0548-r-fanuc-spindle-motor-fani-ffe7bb6fa4de27f9094d
CNC yedek parçaları;Fanuc;A98L-0001-0290#A;;Fanuc A98L-0001-0290#A softkey membranı, 12 tuş (iç butonlu film);"Tip: Softkey membran; Tuş: 12";A98L-0001-0290#A FANUC SOFTKEY 12Lİ İÇ BUTONLU FİLM;GJNQTU19;90,0;Üretici görsel yayınlamıyor;;;;Düşük;"Site kodu (GJNQTU19) rastgele iç kod; üretici parça numarası değil.";Fanuc yedek parça görseli yayınlamıyor. Bu numara için doğrulayan kaynak bulunamadı [TEYİT].;https://www.ankaracncmarket.com.tr/tus-takimlari/a98l-0001-0290sharpa-fanuc-softkey-12li-ic-butonlu-film-e38ce46b53393457f03a
CNC yedek parçaları;Fanuc;A98L-0001-0519;;Fanuc A98L-0001-0519 softkey membranı, 7 tuş (19,2 cm);"Tip: Softkey membran; Tuş: 7; Uzunluk: 19,2 cm";A98L-0001-0519 FANUC SOFTKEY 19,2 CM;ADEGHT58;35,0;Üretici görsel yayınlamıyor;;;;Yüksek;"Site kodu (ADEGHT58) rastgele iç kod; üretici parça numarası değil.";Fanuc yedek parça görseli yayınlamıyor. Aynı Fanuc numarası listede 3 ayrı kayıtta var (pid 983, 1169, 1170).;https://www.ankaracncmarket.com.tr/tus-takimlari/a98l-0001-0519-fanuc-softkey-19-2-cm-c4194c50042975a14292
CNC yedek parçaları;Fanuc;A98L-0001-0519;;Fanuc A98L-0001-0519 softkey membranı, 7 tuş (20 cm);"Tip: Softkey membran; Tuş: 7; Uzunluk: 20 cm";A98L-0001-0519 FANUC SOFTKEY 20CM;BPQSTX38;35,0;Üretici görsel yayınlamıyor;;;;Orta;"Site kodu (BPQSTX38) rastgele iç kod; üretici parça numarası değil. Aynı A98L-0001-0519 numarası pid 983'te 19,2 cm olarak geçiyor; uzunluk tutarsız.";Fanuc yedek parça görseli yayınlamıyor.;https://www.ankaracncmarket.com.tr/tus-takimlari/a98l-0001-0519-fanuc-softkey-20cm-b018540d3b652dac80de
CNC yedek parçaları;Fanuc;A98L-0001-0519;;Fanuc A98L-0001-0519 softkey membranı, 7 tuş (iç butonlu film);"Tip: Softkey membran; Tuş: 7";A98L-0001-0519 FANUC SOFTKEY İÇ BUTONLU FİLM;ADFGJQY9;35,0;Üretici görsel yayınlamıyor;;;;Orta;"Site kodu (ADFGJQY9) rastgele iç kod; üretici parça numarası değil. Aynı A98L-0001-0519 numarası pid 983/1169'da da var; 'iç butonlu film' ayrı bir varyant mı belirsiz.";Fanuc yedek parça görseli yayınlamıyor.;https://www.ankaracncmarket.com.tr/tus-takimlari/a98l-0001-0519-fanuc-softkey-ic-butonlu-film-92e081cddc63a71d1366
CNC yedek parçaları;Fanuc;A98L-0005-0252;;Fanuc A98L-0005-0252 softkey membranı;Tip: Softkey membran;A98L-0005-0252 FANUC SOFTKEY 12Lİ;BDELTYZ1;90,0;Üretici görsel yayınlamıyor;;;;Orta;"Site kodu (BDELTYZ1) rastgele iç kod; üretici parça numarası değil. Başlıkta '12'li' yazıyor; kaynaklar A98L-0005-0252'yi 7 tuşlu, A98L-0005-0255'i 12 tuşlu softkey olarak veriyor.";Fanuc yedek parça görseli yayınlamıyor.;https://www.ankaracncmarket.com.tr/tus-takimlari/a98l-0005-0252-fanuc-softkey-12li-27cf56c3261373e2b2d2
CNC yedek parçaları;Fanuc;A98L-0005-0255;;"Fanuc A98L-0005-0255 softkey membranı, 12 tuş (10,4"" LCD)";"Tip: Softkey membran; Tuş: 12";A98L-0005-0255 FANUC SOFTKEY;FJLMPW18;40,0;Üretici görsel yayınlamıyor;;;;Yüksek;"Site kodu (FJLMPW18) rastgele iç kod; üretici parça numarası değil.";Fanuc yedek parça görseli yayınlamıyor.;https://www.ankaracncmarket.com.tr/tus-takimlari/a98l-0005-0255-fanuc-softkey-819eadd28e7f7459b428
CNC yedek parçaları;Fanuc;A98L-0005-0298#M;;Fanuc A98L-0005-0298#M tuş membranı (0i-MC);"Tip: MDI tuş membranı; Kontrol: 0i-MC";A98L-0005-0298#M FANUC TUŞ PED;HJKLNST8;75,0;Üretici görsel yayınlamıyor;;;;Yüksek;"Site kodu (HJKLNST8) rastgele iç kod; üretici parça numarası değil.";Fanuc yedek parça görseli yayınlamıyor.;https://www.ankaracncmarket.com.tr/tus-takimlari/a98l-0005-0298sharpm-fanuc-tus-ped-49ef8ea85796bb0a566f
CNC yedek parçaları;Fanuc;A98L-0005-0298#T;;Fanuc A98L-0005-0298#T tuş membranı (0i-TC);"Tip: MDI tuş membranı; Kontrol: 0i-TC";A98L-0005-0298#T FANUC TUŞ PED;EKPTX159;75,0;Üretici görsel yayınlamıyor;;;;Yüksek;"Site kodu (EKPTX159) rastgele iç kod; üretici parça numarası değil.";Fanuc yedek parça görseli yayınlamıyor.;https://www.ankaracncmarket.com.tr/tus-takimlari/a98l-0005-0298sharpt-fanuc-tus-ped-9b2f6896dfcd55e1df86
CNC yedek parçaları;Fanuc;A98L-0005-0307#M;;Fanuc A98L-0005-0307#M tuş membranı;Tip: MDI tuş membranı;A98L-0005-0307#M FANUC TUŞ PED;BCM24578;100,0;Üretici görsel yayınlamıyor;;;;Düşük;"Site kodu (BCM24578) rastgele iç kod; üretici parça numarası değil.";Fanuc yedek parça görseli yayınlamıyor. Bu numara için doğrulayan kaynak bulunamadı [TEYİT].;https://www.ankaracncmarket.com.tr/tus-takimlari/a98l-0005-0307sharpm-fanuc-tus-ped-3493684051f4bafd9a74
CNC yedek parçaları;Fanuc;A98L-0031-0026;A02B-0309-K102;Fanuc A98L-0031-0026 sistem pili, 3 V (kartuş);"Gerilim: 3 V; Tip: Lityum kartuş pil";FANUC SİSTEM PİLİ A98L-0031-0026;410;40,0;Üretici görsel yayınlamıyor;;;;Yüksek;"Site kodu (410) rastgele iç kod; üretici parça numarası değil.";"Fanuc yedek parça görseli yayınlamıyor. Kontrol ünitesi sistem (hafıza) pili; set numarası A02B-0309-K102.";https://www.ankaracncmarket.com.tr/elektronik/fanuc-sistem-pili-a98l-0031-0026-a9329f181b7e7139c82c
CNC yedek parçaları;Fanuc;A98L-0031-0028;A02B-0323-K102;Fanuc A98L-0031-0028 sistem pili, 3 V (kartuş);"Gerilim: 3 V; Tip: Lityum kartuş pil";FANUC SİSTEM PİLİ A98L-0031-0028;420;40,0;Üretici görsel yayınlamıyor;;;;Yüksek;"Site kodu (420) rastgele iç kod; üretici parça numarası değil.";"Fanuc yedek parça görseli yayınlamıyor. Kontrol ünitesi sistem (hafıza) pili; set numarası A02B-0323-K102.";https://www.ankaracncmarket.com.tr/elektronik/fanuc-sistem-pili-a98l-0031-0028-d2a70d16ceac68887692
CNC yedek parçaları;Fanuc;Fanuc enkoder soketi (filmli);;Fanuc enkoder soketi (filmli);Tip: Enkoder konnektörü;FANUC ENCODER SOKETİ FİLMLİ;BFHMQ157;80,0;Üretici görsel yayınlamıyor;;;;Düşük;"Site kodu (BFHMQ157) rastgele iç kod; üretici parça numarası değil.";"Fanuc yedek parça görseli yayınlamıyor. Başlıkta numara ve yeterli tanım yok; hangi Fanuc parçası olduğu belirlenemedi [TEYİT].";https://www.ankaracncmarket.com.tr/elektronik/fanuc-encoder-soketi-filmli-b7a721a0fe10589c220f
CNC yedek parçaları;Fanuc;Fanuc fren soketi, motor tarafı, 4 pin;;Fanuc fren soketi, motor tarafı, 4 pin;"Tip: Fren konnektörü (motor tarafı); Pin: 4";FANUC FREN SOKETİ MOTOR TARAFI 4PİN;FGLPTWX9;60,0;Üretici görsel yayınlamıyor;;;;Düşük;"Site kodu (FGLPTWX9) rastgele iç kod; üretici parça numarası değil.";"Fanuc yedek parça görseli yayınlamıyor. Başlıkta numara yok; motor tarafı (dişi/erkek gövde) konnektörün Fanuc numarası belirlenemedi [TEYİT].";https://www.ankaracncmarket.com.tr/elektronik/fanuc-fren-soketi-motor-tarafi-4pin-db003faf4da1f5f95962
CNC yedek parçaları;Honda Tsushin;PCR-E20FS;A02B-0120-K303;Honda PCR-E20FS 20 pin konnektör (Fanuc sürücü soketi, A02B-0120-K303);Pin: 20;FANUC 20 PİN SÜRÜCÜ SOKETİ;AEGHPQ58;100,0;Resmi görsel bulunamadı;;;;Düşük;"Site kodu (AEGHPQ58) rastgele iç kod; üretici parça numarası değil.";Başlıkta numara yok. Fanuc sürücü/kontrol bağlantılarında yaygın 20 pin soket Honda PCR-E20FS (+PCR-E20LA kılıf), Fanuc kiti A02B-0120-K303 [TEYİT].;https://www.ankaracncmarket.com.tr/elektronik/fanuc-20-pin-surucu-soketi-069d281a58c075d3b46a
CNC yedek parçaları;Mitsubishi Electric;10 pinli sürücü enkoder soketi (3M 36210-0100PL) [TEYİT];;Mitsubishi servo sürücü 10 pinli enkoder soketi (CN2);Pin: 10;MITSUBISHI 10 PİN SÜRÜCÜ SOKETİ;BJL23679;30,0;Üretici görsel yayınlamıyor;;;;Düşük;;"MDS-D/MR-J3/J4 sürücü CN2 tarafı 3M 36210-0100PL fiş + 36310-3200-008 kapak kullanır; ürünün bu olduğu doğrulanamadı. Mitsubishi Electric bu yedek parçalar için herkese açık ürün görseli yayınlamıyor (FA sitesi ve resmi yedek parça portalında görsel yok/erişilemedi).";https://www.ankaracncmarket.com.tr/elektronik/mitsubishi-10-pin-surucu-soketi-34ab33c0f3f6bab11fb8
CNC yedek parçaları;Mitsubishi Electric;6 pinli sürücü enkoder soketi [TEYİT];;Mitsubishi servo sürücü 6 pinli enkoder soketi;Pin: 6;MITSUBISHI 6 PİN SÜRÜCÜ ENCODER SOKETİ;AEGHPQ58(Kopya);35,0;Üretici görsel yayınlamıyor;;;;Düşük;Kod alanı 'AEGHPQ58(Kopya)' kopyalanmış kayıt izi taşıyor.;Gerçek Mitsubishi/konnektör parça numarası belirlenemedi. Mitsubishi Electric bu yedek parçalar için herkese açık ürün görseli yayınlamıyor (FA sitesi ve resmi yedek parça portalında görsel yok/erişilemedi).;https://www.ankaracncmarket.com.tr/elektronik/mitsubishi-6-pin-surucu-encoder-soketi-eefe023ae3f1b95e7e30
CNC yedek parçaları;Mitsubishi Electric;CNV2E-8P-10M [TEYİT];;Mitsubishi enkoder kablosu, 10 m, motor tarafı düz soket;"Uzunluk: 10 m; Motor tarafı soket: Düz";MITSUBISHI ENCODER KABLOSU 10 METRE;BDGHUW26;170,0;Üretici görsel yayınlamıyor;;;;Düşük;;"MDS-D/M70 HF/HP motor enkoder kablosu için Mitsubishi kodu CNV2E-8P-□M (düz motor konnektörü); resmi mağazada CNV2E-8P-3.0M gibi yazılıyor. Ürünün orijinal Mitsubishi mi muadil mi olduğu belirsiz. Mitsubishi Electric bu yedek parçalar için herkese açık ürün görseli yayınlamıyor (FA sitesi ve resmi yedek parça portalında görsel yok/erişilemedi).";https://www.ankaracncmarket.com.tr/elektronik/mitsubishi-encoder-kablosu-10-metre-83d35125aa5f8508efe4
CNC yedek parçaları;Mitsubishi Electric;CNV2E-8P-15M [TEYİT];;Mitsubishi enkoder kablosu, 15 m, motor tarafı düz soket;"Uzunluk: 15 m; Motor tarafı soket: Düz";MITSUBISHI ENCODER KABLOSU 15 METRE;BCHJQW19;200,0;Üretici görsel yayınlamıyor;;;;Düşük;;"MDS-D/M70 HF/HP motor enkoder kablosu için Mitsubishi kodu CNV2E-8P-□M (düz motor konnektörü); resmi mağazada CNV2E-8P-3.0M gibi yazılıyor. Ürünün orijinal Mitsubishi mi muadil mi olduğu belirsiz. Mitsubishi Electric bu yedek parçalar için herkese açık ürün görseli yayınlamıyor (FA sitesi ve resmi yedek parça portalında görsel yok/erişilemedi).";https://www.ankaracncmarket.com.tr/elektronik/mitsubishi-encoder-kablosu-15-metre-6367566c6aa39e236a4b
CNC yedek parçaları;Mitsubishi Electric;CNV2E-8P-5M [TEYİT];;Mitsubishi enkoder kablosu, 5 m, motor tarafı düz soket;"Uzunluk: 5 m; Motor tarafı soket: Düz";MITSUBISHI ENCODER KABLOSU 5 METRE;EGHKLTW1;170,0;Üretici görsel yayınlamıyor;;;;Düşük;;"MDS-D/M70 HF/HP motor enkoder kablosu için Mitsubishi kodu CNV2E-8P-□M (düz motor konnektörü); resmi mağazada CNV2E-8P-3.0M gibi yazılıyor. Ürünün orijinal Mitsubishi mi muadil mi olduğu belirsiz. Mitsubishi Electric bu yedek parçalar için herkese açık ürün görseli yayınlamıyor (FA sitesi ve resmi yedek parça portalında görsel yok/erişilemedi).";https://www.ankaracncmarket.com.tr/elektronik/mitsubishi-encoder-kablosu-5-metre-3564b96df73e413b67e0
CNC yedek parçaları;Mitsubishi Electric;CNV2E-8P-7M [TEYİT];;Mitsubishi enkoder kablosu, 7 m, motor tarafı düz soket;"Uzunluk: 7 m; Motor tarafı soket: Düz";MITSUBISHI ENCODER KABLOSU 7 METRE;EFKU4578;180,0;Üretici görsel yayınlamıyor;;;;Düşük;;"MDS-D/M70 HF/HP motor enkoder kablosu için Mitsubishi kodu CNV2E-8P-□M (düz motor konnektörü); resmi mağazada CNV2E-8P-3.0M gibi yazılıyor. Ürünün orijinal Mitsubishi mi muadil mi olduğu belirsiz. Mitsubishi Electric bu yedek parçalar için herkese açık ürün görseli yayınlamıyor (FA sitesi ve resmi yedek parça portalında görsel yok/erişilemedi).";https://www.ankaracncmarket.com.tr/elektronik/mitsubishi-encoder-kablosu-7-metre-0ad0ad64ebcd6b7af964
CNC yedek parçaları;Mitsubishi Electric;CNV2E-9P-10M [TEYİT];;Mitsubishi enkoder kablosu, 10 m, motor tarafı dirsek soket;"Uzunluk: 10 m; Motor tarafı soket: Dirsek";MITSUBISHI ENCODER KABLOSU 10 METRE DİRSEK SOKET;ADFHQU27;170,0;Üretici görsel yayınlamıyor;;;;Düşük;;"MDS-D/M70 HF/HP motor enkoder kablosu için Mitsubishi kodu CNV2E-9P-□M (dik açılı motor konnektörü); resmi mağazada CNV2E-8P-3.0M gibi yazılıyor. Ürünün orijinal Mitsubishi mi muadil mi olduğu belirsiz. Mitsubishi Electric bu yedek parçalar için herkese açık ürün görseli yayınlamıyor (FA sitesi ve resmi yedek parça portalında görsel yok/erişilemedi).";https://www.ankaracncmarket.com.tr/elektronik/mitsubishi-encoder-kablosu-10-metre-dirsek-soket-c6a95583cad44ccd2cfc
CNC yedek parçaları;Mitsubishi Electric;CNV2E-9P-15M [TEYİT];;Mitsubishi enkoder kablosu, 15 m, motor tarafı dirsek soket;"Uzunluk: 15 m; Motor tarafı soket: Dirsek";MITSUBISHI ENCODER KABLOSU 15 METRE DİRSEK SOKET;GKSVY569;200,0;Üretici görsel yayınlamıyor;;;;Düşük;;"MDS-D/M70 HF/HP motor enkoder kablosu için Mitsubishi kodu CNV2E-9P-□M (dik açılı motor konnektörü); resmi mağazada CNV2E-8P-3.0M gibi yazılıyor. Ürünün orijinal Mitsubishi mi muadil mi olduğu belirsiz. Mitsubishi Electric bu yedek parçalar için herkese açık ürün görseli yayınlamıyor (FA sitesi ve resmi yedek parça portalında görsel yok/erişilemedi).";https://www.ankaracncmarket.com.tr/elektronik/mitsubishi-encoder-kablosu-15-metre-dirsek-soket-15031745e5ed2fdff493
CNC yedek parçaları;Mitsubishi Electric;CNV2E-9P-5M [TEYİT];;Mitsubishi enkoder kablosu, 5 m, motor tarafı dirsek soket;"Uzunluk: 5 m; Motor tarafı soket: Dirsek";MITSUBISHI ENCODER KABLOSU 5 METRE DİRSEK SOKET;ADJMSX69;170,0;Üretici görsel yayınlamıyor;;;;Düşük;;"MDS-D/M70 HF/HP motor enkoder kablosu için Mitsubishi kodu CNV2E-9P-□M (dik açılı motor konnektörü); resmi mağazada CNV2E-8P-3.0M gibi yazılıyor. Ürünün orijinal Mitsubishi mi muadil mi olduğu belirsiz. Mitsubishi Electric bu yedek parçalar için herkese açık ürün görseli yayınlamıyor (FA sitesi ve resmi yedek parça portalında görsel yok/erişilemedi).";https://www.ankaracncmarket.com.tr/elektronik/mitsubishi-encoder-kablosu-5-metre-dirsek-soket-05caea598113d86f740f
CNC yedek parçaları;Mitsubishi Electric;CNV2E-9P-7M [TEYİT];;Mitsubishi enkoder kablosu, 7 m, motor tarafı dirsek soket;"Uzunluk: 7 m; Motor tarafı soket: Dirsek";MITSUBISHI ENCODER KABLOSU 7 METRE DİRSEK SOKET;CGHQSV56;180,0;Üretici görsel yayınlamıyor;;;;Düşük;;"MDS-D/M70 HF/HP motor enkoder kablosu için Mitsubishi kodu CNV2E-9P-□M (dik açılı motor konnektörü); resmi mağazada CNV2E-8P-3.0M gibi yazılıyor. Ürünün orijinal Mitsubishi mi muadil mi olduğu belirsiz. Mitsubishi Electric bu yedek parçalar için herkese açık ürün görseli yayınlamıyor (FA sitesi ve resmi yedek parça portalında görsel yok/erişilemedi).";https://www.ankaracncmarket.com.tr/elektronik/mitsubishi-encoder-kablosu-7-metre-dirsek-soket-8b01521f491bdbbcc54b
CNC yedek parçaları;Mitsubishi Electric;Enkoder soketi (DDK CM10-SP10S-M) [TEYİT];;Mitsubishi motor enkoder soketi;;MITSUBISHI ENCODER SOKETİ;380;35,0;Üretici görsel yayınlamıyor;;;;Düşük;;"Düz tip ise DDK CM10-SP10S-M olabilir; başlık tipi belirtmiyor. Mitsubishi Electric bu yedek parçalar için herkese açık ürün görseli yayınlamıyor (FA sitesi ve resmi yedek parça portalında görsel yok/erişilemedi).";https://www.ankaracncmarket.com.tr/elektronik/mitsubishi-encoder-soketi-3fcd609c26a405d8c623
CNC yedek parçaları;Mitsubishi Electric;Enkoder soketi, dirsek (DDK CM10-AP10S-M) [TEYİT];;Mitsubishi motor enkoder soketi, dirsek (motor tarafı);Biçim: Dik açılı;MITSUBISHI ENCODER SOKETİ DİRSEK;ADEGLV15;35,0;Üretici görsel yayınlamıyor;;;;Düşük;;"HF/HP motor enkoder konnektörü olarak DDK CM10-AP10S-M (dik açı) öneriliyor; doğrulanamadı. Mitsubishi Electric bu yedek parçalar için herkese açık ürün görseli yayınlamıyor (FA sitesi ve resmi yedek parça portalında görsel yok/erişilemedi).";https://www.ankaracncmarket.com.tr/elektronik/mitsubishi-encoder-soketi-dirsek-677b6d9b28a7d7665941
CNC yedek parçaları;Mitsubishi Electric;Enkoder soketi, enkoder tarafı (DDK CM10-SP10S-M) [TEYİT];;Mitsubishi motor enkoder soketi, enkoder (motor) tarafı, düz;Biçim: Düz;MITSUBISHI ENCODER SOKETİ ENCODER TARAFI;FJLQRUV7;40,0;Üretici görsel yayınlamıyor;;;;Düşük;;"HF/HP motor enkoder konnektörü olarak DDK CM10-SP10S-M (düz) öneriliyor; doğrulanamadı. Mitsubishi Electric bu yedek parçalar için herkese açık ürün görseli yayınlamıyor (FA sitesi ve resmi yedek parça portalında görsel yok/erişilemedi).";https://www.ankaracncmarket.com.tr/elektronik/mitsubishi-encoder-soketi-encoder-tarafi-0a165d26548584cf404e
CNC yedek parçaları;Mitsubishi Electric;Fren soketi, dirsek (DDK CM10-AP2S-M) [TEYİT];;Mitsubishi motor fren kablo soketi, dirsek;Biçim: Dik açılı;MITSUBISHI FREN KABLO SOKETİ DİRSEK;CDHKTVXZ;40,0;Üretici görsel yayınlamıyor;;;;Düşük;;"HF/HP motor fren konnektörü olarak DDK CM10-AP2S-M öneriliyor; doğrulanamadı. Mitsubishi Electric bu yedek parçalar için herkese açık ürün görseli yayınlamıyor (FA sitesi ve resmi yedek parça portalında görsel yok/erişilemedi).";https://www.ankaracncmarket.com.tr/elektronik/mitsubishi-fren-kablo-soketi-dirsek-9d4b0fd7b67b9f58b9d9
CNC yedek parçaları;Mitsubishi Electric;Fren soketi, motor tarafı (DDK CM10-SP2S-M) [TEYİT];;Mitsubishi motor fren soketi, motor tarafı, düz;Biçim: Düz;MITSUBISHI FREN SOKETİ MOTOR TARAFI;ABDTWX12;40,0;Üretici görsel yayınlamıyor;;;;Düşük;;"HF/HP motor fren konnektörü olarak DDK CM10-SP2S-M öneriliyor; doğrulanamadı. Mitsubishi Electric bu yedek parçalar için herkese açık ürün görseli yayınlamıyor (FA sitesi ve resmi yedek parça portalında görsel yok/erişilemedi).";https://www.ankaracncmarket.com.tr/elektronik/mitsubishi-fren-soketi-motor-tarafi-1bbab556eda535ce1e9a
CNC yedek parçaları;Mitsubishi Electric;HN791;FCU7-HN791, HN791A;Mitsubishi HN791 (FCU7-HN791) M70 CF kart yuvası kartı;Kontrol: M70;FCU7HN791 - M70 MITSUBISHI KART YUVASI;GLNRUYZ2;350,0;Üretici görsel yayınlamıyor;;https://www.shop2-us-mitsubishielectric.com/products/HN791%20(A69791);;Orta;"Başlıktaki 'FCU7HN791' tiresiz yazılmış; doğrusu FCU7-HN791 / HN791.";Mitsubishi resmi yedek parça portalında 'HN791 (A69791)' olarak listeleniyor (erişim engelli). Mitsubishi Electric bu yedek parçalar için herkese açık ürün görseli yayınlamıyor (FA sitesi ve resmi yedek parça portalında görsel yok/erişilemedi).;https://www.ankaracncmarket.com.tr/elektronik/fcu7hn791---m70-mitsubishi-kart-yuvasi-2d5ea8024ca1ca11df7a
CNC yedek parçaları;Mitsubishi Electric;HN793;FCU7-HN793, HN793A;Mitsubishi HN793 (FCU7-HN793) M70 CF kart / USB yuvası kartı;Kontrol: M70;FCU7HN793 - M70 MITSUBISHI KART YUVASI;BELMNRX7;350,0;Üretici görsel yayınlamıyor;;;;Orta;Başlıktaki 'FCU7HN793' tiresiz yazılmış.;Bayi kayıtlarında HN793A, CF + USB yuvalı olarak geçiyor [TEYİT]. Mitsubishi Electric bu yedek parçalar için herkese açık ürün görseli yayınlamıyor (FA sitesi ve resmi yedek parça portalında görsel yok/erişilemedi).;https://www.ankaracncmarket.com.tr/elektronik/fcu7hn793---m70-mitsubishi-kart-yuvasi-2745fcac412078eadd46
CNC yedek parçaları;Mitsubishi Electric;MR-BAT;;Mitsubishi MR-BAT servo pil, 3,6 V (ER17330V);"Gerilim: 3,6 V; Hücre: ER17330V";MR-BAT MITSUBISHI ER17330V / 3.6V;460;32,0;Üretici görsel yayınlamıyor;;;;Orta;;MR-J2S serisi mutlak enkoder yedekleme pili. Mitsubishi Electric bu yedek parçalar için herkese açık ürün görseli yayınlamıyor (FA sitesi ve resmi yedek parça portalında görsel yok/erişilemedi).;https://www.ankaracncmarket.com.tr/elektronik/mr-bat-mitsubishi-er17330v-3.6v-7f2703f12533ab1b56f5
CNC yedek parçaları;Mitsubishi Electric;MR-BAT6V1SET;;Mitsubishi MR-BAT6V1SET pil seti, 6 V;"Gerilim: 6 V; Kapasite: 1650 mAh";MR-BAT6V1SET MITSUBISHI M80 PİLİ;450;65,0;Üretici görsel yayınlamıyor;;https://shop1.us.mitsubishielectric.com/products/MR-BAT6V1SET;;Yüksek;;Mitsubishi resmi mağazası shop1.us.mitsubishielectric.com'da listeleniyor (erişim engelli). 'M80 pili' ifadesi: MDS-D2/DH2 sürücülerinde ve MR-J4'te kullanılır [TEYİT]. Mitsubishi Electric bu yedek parçalar için herkese açık ürün görseli yayınlamıyor (FA sitesi ve resmi yedek parça portalında görsel yok/erişilemedi).;https://www.ankaracncmarket.com.tr/elektronik/mr-bat6v1set-mitsubishi-m80-pili-b8414624226b8e30ba1d
CNC yedek parçaları;Mitsubishi Electric;MR-J3BAT;;Mitsubishi MR-J3BAT servo pil, 3,6 V (MR-J3 / M70);"Gerilim: 3,6 V; Hücre: ER6V (Toshiba ER6VC119A/B)";MITSUBISHI MR-J3BAT PİL;470;28,0;Üretici görsel yayınlamıyor;;;;Yüksek;;Mitsubishi Electric bu yedek parçalar için herkese açık ürün görseli yayınlamıyor (FA sitesi ve resmi yedek parça portalında görsel yok/erişilemedi).;https://www.ankaracncmarket.com.tr/elektronik/mitsubishi-mr-j3bat-pil-ba1ac59b84b896046432
CNC yedek parçaları;Mitsubishi Electric;Optik iletişim kablosu (G396-L□M) [TEYİT];;Mitsubishi CNC fiber optik iletişim kablosu;;MITSUBISHI FİBEROPTİK KABLO;BGKNPQRS;100,0;Üretici görsel yayınlamıyor;;;;Düşük;;"MDS-D/M70 NC–sürücü optik kablosu G396-L□M (uzunluk teyit) olabilir; uzunluk başlıkta yok. Mitsubishi Electric bu yedek parçalar için herkese açık ürün görseli yayınlamıyor (FA sitesi ve resmi yedek parça portalında görsel yok/erişilemedi).";https://www.ankaracncmarket.com.tr/elektronik/mitsubishi-fiberoptik-kablo-c609c694f32236a6b26c
CNC yedek parçaları;Mitsubishi Electric;Q6BAT;;Mitsubishi Q6BAT PLC/CNC pili, 3 V, 1800 mAh (MELSEC-Q);"Gerilim: 3,0 V; Kapasite: 1800 mAh; Kimya: Lityum-mangan dioksit";Q6BAT MITSUBISHI ER17335SE-R 3V;BFLMVW78;22,0;Üretici görsel yayınlamıyor;;https://www.mitsubishielectric.com/fa/products/faspec/detail.page?kisyu=%2Fplcq&formNm=OP_QnBAT_Q6BAT_8&lang=2;;Yüksek;Başlıktaki hücre kodu 'ER17335SE-R' hatalı görünüyor: Mitsubishi Q6BAT'ı 3,0 V mangan dioksit lityum pil olarak veriyor (ER = 3,6 V tiyonil klorür). Doğrusu CR17335SE-R [TEYİT].;Mitsubishi Electric bu yedek parçalar için herkese açık ürün görseli yayınlamıyor (FA sitesi ve resmi yedek parça portalında görsel yok/erişilemedi).;https://www.ankaracncmarket.com.tr/elektronik/q6bat-mitsubishi-er17335se-r-3v-f36fe58a5d998a7c4ffb
CNC yedek parçaları;Mitsubishi Electric;WN791;;Mitsubishi WN791 M80 ön kart (SD/USB) yuvası kartı;Kontrol: M80;WN791 MITSUBISHI M80 KART YUVASI;CJQSWZ45;420,0;Üretici görsel yayınlamıyor;;;;Orta;;"Bayi kayıtlarında M80 ön kart yuvası/USB kartı olarak geçiyor; Mitsubishi kaynağında doğrulanamadı [TEYİT]. Mitsubishi Electric bu yedek parçalar için herkese açık ürün görseli yayınlamıyor (FA sitesi ve resmi yedek parça portalında görsel yok/erişilemedi).";https://www.ankaracncmarket.com.tr/elektronik/wn791-mitsubishi-m80-kart-yuvasi-037b816bf7e1e0a6c75c
CNC yedek parçaları;Panasonic;BR-2/3AGCT4A;A98L-0031-0025;Panasonic BR-2/3AGCT4A lityum pil, 6 V (Fanuc A98L-0031-0025);"Gerilim: 6 V; Kimya: Lityum (BR)";FANUC PİL PANASONİC BR2/3AGCT4A 6V;390;40,0;Resmi görsel bulunamadı;;;;Yüksek;"Site kodu (390) rastgele iç kod; üretici parça numarası değil. Başlıkta 'BR2/3AGCT4A' yazılmış; doğru yazım BR-2/3AGCT4A.";"Konnektörlü paket; Panasonic paket görselini yayınlamıyor.";https://www.ankaracncmarket.com.tr/elektronik/fanuc-pil-panasonic-br2-3agct4a-6v-2d71af436a1fd0642da7
CNC yedek parçaları;Panasonic;BR-AGCF2W;A98L-0031-0011#L;Panasonic BR-AGCF2W lityum pil, 6 V (Fanuc A98L-0031-0011#L);"Gerilim: 6 V; Kimya: Lityum (BR)";FANUC PİL PANASONİC BR-AGCF2W A98L-0031-0011#L;EGHMQTW4;40,0;Resmi görsel bulunamadı;;;;Yüksek;"Site kodu (EGHMQTW4) rastgele iç kod; üretici parça numarası değil.";"2× BR-AG hücreli konnektörlü paket; Panasonic paket görselini/sayfasını yayınlamıyor (yalnız hücre sayfaları var).";https://www.ankaracncmarket.com.tr/elektronik/fanuc-pil-panasonic-br-agcf2w-a98l-0031-0011sharpl-94bc6126a857acc729e4
CNC yedek parçaları;Panasonic;BR-CCF2TH;A98L-0001-0902;Panasonic BR-CCF2TH lityum pil, 6 V (Fanuc A98L-0001-0902);"Gerilim: 6 V; Kimya: Lityum (BR)";FANUC PİL PANASONİC BR-CCF2TH;CGHT3468;40,0;Resmi görsel bulunamadı;;;;Yüksek;"Site kodu (CGHT3468) rastgele iç kod; üretici parça numarası değil.";KFAS: BR-CCF2TH = A98L-0001-0902, Alpha serisi mutlak pulsecoder yedek pili (6 V). Panasonic paket görselini yayınlamıyor.;https://www.ankaracncmarket.com.tr/elektronik/fanuc-pil-panasonic-br-ccf2th-fea1af7e3d8f5befbddb
CNC yedek parçaları;Sharp;LQ084V1DG21;;"Sharp LQ084V1DG21 TFT LCD panel, 8,4"", 640×480 (Fanuc ekranı)";"Ekran: 8,4""; Çözünürlük: 640×480; Tip: a-Si TFT LCD";SHARP LQ084V1DG21 FANUC LCD EKRAN;DHLWY479;280,0;Üretici görsel yayınlamıyor;;;;Yüksek;"Site kodu (DHLWY479) rastgele iç kod; üretici parça numarası değil.";"Üretimden kalkmış Sharp endüstriyel panel; Sharp resmi sitesinde ürün sayfası/görseli bulunamadı. Ölçü/çözünürlük bayi ve veri sayfası kaynaklarından.";https://www.ankaracncmarket.com.tr/elektronik/sharp-lq084v1dg21-fanuc-lcd-ekran-17e042d1470145d16dd9
CNC yedek parçaları;Sharp;LQ084V1DG42;;"Sharp LQ084V1DG42 TFT LCD panel, 8,4"", 640×480 (Fanuc ekranı)";"Ekran: 8,4""; Çözünürlük: 640×480; Tip: a-Si TFT LCD";SHARP LQ084V1DG42 FANUC LCD EKRAN;FMPXZ236;280,0;Üretici görsel yayınlamıyor;;;;Yüksek;"Site kodu (FMPXZ236) rastgele iç kod; üretici parça numarası değil.";"Üretimden kalkmış Sharp endüstriyel panel; Sharp resmi sitesinde ürün sayfası/görseli bulunamadı. Ölçü/çözünürlük bayi ve veri sayfası kaynaklarından.";https://www.ankaracncmarket.com.tr/elektronik/sharp-lq084v1dg42-fanuc-lcd-ekran-49995c6533fa2aa794f2
CNC yedek parçaları;Sharp;LQ10D368;;"Sharp LQ10D368 TFT LCD panel, 10,4"", 640×480 (Fanuc ekranı)";"Ekran: 10,4""; Çözünürlük: 640×480; Tip: a-Si TFT LCD";SHARP LQ10D368 FANUC LCD EKRAN;CNTVX234;300,0;Üretici görsel yayınlamıyor;;;;Yüksek;"Site kodu (CNTVX234) rastgele iç kod; üretici parça numarası değil.";"Üretimden kalkmış Sharp endüstriyel panel; Sharp resmi sitesinde ürün sayfası/görseli bulunamadı. Ölçü/çözünürlük bayi ve veri sayfası kaynaklarından.";https://www.ankaracncmarket.com.tr/elektronik/sharp-lq10d368-fanuc-lcd-ekran-365dfc48ba94166a1d9f
CNC yedek parçaları;Toshiba;ER6VC119A;;Toshiba ER6VC119A lityum pil, 3,6 V (Mitsubishi MR-J3BAT uyumlu);"Gerilim: 3,6 V; Kimya: Li-SOCl2; Boy: AA (ER6V)";ER6VC119A TOSHIBA 3.6V PİL;440;24,0;Resmi görsel bulunamadı;;https://www.toshiba-lifestyle.com/sites/default/files/2022-04/thionyl-chloride_En_2022.pdf;;Orta;;"Toshiba ER6V serisi lityum-tiyonil klorür hücre (AA boy, 3,6 V); ER6VC119A konnektörlü versiyon, Mitsubishi MR-J3BAT/M70 pili olarak kullanılıyor. Toshiba Lifestyle yalnız PDF katalog yayınlıyor; görsel yok.";https://www.ankaracncmarket.com.tr/elektronik/er6vc119a-toshiba-3.6v-pil-c088a8f7c215e6307c86
CNC yedek parçaları;Toshiba;ER6VC119A;;Toshiba ER6VC119A lityum pil, 3,6 V, kahverengi soketli;"Gerilim: 3,6 V; Kimya: Li-SOCl2; Boy: AA (ER6V); Soket: Kahverengi";ER6VC119A TOSHIBA 3.6V PİL KAHVERENGİ SOKET;ALSTY458;24,0;Resmi görsel bulunamadı;;https://www.toshiba-lifestyle.com/sites/default/files/2022-04/thionyl-chloride_En_2022.pdf;;Orta;;"Toshiba ER6V serisi lityum-tiyonil klorür hücre (AA boy, 3,6 V); ER6VC119A konnektörlü versiyon, Mitsubishi MR-J3BAT/M70 pili olarak kullanılıyor. Toshiba Lifestyle yalnız PDF katalog yayınlıyor; görsel yok. pid 942 ile aynı hücre; soket rengine göre ayrılmış (ER6VC119A/ER6VC119B soket farkı) [TEYİT].";https://www.ankaracncmarket.com.tr/elektronik/er6vc119a-toshiba-3.6v-pil-kahverengi-soket-b6b7379ad2d034605643
CNC yedek parçaları;(markasız);MS3102A18-10P;;MS3102A18-10P askeri tip soket, motor tarafı (Fanuc);"Tip: MS dairesel konnektör, gövde/motor tarafı; Kontak düzeni: 18-10";FANUC MOTOR TARAFI ASKERİ TİP SOKET 18-10;CJKLPTU1;60,0;Marka belirsiz (jenerik);;;;Düşük;"Site kodu (CJKLPTU1) rastgele iç kod; üretici parça numarası değil.";"MIL-DTL-5015 (MS) tip dairesel konnektör; birçok üretici (Amphenol, DDK, JAE vb.) üretiyor, marka belirsiz. Motor tarafı genelde panel tipi erkek (P) gövde MS3102A; başlıkta 'P/S' belirtilmemiş [TEYİT].";https://www.ankaracncmarket.com.tr/elektronik/fanuc-motor-tarafi-askeri-tip-soket-18-10-f5f4dde9bc8ebd7a9697
CNC yedek parçaları;(markasız);MS3102A22-22P;;MS3102A22-22P askeri tip soket, motor tarafı (Fanuc);"Tip: MS dairesel konnektör, gövde/motor tarafı; Kontak düzeni: 22-22";FANUC MOTOR TARAFI ASKERİ TİP SOKET 22-22P;AGQRXZ79;60,0;Marka belirsiz (jenerik);;;;Düşük;"Site kodu (AGQRXZ79) rastgele iç kod; üretici parça numarası değil.";"MIL-DTL-5015 (MS) tip dairesel konnektör; birçok üretici (Amphenol, DDK, JAE vb.) üretiyor, marka belirsiz. Başlıktaki '22-22P' erkek kontak; gövde tipi (MS3102A) [TEYİT].";https://www.ankaracncmarket.com.tr/elektronik/fanuc-motor-tarafi-askeri-tip-soket-22-22p-3997ed8997a216216467
CNC yedek parçaları;(markasız);MS3106B18-10S;;MS3106B18-10S askeri tip soket, düz (Fanuc motor güç kablosu);"Tip: MS dairesel konnektör, düz; Kontak düzeni: 18-10";FANUC ASKERİ TİP SOKET DÜZ 18-10;ABNU2489;60,0;Marka belirsiz (jenerik);;;;Düşük;"Site kodu (ABNU2489) rastgele iç kod; üretici parça numarası değil.";"MIL-DTL-5015 (MS) tip dairesel konnektör; birçok üretici (Amphenol, DDK, JAE vb.) üretiyor, marka belirsiz. [TEYİT]";https://www.ankaracncmarket.com.tr/elektronik/fanuc-askeri-tip-soket-duz-18-10-5ac8fd374fc82db5616a
CNC yedek parçaları;(markasız);MS3106B22-22S;;MS3106B22-22S askeri tip soket, düz (Fanuc motor güç kablosu);"Tip: MS dairesel konnektör, düz; Kontak düzeni: 22-22";FANUC ASKERİ TİP SOKET DÜZ 22-22S;EGHJTZ48;60,0;Marka belirsiz (jenerik);;;;Orta;"Site kodu (EGHJTZ48) rastgele iç kod; üretici parça numarası değil.";"MIL-DTL-5015 (MS) tip dairesel konnektör; birçok üretici (Amphenol, DDK, JAE vb.) üretiyor, marka belirsiz. [TEYİT]";https://www.ankaracncmarket.com.tr/elektronik/fanuc-askeri-tip-soket-duz-22-22s-a169bc5de4c6ec08a09f
CNC yedek parçaları;(markasız);MS3108B18-10S;;MS3108B18-10S askeri tip soket, dirsek (Fanuc motor güç kablosu);"Tip: MS dairesel konnektör, dirsek; Kontak düzeni: 18-10";FANUC ASKERİ TİP SOKET DİRSEK 18-10;EQSW1579;60,0;Marka belirsiz (jenerik);;;;Düşük;"Site kodu (EQSW1579) rastgele iç kod; üretici parça numarası değil.";"MIL-DTL-5015 (MS) tip dairesel konnektör; birçok üretici (Amphenol, DDK, JAE vb.) üretiyor, marka belirsiz. 90° fiş MS3108B, düz fiş MS3106B; 'S' dişi kontak. Kabloda klemp tipi (MS3057) farklı olabilir [TEYİT].";https://www.ankaracncmarket.com.tr/elektronik/fanuc-askeri-tip-soket-dirsek-18-10-2cd57981f98f80d2c6ba
CNC yedek parçaları;(markasız);MS3108B22-22S;;MS3108B22-22S askeri tip soket, dirsek (Fanuc motor güç kablosu);"Tip: MS dairesel konnektör, dirsek; Kontak düzeni: 22-22";FANUC ASKERİ TİP SOKET DİRSEK 22-22S;FHQRS147;60,0;Marka belirsiz (jenerik);;;;Orta;"Site kodu (FHQRS147) rastgele iç kod; üretici parça numarası değil.";"MIL-DTL-5015 (MS) tip dairesel konnektör; birçok üretici (Amphenol, DDK, JAE vb.) üretiyor, marka belirsiz. [TEYİT]";https://www.ankaracncmarket.com.tr/elektronik/fanuc-askeri-tip-soket-dirsek-22-22s-516ca474a89bbe662914
Diyotlar;(markasız);150U160;;150U160 güç diyodu, kamçılı (esnek uçlu), vida katot, 150 A 1600 V;"Akım: 150 A; Gerilim: 1600 V; Tip: Vidalı (stud), esnek uçlu";DIYOT-KAMCILI-ANOT-150A1600V;150UF1600W;25,0;Marka belirsiz (jenerik);;;;Orta;"Site kodu '150UF1600W' standart tip adı değil. Başlıkta 'ANOT' yazıyor; kod R'siz (normal polarite: vida = katot, kamçı = anot). 'Anot' kamçı ucunu kastediyorsa tutarlı.";"150U(R) serisi: R'siz = vida katot, R = vida anot. Vishay VS-150U serisini en fazla 1200 V yapıyor; 1600 V versiyon başka üreticilerden (ör. Naina 150UR160) [TEYİT: polarite ürün üzerinde ölçülmeli]. Standart tip; tek bir orijinal üreticisi yok (birçok yarı iletken üreticisi aynı adla üretir). Görsel eklenmedi.";https://www.ankaracncmarket.com.tr/diyotlar-ve-tristorler/diyot-kamcili-anot-150a1600v-9af12f789fd8048e95ac
Diyotlar;(markasız);150UR160;;150UR160 güç diyodu, kamçılı (esnek uçlu), vida anot, 150 A 1600 V;"Akım: 150 A; Gerilim: 1600 V; Tip: Vidalı (stud), esnek uçlu, ters polarite";DIYOT-KAMCILI-KATOT-150A1600V;150UFR1600W;25,0;Marka belirsiz (jenerik);;;;Orta;"Site kodu '150UFR1600W' standart tip adı değil. Başlıkta 'KATOT' yazıyor; kod R'li (ters polarite: vida = anot, kamçı = katot). 'Katot' kamçı ucunu kastediyorsa tutarlı.";"150U(R) serisi: R = vida anot. 1600 V versiyon ör. Naina 150UR160 [TEYİT: polarite ürün üzerinde ölçülmeli]. Standart tip; tek bir orijinal üreticisi yok (birçok yarı iletken üreticisi aynı adla üretir). Görsel eklenmedi.";https://www.ankaracncmarket.com.tr/diyotlar-ve-tristorler/diyot-kamcili-katot-150a1600v-46b6660b934ababda3ef
Diyotlar;(markasız);1N4007;;1N4007 doğrultucu diyot, 1 A 1000 V;"Akım: 1 A; Gerilim: 1000 V";DIYOT-ANOT;1N4007-1A-1000V;0,1;Marka belirsiz (jenerik);;;;Yüksek;"Başlıktaki 'ANOT' ifadesi eksenel diyot için anlamsız; site kodu '1N4007-1A-1000V'.";"Standart tip; tek bir orijinal üreticisi yok (birçok yarı iletken üreticisi aynı adla üretir). Görsel eklenmedi.";https://www.ankaracncmarket.com.tr/diyotlar-ve-tristorler/diyot-anot-129b5bc3c7f21699e071
Diyotlar;(markasız);1N4148;;1N4148 sinyal (anahtarlama) diyodu, 150 mA 75 V;"Akım: 150 mA; Gerilim: 75 V; Tip: Hızlı sinyal diyodu";1N 4148 (150mA 75V) - Monofaze Köprü Diyot;DY 2;0,08;Marka belirsiz (jenerik);;;;Yüksek;"1N4148 tekli sinyal diyodudur, 'Monofaze Köprü Diyot' değildir; başlıkta '1N 4148' boşluklu yazılmış. Site kodu (DY 2) rastgele iç kod.";"Standart tip; tek bir orijinal üreticisi yok (birçok yarı iletken üreticisi aynı adla üretir). Görsel eklenmedi.";https://www.ankaracncmarket.com.tr/diyotlar-ve-tristorler/1n-4148-150ma-75v---monofaze-kopru-diyot-54e95fc3c546dad868ab
Diyotlar;(markasız);1N5408;;1N5408 doğrultucu diyot, 3 A 1000 V;"Akım: 3 A; Gerilim: 1000 V";DIYOT-3A1000V;1N5408;0,1;Marka belirsiz (jenerik);;;;Yüksek;;"Standart tip; tek bir orijinal üreticisi yok (birçok yarı iletken üreticisi aynı adla üretir). Görsel eklenmedi.";https://www.ankaracncmarket.com.tr/diyotlar-ve-tristorler/diyot-3a1000v-1cba7de2bf4b76200f0e
Diyotlar;(markasız);25HF120;25F120;25HF120 vidalı güç diyodu, vida katot (normal polarite), 25 A 1200 V;"Akım: 25 A; Gerilim: 1200 V; Tip: Vidalı (stud), vida katot (normal polarite)";DIYOT-VIDALI-KATOT-25A1200V;25HF1200W;3,0;Marka belirsiz (jenerik);;;;Yüksek;"Site kodu '25HF1200W' standart yazım değil; doğrusu 25HF120.";"HF(R) serisi: R'siz = vida katot, R = vida anot; '120' = 1200 V. Bu adla Vishay (VS-40HF120, VS-70HF120 vb.) ve birçok üretici üretiyor. Vishay'ın 25 A karşılığı VS-25F(R)120 olarak adlandırılır. Standart tip; tek bir orijinal üreticisi yok (birçok yarı iletken üreticisi aynı adla üretir). Görsel eklenmedi.";https://www.ankaracncmarket.com.tr/diyotlar-ve-tristorler/diyot-vidali-katot-25a1200v-c2283fa77b2588ab6122
Diyotlar;(markasız);25HFR120;25FR120;25HFR120 vidalı güç diyodu, vida anot (ters polarite), 25 A 1200 V;"Akım: 25 A; Gerilim: 1200 V; Tip: Vidalı (stud), vida anot (ters polarite)";DIYOT-VIDALI-ANOT -25A1200V;25HFR1200W;3,0;Marka belirsiz (jenerik);;;;Yüksek;"Site kodu '25HFR1200W' standart yazım değil; doğrusu 25HFR120.";"HF(R) serisi: R'siz = vida katot, R = vida anot; '120' = 1200 V. Bu adla Vishay (VS-40HF120, VS-70HF120 vb.) ve birçok üretici üretiyor. Vishay'ın 25 A karşılığı VS-25F(R)120 olarak adlandırılır. Standart tip; tek bir orijinal üreticisi yok (birçok yarı iletken üreticisi aynı adla üretir). Görsel eklenmedi.";https://www.ankaracncmarket.com.tr/diyotlar-ve-tristorler/diyot-vidali-anot--25a1200v-059ac5f1e83fb4c7d45d
Diyotlar;(markasız);40HF120;;40HF120 vidalı güç diyodu, vida katot (normal polarite), 40 A 1200 V;"Akım: 40 A; Gerilim: 1200 V; Tip: Vidalı (stud), vida katot (normal polarite)";DIYOT-VIDALI-KATOT-40A1200V;40HF1200W;5,0;Marka belirsiz (jenerik);;;;Yüksek;"Site kodu '40HF1200W' standart yazım değil; doğrusu 40HF120.";"HF(R) serisi: R'siz = vida katot, R = vida anot; '120' = 1200 V. Bu adla Vishay (VS-40HF120, VS-70HF120 vb.) ve birçok üretici üretiyor. Standart tip; tek bir orijinal üreticisi yok (birçok yarı iletken üreticisi aynı adla üretir). Görsel eklenmedi.";https://www.ankaracncmarket.com.tr/diyotlar-ve-tristorler/diyot-vidali-katot-40a1200v-bdb3cb3fae8a2992cfef
Diyotlar;(markasız);40HFR120;;40HFR120 vidalı güç diyodu, vida anot (ters polarite), 40 A 1200 V;"Akım: 40 A; Gerilim: 1200 V; Tip: Vidalı (stud), vida anot (ters polarite)";DIYOT-VIDALI-ANOT -40A1200V;40HFR1200W;5,0;Marka belirsiz (jenerik);;;;Yüksek;"Site kodu '40HFR1200W' standart yazım değil; doğrusu 40HFR120.";"HF(R) serisi: R'siz = vida katot, R = vida anot; '120' = 1200 V. Bu adla Vishay (VS-40HF120, VS-70HF120 vb.) ve birçok üretici üretiyor. Standart tip; tek bir orijinal üreticisi yok (birçok yarı iletken üreticisi aynı adla üretir). Görsel eklenmedi.";https://www.ankaracncmarket.com.tr/diyotlar-ve-tristorler/diyot-vidali-anot--40a1200v-ed113524c960fa3c1ddf
Diyotlar;(markasız);70HF120;;70HF120 vidalı güç diyodu, vida katot (normal polarite), 70 A 1200 V;"Akım: 70 A; Gerilim: 1200 V; Tip: Vidalı (stud), vida katot (normal polarite)";DIYOT-VIDALI-KATOT-70A1200V;70AHF1200W;6,0;Marka belirsiz (jenerik);;;;Yüksek;"Site kodu '70AHF1200W' standart yazım değil; doğrusu 70HF120.";"HF(R) serisi: R'siz = vida katot, R = vida anot; '120' = 1200 V. Bu adla Vishay (VS-40HF120, VS-70HF120 vb.) ve birçok üretici üretiyor. Standart tip; tek bir orijinal üreticisi yok (birçok yarı iletken üreticisi aynı adla üretir). Görsel eklenmedi.";https://www.ankaracncmarket.com.tr/diyotlar-ve-tristorler/diyot-vidali-katot-70a1200v-654a2af07f6801c4ce42
Diyotlar;(markasız);70HFR120;;70HFR120 vidalı güç diyodu, vida anot (ters polarite), 70 A 1200 V;"Akım: 70 A; Gerilim: 1200 V; Tip: Vidalı (stud), vida anot (ters polarite)";DIYOT-VIDALI-ANOT -70A1200V;70AHFR1200W;6,0;Marka belirsiz (jenerik);;;;Yüksek;"Site kodu '70AHFR1200W' standart yazım değil; doğrusu 70HFR120.";"HF(R) serisi: R'siz = vida katot, R = vida anot; '120' = 1200 V. Bu adla Vishay (VS-40HF120, VS-70HF120 vb.) ve birçok üretici üretiyor. Standart tip; tek bir orijinal üreticisi yok (birçok yarı iletken üreticisi aynı adla üretir). Görsel eklenmedi.";https://www.ankaracncmarket.com.tr/diyotlar-ve-tristorler/diyot-vidali-anot--70a1200v-e6393a66261bf9024379
Diyotlar;(markasız);DB157;;DB157 monofaze köprü diyot, 1,5 A 1000 V;"Akım: 1,5 A; Gerilim: 1000 V; Tip: Monofaze köprü";(1.5A 1000V) - Monofaze Köprü Diyot;DB157;1,0;Marka belirsiz (jenerik);;;;Yüksek;;"Standart tip; tek bir orijinal üreticisi yok (birçok yarı iletken üreticisi aynı adla üretir). Görsel eklenmedi.";https://www.ankaracncmarket.com.tr/diyotlar-ve-tristorler/1.5a-1000v---monofaze-kopru-diyot-61949775a55fd4f59b9f
Diyotlar;(markasız);KBJ1010;;KBJ1010 monofaze tarak tipi köprü diyot, 10 A 1000 V;"Akım: 10 A; Gerilim: 1000 V; Tip: Monofaze köprü (KBJ ince tarak)";DIYOT-TARAK-10A 1000V;KBJ1010;1,0;Marka belirsiz (jenerik);;;;Yüksek;;"Standart tip; tek bir orijinal üreticisi yok (birçok yarı iletken üreticisi aynı adla üretir). Görsel eklenmedi.";https://www.ankaracncmarket.com.tr/diyotlar-ve-tristorler/diyot-tarak-10a-1000v-e91690e04208cf04a479
Diyotlar;(markasız);KBJ2510;;KBJ2510 monofaze tarak tipi köprü diyot, 25 A 1000 V;"Akım: 25 A; Gerilim: 1000 V; Tip: Monofaze köprü (KBJ ince tarak)";DIYOT-TARAK-25A 1000V;KBJ2510;0,95;Marka belirsiz (jenerik);;;;Yüksek;;"Standart tip; tek bir orijinal üreticisi yok (birçok yarı iletken üreticisi aynı adla üretir). Görsel eklenmedi.";https://www.ankaracncmarket.com.tr/diyotlar-ve-tristorler/diyot-tarak-25a-1000v-1bc0b4aab2d2ea01d64a
Diyotlar;(markasız);KBJ810;;KBJ810 monofaze tarak tipi köprü diyot, 8 A 1000 V;"Akım: 8 A; Gerilim: 1000 V; Tip: Monofaze köprü (KBJ ince tarak)";DIYOT-TARAK-8A 1000V;KBJ810;0,75;Marka belirsiz (jenerik);;;;Yüksek;;"Standart tip; tek bir orijinal üreticisi yok (birçok yarı iletken üreticisi aynı adla üretir). Görsel eklenmedi.";https://www.ankaracncmarket.com.tr/diyotlar-ve-tristorler/diyot-tarak-8a-1000v-86fdead7907d55ec7f0b
Diyotlar;(markasız);KBPC1510;;KBPC1510 monofaze köprü diyot, 15 A 1000 V;"Akım: 15 A; Gerilim: 1000 V; Tip: Monofaze köprü";KBPC 1510 (15A 1000V) - Monofaze Köprü Diyot;DY 9;1,0;Marka belirsiz (jenerik);;;;Yüksek;"Site kodu (DY 9) rastgele iç kod; üretici parça numarası değil.";"Standart tip; tek bir orijinal üreticisi yok (birçok yarı iletken üreticisi aynı adla üretir). Görsel eklenmedi.";https://www.ankaracncmarket.com.tr/diyotlar-ve-tristorler/kbpc-1510-15a-1000v---monofaze-kopru-diyot-d356d3576039f0d871fc
Diyotlar;(markasız);KBPC2510;;KBPC2510 monofaze köprü diyot, 25 A 1000 V;"Akım: 25 A; Gerilim: 1000 V; Tip: Monofaze köprü (KBPC kare kasa)";DIYOT-KOPRU-25A1000V;KBPC2510;2,0;Marka belirsiz (jenerik);;;;Yüksek;;"Standart tip; tek bir orijinal üreticisi yok (birçok yarı iletken üreticisi aynı adla üretir). Görsel eklenmedi.";https://www.ankaracncmarket.com.tr/diyotlar-ve-tristorler/diyot-kopru-25a1000v-2c58858d15a65f41abde
Diyotlar;(markasız);KBPC3510;;KBPC3510 monofaze köprü diyot, 35 A 1000 V;"Akım: 35 A; Gerilim: 1000 V; Tip: Monofaze köprü (KBPC kare kasa)";DIYOT-KOPRU-35A1000V;KBPC3510;2,0;Marka belirsiz (jenerik);;;;Yüksek;;"Standart tip; tek bir orijinal üreticisi yok (birçok yarı iletken üreticisi aynı adla üretir). Görsel eklenmedi.";https://www.ankaracncmarket.com.tr/diyotlar-ve-tristorler/diyot-kopru-35a1000v-fcb10a7332bbf0680566
Diyotlar;(markasız);KBPC5010;;KBPC5010 monofaze köprü diyot, 50 A 1000 V;"Akım: 50 A; Gerilim: 1000 V; Tip: Monofaze köprü (KBPC kare kasa)";DIYOT-KOPRU-50A1000V;KBPC5010;2,0;Marka belirsiz (jenerik);;;;Yüksek;;"Standart tip; tek bir orijinal üreticisi yok (birçok yarı iletken üreticisi aynı adla üretir). Görsel eklenmedi.";https://www.ankaracncmarket.com.tr/diyotlar-ve-tristorler/diyot-kopru-50a1000v-330070ae055639967790
Diyotlar;(markasız);KBPC610;;KBPC610 monofaze köprü diyot, 6 A 1000 V;"Akım: 6 A; Gerilim: 1000 V; Tip: Monofaze köprü";DIYOT-KOPRU-6A100V;KBPC610;1,0;Marka belirsiz (jenerik);;;;Yüksek;"Başlıkta 100V yazıyor; KBPC610'daki '10' kodu 1000 V demektir (başlık hatalı).";"Standart tip; tek bir orijinal üreticisi yok (birçok yarı iletken üreticisi aynı adla üretir). Görsel eklenmedi.";https://www.ankaracncmarket.com.tr/diyotlar-ve-tristorler/diyot-kopru-6a100v-b020c3480cbc8246f871
Diyotlar;(markasız);KBPC810;;KBPC810 monofaze köprü diyot, 8 A 1000 V;"Akım: 8 A; Gerilim: 1000 V; Tip: Monofaze köprü";KBPC 810 (8A 1000V) - Monofaze Köprü Diyot;DY 8;0,65;Marka belirsiz (jenerik);;;;Yüksek;"Site kodu (DY 8) rastgele iç kod; üretici parça numarası değil.";"Standart tip; tek bir orijinal üreticisi yok (birçok yarı iletken üreticisi aynı adla üretir). Görsel eklenmedi.";https://www.ankaracncmarket.com.tr/diyotlar-ve-tristorler/kbpc-810-8a-1000v---monofaze-kopru-diyot-fc1f31848b57284c2f65
Diyotlar;(markasız);KBU1510;;KBU1510 monofaze kalın tarak tipi köprü diyot, 15 A 1000 V;"Akım: 15 A; Gerilim: 1000 V; Tip: Monofaze köprü (KBU kalın tarak)";KBU 1510 (15A 1000V KALIN TARAK TİPİ) - Monofaze Köprü Diyot;DY 22;0,65;Marka belirsiz (jenerik);;;;Yüksek;"Site kodu (DY 22) rastgele iç kod; üretici parça numarası değil.";"Standart tip; tek bir orijinal üreticisi yok (birçok yarı iletken üreticisi aynı adla üretir). Görsel eklenmedi.";https://www.ankaracncmarket.com.tr/diyotlar-ve-tristorler/kbu-1510-15a-1000v-kalin-tarak-tipi---monofaze-kopru-diyot-a0f388e0c18c0bf90a33
Diyotlar;(markasız);KBU2510;;KBU2510 monofaze tarak tipi köprü diyot, 25 A 1000 V;"Akım: 25 A; Gerilim: 1000 V; Tip: Monofaze köprü (KBU kalın tarak)";DIYOT-TARAK-25A1000V;KBU2510;0,75;Marka belirsiz (jenerik);;;;Yüksek;;"Standart tip; tek bir orijinal üreticisi yok (birçok yarı iletken üreticisi aynı adla üretir). Görsel eklenmedi.";https://www.ankaracncmarket.com.tr/diyotlar-ve-tristorler/diyot-tarak-25a1000v-f91ec66af3fba13283ef
Diyotlar;(markasız);KBU3510;;KBU3510 monofaze tarak tipi köprü diyot, 35 A 1000 V;"Akım: 35 A; Gerilim: 1000 V; Tip: Monofaze köprü (KBU kalın tarak)";DIYOT-TARAK-35A1000V;KBU3510;1,4;Marka belirsiz (jenerik);;;;Yüksek;;"Standart tip; tek bir orijinal üreticisi yok (birçok yarı iletken üreticisi aynı adla üretir). Görsel eklenmedi.";https://www.ankaracncmarket.com.tr/diyotlar-ve-tristorler/diyot-tarak-35a1000v-6fe27acb642910266962
Diyotlar;(markasız);KBU4M;;KBU4M monofaze kalın tarak tipi köprü diyot, 4 A 1000 V;"Akım: 4 A; Gerilim: 1000 V; Tip: Monofaze köprü (KBU kalın tarak)";KBU 4M (4A KALIN TARAK TİPİ) - Monofaze Köprü Diyot;DY 18;0,7;Marka belirsiz (jenerik);;;;Yüksek;"Site kodu (DY 18) rastgele iç kod; üretici parça numarası değil. Başlıkta gerilim yazmıyor; 'M' son eki 1000 V'tur.";"Standart tip; tek bir orijinal üreticisi yok (birçok yarı iletken üreticisi aynı adla üretir). Görsel eklenmedi.";https://www.ankaracncmarket.com.tr/diyotlar-ve-tristorler/kbu-4m-4a-kalin-tarak-tipi---monofaze-kopru-diyot-f57a75f1f582b166d9e7
Diyotlar;(markasız);KBU6M;;KBU6M monofaze kalın tarak tipi köprü diyot, 6 A 1000 V;"Akım: 6 A; Gerilim: 1000 V; Tip: Monofaze köprü (KBU kalın tarak)";KBU 6M (6A KALIN TARAK TİPİ) - Monofaze Köprü Diyot;DY 19;0,9;Marka belirsiz (jenerik);;;;Yüksek;"Site kodu (DY 19) rastgele iç kod; üretici parça numarası değil. Başlıkta gerilim yazmıyor; 'M' son eki 1000 V'tur.";"Standart tip; tek bir orijinal üreticisi yok (birçok yarı iletken üreticisi aynı adla üretir). Görsel eklenmedi.";https://www.ankaracncmarket.com.tr/diyotlar-ve-tristorler/kbu-6m-6a-kalin-tarak-tipi---monofaze-kopru-diyot-63b1d8ab7902bdd35c6a
Diyotlar;(markasız);KBU8M;;KBU8M monofaze kalın tarak tipi köprü diyot, 8 A 1000 V;"Akım: 8 A; Gerilim: 1000 V; Tip: Monofaze köprü (KBU kalın tarak)";KBU 8M (8A KALIN TARAK TİPİ) - Monofaze Köprü Diyot;DY 20;0,95;Marka belirsiz (jenerik);;;;Yüksek;"Site kodu (DY 20) rastgele iç kod; üretici parça numarası değil. Başlıkta gerilim yazmıyor; 'M' son eki 1000 V'tur.";"Standart tip; tek bir orijinal üreticisi yok (birçok yarı iletken üreticisi aynı adla üretir). Görsel eklenmedi.";https://www.ankaracncmarket.com.tr/diyotlar-ve-tristorler/kbu-8m-8a-kalin-tarak-tipi---monofaze-kopru-diyot-7e7f2feeb2ee2353fb24
Diyotlar;(markasız);MDS100A-18;MDS100-18;MDS100A-18 trifaze köprü diyot modülü, 100 A 1800 V;"Akım: 100 A; Gerilim: 1800 V; Tip: Trifaze köprü modülü";DIYOT-MODUL-TRİFAZE-100A1800V;MDS100A-18;34,0;Marka belirsiz (jenerik);;;;Yüksek;;"Standart tip; tek bir orijinal üreticisi yok (birçok yarı iletken üreticisi aynı adla üretir). Görsel eklenmedi.";https://www.ankaracncmarket.com.tr/diyotlar-ve-tristorler/diyot-modul-trifaze-100a1800v-f1c95f32025d68d7940c
Diyotlar;(markasız);MP3510;;MP3510 monofaze tarak tipi köprü diyot, 35 A 1000 V;"Akım: 35 A; Gerilim: 1000 V; Tip: Monofaze köprü (MP)";DIYOT-TARAK-35A 1000V;MP3510;2,0;Marka belirsiz (jenerik);;;;Yüksek;;"Standart tip; tek bir orijinal üreticisi yok (birçok yarı iletken üreticisi aynı adla üretir). Görsel eklenmedi.";https://www.ankaracncmarket.com.tr/diyotlar-ve-tristorler/diyot-tarak-35a-1000v-135d00fcd27140faa12e
Diyotlar;(markasız);MP5010;;MP5010 monofaze köprü diyot, 50 A 1000 V;"Akım: 50 A; Gerilim: 1000 V; Tip: Monofaze köprü";DIYOT-TARAK-55A1000V;MP5010;2,55;Marka belirsiz (jenerik);;;;Orta;"Başlıkta 55A yazıyor; MP5010 50 A sınıfıdır.";"Standart tip; tek bir orijinal üreticisi yok (birçok yarı iletken üreticisi aynı adla üretir). Görsel eklenmedi.";https://www.ankaracncmarket.com.tr/diyotlar-ve-tristorler/diyot-tarak-55a1000v-177d097fdd97bb81f0ad
Diyotlar;(markasız);P600M;;P600M doğrultucu diyot, 6 A 1000 V;"Akım: 6 A; Gerilim: 1000 V; Tip: Tekli doğrultucu diyot (eksenel)";(6A 1000V) - Monofaze Köprü Diyot;P600M;0,17;Marka belirsiz (jenerik);;;;Yüksek;"P600M köprü diyot değil, tekli eksenel doğrultucu diyottur; 'Monofaze Köprü Diyot' sınıflaması hatalı.";"Standart tip; tek bir orijinal üreticisi yok (birçok yarı iletken üreticisi aynı adla üretir). Görsel eklenmedi.";https://www.ankaracncmarket.com.tr/diyotlar-ve-tristorler/6a-1000v---monofaze-kopru-diyot-ed2ee313bceffeaa9265
Diyotlar;(markasız);SKBPC3510;;SKBPC3510 trifaze köprü diyot, 35 A 1000 V;"Akım: 35 A; Gerilim: 1000 V; Tip: Trifaze köprü";DIYOT-TRIFAZE-35A1000V;SKBPC3510;7,0;Marka belirsiz (jenerik);;;;Yüksek;;"Standart tip; tek bir orijinal üreticisi yok (birçok yarı iletken üreticisi aynı adla üretir). Görsel eklenmedi.";https://www.ankaracncmarket.com.tr/diyotlar-ve-tristorler/diyot-trifaze-35a1000v-19d35e7d3a288027abaf
Diyotlar;(markasız);SKBPC5010;;SKBPC5010 trifaze köprü diyot, 50 A 1000 V;"Akım: 50 A; Gerilim: 1000 V; Tip: Trifaze köprü";DIYOT-TRIFAZE-50A1000V;SKBPC5010;9,0;Marka belirsiz (jenerik);;;;Yüksek;;"Standart tip; tek bir orijinal üreticisi yok (birçok yarı iletken üreticisi aynı adla üretir). Görsel eklenmedi.";https://www.ankaracncmarket.com.tr/diyotlar-ve-tristorler/diyot-trifaze-50a1000v-c03245399673f5230aed
El çarkları (MPG);Future Life;EHDW OMT002 (5 eksen, 12 V, 25 p/r);;Future Life EHDW tipi CNC el çarkı OMT002, 5 eksen, 12 V DC, 25 darbe/tur;"Eksen: 5; Gerilim: 12 V DC; Darbe: 25 p/r";CNC EL ÇARKI 5 EKSEN 12VOLT 25PALS EHDW OMT002;DKSTZ346;180,0;Resmi görsel bulunamadı;;;;Düşük;;"EHDW/iHDW adları Future Life Technology (Tayvan) MPG el çarkı serilerine ait (bayi kayıtlarında 'Future Life EHDW-…/IHDW-…' olarak geçiyor); OMT002/OMT004 kodları üreticinin tam sipariş kodu olarak doğrulanamadı. Future Life'ın resmi sitesi bulunamadı. [TEYİT]";https://www.ankaracncmarket.com.tr/elektronik/cnc-el-carki-5-eksen-12volt-25pals-ehdw-omt002-2ffdfdfd3cd481191beb
El çarkları (MPG);Future Life;EHDW OMT002 (5 eksen, 5 V, 100 p/r);;Future Life EHDW tipi CNC el çarkı OMT002, 5 eksen, 5 V DC, 100 darbe/tur;"Eksen: 5; Gerilim: 5 V DC; Darbe: 100 p/r";CNC EL ÇARKI 5 EKSEN 5VOLT 100PALS OMT002 EHDW;DEJMSU15;180,0;Resmi görsel bulunamadı;;;;Düşük;;"EHDW/iHDW adları Future Life Technology (Tayvan) MPG el çarkı serilerine ait (bayi kayıtlarında 'Future Life EHDW-…/IHDW-…' olarak geçiyor); OMT002/OMT004 kodları üreticinin tam sipariş kodu olarak doğrulanamadı. Future Life'ın resmi sitesi bulunamadı. [TEYİT]";https://www.ankaracncmarket.com.tr/elektronik/cnc-el-carki-5-eksen-5volt-100pals-omt002-ehdw-0ac38e4ce6b0e1686084
El çarkları (MPG);Future Life;iHDW OMT004 (5 eksen, 12 V, 25 p/r);;Future Life iHDW tipi CNC el çarkı OMT004, 5 eksen, 12 V DC, 25 darbe/tur;"Eksen: 5; Gerilim: 12 V DC; Darbe: 25 p/r";CNC EL ÇARKI 5 EKSEN 12V 25PALS iHDW OMT004;AELNQSUZ;190,0;Resmi görsel bulunamadı;;;;Düşük;;"EHDW/iHDW adları Future Life Technology (Tayvan) MPG el çarkı serilerine ait (bayi kayıtlarında 'Future Life EHDW-…/IHDW-…' olarak geçiyor); OMT002/OMT004 kodları üreticinin tam sipariş kodu olarak doğrulanamadı. Future Life'ın resmi sitesi bulunamadı. [TEYİT]";https://www.ankaracncmarket.com.tr/elektronik/cnc-el-carki-5-eksen-12v-25pals-ihdw-omt004-549f9caf25907c3b983f
El çarkları (MPG);Future Life;iHDW OMT004 (5 eksen, 5 V, 100 p/r);;Future Life iHDW tipi CNC el çarkı OMT004, 5 eksen, 5 V DC, 100 darbe/tur;"Eksen: 5; Gerilim: 5 V DC; Darbe: 100 p/r";CNC EL ÇARKI 5 EKSEN 5V 100PALS iHDW OMT004;CEKLSZ26;185,0;Resmi görsel bulunamadı;;;;Düşük;;"EHDW/iHDW adları Future Life Technology (Tayvan) MPG el çarkı serilerine ait (bayi kayıtlarında 'Future Life EHDW-…/IHDW-…' olarak geçiyor); OMT002/OMT004 kodları üreticinin tam sipariş kodu olarak doğrulanamadı. Future Life'ın resmi sitesi bulunamadı. [TEYİT]";https://www.ankaracncmarket.com.tr/elektronik/cnc-el-carki-5-eksen-5v-100pals-ihdw-omt004-b824a43f741ee60699df
El çarkları (MPG);Tosoku;RE45T serisi el çarkı [TEYİT];;Tosoku el çarkı (manuel darbe üreteci), RE45T serisi [TEYİT];;TOSOKU EL ÇARKI;210;185,0;Resmi görsel bulunamadı;;http://www.tosoku-inc.co.jp/en/product/pdf/pulse.pdf;;Düşük;;"Tosoku'nun (Tokyo Sokuteikizai) panel tipi MPG serisi RE45T; tam model (gerilim, darbe, çıkış tipi) başlıkta yok. Tosoku ürün sayfasına erişilemedi, görsel alınamadı.";https://www.ankaracncmarket.com.tr/elektronik/tosoku-el-carki-dc632f5b7e479796e496
El çarkları (MPG);(markasız);16 pinli el çarkı soketi;;El çarkı (MPG) soketi, 16 pin;Pin sayısı: 16;16 PİN EL ÇARKI SOKETİ;BDNUXZ26;40,0;Marka belirsiz (jenerik);;;;Orta;;"Markasız/jenerik ürün; ankaracncmarket kodu ('BDNUXZ26') iç koddur. Konnektör tipi (ör. IDC/flat kablo ya da dairesel) başlıktan anlaşılmıyor [TEYİT].";https://www.ankaracncmarket.com.tr/elektronik/16-pin-el-carki-soketi-0a6aff26a5e5391fdf10
El çarkları (MPG);(markasız);20 pinli el çarkı soketi;;El çarkı (MPG) soketi, 20 pin;Pin sayısı: 20;20 PİN EL ÇARKI SOKETİ;DJLRVWX3;40,0;Marka belirsiz (jenerik);;;;Orta;;"Markasız/jenerik ürün; ankaracncmarket kodu ('DJLRVWX3') iç koddur. Konnektör tipi (ör. IDC/flat kablo ya da dairesel) başlıktan anlaşılmıyor [TEYİT].";https://www.ankaracncmarket.com.tr/elektronik/20-pin-el-carki-soketi-9ac9fc1d25a35ad1ccfe
El çarkları (MPG);(markasız);24 pinli el çarkı soketi;;El çarkı (MPG) soketi, 24 pin;Pin sayısı: 24;24 PİN EL ÇARKI SOKETİ;DHJT2348;40,0;Marka belirsiz (jenerik);;;;Orta;;"Markasız/jenerik ürün; ankaracncmarket kodu ('DHJT2348') iç koddur. Konnektör tipi (ör. IDC/flat kablo ya da dairesel) başlıktan anlaşılmıyor [TEYİT].";https://www.ankaracncmarket.com.tr/elektronik/24-pin-el-carki-soketi-8b9f4f6cb06ba24cb543
El çarkları (MPG);(markasız);26 pinli el çarkı soketi;;El çarkı (MPG) soketi, 26 pin;Pin sayısı: 26;26 PİN EL ÇARKI SOKETİ;JPQUX347;40,0;Marka belirsiz (jenerik);;;;Orta;;"Markasız/jenerik ürün; ankaracncmarket kodu ('JPQUX347') iç koddur. Konnektör tipi (ör. IDC/flat kablo ya da dairesel) başlıktan anlaşılmıyor [TEYİT].";https://www.ankaracncmarket.com.tr/elektronik/26-pin-el-carki-soketi-c99918e2572079cecbda
El çarkları (MPG);(markasız);Acil stoplu el çarkı (MPG);;Acil stoplu el çarkı (MPG);Acil stop: Var;EMGLİ EL ÇARKI;190;180,0;Marka belirsiz (jenerik);;;;Düşük;;"Markasız/jenerik ürün; ankaracncmarket kodu ('190') iç koddur.";https://www.ankaracncmarket.com.tr/elektronik/emg-li-el-carki-f1146e5fcb1a6d3e4245
El çarkları (MPG);(markasız);CNC el çarkı (MPG);;CNC el çarkı (manuel darbe üreteci, MPG);;CNC EL ÇARKI;200;180,0;Marka belirsiz (jenerik);;;;Düşük;;"Markasız/jenerik ürün; ankaracncmarket kodu ('200') iç koddur. Gerilim/darbe sayısı başlıkta yok.";https://www.ankaracncmarket.com.tr/elektronik/cnc-el-carki-2665b11d40bf7c72af46
El çarkları (MPG);(markasız);CNC torna el çarkı (MPG);;CNC torna el çarkı (manuel darbe üreteci, MPG);;CNC TORNA EL ÇARKI;LRSTY345;145,0;Marka belirsiz (jenerik);;;;Düşük;;"Markasız/jenerik ürün; ankaracncmarket kodu ('LRSTY345') iç koddur.";https://www.ankaracncmarket.com.tr/elektronik/cnc-torna-el-carki-651f3b6f5a952359134e
El çarkları (MPG);(markasız);CNC torna el çarkı, acil stoplu (MPG);;Acil stoplu CNC torna el çarkı (MPG);Acil stop: Var;CNC TORNA EMGLİ EL ÇARKI;BCJLT348;150,0;Marka belirsiz (jenerik);;;;Düşük;;"Markasız/jenerik ürün; ankaracncmarket kodu ('BCJLT348') iç koddur. Başlıktaki 'EMGLİ' = acil stop (emergency) butonlu.";https://www.ankaracncmarket.com.tr/elektronik/cnc-torna-emg-li-el-carki-ed15b284873f3ba414e9
El çarkları (MPG);(markasız);El çarkı göbeği Ø60;;El çarkı göbeği (döner disk), Ø60 mm;Çap: 60 mm;EL ÇARKI GÖBEĞİ ÇAP 60;230;95,0;Marka belirsiz (jenerik);;;;Orta;;"Markasız/jenerik ürün; ankaracncmarket kodu ('230') iç koddur.";https://www.ankaracncmarket.com.tr/elektronik/el-carki-gobegi-cap-60-0dba513e963a8e84b5d7
El çarkları (MPG);(markasız);El çarkı göbeği Ø80;;El çarkı göbeği (döner disk), Ø80 mm;Çap: 80 mm;EL ÇARKI GÖBEĞİ ÇAP 80;220;95,0;Marka belirsiz (jenerik);;;;Orta;;"Markasız/jenerik ürün; ankaracncmarket kodu ('220') iç koddur.";https://www.ankaracncmarket.com.tr/elektronik/el-carki-gobegi-cap-80-048eafd0a6e316ae2f90
El çarkları (MPG);(markasız);El çarkı kablosu;;El çarkı (MPG) spiral kablosu;;EL ÇARKI KABLOSU;180;65,0;Marka belirsiz (jenerik);;;;Düşük;;"Markasız/jenerik ürün; ankaracncmarket kodu ('180') iç koddur.";https://www.ankaracncmarket.com.tr/elektronik/el-carki-kablosu-e6977cc89d7b1c9c5be6
El çarkları (MPG);(markasız);El çarkı kablosu, uzun tip;;El çarkı (MPG) spiral kablosu, uzun tip;;EL ÇARKI KABLOSU (UZUN TİP);BDFNPZ28;95,0;Marka belirsiz (jenerik);;;;Düşük;;"Markasız/jenerik ürün; ankaracncmarket kodu ('BDFNPZ28') iç koddur.";https://www.ankaracncmarket.com.tr/elektronik/el-carki-kablosu-uzun-tip-e58225dc3bd4e2c0e8c2
El çarkları (MPG);(markasız);Kablosuz el çarkı (MPG);;Kablosuz CNC el çarkı (MPG);;KABLOSUZ EL ÇARKI;BNRSUXY1;285,0;Marka belirsiz (jenerik);;;;Düşük;;"Markasız/jenerik ürün; ankaracncmarket kodu ('BNRSUXY1') iç koddur. Model/eksen sayısı başlıkta yok.";https://www.ankaracncmarket.com.tr/elektronik/kablosuz-el-carki-d5938695502b97dc2a4b
Fan telleri ve filtreleri;(markasız);Fan filtresi 172×150 mm, siyah;;Fan filtresi 172×150 mm (170×150 fanlar için), siyah;"Fan ölçüsü: 172×150 mm; Renk: Siyah";170X150mm Fan Filtresi SİYAH;FF04-172X150-FILITRE-SIY;2,5;Marka belirsiz (jenerik);;;;Orta;;"Markasız jenerik fan filtresi; 'FF04-172X150-FILITRE-SIY' iç kod.";https://www.ankaracncmarket.com.tr/fan-koruma-telleri/170x150mm-fan-filtresi-siyah-77e06018f50cdbf51271
Fan telleri ve filtreleri;(markasız);Fan filtresi [TEYİT ölçü], beyaz;;Fan filtresi, beyaz (ölçü teyit edilmeli: 120×120 veya 150×150 mm);Renk: Beyaz;FANFILTRESI-120X120-BEYAZ;FF02-150X150-FİLİTRE;4,0;Marka belirsiz (jenerik);;;;Düşük;"Başlık 120X120 BEYAZ diyor, kod 'FF02-150X150-FİLİTRE' 150×150 diyor; ölçü çelişkili.";"Markasız jenerik fan filtresi; gerçek ölçü fiziksel üründen teyit edilmeli.";https://www.ankaracncmarket.com.tr/fan-koruma-telleri/fanfiltresi-120x120-beyaz-59e8de7922c80436cc81
Fan telleri ve filtreleri;(markasız);Metal fan teli 120×120 mm;;Metal fan teli 120×120 mm;"Fan ölçüsü: 120×120 mm; Malzeme: Metal";120X120 METAL FAN TELİ;FT05-120X120-METAL;0,5;Marka belirsiz (jenerik);;;;Yüksek;;"Markasız jenerik fan koruma teli; 'FT05-120X120-METAL' ankaracncmarket iç kodu.";https://www.ankaracncmarket.com.tr/fan-koruma-telleri/120x120-metal-fan-teli-421f6dd2a323ad98f8d3
Fan telleri ve filtreleri;(markasız);Metal fan teli 170×150 mm;;Metal fan teli 170×150 mm;"Fan ölçüsü: 170×150 mm; Malzeme: Metal";170X150 METAL FAN TELİ;FT06-170X150-METAL;1,25;Marka belirsiz (jenerik);;;;Yüksek;;"Markasız jenerik fan koruma teli; 'FT06-170X150-METAL' ankaracncmarket iç kodu.";https://www.ankaracncmarket.com.tr/fan-koruma-telleri/170x150-metal-fan-teli-b010de2bf2b4940812a9
Fan telleri ve filtreleri;(markasız);Metal fan teli 225×225 mm;;Metal fan teli 225×225 mm;"Fan ölçüsü: 225×225 mm; Malzeme: Metal";225X225 METAL FAN TELİ;FT09-225X225-METAL;2,5;Marka belirsiz (jenerik);;;;Yüksek;;"Markasız jenerik fan koruma teli; 'FT09-225X225-METAL' ankaracncmarket iç kodu.";https://www.ankaracncmarket.com.tr/fan-koruma-telleri/225x225-metal-fan-teli-1fab7bd5f54569b0a5ac
Fan telleri ve filtreleri;(markasız);Metal fan teli 280×280 mm;;Metal fan teli 280×280 mm;"Fan ölçüsü: 280×280 mm; Malzeme: Metal";280X280 METAL FAN TELİ;FT10-280X280-METAL;4,5;Marka belirsiz (jenerik);;;;Yüksek;;"Markasız jenerik fan koruma teli; 'FT10-280X280-METAL' ankaracncmarket iç kodu.";https://www.ankaracncmarket.com.tr/fan-koruma-telleri/280x280-metal-fan-teli-20da3a0340d8dc40e79b
Fan telleri ve filtreleri;(markasız);Metal fan teli 40×40 mm;;Metal fan teli 40×40 mm;"Fan ölçüsü: 40×40 mm; Malzeme: Metal";40x40 METAL FAN TELİ;FT01-40X40-METAL;0,5;Marka belirsiz (jenerik);;;;Yüksek;;"Markasız jenerik fan koruma teli; 'FT01-40X40-METAL' ankaracncmarket iç kodu.";https://www.ankaracncmarket.com.tr/fan-koruma-telleri/40x40-metal-fan-teli-df6b17885300f23d97c1
Fan telleri ve filtreleri;(markasız);Metal fan teli 60×60 mm;;Metal fan teli 60×60 mm;"Fan ölçüsü: 60×60 mm; Malzeme: Metal";60X60 METAL FAN TELİ;FT02-60X60-METAL;0,5;Marka belirsiz (jenerik);;;;Yüksek;;"Markasız jenerik fan koruma teli; 'FT02-60X60-METAL' ankaracncmarket iç kodu.";https://www.ankaracncmarket.com.tr/fan-koruma-telleri/60x60-metal-fan-teli-e29a216eee4f1f15c310
Fan telleri ve filtreleri;(markasız);Metal fan teli 80×80 mm;;Metal fan teli 80×80 mm;"Fan ölçüsü: 80×80 mm; Malzeme: Metal";80X80 METAL FAN TELİ;FT03-80X80-METAL;0,5;Marka belirsiz (jenerik);;;;Yüksek;;"Markasız jenerik fan koruma teli; 'FT03-80X80-METAL' ankaracncmarket iç kodu.";https://www.ankaracncmarket.com.tr/fan-koruma-telleri/80x80-metal-fan-teli-ed7123a5b30877624c87
Fan telleri ve filtreleri;(markasız);Metal fan teli 90×90 mm;;Metal fan teli 90×90 mm;"Fan ölçüsü: 90×90 mm; Malzeme: Metal";90X90 METAL FAN TELİ;FT04-90X90-METAL;0,5;Marka belirsiz (jenerik);;;;Yüksek;;"Markasız jenerik fan koruma teli; 'FT04-90X90-METAL' ankaracncmarket iç kodu. 90×90 tel genelde 92 mm fanlar için.";https://www.ankaracncmarket.com.tr/fan-koruma-telleri/90x90-metal-fan-teli-9b181a285e80f91a72d5
Fanlar;Demex;G113538HA2BL;;Demex G113538HA2BL fan, 135×135×38 mm, 220 V AC;"Ölçü: 135×135×38 mm; Gerilim: 220 V AC; Yatak: Rulmanlı";135X135X38MM 220VAC RULMANLI KARE FAN;DEMEX79-G113538HA2BL;28,0;Resmi görsel bulunamadı;;;;Düşük;;"Kod Demex'in Y-Y DC düzenine uymuyor; tam kod teyit edilmeli [TEYİT]. Demex markasının resmi üretici sitesi bulunamadı (demex.com.sg ilgisiz bir Singapur distribütörü); kodlar yalnız bayilerde. Kod düzeni Y-Y<ölçü><hız><gerilim><yatak> olarak yorumlandı.";https://www.ankaracncmarket.com.tr/kompakt-fanlar/135x135x38mm-220vac-rulmanli-kare-fan-d4ea94594362da5cb9bc
Fanlar;Demex;Y-Y12032H24B;;Demex Y-Y12032H24B salyangoz fan, 120×120×32 mm, 24 V DC;"Ölçü: 120×120×32 mm; Gerilim: 24 V DC; Tip: Salyangoz (radyal) fan; Akım: 0,35 A";120X120X32MM-24VDC-0.35A;DEMEX70-Y-Y12032H24B;22,5;Resmi görsel bulunamadı;;;;Orta;;"Demex markasının resmi üretici sitesi bulunamadı (demex.com.sg ilgisiz bir Singapur distribütörü); kodlar yalnız bayilerde. Kod düzeni Y-Y<ölçü><hız><gerilim><yatak> olarak yorumlandı.";https://www.ankaracncmarket.com.tr/salyangoz-fan-cesitleri/120x120x32mm-24vdc-0.35a-637b36f966b533c1a8b2
Fanlar;Demex;Y-Y17251H12B;;Demex Y-Y17251H12B fan, 172×150×51 mm, 12 V DC;"Ölçü: 172×150×51 mm; Gerilim: 12 V DC";172X150X51MM 12V DC FAN;DEMEX87-Y-Y17251H12B;50,0;Resmi görsel bulunamadı;;;;Orta;;"Demex markasının resmi üretici sitesi bulunamadı (demex.com.sg ilgisiz bir Singapur distribütörü); kodlar yalnız bayilerde. Kod düzeni Y-Y<ölçü><hız><gerilim><yatak> olarak yorumlandı.";https://www.ankaracncmarket.com.tr/kompakt-fanlar/172x150x51mm-12v-dc-fan-7aa6a6e70bbafade1558
Fanlar;Demex;Y-Y4020H12B [TEYİT];;Demex Y-Y4020H12B [TEYİT] fan, 40×40×20 mm, 12 V DC;"Ölçü: 40×40×20 mm; Gerilim: 12 V DC; Akım: 0,30 A";DEMEX 40X40X20MM 12V DC 0,30A KARE FAN;DEMEX11-Y-Y4028H12B;6,0;Resmi görsel bulunamadı;;;;Düşük;"Kod Y-Y4028H12B 40×40×28 mm gösteriyor, başlık 40×40×20 mm diyor; çelişkili. 28 mm sürüm ayrıca pid 1685'te var.";"Orijinal kayıttaki kod: Y-Y4028H12B. Demex markasının resmi üretici sitesi bulunamadı (demex.com.sg ilgisiz bir Singapur distribütörü); kodlar yalnız bayilerde. Kod düzeni Y-Y<ölçü><hız><gerilim><yatak> olarak yorumlandı.";https://www.ankaracncmarket.com.tr/kompakt-fanlar/demex-40x40x20mm-12v-dc-0-30a-kare-fan-3c14e5452af70fc31d71
Fanlar;Demex;Y-Y4028H12B [TEYİT];;Demex Y-Y4028H12B [TEYİT] fan, 40×40×28 mm, 12 V DC;"Ölçü: 40×40×28 mm; Gerilim: 12 V DC";DEMEX 40X40X28MM 12V DC;DEMEX-Y-Y4028H12H4SB;20,0;Resmi görsel bulunamadı;;;;Düşük;"Kod 'Y-Y4028H12H4SB' bozuk görünüyor (H12 sonrası 'H4S' fazladan); Demex düzeninde Y-Y4028H12B beklenir [TEYİT].";"Orijinal kayıttaki kod: Y-Y4028H12H4SB. Demex markasının resmi üretici sitesi bulunamadı (demex.com.sg ilgisiz bir Singapur distribütörü); kodlar yalnız bayilerde. Kod düzeni Y-Y<ölçü><hız><gerilim><yatak> olarak yorumlandı.";https://www.ankaracncmarket.com.tr/kompakt-fanlar/demex-40x40x28mm-12v-dc-7fec84c88db94091743a
Fanlar;Demex;Y-Y5010H5S;;Demex Y-Y5010H5S fan, 50×50×10 mm, 5 V DC;"Ölçü: 50×50×10 mm; Gerilim: 5 V DC; Akım: 0,20 A";DEMEX 50X50X10MM 5V DC 0,20A KARE FAN;DEMEX13-Y-Y5010H5S;6,0;Resmi görsel bulunamadı;;;;Orta;;"Demex markasının resmi üretici sitesi bulunamadı (demex.com.sg ilgisiz bir Singapur distribütörü); kodlar yalnız bayilerde. Kod düzeni Y-Y<ölçü><hız><gerilim><yatak> olarak yorumlandı.";https://www.ankaracncmarket.com.tr/kompakt-fanlar/demex-50x50x10mm-5v-dc-0-20a-kare-fan-0b200c50754f3c74c022
Fanlar;Demex;Y-Y5015H12S;;Demex Y-Y5015H12S fan, 50×50×15 mm, 12 V DC;"Ölçü: 50×50×15 mm; Gerilim: 12 V DC; Akım: 0,15 A";DEMEX 50X50X15MM 12V DC 0,15A KARE FAN;DEME17-Y-Y5015H12S;6,0;Resmi görsel bulunamadı;;;;Orta;Kod öneki 'DEME17-' yazım hatalı (DEMEX).;"Demex markasının resmi üretici sitesi bulunamadı (demex.com.sg ilgisiz bir Singapur distribütörü); kodlar yalnız bayilerde. Kod düzeni Y-Y<ölçü><hız><gerilim><yatak> olarak yorumlandı.";https://www.ankaracncmarket.com.tr/kompakt-fanlar/demex-50x50x15mm-12v-dc-0-15a-kare-fan-cc14145804b2a127343c
Fanlar;Demex;Y-Y5015H5S;;Demex Y-Y5015H5S fan, 50×50×15 mm, 5 V DC;"Ölçü: 50×50×15 mm; Gerilim: 5 V DC; Akım: 0,30 A";DEMEX 50X50X15MM 5V DC 0,30A KARE FAN;DEMEX16-Y-Y5015H5S;6,0;Resmi görsel bulunamadı;;;;Orta;;"Demex markasının resmi üretici sitesi bulunamadı (demex.com.sg ilgisiz bir Singapur distribütörü); kodlar yalnız bayilerde. Kod düzeni Y-Y<ölçü><hız><gerilim><yatak> olarak yorumlandı.";https://www.ankaracncmarket.com.tr/kompakt-fanlar/demex-50x50x15mm-5v-dc-0-30a-kare-fan-5926f56480e8944f3b7a
Fanlar;Demex;Y-Y5020H12S;;Demex Y-Y5020H12S fan, 50×50×20 mm, 12 V DC;"Ölçü: 50×50×20 mm; Gerilim: 12 V DC; Akım: 0,22 A";DEMEX 50X50X20MM 12V DC 0,22A KARE FAN;DEMEX22-Y-Y5020H12S;6,0;Resmi görsel bulunamadı;;;;Orta;;"Demex markasının resmi üretici sitesi bulunamadı (demex.com.sg ilgisiz bir Singapur distribütörü); kodlar yalnız bayilerde. Kod düzeni Y-Y<ölçü><hız><gerilim><yatak> olarak yorumlandı.";https://www.ankaracncmarket.com.tr/kompakt-fanlar/demex-50x50x20mm-12v-dc-0-22a-kare-fan-4a3beca0403fa4c72ec2
Fanlar;Demex;Y-Y5020H5S;;Demex Y-Y5020H5S fan, 50×50×20 mm, 5 V DC;"Ölçü: 50×50×20 mm; Gerilim: 5 V DC; Akım: 0,23 A";DEMEX 50X50X20MM 5V DC 0,23A KARE FAN;DEMEX21-Y-Y-5020H5S;6,0;Resmi görsel bulunamadı;;;;Orta;Kodda fazladan tire var ('Y-Y-5020H5S').;"Demex markasının resmi üretici sitesi bulunamadı (demex.com.sg ilgisiz bir Singapur distribütörü); kodlar yalnız bayilerde. Kod düzeni Y-Y<ölçü><hız><gerilim><yatak> olarak yorumlandı.";https://www.ankaracncmarket.com.tr/kompakt-fanlar/demex-50x50x20mm-5v-dc-0-23a-kare-fan-47745dd314e5b928cee5
Fanlar;Demex;Y-Y6010H5S;;Demex Y-Y6010H5S fan, 60×60×10 mm, 5 V DC;"Ölçü: 60×60×10 mm; Gerilim: 5 V DC; Akım: 0,26 A";DEMEX 60X60X10MM 5V DC 0,26A KARE FAN;DEMEX-Y-Y6010H5S;6,0;Resmi görsel bulunamadı;;;;Orta;;"Demex markasının resmi üretici sitesi bulunamadı (demex.com.sg ilgisiz bir Singapur distribütörü); kodlar yalnız bayilerde. Kod düzeni Y-Y<ölçü><hız><gerilim><yatak> olarak yorumlandı.";https://www.ankaracncmarket.com.tr/kompakt-fanlar/demex-60x60x10mm-5v-dc-0-26a-kare-fan-956d7717ad4772de0ced
Fanlar;Demex;Y-Y6020H12S;;Demex Y-Y6020H12S fan, 60×60×20 mm, 12 V DC;"Ölçü: 60×60×20 mm; Gerilim: 12 V DC; Akım: 0,20 A";DEMEX 60X60X20MM 12V DC 0,20A KARE FAN;DEMEX27-Y-Y6020H12S;6,0;Resmi görsel bulunamadı;;;;Orta;;"Demex markasının resmi üretici sitesi bulunamadı (demex.com.sg ilgisiz bir Singapur distribütörü); kodlar yalnız bayilerde. Kod düzeni Y-Y<ölçü><hız><gerilim><yatak> olarak yorumlandı.";https://www.ankaracncmarket.com.tr/kompakt-fanlar/demex-60x60x20mm-12v-dc-0-20a-kare-fan-54308c2225fd8e9b1e7f
Fanlar;Demex;Y-Y6038H12B;;Demex Y-Y6038H12B fan, 60×60×38 mm, 12 V DC;"Ölçü: 60×60×38 mm; Gerilim: 12 V DC; Akım: 0,45 A";DEMEX 60X60X38MM 12V DC 0,45A KARE FAN;DEMEX32-Y-Y6038H12B;21,0;Resmi görsel bulunamadı;;;;Orta;;"Demex markasının resmi üretici sitesi bulunamadı (demex.com.sg ilgisiz bir Singapur distribütörü); kodlar yalnız bayilerde. Kod düzeni Y-Y<ölçü><hız><gerilim><yatak> olarak yorumlandı.";https://www.ankaracncmarket.com.tr/kompakt-fanlar/demex-60x60x38mm-12v-dc-0-45a-kare-fan-d32e1557241b22d2a298
Fanlar;Demex;Y-Y7025H48S;;Demex Y-Y7025H48S fan, 70×70×25 mm, 48 V DC;"Ölçü: 70×70×25 mm; Gerilim: 48 V DC; Akım: 0,10 A";DEMEX 70X70X25MM 48V DC 0,10A KARE FAN;DEMEX-Y-Y7025H48S;12,0;Resmi görsel bulunamadı;;;;Orta;;"Demex markasının resmi üretici sitesi bulunamadı (demex.com.sg ilgisiz bir Singapur distribütörü); kodlar yalnız bayilerde. Kod düzeni Y-Y<ölçü><hız><gerilim><yatak> olarak yorumlandı.";https://www.ankaracncmarket.com.tr/kompakt-fanlar/demex-70x70x25mm-48v-dc-0-10a-kare-fan-b7fdc1239383662057ed
Fanlar;Demex;Y-Y7530H12B;;Demex Y-Y7530H12B salyangoz fan, 75×75×30 mm, 12 V DC;"Ölçü: 75×75×30 mm; Gerilim: 12 V DC; Tip: Salyangoz (radyal) fan; Akım: 0,50 A";75X75X30MM-12VDC-0.50A;DEMEX39-Y-Y7530H12B;14,0;Resmi görsel bulunamadı;;;;Orta;;"Demex markasının resmi üretici sitesi bulunamadı (demex.com.sg ilgisiz bir Singapur distribütörü); kodlar yalnız bayilerde. Kod düzeni Y-Y<ölçü><hız><gerilim><yatak> olarak yorumlandı.";https://www.ankaracncmarket.com.tr/salyangoz-fan-cesitleri/75x75x30mm-12vdc-0.50a-67fa66cc29703f17e33b
Fanlar;Demex;Y-Y7530H24B;;Demex Y-Y7530H24B salyangoz fan, 75×75×30 mm, 24 V DC;"Ölçü: 75×75×30 mm; Gerilim: 24 V DC; Tip: Salyangoz (radyal) fan; Akım: 0,21 A";75X75X30MM-24VDC-0.21A;DEMEX40-Y-Y7530H24B;14,0;Resmi görsel bulunamadı;;;;Orta;;"Demex markasının resmi üretici sitesi bulunamadı (demex.com.sg ilgisiz bir Singapur distribütörü); kodlar yalnız bayilerde. Kod düzeni Y-Y<ölçü><hız><gerilim><yatak> olarak yorumlandı.";https://www.ankaracncmarket.com.tr/salyangoz-fan-cesitleri/75x75x30mm-24vdc-0.21a-59b3a989b5a9e9077a90
Fanlar;Demex;Y-Y8038H12B [TEYİT];;Demex Y-Y8038H12B [TEYİT] fan, 80×80×38 mm, 12 V DC;"Ölçü: 80×80×38 mm; Gerilim: 12 V DC; Akım: 0,80 A";DEMEX 80X80X38MM 12V DC 0,80A KARE FAN;DEMEX-Y-Y8038H48B;22,0;Resmi görsel bulunamadı;;;;Düşük;"Başlık 12 V DC 0,80 A diyor ama kod Y-Y8038H48B (48 V); 48 V sürüm ayrıca pid 1701'de (0,25 A). Gerilim çelişkili; 0,80 A akım 12 V ile uyumlu.";"Orijinal kayıttaki kod: Y-Y8038H48B. Demex markasının resmi üretici sitesi bulunamadı (demex.com.sg ilgisiz bir Singapur distribütörü); kodlar yalnız bayilerde. Kod düzeni Y-Y<ölçü><hız><gerilim><yatak> olarak yorumlandı.";https://www.ankaracncmarket.com.tr/kompakt-fanlar/demex-80x80x38mm-12v-dc-0-80a-kare-fan-32558a661d0fc57488ad
Fanlar;Demex;Y-Y8038H48B;;Demex Y-Y8038H48B fan, 80×80×38 mm, 48 V DC;"Ölçü: 80×80×38 mm; Gerilim: 48 V DC; Akım: 0,25 A";DEMEX 80X80X38MM 48V DC 0,25A KARE FAN;DEMEX-Y-8038H48B;26,0;Resmi görsel bulunamadı;;;;Orta;Kod 'Y-8038H48B' bir 'Y-' eksik (Y-Y8038H48B).;"Demex markasının resmi üretici sitesi bulunamadı (demex.com.sg ilgisiz bir Singapur distribütörü); kodlar yalnız bayilerde. Kod düzeni Y-Y<ölçü><hız><gerilim><yatak> olarak yorumlandı.";https://www.ankaracncmarket.com.tr/kompakt-fanlar/demex-80x80x38mm-48v-dc-0-25a-kare-fan-09e30f8f8879e3c3df5c
Fanlar;Demex;Y-Y9225H48S;;Demex Y-Y9225H48S fan, 92×92×25 mm, 48 V DC;"Ölçü: 92×92×25 mm; Gerilim: 48 V DC; Akım: 0,10 A";DEMEX 92X92X25MM 48V DC 0,10A KARE FAN;DEMEX51-Y-Y9225H48S;10,0;Resmi görsel bulunamadı;;;;Orta;;"Demex markasının resmi üretici sitesi bulunamadı (demex.com.sg ilgisiz bir Singapur distribütörü); kodlar yalnız bayilerde. Kod düzeni Y-Y<ölçü><hız><gerilim><yatak> olarak yorumlandı.";https://www.ankaracncmarket.com.tr/kompakt-fanlar/demex-92x92x25mm-48v-dc-0-10a-kare-fan-879b56df2b68cf18f2dd
Fanlar;Demex;Y-Y9232H48B;;Demex Y-Y9232H48B fan, 92×92×32 mm, 48 V DC;"Ölçü: 92×92×32 mm; Gerilim: 48 V DC; Akım: 0,18 A";DEMEX 92X92X32MM 48V DC 0,18A KARE FAN;DEMEX55-Y-Y9232H48B;26,0;Resmi görsel bulunamadı;;;;Orta;;"Demex markasının resmi üretici sitesi bulunamadı (demex.com.sg ilgisiz bir Singapur distribütörü); kodlar yalnız bayilerde. Kod düzeni Y-Y<ölçü><hız><gerilim><yatak> olarak yorumlandı.";https://www.ankaracncmarket.com.tr/kompakt-fanlar/demex-92x92x32mm-48v-dc-0-18a-kare-fan-374d32461d3af099b036
Fanlar;Demex;Y-Y9733H12B;;Demex Y-Y9733H12B salyangoz fan, 97×97×33 mm, 12 V DC;"Ölçü: 97×97×33 mm; Gerilim: 12 V DC; Tip: Salyangoz (radyal) fan; Akım: 0,50 A";97X97X33MM-12VDC-0.50A;DEMEX60-Y-Y9733H12B;18,0;Resmi görsel bulunamadı;;;;Orta;;"Demex markasının resmi üretici sitesi bulunamadı (demex.com.sg ilgisiz bir Singapur distribütörü); kodlar yalnız bayilerde. Kod düzeni Y-Y<ölçü><hız><gerilim><yatak> olarak yorumlandı.";https://www.ankaracncmarket.com.tr/salyangoz-fan-cesitleri/97x97x33mm-12vdc-0.50a-4d0e5f3b9965671041a5
Fanlar;Dossy;145FZY1-S;;Dossy 145FZY1-S fan, 172×150×38 mm, 110 V AC;"Ölçü: 172×150×38 mm; Gerilim: 110 V AC; Akım: 0,3 A; Güç: 30 W";172X150X38MM-110VAC-0,3A-30W;DOSSY14-145FZY1-S;25,0;Üretici görseli var;seri;https://www.dossyfan.com/AC-FAN/145FZY2-S-2494.html;https://www.dossyfan.com/zyupload/202403/04/145FZY2-202403042255085352.jpg;Orta;;"Üretici sayfası 145FZY2-S'ye ait, galeride 145FZY1 de gösteriliyor; 145FZY serisi 172×150×38 mm. Dossy fanlarının üreticisi Zhejiang Fengdeng Electric Co., Ltd (dossyfan.com; site DOSSY adını katalog dosya adında kullanıyor). Sitede seri (ölçü) bazında tek görsel ve gerilim/akım tablosu yok; tam MPN sitede doğrulanamadı.";https://www.ankaracncmarket.com.tr/kompakt-fanlar/172x150x38mm-110vac-0-3a-30w-049155efb08dc08bb035
Fanlar;Dossy;145FZY2-S;;Dossy 145FZY2-S fan, 172×150×38 mm, 220 V AC;"Ölçü: 172×150×38 mm; Gerilim: 220 V AC; Akım: 0,18 A; Güç: 30 W";172X150X38MM-220VAC-0,18A-30W;DOSSY15-145FZY2-S;20,0;Üretici görseli var;seri;https://www.dossyfan.com/AC-FAN/145FZY2-S-2494.html;https://www.dossyfan.com/zyupload/202403/04/145FZY2-202403042255085352.jpg;Yüksek;;"Dossy fanlarının üreticisi Zhejiang Fengdeng Electric Co., Ltd (dossyfan.com; site DOSSY adını katalog dosya adında kullanıyor). Sitede seri (ölçü) bazında tek görsel ve gerilim/akım tablosu yok; tam MPN sitede doğrulanamadı.";https://www.ankaracncmarket.com.tr/kompakt-fanlar/172x150x38mm-220vac-0-18a-30w-e49e4804bbda153ca578
Fanlar;Dossy;DS12025ASHL;;Dossy DS12025ASHL fan, 120×120×25 mm, 220 V AC;"Ölçü: 120×120×25 mm; Gerilim: 220 V AC; Akım: 0,08 A";120X120X25MM-220VAC-0,08A;DOSSY05-DS12025ASHL;8,0;Üretici görseli var;seri;https://www.dossyfan.com/AC-FAN/12025-2468.html;https://www.dossyfan.com/zyupload/202402/24/12025-1-202402241055143230.jpg;Orta;;"Dossy fanlarının üreticisi Zhejiang Fengdeng Electric Co., Ltd (dossyfan.com; site DOSSY adını katalog dosya adında kullanıyor). Sitede seri (ölçü) bazında tek görsel ve gerilim/akım tablosu yok; tam MPN sitede doğrulanamadı.";https://www.ankaracncmarket.com.tr/kompakt-fanlar/120x120x25mm-220vac-0-08a-dbb8d8a84f8285d127d3
Fanlar;Dossy;DS12038ABHL;;Dossy DS12038ABHL fan, 120×120×38 mm, 110 V AC;"Ölçü: 120×120×38 mm; Gerilim: 110 V AC; Akım: 0,24 A; Güç: 22 W";120X120X38MM-110VAC-0,24A-22W;DOSSY09-DS12038ABHL;9,0;Üretici görseli var;seri;https://www.dossyfan.com/AC-FAN/12038-2469.html;https://www.dossyfan.com/zyupload/202402/24/12038-1-202402241056005406.jpg;Orta;;"Dossy fanlarının üreticisi Zhejiang Fengdeng Electric Co., Ltd (dossyfan.com; site DOSSY adını katalog dosya adında kullanıyor). Sitede seri (ölçü) bazında tek görsel ve gerilim/akım tablosu yok; tam MPN sitede doğrulanamadı.";https://www.ankaracncmarket.com.tr/kompakt-fanlar/120x120x38mm-110vac-0-24a-22w-e9590339d534fd26ae16
Fanlar;Dossy;DS15052ABHL;;Dossy DS15052ABHL fan, 172×150×51 mm, 220 V AC;"Ölçü: 172×150×51 mm; Gerilim: 220 V AC";172X150X51MM-220VAC;DOSSY17-DS15052ABHL;20,0;Üretici görseli var;seri;https://www.dossyfan.com/AC-FAN/1552-2496.html;https://www.dossyfan.com/zyupload/202403/05/1552-2-202403050104084101.jpg;Orta;;"Üreticinin '1552' serisi 172×150×51 mm olarak listeleniyor. Dossy fanlarının üreticisi Zhejiang Fengdeng Electric Co., Ltd (dossyfan.com; site DOSSY adını katalog dosya adında kullanıyor). Sitede seri (ölçü) bazında tek görsel ve gerilim/akım tablosu yok; tam MPN sitede doğrulanamadı.";https://www.ankaracncmarket.com.tr/kompakt-fanlar/172x150x51mm-220vac-11ee9ef8cdfaba243cd3
Fanlar;Dossy;DS1752ABHL;;Dossy DS1752ABHL fan, 172×172×51 mm [TEYİT], 220 V AC;"Ölçü: 172×172×51 mm [TEYİT]; Gerilim: 220 V AC; Akım: 0,15 A; Güç: 30 W";172X160X51MM-220VAC-0,15A-30W;DOSSY18-DS1752ABHL;20,0;Üretici görseli var;seri;https://www.dossyfan.com/AC-FAN/17252-2497.html;https://www.dossyfan.com/zyupload/202403/05/17252-2-202403050107265091.jpg;Düşük;"Başlık 172×160×51 mm diyor; Dossy 17252 serisi 172×172×51 mm (ürün de 170X170 kategorisinde). 172×160 standart dışı, muhtemelen başlık hatası.";"Dossy fanlarının üreticisi Zhejiang Fengdeng Electric Co., Ltd (dossyfan.com; site DOSSY adını katalog dosya adında kullanıyor). Sitede seri (ölçü) bazında tek görsel ve gerilim/akım tablosu yok; tam MPN sitede doğrulanamadı.";https://www.ankaracncmarket.com.tr/kompakt-fanlar/172x160x51mm-220vac-0-15a-30w-d0ee86eee2180f2389a6
Fanlar;Dossy;DS20060ABHL;;Dossy DS20060ABHL fan, 200×200×60 mm, 220 V AC;"Ölçü: 200×200×60 mm; Gerilim: 220 V AC";200X200X60MM-220VAC;DOSSY21-DS20060ABHL;32,0;Üretici görseli var;seri;https://www.dossyfan.com/AC-FAN/20060-2499.html;https://www.dossyfan.com/zyupload/202403/05/20060-1-202403051734107329.jpg;Orta;;"Dossy fanlarının üreticisi Zhejiang Fengdeng Electric Co., Ltd (dossyfan.com; site DOSSY adını katalog dosya adında kullanıyor). Sitede seri (ölçü) bazında tek görsel ve gerilim/akım tablosu yok; tam MPN sitede doğrulanamadı.";https://www.ankaracncmarket.com.tr/kompakt-fanlar/200x200x60mm-220vac-c5eaffd6c4d02938b023
Fanlar;Dossy;DS8025ABHL;;Dossy DS8025ABHL fan, 80×80×25 mm, 220 V AC;"Ölçü: 80×80×25 mm; Gerilim: 220 V AC";80X80X25MM-220VAC;DOSSY01-DS8025ABHL;7,0;Üretici görseli var;seri;https://www.dossyfan.com/AC-FAN/8025-2438.html;https://www.dossyfan.com/zyupload/202402/24/8025-2-202402241053021014.jpg;Orta;;"Dossy fanlarının üreticisi Zhejiang Fengdeng Electric Co., Ltd (dossyfan.com; site DOSSY adını katalog dosya adında kullanıyor). Sitede seri (ölçü) bazında tek görsel ve gerilim/akım tablosu yok; tam MPN sitede doğrulanamadı.";https://www.ankaracncmarket.com.tr/kompakt-fanlar/80x80x25mm-220vac-9f1c9f8e43cf595bc39e
Fanlar;Dossy;DS9238ASHL;;Dossy DS9238ASHL fan, 92×92×38 mm, 220 V AC;"Ölçü: 92×92×38 mm; Gerilim: 220 V AC; Akım: 0,09 A; Güç: 15 W";92X92X38MM-220VAC-0,09A-15W;DOSSY04-DS9238ASHL;7,0;Resmi görsel bulunamadı;;;;Orta;;"Üretici sitesinde 92×92×38 mm AC fan sayfası bulunamadı (yalnız 9225 var). Dossy fanlarının üreticisi Zhejiang Fengdeng Electric Co., Ltd (dossyfan.com; site DOSSY adını katalog dosya adında kullanıyor). Sitede seri (ölçü) bazında tek görsel ve gerilim/akım tablosu yok; tam MPN sitede doğrulanamadı.";https://www.ankaracncmarket.com.tr/kompakt-fanlar/92x92x38mm-220vac-0-09a-15w-d41fe75964a4301aee3a
Fanlar;Fanuc;A90L-0001-0441#39;;Fanuc A90L-0001-0441#39 sürücü fanı, 40×40×15 mm, 24 V DC (beyaz soket);"Ölçü: 40×40×15 mm; Gerilim: 24 V DC; Soket: Beyaz";40x40x15 Fanuc Sürücü Fanı (Beyaz Soket) A90L-0001-0441/39;240;40,0;Üretici görsel yayınlamıyor;;;;Orta;"Site kodu (240) rastgele iç kod; üretici parça numarası değil. Başlıkta '/39' yazılmış; Fanuc yazımı A90L-0001-0441#39.";"Fanuc yedek parça görseli yayınlamıyor. A90L-0001-0441 Fanuc'ta birden çok fan üreticisinden tedarik ediliyor (KFAS çapraz tablosu: Sanyo Denki 109P0424H7D08 Fine Ace 15; diğer kaynaklarda 9WF0424H7D03 / NMB 1606KL-05W-B59). Üründeki fanın gerçek üretici kodu etikette kontrol edilmeli [TEYİT].";https://www.ankaracncmarket.com.tr/elektronik/40x40x15-fanuc-surucu-fani-beyaz-soket-a90l-0001-0441-39-7665f4365635eb557a45
Fanlar;Fanuc;A90L-0001-0506#135;2406KL-05W-B59;Fanuc A90L-0001-0506#135 sürücü fanı, 60×60×15 mm, 24 V DC (beyaz soket);"Ölçü: 60×60×15 mm; Gerilim: 24 V DC; Soket: Beyaz";60X60X15 FANUC SÜRÜCÜ FANI (BEYAZ SOKET) A90L-0001-0506/135;280;30,0;Üretici görsel yayınlamıyor;;;;Orta;"Site kodu (280) rastgele iç kod; üretici parça numarası değil. Başlıkta '/135' yazılmış; Fanuc yazımı A90L-0001-0506#135.";Fanuc yedek parça görseli yayınlamıyor. Kaynaklarda NMB 2406KL-05W-B59 ile eşleştiriliyor (Sanyo 9WF0624H7D04 muadili de var) [TEYİT].;https://www.ankaracncmarket.com.tr/elektronik/60x60x15-fanuc-surucu-fani-beyaz-soket-a90l-0001-0506-135-2d91451c480b0304437f
Fanlar;Fanuc;A90L-0001-0510;1608KL-05W-B39;Fanuc A90L-0001-0510 sürücü fanı, 40×40×20 mm, 24 V DC;"Ölçü: 40×40×20 mm; Gerilim: 24 V DC";40x40x20 Fanuc Sürücü Fanı A90L-0001-0510;260;35,0;Üretici görsel yayınlamıyor;;;;Orta;"Site kodu (260) rastgele iç kod; üretici parça numarası değil.";"Fanuc yedek parça görseli yayınlamıyor. KFAS çapraz tablosu: NMB 1608KL-05W-B39 (Alpha i serisi). Fanuc bu numarayı Sanyo Denki muadilleriyle de tedarik edebiliyor; etiketteki üretici kodu [TEYİT].";https://www.ankaracncmarket.com.tr/elektronik/40x40x20-fanuc-surucu-fani-a90l-0001-0510-7f0219a4116470077c8b
Fanlar;Fanuc;A90L-0001-0511;2406KL-05W-B39, 9WF0624H7D03;Fanuc A90L-0001-0511 sürücü fanı, 60×60×15 mm, 24 V DC;"Ölçü: 60×60×15 mm; Gerilim: 24 V DC";60X60X15 FANUC SÜRÜCÜ FANI A90L-0001-0511;290;35,0;Üretici görsel yayınlamıyor;;;;Orta;"Site kodu (290) rastgele iç kod; üretici parça numarası değil.";"Fanuc yedek parça görseli yayınlamıyor. KFAS: NMB 2406KL-05W-B39 (Alpha i); diğer kaynaklar Sanyo Denki 9WF0624H7D03 ve NMB 2406KL-05W-B59 da veriyor. Etiketteki üretici kodu [TEYİT].";https://www.ankaracncmarket.com.tr/elektronik/60x60x15-fanuc-surucu-fani-a90l-0001-0511-c706fe5fd8aef610d6d7
Fanlar;Fanuc;A90L-0001-0581;2410VL-S5W-B59, 9WF0624H404;Fanuc A90L-0001-0581 sürücü fanı, 60×60×25 mm, 24 V DC;"Ölçü: 60×60×25 mm; Gerilim: 24 V DC";A90L-0001-0581 - 60X60X25 FANUC SÜRÜCÜ FANI;FJKNPXY3;65,0;Üretici görsel yayınlamıyor;;;;Orta;"Site kodu (FJKNPXY3) rastgele iç kod; üretici parça numarası değil.";"Fanuc yedek parça görseli yayınlamıyor. Kaynaklarda NMB 2410VL-S5W-B59 veya Sanyo Denki 9WF0624H404 ile eşleşiyor; etiketteki üretici kodu [TEYİT].";https://www.ankaracncmarket.com.tr/elektronik/a90l-0001-0581---60x60x25-fanuc-surucu-fani-329e9a60c11e752d99fd
Fanlar;Fanuc;Fanuc sürücü fanı 40×40×20 mm (beyaz soket);;Fanuc sürücü fanı, 40×40×20 mm, 24 V DC (beyaz soket);"Ölçü: 40×40×20 mm; Gerilim: 24 V DC; Soket: Beyaz";40x40x20 Fanuc Sürücü Fanı (Beyaz Soket);250;19,0;Üretici görsel yayınlamıyor;;;;Düşük;"Site kodu (250) rastgele iç kod; üretici parça numarası değil.";"Fanuc yedek parça görseli yayınlamıyor. Başlıkta Fanuc numarası yok. 40×40×20 Fanuc fanları A90L-0001-0510 / A90L-0001-0507#A / A90L-0001-0551#A gibi farklı soketlerle geliyor; hangisi olduğu ürün etiketinden belirlenmeli [TEYİT].";https://www.ankaracncmarket.com.tr/elektronik/40x40x20-fanuc-surucu-fani-beyaz-soket-26bae1eb1e43a82fe622
Fanlar;INK;INK-12025HSL;;INK INK-12025HSL fan, 120×120×25 mm, 12 V DC;"Ölçü: 120×120×25 mm; Gerilim: 12 V DC; Akım: 0,25 A";120X120X25MM 12VDC 0.25A;INK-12025HSL;4,0;Resmi görsel bulunamadı;;;;Düşük;;"INK markasının resmi sitesi bulunamadı; INK öneki muhtemelen İnko Elektronik'in kendi etiketi [TEYİT]. Kod düzeni tutarsız (INK-6025H1SL 12 V, INK-6025HSL 24 V; INK-9225HSL 12 V, INK-9225H2SL 24 V).";https://www.ankaracncmarket.com.tr/kompakt-fanlar/120x120x25mm-12vdc-0.25a-66a88eef055d5a61fac2
Fanlar;INK;INK-12025HSL [TEYİT];;INK INK-12025HSL [TEYİT] fan, 120×120×25 mm, 24 V DC;"Ölçü: 120×120×25 mm; Gerilim: 24 V DC; Akım: 0,33 A";120X120X25MM 24 VDC 0.33A;NK-12025HSL;4,0;Resmi görsel bulunamadı;;;;Düşük;"Kod 'NK-12025HSL' baştaki I harfi eksik (INK-…). Ayrıca aynı kod pid 2062'de 12 V ürün için kullanılıyor; 24 V sürümün kodu farklı olmalı (muhtemelen INK-12025H2SL) [TEYİT].";"INK markasının resmi sitesi bulunamadı; INK öneki muhtemelen İnko Elektronik'in kendi etiketi [TEYİT]. Kod düzeni tutarsız (INK-6025H1SL 12 V, INK-6025HSL 24 V; INK-9225HSL 12 V, INK-9225H2SL 24 V).";https://www.ankaracncmarket.com.tr/kompakt-fanlar/120x120x25mm-24-vdc-0.33a-339746c7a4b07f3d6067
Fanlar;INK;INK-12038HSL;;INK INK-12038HSL fan, 120×120×38 mm, 12 V DC;"Ölçü: 120×120×38 mm; Gerilim: 12 V DC; Akım: 0,30 A";120X120X38MM 12 VDC 0.30A;INK-12038HSL;6,0;Resmi görsel bulunamadı;;;;Düşük;;"INK markasının resmi sitesi bulunamadı; INK öneki muhtemelen İnko Elektronik'in kendi etiketi [TEYİT]. Kod düzeni tutarsız (INK-6025H1SL 12 V, INK-6025HSL 24 V; INK-9225HSL 12 V, INK-9225H2SL 24 V).";https://www.ankaracncmarket.com.tr/kompakt-fanlar/120x120x38mm-12-vdc-0.30a-fec24533b04dc575bfc3
Fanlar;INK;INK-17250HSL;;INK INK-17250HSL fan, 172×150×51 mm, 24 V DC;"Ölçü: 172×150×51 mm; Gerilim: 24 V DC; Akım: 0,60 A";172X150X51MM 24VDC 0.60A;INK-17250HSL;26,0;Resmi görsel bulunamadı;;;;Düşük;"172×150×51 mm ürün '170X170' kategorisinde; kategori hatalı. Kod 17250, başlık 51 mm.";"INK markasının resmi sitesi bulunamadı; INK öneki muhtemelen İnko Elektronik'in kendi etiketi [TEYİT]. Kod düzeni tutarsız (INK-6025H1SL 12 V, INK-6025HSL 24 V; INK-9225HSL 12 V, INK-9225H2SL 24 V).";https://www.ankaracncmarket.com.tr/kompakt-fanlar/172x150x51mm-24vdc-0.60a-212e52a2c1824baeb6e3
Fanlar;INK;INK-6025H1SL;;INK INK-6025H1SL fan, 60×60×25 mm, 12 V DC;"Ölçü: 60×60×25 mm; Gerilim: 12 V DC; Akım: 0,21 A";60X60X25MM 12 VDC 0.21A;INK-6025H1SL;2,5;Resmi görsel bulunamadı;;;;Düşük;;"INK markasının resmi sitesi bulunamadı; INK öneki muhtemelen İnko Elektronik'in kendi etiketi [TEYİT]. Kod düzeni tutarsız (INK-6025H1SL 12 V, INK-6025HSL 24 V; INK-9225HSL 12 V, INK-9225H2SL 24 V).";https://www.ankaracncmarket.com.tr/kompakt-fanlar/60x60x25mm-12-vdc-0.21a-d9ca62cedf39f6b697a0
Fanlar;INK;INK-6025HSL;;INK INK-6025HSL fan, 60×60×25 mm, 24 V DC;"Ölçü: 60×60×25 mm; Gerilim: 24 V DC; Akım: 0,15 A";60X60X25MM 24 VDC 0.15A;INK-6025HSL;2,5;Resmi görsel bulunamadı;;;;Düşük;;"INK markasının resmi sitesi bulunamadı; INK öneki muhtemelen İnko Elektronik'in kendi etiketi [TEYİT]. Kod düzeni tutarsız (INK-6025H1SL 12 V, INK-6025HSL 24 V; INK-9225HSL 12 V, INK-9225H2SL 24 V).";https://www.ankaracncmarket.com.tr/kompakt-fanlar/60x60x25mm-24-vdc-0.15a-7505fbe2adc702ee9c5e
Fanlar;INK;INK-9225H2SL;;INK INK-9225H2SL fan, 92×92×25 mm, 24 V DC;"Ölçü: 92×92×25 mm; Gerilim: 24 V DC; Akım: 0,16 A";92X92X25MM-24VDC-0.16A;INK-9225H2SL;2,5;Resmi görsel bulunamadı;;;;Düşük;;"INK markasının resmi sitesi bulunamadı; INK öneki muhtemelen İnko Elektronik'in kendi etiketi [TEYİT]. Kod düzeni tutarsız (INK-6025H1SL 12 V, INK-6025HSL 24 V; INK-9225HSL 12 V, INK-9225H2SL 24 V).";https://www.ankaracncmarket.com.tr/kompakt-fanlar/92x92x25mm-24vdc-0.16a-fcd9f1f9452914ac0f03
Fanlar;INK;INK-9225HSL;;INK INK-9225HSL fan, 92×92×25 mm, 12 V DC;"Ölçü: 92×92×25 mm; Gerilim: 12 V DC; Akım: 0,20 A";92X92X25MM 12VDC 0.20A;INK-9225HSL;2,5;Resmi görsel bulunamadı;;;;Düşük;;"INK markasının resmi sitesi bulunamadı; INK öneki muhtemelen İnko Elektronik'in kendi etiketi [TEYİT]. Kod düzeni tutarsız (INK-6025H1SL 12 V, INK-6025HSL 24 V; INK-9225HSL 12 V, INK-9225H2SL 24 V).";https://www.ankaracncmarket.com.tr/kompakt-fanlar/92x92x25mm-12vdc-0.20a-3abab57869e6e93ecea7
Fanlar;Kaku;KA1225H1X;;KAKU KA1225H1X fan, 120×120×25 mm, 12 V DC;"Ölçü: 120×120×25 mm; Gerilim: 12 V DC";120X120X25MM 12V DC FAN;KA1225H1X;8,0;Resmi görsel bulunamadı;;;;Düşük;;"Bu küçük DC fan kodu (KA<ölçü><M/H><1/2/5><X/S>; 1=12 V, 2=24 V, 5=5 V) KAKU'nun resmi DC adlandırmasıyla (ör. KA6025-6000D24B, KA1225-2500D24B: ölçü-devir-D<gerilim><yatak>) örtüşmüyor; kod yalnız Türk bayilerinde (İnko Elektronik, Cemal Elektronik) 'KAKU' markasıyla görülüyor. Muhtemelen ithalatçı/özel etiket kodu; KAKU'nun resmi karşılığı doğrulanamadı [TEYİT]. KAKU: Taiwan KAKU (kaku-taiwan.com.tw, 1999; Shanghai KAKU Electric Equipment Corp. ile üretim ittifakı, shkaku.com). kaku.com.tw sertifika hatası veriyor, shkaku.com yalnız HTTP ve erişilemedi; kaku-taiwan.com.tw seri sayfalarında çıkarılabilir ürün görseli yok (2007 tarihli eski site; sayfa içeriğinde img adresi dönmüyor). Bu nedenle resmi görsel bulunamadı.";https://www.ankaracncmarket.com.tr/kompakt-fanlar/120x120x25mm-12v-dc-fan-71091588ed2b378c4113
Fanlar;Kaku;KA1225H2X;;KAKU KA1225H2X fan, 120×120×25 mm, 24 V DC;"Ölçü: 120×120×25 mm; Gerilim: 24 V DC";120X120X25MM 24V DC FAN;KA1225H2X;8,5;Resmi görsel bulunamadı;;;;Düşük;;"Bu küçük DC fan kodu (KA<ölçü><M/H><1/2/5><X/S>; 1=12 V, 2=24 V, 5=5 V) KAKU'nun resmi DC adlandırmasıyla (ör. KA6025-6000D24B, KA1225-2500D24B: ölçü-devir-D<gerilim><yatak>) örtüşmüyor; kod yalnız Türk bayilerinde (İnko Elektronik, Cemal Elektronik) 'KAKU' markasıyla görülüyor. Muhtemelen ithalatçı/özel etiket kodu; KAKU'nun resmi karşılığı doğrulanamadı [TEYİT]. KAKU: Taiwan KAKU (kaku-taiwan.com.tw, 1999; Shanghai KAKU Electric Equipment Corp. ile üretim ittifakı, shkaku.com). kaku.com.tw sertifika hatası veriyor, shkaku.com yalnız HTTP ve erişilemedi; kaku-taiwan.com.tw seri sayfalarında çıkarılabilir ürün görseli yok (2007 tarihli eski site; sayfa içeriğinde img adresi dönmüyor). Bu nedenle resmi görsel bulunamadı.";https://www.ankaracncmarket.com.tr/kompakt-fanlar/120x120x25mm-24v-dc-fan-0691583cb50bca726011
Fanlar;Kaku;KA1225HA2SML;;KAKU KA1225HA2SML fan, 120×120×25 mm, 220 V AC;"Ölçü: 120×120×25 mm; Gerilim: 220 V AC";120X120X25MM 220VAC KARE FAN;KA1225HA2SML;18,0;Resmi görsel bulunamadı;;https://www.kaku-taiwan.com.tw/en/index-2-av-121225.html;;Orta;;"KAKU AC fan kodu (HA1 = 110 V AC, HA2 = 220 V AC; S/B = sleeve/bilyalı yatak [TEYİT]). KAKU'nun kendi kodlarında son ek genelde AT/MT/AL/ML biçiminde (ör. KA1225HA2SAT, KA1238HA2BMT, KA8225HA1SAL); 'SML/BML' biçimi bu düzenle uyumlu ama bu tam kod resmi kaynakta doğrulanamadı. mfr_page KAKU Taiwan'ın ilgili ölçüdeki AC fan seri sayfası (model sayfası değil). KAKU: Taiwan KAKU (kaku-taiwan.com.tw, 1999; Shanghai KAKU Electric Equipment Corp. ile üretim ittifakı, shkaku.com). kaku.com.tw sertifika hatası veriyor, shkaku.com yalnız HTTP ve erişilemedi; kaku-taiwan.com.tw seri sayfalarında çıkarılabilir ürün görseli yok (2007 tarihli eski site; sayfa içeriğinde img adresi dönmüyor). Bu nedenle resmi görsel bulunamadı.";https://www.ankaracncmarket.com.tr/kompakt-fanlar/120x120x25mm-220vac-kare-fan-e060ed084cd50f9790ac
Fanlar;Kaku;KA1238H2X;;KAKU KA1238H2X fan, 120×120×38 mm, 24 V DC, 0,60 A;"Ölçü: 120×120×38 mm; Gerilim: 24 V DC; Akım: 0,60 A";120X120X38MM 24V 0.60A DC FAN;KA1238H2X;14,0;Resmi görsel bulunamadı;;;;Düşük;;"Bu küçük DC fan kodu (KA<ölçü><M/H><1/2/5><X/S>; 1=12 V, 2=24 V, 5=5 V) KAKU'nun resmi DC adlandırmasıyla (ör. KA6025-6000D24B, KA1225-2500D24B: ölçü-devir-D<gerilim><yatak>) örtüşmüyor; kod yalnız Türk bayilerinde (İnko Elektronik, Cemal Elektronik) 'KAKU' markasıyla görülüyor. Muhtemelen ithalatçı/özel etiket kodu; KAKU'nun resmi karşılığı doğrulanamadı [TEYİT]. KAKU: Taiwan KAKU (kaku-taiwan.com.tw, 1999; Shanghai KAKU Electric Equipment Corp. ile üretim ittifakı, shkaku.com). kaku.com.tw sertifika hatası veriyor, shkaku.com yalnız HTTP ve erişilemedi; kaku-taiwan.com.tw seri sayfalarında çıkarılabilir ürün görseli yok (2007 tarihli eski site; sayfa içeriğinde img adresi dönmüyor). Bu nedenle resmi görsel bulunamadı.";https://www.ankaracncmarket.com.tr/kompakt-fanlar/120x120x38mm-24v-0.60a-dc-fan-1f9d33338f5337405cfb
Fanlar;Kaku;KA1238HA2SML;;KAKU KA1238HA2SML fan, 120×120×38 mm, 220 V AC;"Ölçü: 120×120×38 mm; Gerilim: 220 V AC";120X120X38MM 220VAC PLASTİK KANAT KARE FAN;KA1238HA2SML;12,0;Resmi görsel bulunamadı;;https://www.kaku-taiwan.com.tw/en/index-2-av-1238.html;;Orta;;"KAKU AC fan kodu (HA1 = 110 V AC, HA2 = 220 V AC; S/B = sleeve/bilyalı yatak [TEYİT]). KAKU'nun kendi kodlarında son ek genelde AT/MT/AL/ML biçiminde (ör. KA1225HA2SAT, KA1238HA2BMT, KA8225HA1SAL); 'SML/BML' biçimi bu düzenle uyumlu ama bu tam kod resmi kaynakta doğrulanamadı. mfr_page KAKU Taiwan'ın ilgili ölçüdeki AC fan seri sayfası (model sayfası değil). KAKU: Taiwan KAKU (kaku-taiwan.com.tw, 1999; Shanghai KAKU Electric Equipment Corp. ile üretim ittifakı, shkaku.com). kaku.com.tw sertifika hatası veriyor, shkaku.com yalnız HTTP ve erişilemedi; kaku-taiwan.com.tw seri sayfalarında çıkarılabilir ürün görseli yok (2007 tarihli eski site; sayfa içeriğinde img adresi dönmüyor). Bu nedenle resmi görsel bulunamadı.";https://www.ankaracncmarket.com.tr/kompakt-fanlar/120x120x38mm-220vac-plastik-kanat-kare-fan-2b1f22653fd8781537d7
Fanlar;Kaku;KA1238M1X;;KAKU KA1238M1X fan, 120×120×38 mm, 12 V DC;"Ölçü: 120×120×38 mm; Gerilim: 12 V DC";120X120X38MM 12V DC FAN;KA1238M1X;18,0;Resmi görsel bulunamadı;;;;Düşük;;"Bu küçük DC fan kodu (KA<ölçü><M/H><1/2/5><X/S>; 1=12 V, 2=24 V, 5=5 V) KAKU'nun resmi DC adlandırmasıyla (ör. KA6025-6000D24B, KA1225-2500D24B: ölçü-devir-D<gerilim><yatak>) örtüşmüyor; kod yalnız Türk bayilerinde (İnko Elektronik, Cemal Elektronik) 'KAKU' markasıyla görülüyor. Muhtemelen ithalatçı/özel etiket kodu; KAKU'nun resmi karşılığı doğrulanamadı [TEYİT]. KAKU: Taiwan KAKU (kaku-taiwan.com.tw, 1999; Shanghai KAKU Electric Equipment Corp. ile üretim ittifakı, shkaku.com). kaku.com.tw sertifika hatası veriyor, shkaku.com yalnız HTTP ve erişilemedi; kaku-taiwan.com.tw seri sayfalarında çıkarılabilir ürün görseli yok (2007 tarihli eski site; sayfa içeriğinde img adresi dönmüyor). Bu nedenle resmi görsel bulunamadı.";https://www.ankaracncmarket.com.tr/kompakt-fanlar/120x120x38mm-12v-dc-fan-19133919ee461cbb380c
Fanlar;Kaku;KA1238M2X;;KAKU KA1238M2X fan, 120×120×38 mm, 24 V DC, 0,35 A;"Ölçü: 120×120×38 mm; Gerilim: 24 V DC; Akım: 0,35 A";120X120X38MM 24V 0.35A DC FAN;KA1238M2X;12,0;Resmi görsel bulunamadı;;;;Düşük;;"Bu küçük DC fan kodu (KA<ölçü><M/H><1/2/5><X/S>; 1=12 V, 2=24 V, 5=5 V) KAKU'nun resmi DC adlandırmasıyla (ör. KA6025-6000D24B, KA1225-2500D24B: ölçü-devir-D<gerilim><yatak>) örtüşmüyor; kod yalnız Türk bayilerinde (İnko Elektronik, Cemal Elektronik) 'KAKU' markasıyla görülüyor. Muhtemelen ithalatçı/özel etiket kodu; KAKU'nun resmi karşılığı doğrulanamadı [TEYİT]. KAKU: Taiwan KAKU (kaku-taiwan.com.tw, 1999; Shanghai KAKU Electric Equipment Corp. ile üretim ittifakı, shkaku.com). kaku.com.tw sertifika hatası veriyor, shkaku.com yalnız HTTP ve erişilemedi; kaku-taiwan.com.tw seri sayfalarında çıkarılabilir ürün görseli yok (2007 tarihli eski site; sayfa içeriğinde img adresi dönmüyor). Bu nedenle resmi görsel bulunamadı.";https://www.ankaracncmarket.com.tr/kompakt-fanlar/120x120x38mm-24v-0.35a-dc-fan-676bdd221c4a1fa32e82
Fanlar;Kaku;KA1238XA2BML;;KAKU KA1238XA2BML fan, 120×120×38 mm, 220 V AC;"Ölçü: 120×120×38 mm; Gerilim: 220 V AC; Yatak: Rulmanlı (bilyalı); Gövde: Metal";120X120X38MM 220VAC RULMANLI METAL KARE FAN;KA1238XA2BML;50,0;Resmi görsel bulunamadı;;https://www.kaku-taiwan.com.tw/en/index-2-av-1238.html;;Orta;;"KAKU AC fan kodu (HA1 = 110 V AC, HA2 = 220 V AC; S/B = sleeve/bilyalı yatak [TEYİT]). KAKU'nun kendi kodlarında son ek genelde AT/MT/AL/ML biçiminde (ör. KA1225HA2SAT, KA1238HA2BMT, KA8225HA1SAL); 'SML/BML' biçimi bu düzenle uyumlu ama bu tam kod resmi kaynakta doğrulanamadı. mfr_page KAKU Taiwan'ın ilgili ölçüdeki AC fan seri sayfası (model sayfası değil). Başlık metal gövde/kanat diyor; 'X' harfinin metal versiyonu gösterdiği varsayılıyor [TEYİT] (KA1238HA2SML başlığı 'plastik kanat'). KAKU: Taiwan KAKU (kaku-taiwan.com.tw, 1999; Shanghai KAKU Electric Equipment Corp. ile üretim ittifakı, shkaku.com). kaku.com.tw sertifika hatası veriyor, shkaku.com yalnız HTTP ve erişilemedi; kaku-taiwan.com.tw seri sayfalarında çıkarılabilir ürün görseli yok (2007 tarihli eski site; sayfa içeriğinde img adresi dönmüyor). Bu nedenle resmi görsel bulunamadı.";https://www.ankaracncmarket.com.tr/kompakt-fanlar/120x120x38mm-220vac-rulmanli-metal-kare-fan-2696bfb23a54252fc84f
Fanlar;Kaku;KA1238XA2SML;;KAKU KA1238XA2SML fan, 120×120×38 mm, 220 V AC;"Ölçü: 120×120×38 mm; Gerilim: 220 V AC; Gövde: Metal";120X120X38MM 220VAC METAL KARE FAN;KA1238XA2SML;50,0;Resmi görsel bulunamadı;;https://www.kaku-taiwan.com.tw/en/index-2-av-1238.html;;Orta;;"KAKU AC fan kodu (HA1 = 110 V AC, HA2 = 220 V AC; S/B = sleeve/bilyalı yatak [TEYİT]). KAKU'nun kendi kodlarında son ek genelde AT/MT/AL/ML biçiminde (ör. KA1225HA2SAT, KA1238HA2BMT, KA8225HA1SAL); 'SML/BML' biçimi bu düzenle uyumlu ama bu tam kod resmi kaynakta doğrulanamadı. mfr_page KAKU Taiwan'ın ilgili ölçüdeki AC fan seri sayfası (model sayfası değil). Başlık metal gövde/kanat diyor; 'X' harfinin metal versiyonu gösterdiği varsayılıyor [TEYİT] (KA1238HA2SML başlığı 'plastik kanat'). KAKU: Taiwan KAKU (kaku-taiwan.com.tw, 1999; Shanghai KAKU Electric Equipment Corp. ile üretim ittifakı, shkaku.com). kaku.com.tw sertifika hatası veriyor, shkaku.com yalnız HTTP ve erişilemedi; kaku-taiwan.com.tw seri sayfalarında çıkarılabilir ürün görseli yok (2007 tarihli eski site; sayfa içeriğinde img adresi dönmüyor). Bu nedenle resmi görsel bulunamadı.";https://www.ankaracncmarket.com.tr/kompakt-fanlar/120x120x38mm-220vac-metal-kare-fan-10de1b57f23a10d043ea
Fanlar;Kaku;KA1606HA1BML;;KAKU KA1606HA1BML fan, 160×160×65 mm, 110 V AC;"Ölçü: 160×160×65 mm; Gerilim: 110 V AC; Yatak: Rulmanlı (bilyalı)";160X160X65MM 110VAC RULMANLI KARE FAN;KA1606HA1BML;75,0;Resmi görsel bulunamadı;;;;Orta;;"KAKU AC fan kodu (HA1 = 110 V AC, HA2 = 220 V AC; S/B = sleeve/bilyalı yatak [TEYİT]). KAKU'nun kendi kodlarında son ek genelde AT/MT/AL/ML biçiminde (ör. KA1225HA2SAT, KA1238HA2BMT, KA8225HA1SAL); 'SML/BML' biçimi bu düzenle uyumlu ama bu tam kod resmi kaynakta doğrulanamadı. KA1606 (160×160 mm) KAKU Taiwan'ın güncel AC seri listesinde yok (KA1806 var); kod doğrulanamadı [TEYİT]. KAKU: Taiwan KAKU (kaku-taiwan.com.tw, 1999; Shanghai KAKU Electric Equipment Corp. ile üretim ittifakı, shkaku.com). kaku.com.tw sertifika hatası veriyor, shkaku.com yalnız HTTP ve erişilemedi; kaku-taiwan.com.tw seri sayfalarında çıkarılabilir ürün görseli yok (2007 tarihli eski site; sayfa içeriğinde img adresi dönmüyor). Bu nedenle resmi görsel bulunamadı.";https://www.ankaracncmarket.com.tr/kompakt-fanlar/160x160x65mm-110vac-rulmanli-kare-fan-ff32e3ad984862ef4405
Fanlar;Kaku;KA1606HA2BML;;KAKU KA1606HA2BML fan, 160×160×65 mm, 220 V AC;"Ölçü: 160×160×65 mm; Gerilim: 220 V AC; Yatak: Rulmanlı (bilyalı)";160X160X65MM 220VAC RULMANLI KARE FAN;KA1606HA2BML;70,0;Resmi görsel bulunamadı;;;;Orta;;"KAKU AC fan kodu (HA1 = 110 V AC, HA2 = 220 V AC; S/B = sleeve/bilyalı yatak [TEYİT]). KAKU'nun kendi kodlarında son ek genelde AT/MT/AL/ML biçiminde (ör. KA1225HA2SAT, KA1238HA2BMT, KA8225HA1SAL); 'SML/BML' biçimi bu düzenle uyumlu ama bu tam kod resmi kaynakta doğrulanamadı. KA1606 (160×160 mm) KAKU Taiwan'ın güncel AC seri listesinde yok (KA1806 var); kod doğrulanamadı [TEYİT]. KAKU: Taiwan KAKU (kaku-taiwan.com.tw, 1999; Shanghai KAKU Electric Equipment Corp. ile üretim ittifakı, shkaku.com). kaku.com.tw sertifika hatası veriyor, shkaku.com yalnız HTTP ve erişilemedi; kaku-taiwan.com.tw seri sayfalarında çıkarılabilir ürün görseli yok (2007 tarihli eski site; sayfa içeriğinde img adresi dönmüyor). Bu nedenle resmi görsel bulunamadı.";https://www.ankaracncmarket.com.tr/kompakt-fanlar/160x160x65mm-220vac-rulmanli-kare-fan-00c3376df5f473407535
Fanlar;Kaku;KA17023-D12B;;KAKU KA17023-D12B fan, 172×150×38 mm, 12 V DC, 0,72 A;"Ölçü: 172×150×38 mm; Gerilim: 12 V DC; Akım: 0,72 A";172X150X38MM-12VDC - 0,72A;KAKU-KA17023-D12B;60,0;Resmi görsel bulunamadı;;;;Düşük;;"'KAKU-' öneki kod parçası değil, çıkarıldı. KAKU DC fan. KAKU'nun resmi DC kodları ölçü-devir-D<gerilim>B biçiminde (ör. KA1725-3200D24BML, KA2509-2000D24B; D12/D24/D48 = 12/24/48 V DC, B = bilyalı [TEYİT]). Bu kodda devir hanesi yok; KAKU'nun tam MPN'i (devirli) doğrulanamadı. KA17023 kodu (172×150×38 mm) resmi KAKU kaynaklarında bulunamadı [TEYİT]. KAKU: Taiwan KAKU (kaku-taiwan.com.tw, 1999; Shanghai KAKU Electric Equipment Corp. ile üretim ittifakı, shkaku.com). kaku.com.tw sertifika hatası veriyor, shkaku.com yalnız HTTP ve erişilemedi; kaku-taiwan.com.tw seri sayfalarında çıkarılabilir ürün görseli yok (2007 tarihli eski site; sayfa içeriğinde img adresi dönmüyor). Bu nedenle resmi görsel bulunamadı.";https://www.ankaracncmarket.com.tr/kompakt-fanlar/172x150x38mm-12vdc---0-72a-ce8c36a323e5cc6eef18
Fanlar;Kaku;KA17023-D24B;;KAKU KA17023-D24B fan, 172×150×38 mm, 24 V DC, 0,36 A;"Ölçü: 172×150×38 mm; Gerilim: 24 V DC; Akım: 0,36 A";172X150X38MM-24VDC -0,36A;KAKU-KA17023-D24B;60,0;Resmi görsel bulunamadı;;;;Düşük;;"'KAKU-' öneki kod parçası değil, çıkarıldı. KAKU DC fan. KAKU'nun resmi DC kodları ölçü-devir-D<gerilim>B biçiminde (ör. KA1725-3200D24BML, KA2509-2000D24B; D12/D24/D48 = 12/24/48 V DC, B = bilyalı [TEYİT]). Bu kodda devir hanesi yok; KAKU'nun tam MPN'i (devirli) doğrulanamadı. KA17023 kodu (172×150×38 mm) resmi KAKU kaynaklarında bulunamadı [TEYİT]. KAKU: Taiwan KAKU (kaku-taiwan.com.tw, 1999; Shanghai KAKU Electric Equipment Corp. ile üretim ittifakı, shkaku.com). kaku.com.tw sertifika hatası veriyor, shkaku.com yalnız HTTP ve erişilemedi; kaku-taiwan.com.tw seri sayfalarında çıkarılabilir ürün görseli yok (2007 tarihli eski site; sayfa içeriğinde img adresi dönmüyor). Bu nedenle resmi görsel bulunamadı.";https://www.ankaracncmarket.com.tr/kompakt-fanlar/172x150x38mm-24vdc--0-36a-0da623013f96c08efa43
Fanlar;Kaku;KA17023-D48B;;KAKU KA17023-D48B fan, 172×150×38 mm, 48 V DC, 0,18 A;"Ölçü: 172×150×38 mm; Gerilim: 48 V DC; Akım: 0,18 A";172X150X38MM-48VDC -0,18A;KAKU-KA17023-D48B;60,0;Resmi görsel bulunamadı;;;;Düşük;;"'KAKU-' öneki kod parçası değil, çıkarıldı. KAKU DC fan. KAKU'nun resmi DC kodları ölçü-devir-D<gerilim>B biçiminde (ör. KA1725-3200D24BML, KA2509-2000D24B; D12/D24/D48 = 12/24/48 V DC, B = bilyalı [TEYİT]). Bu kodda devir hanesi yok; KAKU'nun tam MPN'i (devirli) doğrulanamadı. KA17023 kodu (172×150×38 mm) resmi KAKU kaynaklarında bulunamadı [TEYİT]. KAKU: Taiwan KAKU (kaku-taiwan.com.tw, 1999; Shanghai KAKU Electric Equipment Corp. ile üretim ittifakı, shkaku.com). kaku.com.tw sertifika hatası veriyor, shkaku.com yalnız HTTP ve erişilemedi; kaku-taiwan.com.tw seri sayfalarında çıkarılabilir ürün görseli yok (2007 tarihli eski site; sayfa içeriğinde img adresi dönmüyor). Bu nedenle resmi görsel bulunamadı.";https://www.ankaracncmarket.com.tr/kompakt-fanlar/172x150x38mm-48vdc--0-18a-3d043e4009d97717c87c
Fanlar;Kaku;KA1725-D12B;;KAKU KA1725-D12B fan, 172×150×51 mm, 12 V DC, 0,8 A;"Ölçü: 172×150×51 mm; Gerilim: 12 V DC; Akım: 0,8 A";172X150X51MM-12VDC-0,8A;KAKU-KA1725-D12B;60,0;Resmi görsel bulunamadı;;;;Düşük;;"'KAKU-' öneki kod parçası değil, çıkarıldı. KAKU DC fan. KAKU'nun resmi DC kodları ölçü-devir-D<gerilim>B biçiminde (ör. KA1725-3200D24BML, KA2509-2000D24B; D12/D24/D48 = 12/24/48 V DC, B = bilyalı [TEYİT]). Bu kodda devir hanesi yok; KAKU'nun tam MPN'i (devirli) doğrulanamadı. KAKU: Taiwan KAKU (kaku-taiwan.com.tw, 1999; Shanghai KAKU Electric Equipment Corp. ile üretim ittifakı, shkaku.com). kaku.com.tw sertifika hatası veriyor, shkaku.com yalnız HTTP ve erişilemedi; kaku-taiwan.com.tw seri sayfalarında çıkarılabilir ürün görseli yok (2007 tarihli eski site; sayfa içeriğinde img adresi dönmüyor). Bu nedenle resmi görsel bulunamadı.";https://www.ankaracncmarket.com.tr/kompakt-fanlar/172x150x51mm-12vdc-0-8a-18a0ceb925fd381ccdbf
Fanlar;Kaku;KA1725-D24B;;KAKU KA1725-D24B fan, 172×150×51 mm, 24 V DC, 0,4 A;"Ölçü: 172×150×51 mm; Gerilim: 24 V DC; Akım: 0,4 A";172X150X51MM-24VDC -0,4A;KAKU-KA1725-D24B;70,0;Resmi görsel bulunamadı;;;;Düşük;;"'KAKU-' öneki kod parçası değil, çıkarıldı. KAKU DC fan. KAKU'nun resmi DC kodları ölçü-devir-D<gerilim>B biçiminde (ör. KA1725-3200D24BML, KA2509-2000D24B; D12/D24/D48 = 12/24/48 V DC, B = bilyalı [TEYİT]). Bu kodda devir hanesi yok; KAKU'nun tam MPN'i (devirli) doğrulanamadı. KAKU: Taiwan KAKU (kaku-taiwan.com.tw, 1999; Shanghai KAKU Electric Equipment Corp. ile üretim ittifakı, shkaku.com). kaku.com.tw sertifika hatası veriyor, shkaku.com yalnız HTTP ve erişilemedi; kaku-taiwan.com.tw seri sayfalarında çıkarılabilir ürün görseli yok (2007 tarihli eski site; sayfa içeriğinde img adresi dönmüyor). Bu nedenle resmi görsel bulunamadı.";https://www.ankaracncmarket.com.tr/kompakt-fanlar/172x150x51mm-24vdc--0-4a-e8849b224f0301f70160
Fanlar;Kaku;KA1725/5C/D24BML;;KAKU KA1725/5C/D24BML fan, 24 V DC;Gerilim: 24 V DC;172X160X55MM 24V DC FAN;KA1725/5C/D24BML;70,0;Resmi görsel bulunamadı;;;;Orta;"Başlıkta 172×160×55 mm yazıyor; KA1725 ailesi 172×150 mm çerçevelidir, doğrusu muhtemelen 172×150×55 mm [TEYİT].";"KAKU DC fan. KAKU'nun resmi DC kodları ölçü-devir-D<gerilim>B biçiminde (ör. KA1725-3200D24BML, KA2509-2000D24B; D12/D24/D48 = 12/24/48 V DC, B = bilyalı [TEYİT]). KAKU DC kodlarında genelde devir de yer alır (ör. KA1725-3200D24BML); bu kodda devir yok, tam MPN doğrulanamadı. KAKU: Taiwan KAKU (kaku-taiwan.com.tw, 1999; Shanghai KAKU Electric Equipment Corp. ile üretim ittifakı, shkaku.com). kaku.com.tw sertifika hatası veriyor, shkaku.com yalnız HTTP ve erişilemedi; kaku-taiwan.com.tw seri sayfalarında çıkarılabilir ürün görseli yok (2007 tarihli eski site; sayfa içeriğinde img adresi dönmüyor). Bu nedenle resmi görsel bulunamadı.";https://www.ankaracncmarket.com.tr/kompakt-fanlar/172x160x55mm-24v-dc-fan-c8b1332f2baf4ba67177
Fanlar;Kaku;KA1725/5CHA2;;KAKU KA1725/5CHA2 fan, 220 V AC, 0,17 A;"Gerilim: 220 V AC; Akım: 0,17 A";160X150X55MM-220VAC-0,17A;KAKU-KA1725/5CHA2;60,0;Resmi görsel bulunamadı;;https://www.kaku-taiwan.com.tw/en/index-2-av-17255.html;;Orta;"Başlıkta 160×150×55 mm yazıyor; KAKU KA1725 ailesi 172×150 mm çerçevelidir, '/5C' ve KAKU'nun '172×55mm' (KA17255HA) serisi 55 mm kalınlığa işaret ediyor. Doğru ölçü muhtemelen 172×150×55 mm [TEYİT].";"'KAKU-' öneki kod parçası değil, çıkarıldı. KAKU AC fan kodu (HA1 = 110 V AC, HA2 = 220 V AC; S/B = sleeve/bilyalı yatak [TEYİT]). KAKU'nun kendi kodlarında son ek genelde AT/MT/AL/ML biçiminde (ör. KA1225HA2SAT, KA1238HA2BMT, KA8225HA1SAL); 'SML/BML' biçimi bu düzenle uyumlu ama bu tam kod resmi kaynakta doğrulanamadı. KAKU Taiwan'ın 172×55 mm AC seri sayfası mfr_page olarak verildi (seri sayfası, model sayfası değil). KAKU: Taiwan KAKU (kaku-taiwan.com.tw, 1999; Shanghai KAKU Electric Equipment Corp. ile üretim ittifakı, shkaku.com). kaku.com.tw sertifika hatası veriyor, shkaku.com yalnız HTTP ve erişilemedi; kaku-taiwan.com.tw seri sayfalarında çıkarılabilir ürün görseli yok (2007 tarihli eski site; sayfa içeriğinde img adresi dönmüyor). Bu nedenle resmi görsel bulunamadı.";https://www.ankaracncmarket.com.tr/kompakt-fanlar/160x150x55mm-220vac-0-17a-aa08fd1ef05cf2a8eea8
Fanlar;Kaku;KA1725HA2B-MG;;KAKU KA1725HA2B-MG fan, 172×150×51 mm, 220 V AC, 0,27 A;"Ölçü: 172×150×51 mm; Gerilim: 220 V AC; Akım: 0,27 A";172X150X51MM-220VAC-0,27A;KAKU-KA1725HA2B-MG;32,0;Resmi görsel bulunamadı;;https://www.kaku-taiwan.com.tw/en/index-2-av-17215051.html;;Orta;;"'KAKU-' öneki kod parçası değil, çıkarıldı. KAKU AC fan kodu (HA1 = 110 V AC, HA2 = 220 V AC; S/B = sleeve/bilyalı yatak [TEYİT]). KAKU'nun kendi kodlarında son ek genelde AT/MT/AL/ML biçiminde (ör. KA1225HA2SAT, KA1238HA2BMT, KA8225HA1SAL); 'SML/BML' biçimi bu düzenle uyumlu ama bu tam kod resmi kaynakta doğrulanamadı. KAKU Taiwan'ın 172×150×51 mm AC seri sayfası mfr_page olarak verildi. '-MG' son eki KAKU'nun piyasa kodlarında da var (ör. KA1225HA2-2MG); anlamı doğrulanamadı. KAKU: Taiwan KAKU (kaku-taiwan.com.tw, 1999; Shanghai KAKU Electric Equipment Corp. ile üretim ittifakı, shkaku.com). kaku.com.tw sertifika hatası veriyor, shkaku.com yalnız HTTP ve erişilemedi; kaku-taiwan.com.tw seri sayfalarında çıkarılabilir ürün görseli yok (2007 tarihli eski site; sayfa içeriğinde img adresi dönmüyor). Bu nedenle resmi görsel bulunamadı.";https://www.ankaracncmarket.com.tr/kompakt-fanlar/172x150x51mm-220vac-0-27a-81b159cb14f54b0f4cf0
Fanlar;Kaku;KA2072-400D24BML;;KAKU KA2072-400D24BML fan, 200×200×72 mm, 24 V DC;"Ölçü: 200×200×72 mm; Gerilim: 24 V DC; Yatak: Rulmanlı (bilyalı)";200X200X72MM-24VDC-RULMANLI;KAKU-KA2072-400D24BML;160,0;Resmi görsel bulunamadı;;;;Düşük;;"'KAKU-' öneki kod parçası değil, çıkarıldı. KAKU DC fan. KAKU'nun resmi DC kodları ölçü-devir-D<gerilim>B biçiminde (ör. KA1725-3200D24BML, KA2509-2000D24B; D12/D24/D48 = 12/24/48 V DC, B = bilyalı [TEYİT]). KAKU KA2072 serisi KAKU Taiwan'da 205×205×72 mm (piyasada 208×208×72) olarak geçiyor; başlıktaki 200×200×72 yuvarlanmış olabilir [TEYİT]. Koddaki '400' devir hanesi eksik görünüyor (KAKU DC kodlarında 4 haneli devir: ör. KA2509-2000D24B); tam MPN doğrulanamadı. KAKU: Taiwan KAKU (kaku-taiwan.com.tw, 1999; Shanghai KAKU Electric Equipment Corp. ile üretim ittifakı, shkaku.com). kaku.com.tw sertifika hatası veriyor, shkaku.com yalnız HTTP ve erişilemedi; kaku-taiwan.com.tw seri sayfalarında çıkarılabilir ürün görseli yok (2007 tarihli eski site; sayfa içeriğinde img adresi dönmüyor). Bu nedenle resmi görsel bulunamadı.";https://www.ankaracncmarket.com.tr/kompakt-fanlar/200x200x72mm-24vdc-rulmanli-cce1bcd1e086831391e4
Fanlar;Kaku;KA2258-3200/D24B;KA2258-3200D24B;KAKU KA2258-3200/D24B fan, 225×225×80 mm, 24 V DC, 3 A;"Ölçü: 225×225×80 mm; Gerilim: 24 V DC; Akım: 3 A";225X225X80MM-24VDC-3A;KAKU-KA2258-3200/D24B;180,0;Resmi görsel bulunamadı;;;;Orta;;"'KAKU-' öneki kod parçası değil, çıkarıldı. KAKU DC fan. KAKU'nun resmi DC kodları ölçü-devir-D<gerilim>B biçiminde (ör. KA1725-3200D24BML, KA2509-2000D24B; D12/D24/D48 = 12/24/48 V DC, B = bilyalı [TEYİT]). KAKU yazımında '/' kullanılmıyor; muhtemel resmi yazım KA2258-3200D24B [TEYİT]. KAKU: Taiwan KAKU (kaku-taiwan.com.tw, 1999; Shanghai KAKU Electric Equipment Corp. ile üretim ittifakı, shkaku.com). kaku.com.tw sertifika hatası veriyor, shkaku.com yalnız HTTP ve erişilemedi; kaku-taiwan.com.tw seri sayfalarında çıkarılabilir ürün görseli yok (2007 tarihli eski site; sayfa içeriğinde img adresi dönmüyor). Bu nedenle resmi görsel bulunamadı.";https://www.ankaracncmarket.com.tr/kompakt-fanlar/225x225x80mm-24vdc-3a-636e8e763b771fee20cb
Fanlar;Kaku;KA2258-3200/D48B;KA2258-3200D48B;KAKU KA2258-3200/D48B fan, 225×225×80 mm, 48 V DC, 1,5 A;"Ölçü: 225×225×80 mm; Gerilim: 48 V DC; Akım: 1,5 A";225X225X80MM-48VDC-1,5A;KAKU-KA2258-3200/D48B;200,0;Resmi görsel bulunamadı;;;;Orta;;"'KAKU-' öneki kod parçası değil, çıkarıldı. KAKU DC fan. KAKU'nun resmi DC kodları ölçü-devir-D<gerilim>B biçiminde (ör. KA1725-3200D24BML, KA2509-2000D24B; D12/D24/D48 = 12/24/48 V DC, B = bilyalı [TEYİT]). KAKU yazımında '/' kullanılmıyor; muhtemel resmi yazım KA2258-3200D48B [TEYİT]. KAKU: Taiwan KAKU (kaku-taiwan.com.tw, 1999; Shanghai KAKU Electric Equipment Corp. ile üretim ittifakı, shkaku.com). kaku.com.tw sertifika hatası veriyor, shkaku.com yalnız HTTP ve erişilemedi; kaku-taiwan.com.tw seri sayfalarında çıkarılabilir ürün görseli yok (2007 tarihli eski site; sayfa içeriğinde img adresi dönmüyor). Bu nedenle resmi görsel bulunamadı.";https://www.ankaracncmarket.com.tr/kompakt-fanlar/225x225x80mm-48vdc-1-5a-6da69580acbe245fc8c3
Fanlar;Kaku;KA2509HA1-2P;;KAKU KA2509HA1-2P fan, Ø254×89 mm, 110 V AC, 0,47 A;"Ölçü: Ø254×89 mm; Gerilim: 110 V AC; Akım: 0,47 A; Tip: Yuvarlak (daire) fan, 2 kutuplu";254X254X90MM-110VAC-0,47A-DAİRE FAN;KAKU-KA2509HA1-2P;155,0;Resmi görsel bulunamadı;;https://www.kaku-taiwan.com.tw/en/index-2-av-25489-25.html;;Orta;"Başlıkta 254×254×90 mm yazıyor; KAKU bu yuvarlak fan serisini 254×89 mm olarak veriyor.";"'KAKU-' öneki kod parçası değil, çıkarıldı. KAKU AC fan kodu (HA1 = 110 V AC, HA2 = 220 V AC; S/B = sleeve/bilyalı yatak [TEYİT]). KAKU'nun kendi kodlarında son ek genelde AT/MT/AL/ML biçiminde (ör. KA1225HA2SAT, KA1238HA2BMT, KA8225HA1SAL); 'SML/BML' biçimi bu düzenle uyumlu ama bu tam kod resmi kaynakta doğrulanamadı. KAKU Taiwan'ın '254×89mm(2P)' seri sayfası mfr_page olarak verildi. KAKU: Taiwan KAKU (kaku-taiwan.com.tw, 1999; Shanghai KAKU Electric Equipment Corp. ile üretim ittifakı, shkaku.com). kaku.com.tw sertifika hatası veriyor, shkaku.com yalnız HTTP ve erişilemedi; kaku-taiwan.com.tw seri sayfalarında çıkarılabilir ürün görseli yok (2007 tarihli eski site; sayfa içeriğinde img adresi dönmüyor). Bu nedenle resmi görsel bulunamadı.";https://www.ankaracncmarket.com.tr/kompakt-fanlar/254x254x90mm-110vac-0-47a-daire-fan-64be7b467407f0955d8c
Fanlar;Kaku;KA2509HA2-2P;;KAKU KA2509HA2-2P fan, Ø254×89 mm, 220 V AC, 0,31 A;"Ölçü: Ø254×89 mm; Gerilim: 220 V AC; Akım: 0,31 A; Tip: Yuvarlak (daire) fan, 2 kutuplu";254X254X90M-220VAC-031A-DAİREFAN;KAKU-KA2509HA2-2P;140,0;Resmi görsel bulunamadı;;https://www.kaku-taiwan.com.tw/en/index-2-av-25489-25.html;;Orta;"Başlıkta '254X254X90M' ve '031A' yazım hataları: KAKU 254 mm yuvarlak (daire) fan serisini 254×89 mm olarak veriyor; akım 0,31 A olmalı.";"'KAKU-' öneki kod parçası değil, çıkarıldı. KAKU AC fan kodu (HA1 = 110 V AC, HA2 = 220 V AC; S/B = sleeve/bilyalı yatak [TEYİT]). KAKU'nun kendi kodlarında son ek genelde AT/MT/AL/ML biçiminde (ör. KA1225HA2SAT, KA1238HA2BMT, KA8225HA1SAL); 'SML/BML' biçimi bu düzenle uyumlu ama bu tam kod resmi kaynakta doğrulanamadı. '-2P' 2 kutuplu versiyon; KAKU Taiwan'ın '254×89mm(2P)' seri sayfası mfr_page olarak verildi. Başlık 90 mm diyor, KAKU 89 mm. KAKU: Taiwan KAKU (kaku-taiwan.com.tw, 1999; Shanghai KAKU Electric Equipment Corp. ile üretim ittifakı, shkaku.com). kaku.com.tw sertifika hatası veriyor, shkaku.com yalnız HTTP ve erişilemedi; kaku-taiwan.com.tw seri sayfalarında çıkarılabilir ürün görseli yok (2007 tarihli eski site; sayfa içeriğinde img adresi dönmüyor). Bu nedenle resmi görsel bulunamadı.";https://www.ankaracncmarket.com.tr/kompakt-fanlar/254x254x90m-220vac-031a-dairefan-67cbed31dc87712f5cb3
Fanlar;Kaku;KA28080-2800/D24B;KA28080-2800D24B;KAKU KA28080-2800/D24B fan, 280×280×80 mm, 24 V DC, 5 A;"Ölçü: 280×280×80 mm; Gerilim: 24 V DC; Akım: 5 A";280X280X80MM-24VDC- 5A;KAKU-KA28080-2800/D24B;200,0;Resmi görsel bulunamadı;;;;Orta;;"'KAKU-' öneki kod parçası değil, çıkarıldı. KAKU DC fan. KAKU'nun resmi DC kodları ölçü-devir-D<gerilim>B biçiminde (ör. KA1725-3200D24BML, KA2509-2000D24B; D12/D24/D48 = 12/24/48 V DC, B = bilyalı [TEYİT]). KAKU yazımında '/' kullanılmıyor; muhtemel resmi yazım KA28080-2800D24B [TEYİT]. KAKU: Taiwan KAKU (kaku-taiwan.com.tw, 1999; Shanghai KAKU Electric Equipment Corp. ile üretim ittifakı, shkaku.com). kaku.com.tw sertifika hatası veriyor, shkaku.com yalnız HTTP ve erişilemedi; kaku-taiwan.com.tw seri sayfalarında çıkarılabilir ürün görseli yok (2007 tarihli eski site; sayfa içeriğinde img adresi dönmüyor). Bu nedenle resmi görsel bulunamadı.";https://www.ankaracncmarket.com.tr/kompakt-fanlar/280x280x80mm-24vdc--5a-ce4db4bc7184e5617132
Fanlar;Kaku;KA28080-2800/D48B;KA28080-2800D48B;KAKU KA28080-2800/D48B fan, 280×280×80 mm, 48 V DC, 2,5 A;"Ölçü: 280×280×80 mm; Gerilim: 48 V DC; Akım: 2,5 A";280X280X80MM-48VDC -2,5A;KAKU-KA28080-2800/D48B;220,0;Resmi görsel bulunamadı;;;;Orta;;"'KAKU-' öneki kod parçası değil, çıkarıldı. KAKU DC fan. KAKU'nun resmi DC kodları ölçü-devir-D<gerilim>B biçiminde (ör. KA1725-3200D24BML, KA2509-2000D24B; D12/D24/D48 = 12/24/48 V DC, B = bilyalı [TEYİT]). KAKU yazımında '/' kullanılmıyor; muhtemel resmi yazım KA28080-2800D48B [TEYİT]. KAKU: Taiwan KAKU (kaku-taiwan.com.tw, 1999; Shanghai KAKU Electric Equipment Corp. ile üretim ittifakı, shkaku.com). kaku.com.tw sertifika hatası veriyor, shkaku.com yalnız HTTP ve erişilemedi; kaku-taiwan.com.tw seri sayfalarında çıkarılabilir ürün görseli yok (2007 tarihli eski site; sayfa içeriğinde img adresi dönmüyor). Bu nedenle resmi görsel bulunamadı.";https://www.ankaracncmarket.com.tr/kompakt-fanlar/280x280x80mm-48vdc--2-5a-ea676ec2737d5e7f9b4e
Fanlar;Kaku;KA3010H1S;;KAKU KA3010H1S fan, 30×30×10 mm, 12 V DC;"Ölçü: 30×30×10 mm; Gerilim: 12 V DC";30X30X10MM 12VDC KARE FAN;KA3010H1S;6,0;Resmi görsel bulunamadı;;;;Düşük;;"Bu küçük DC fan kodu (KA<ölçü><M/H><1/2/5><X/S>; 1=12 V, 2=24 V, 5=5 V) KAKU'nun resmi DC adlandırmasıyla (ör. KA6025-6000D24B, KA1225-2500D24B: ölçü-devir-D<gerilim><yatak>) örtüşmüyor; kod yalnız Türk bayilerinde (İnko Elektronik, Cemal Elektronik) 'KAKU' markasıyla görülüyor. Muhtemelen ithalatçı/özel etiket kodu; KAKU'nun resmi karşılığı doğrulanamadı [TEYİT]. KAKU: Taiwan KAKU (kaku-taiwan.com.tw, 1999; Shanghai KAKU Electric Equipment Corp. ile üretim ittifakı, shkaku.com). kaku.com.tw sertifika hatası veriyor, shkaku.com yalnız HTTP ve erişilemedi; kaku-taiwan.com.tw seri sayfalarında çıkarılabilir ürün görseli yok (2007 tarihli eski site; sayfa içeriğinde img adresi dönmüyor). Bu nedenle resmi görsel bulunamadı.";https://www.ankaracncmarket.com.tr/kompakt-fanlar/30x30x10mm-12vdc-kare-fan-5aaf0516884b01084851
Fanlar;Kaku;KA3010H5S;;KAKU KA3010H5S fan, 30×30×10 mm, 5 V DC;"Ölçü: 30×30×10 mm; Gerilim: 5 V DC";30X30X10MM 5VDC KARE FAN;KA3010H5S;6,0;Resmi görsel bulunamadı;;;;Düşük;;"Bu küçük DC fan kodu (KA<ölçü><M/H><1/2/5><X/S>; 1=12 V, 2=24 V, 5=5 V) KAKU'nun resmi DC adlandırmasıyla (ör. KA6025-6000D24B, KA1225-2500D24B: ölçü-devir-D<gerilim><yatak>) örtüşmüyor; kod yalnız Türk bayilerinde (İnko Elektronik, Cemal Elektronik) 'KAKU' markasıyla görülüyor. Muhtemelen ithalatçı/özel etiket kodu; KAKU'nun resmi karşılığı doğrulanamadı [TEYİT]. KAKU: Taiwan KAKU (kaku-taiwan.com.tw, 1999; Shanghai KAKU Electric Equipment Corp. ile üretim ittifakı, shkaku.com). kaku.com.tw sertifika hatası veriyor, shkaku.com yalnız HTTP ve erişilemedi; kaku-taiwan.com.tw seri sayfalarında çıkarılabilir ürün görseli yok (2007 tarihli eski site; sayfa içeriğinde img adresi dönmüyor). Bu nedenle resmi görsel bulunamadı.";https://www.ankaracncmarket.com.tr/kompakt-fanlar/30x30x10mm-5vdc-kare-fan-48ef080705e89b3d6ca1
Fanlar;Kaku;KA4010H1S;;KAKU KA4010H1S fan, 40×40×10 mm, 12 V DC;"Ölçü: 40×40×10 mm; Gerilim: 12 V DC";40X40X10MM 12VDC KARE FAN;KA4010H1S;6,0;Resmi görsel bulunamadı;;;;Düşük;;"Bu küçük DC fan kodu (KA<ölçü><M/H><1/2/5><X/S>; 1=12 V, 2=24 V, 5=5 V) KAKU'nun resmi DC adlandırmasıyla (ör. KA6025-6000D24B, KA1225-2500D24B: ölçü-devir-D<gerilim><yatak>) örtüşmüyor; kod yalnız Türk bayilerinde (İnko Elektronik, Cemal Elektronik) 'KAKU' markasıyla görülüyor. Muhtemelen ithalatçı/özel etiket kodu; KAKU'nun resmi karşılığı doğrulanamadı [TEYİT]. KAKU: Taiwan KAKU (kaku-taiwan.com.tw, 1999; Shanghai KAKU Electric Equipment Corp. ile üretim ittifakı, shkaku.com). kaku.com.tw sertifika hatası veriyor, shkaku.com yalnız HTTP ve erişilemedi; kaku-taiwan.com.tw seri sayfalarında çıkarılabilir ürün görseli yok (2007 tarihli eski site; sayfa içeriğinde img adresi dönmüyor). Bu nedenle resmi görsel bulunamadı.";https://www.ankaracncmarket.com.tr/kompakt-fanlar/40x40x10mm-12vdc-kare-fan-9148b5d84e180e27ba03
Fanlar;Kaku;KA4010H2S;;KAKU KA4010H2S fan, 40×40×10 mm, 24 V DC;"Ölçü: 40×40×10 mm; Gerilim: 24 V DC";40X40X10MM 24VDC KARE FAN;KA4010H2S;6,0;Resmi görsel bulunamadı;;;;Düşük;;"Bu küçük DC fan kodu (KA<ölçü><M/H><1/2/5><X/S>; 1=12 V, 2=24 V, 5=5 V) KAKU'nun resmi DC adlandırmasıyla (ör. KA6025-6000D24B, KA1225-2500D24B: ölçü-devir-D<gerilim><yatak>) örtüşmüyor; kod yalnız Türk bayilerinde (İnko Elektronik, Cemal Elektronik) 'KAKU' markasıyla görülüyor. Muhtemelen ithalatçı/özel etiket kodu; KAKU'nun resmi karşılığı doğrulanamadı [TEYİT]. KAKU: Taiwan KAKU (kaku-taiwan.com.tw, 1999; Shanghai KAKU Electric Equipment Corp. ile üretim ittifakı, shkaku.com). kaku.com.tw sertifika hatası veriyor, shkaku.com yalnız HTTP ve erişilemedi; kaku-taiwan.com.tw seri sayfalarında çıkarılabilir ürün görseli yok (2007 tarihli eski site; sayfa içeriğinde img adresi dönmüyor). Bu nedenle resmi görsel bulunamadı.";https://www.ankaracncmarket.com.tr/kompakt-fanlar/40x40x10mm-24vdc-kare-fan-1abc57184d8512d36a58
Fanlar;Kaku;KA4015H1S;;KAKU KA4015H1S fan, 40×40×15 mm, 12 V DC;"Ölçü: 40×40×15 mm; Gerilim: 12 V DC";40X40X15MM 12VDC KARE FAN;KA4015H1S;6,0;Resmi görsel bulunamadı;;;;Düşük;;"Bu küçük DC fan kodu (KA<ölçü><M/H><1/2/5><X/S>; 1=12 V, 2=24 V, 5=5 V) KAKU'nun resmi DC adlandırmasıyla (ör. KA6025-6000D24B, KA1225-2500D24B: ölçü-devir-D<gerilim><yatak>) örtüşmüyor; kod yalnız Türk bayilerinde (İnko Elektronik, Cemal Elektronik) 'KAKU' markasıyla görülüyor. Muhtemelen ithalatçı/özel etiket kodu; KAKU'nun resmi karşılığı doğrulanamadı [TEYİT]. KAKU: Taiwan KAKU (kaku-taiwan.com.tw, 1999; Shanghai KAKU Electric Equipment Corp. ile üretim ittifakı, shkaku.com). kaku.com.tw sertifika hatası veriyor, shkaku.com yalnız HTTP ve erişilemedi; kaku-taiwan.com.tw seri sayfalarında çıkarılabilir ürün görseli yok (2007 tarihli eski site; sayfa içeriğinde img adresi dönmüyor). Bu nedenle resmi görsel bulunamadı.";https://www.ankaracncmarket.com.tr/kompakt-fanlar/40x40x15mm-12vdc-kare-fan-74512eadc585a0edb39b
Fanlar;Kaku;KA4015H2S;;KAKU KA4015H2S fan, 40×40×15 mm, 24 V DC, 0,12 A;"Ölçü: 40×40×15 mm; Gerilim: 24 V DC; Akım: 0,12 A";40X40X15MM 24VDC 0.12A KARE FAN;KA4015H2S;6,0;Resmi görsel bulunamadı;;;;Düşük;;"Bu küçük DC fan kodu (KA<ölçü><M/H><1/2/5><X/S>; 1=12 V, 2=24 V, 5=5 V) KAKU'nun resmi DC adlandırmasıyla (ör. KA6025-6000D24B, KA1225-2500D24B: ölçü-devir-D<gerilim><yatak>) örtüşmüyor; kod yalnız Türk bayilerinde (İnko Elektronik, Cemal Elektronik) 'KAKU' markasıyla görülüyor. Muhtemelen ithalatçı/özel etiket kodu; KAKU'nun resmi karşılığı doğrulanamadı [TEYİT]. KAKU: Taiwan KAKU (kaku-taiwan.com.tw, 1999; Shanghai KAKU Electric Equipment Corp. ile üretim ittifakı, shkaku.com). kaku.com.tw sertifika hatası veriyor, shkaku.com yalnız HTTP ve erişilemedi; kaku-taiwan.com.tw seri sayfalarında çıkarılabilir ürün görseli yok (2007 tarihli eski site; sayfa içeriğinde img adresi dönmüyor). Bu nedenle resmi görsel bulunamadı.";https://www.ankaracncmarket.com.tr/kompakt-fanlar/40x40x15mm-24vdc-0.12a-kare-fan-724c024be268b53a4d19
Fanlar;Kaku;KA4015H2X;;KAKU KA4015H2X fan, 40×40×15 mm, 24 V DC, 0,09 A;"Ölçü: 40×40×15 mm; Gerilim: 24 V DC; Akım: 0,09 A";40X40X15MM 24VDC 0.09A KARE FAN;KA4015H2X;10,0;Resmi görsel bulunamadı;;;;Düşük;;"Bu küçük DC fan kodu (KA<ölçü><M/H><1/2/5><X/S>; 1=12 V, 2=24 V, 5=5 V) KAKU'nun resmi DC adlandırmasıyla (ör. KA6025-6000D24B, KA1225-2500D24B: ölçü-devir-D<gerilim><yatak>) örtüşmüyor; kod yalnız Türk bayilerinde (İnko Elektronik, Cemal Elektronik) 'KAKU' markasıyla görülüyor. Muhtemelen ithalatçı/özel etiket kodu; KAKU'nun resmi karşılığı doğrulanamadı [TEYİT]. KAKU: Taiwan KAKU (kaku-taiwan.com.tw, 1999; Shanghai KAKU Electric Equipment Corp. ile üretim ittifakı, shkaku.com). kaku.com.tw sertifika hatası veriyor, shkaku.com yalnız HTTP ve erişilemedi; kaku-taiwan.com.tw seri sayfalarında çıkarılabilir ürün görseli yok (2007 tarihli eski site; sayfa içeriğinde img adresi dönmüyor). Bu nedenle resmi görsel bulunamadı.";https://www.ankaracncmarket.com.tr/kompakt-fanlar/40x40x15mm-24vdc-0.09a-kare-fan-c887762ead68add131af
Fanlar;Kaku;KA4020H1S;;KAKU KA4020H1S fan, 40×40×20 mm, 12 V DC;"Ölçü: 40×40×20 mm; Gerilim: 12 V DC";40X40X20MM 12VDC KARE FAN;KA4020H1S;6,0;Resmi görsel bulunamadı;;;;Düşük;;"Bu küçük DC fan kodu (KA<ölçü><M/H><1/2/5><X/S>; 1=12 V, 2=24 V, 5=5 V) KAKU'nun resmi DC adlandırmasıyla (ör. KA6025-6000D24B, KA1225-2500D24B: ölçü-devir-D<gerilim><yatak>) örtüşmüyor; kod yalnız Türk bayilerinde (İnko Elektronik, Cemal Elektronik) 'KAKU' markasıyla görülüyor. Muhtemelen ithalatçı/özel etiket kodu; KAKU'nun resmi karşılığı doğrulanamadı [TEYİT]. KAKU: Taiwan KAKU (kaku-taiwan.com.tw, 1999; Shanghai KAKU Electric Equipment Corp. ile üretim ittifakı, shkaku.com). kaku.com.tw sertifika hatası veriyor, shkaku.com yalnız HTTP ve erişilemedi; kaku-taiwan.com.tw seri sayfalarında çıkarılabilir ürün görseli yok (2007 tarihli eski site; sayfa içeriğinde img adresi dönmüyor). Bu nedenle resmi görsel bulunamadı.";https://www.ankaracncmarket.com.tr/kompakt-fanlar/40x40x20mm-12vdc-kare-fan-ae71cd4a24c37c49a2ef
Fanlar;Kaku;KA4020H2S;;KAKU KA4020H2S fan, 40×40×20 mm, 24 V DC;"Ölçü: 40×40×20 mm; Gerilim: 24 V DC";40X40X20MM 24VDC KARE FAN;KA4020H2S;6,0;Resmi görsel bulunamadı;;;;Düşük;;"Bu küçük DC fan kodu (KA<ölçü><M/H><1/2/5><X/S>; 1=12 V, 2=24 V, 5=5 V) KAKU'nun resmi DC adlandırmasıyla (ör. KA6025-6000D24B, KA1225-2500D24B: ölçü-devir-D<gerilim><yatak>) örtüşmüyor; kod yalnız Türk bayilerinde (İnko Elektronik, Cemal Elektronik) 'KAKU' markasıyla görülüyor. Muhtemelen ithalatçı/özel etiket kodu; KAKU'nun resmi karşılığı doğrulanamadı [TEYİT]. KAKU: Taiwan KAKU (kaku-taiwan.com.tw, 1999; Shanghai KAKU Electric Equipment Corp. ile üretim ittifakı, shkaku.com). kaku.com.tw sertifika hatası veriyor, shkaku.com yalnız HTTP ve erişilemedi; kaku-taiwan.com.tw seri sayfalarında çıkarılabilir ürün görseli yok (2007 tarihli eski site; sayfa içeriğinde img adresi dönmüyor). Bu nedenle resmi görsel bulunamadı.";https://www.ankaracncmarket.com.tr/kompakt-fanlar/40x40x20mm-24vdc-kare-fan-9efae728b894d1897177
Fanlar;Kaku;KA5010M1X;;KAKU KA5010M1X fan, 50×50×10 mm, 12 V DC;"Ölçü: 50×50×10 mm; Gerilim: 12 V DC";50X50X10MM 12VDC KARE FAN;KA5010M1X;6,0;Resmi görsel bulunamadı;;;;Düşük;;"Bu küçük DC fan kodu (KA<ölçü><M/H><1/2/5><X/S>; 1=12 V, 2=24 V, 5=5 V) KAKU'nun resmi DC adlandırmasıyla (ör. KA6025-6000D24B, KA1225-2500D24B: ölçü-devir-D<gerilim><yatak>) örtüşmüyor; kod yalnız Türk bayilerinde (İnko Elektronik, Cemal Elektronik) 'KAKU' markasıyla görülüyor. Muhtemelen ithalatçı/özel etiket kodu; KAKU'nun resmi karşılığı doğrulanamadı [TEYİT]. KAKU: Taiwan KAKU (kaku-taiwan.com.tw, 1999; Shanghai KAKU Electric Equipment Corp. ile üretim ittifakı, shkaku.com). kaku.com.tw sertifika hatası veriyor, shkaku.com yalnız HTTP ve erişilemedi; kaku-taiwan.com.tw seri sayfalarında çıkarılabilir ürün görseli yok (2007 tarihli eski site; sayfa içeriğinde img adresi dönmüyor). Bu nedenle resmi görsel bulunamadı.";https://www.ankaracncmarket.com.tr/kompakt-fanlar/50x50x10mm-12vdc-kare-fan-8dba9a040fabad4d4f86
Fanlar;Kaku;KA5010M2X;;KAKU KA5010M2X fan, 50×50×10 mm, 24 V DC;"Ölçü: 50×50×10 mm; Gerilim: 24 V DC";50X50X10MM 24VDC KARE FAN;KA5010M2X;6,0;Resmi görsel bulunamadı;;;;Düşük;;"Bu küçük DC fan kodu (KA<ölçü><M/H><1/2/5><X/S>; 1=12 V, 2=24 V, 5=5 V) KAKU'nun resmi DC adlandırmasıyla (ör. KA6025-6000D24B, KA1225-2500D24B: ölçü-devir-D<gerilim><yatak>) örtüşmüyor; kod yalnız Türk bayilerinde (İnko Elektronik, Cemal Elektronik) 'KAKU' markasıyla görülüyor. Muhtemelen ithalatçı/özel etiket kodu; KAKU'nun resmi karşılığı doğrulanamadı [TEYİT]. KAKU: Taiwan KAKU (kaku-taiwan.com.tw, 1999; Shanghai KAKU Electric Equipment Corp. ile üretim ittifakı, shkaku.com). kaku.com.tw sertifika hatası veriyor, shkaku.com yalnız HTTP ve erişilemedi; kaku-taiwan.com.tw seri sayfalarında çıkarılabilir ürün görseli yok (2007 tarihli eski site; sayfa içeriğinde img adresi dönmüyor). Bu nedenle resmi görsel bulunamadı.";https://www.ankaracncmarket.com.tr/kompakt-fanlar/50x50x10mm-24vdc-kare-fan-0f6a0bc8b4a36bd21d11
Fanlar;Kaku;KA5010M5X;;KAKU KA5010M5X fan, 50×50×10 mm, 5 V DC;"Ölçü: 50×50×10 mm; Gerilim: 5 V DC";50X50X10MM 5VDC KARE FAN;KA5010M5X;6,0;Resmi görsel bulunamadı;;;;Düşük;;"Bu küçük DC fan kodu (KA<ölçü><M/H><1/2/5><X/S>; 1=12 V, 2=24 V, 5=5 V) KAKU'nun resmi DC adlandırmasıyla (ör. KA6025-6000D24B, KA1225-2500D24B: ölçü-devir-D<gerilim><yatak>) örtüşmüyor; kod yalnız Türk bayilerinde (İnko Elektronik, Cemal Elektronik) 'KAKU' markasıyla görülüyor. Muhtemelen ithalatçı/özel etiket kodu; KAKU'nun resmi karşılığı doğrulanamadı [TEYİT]. KAKU: Taiwan KAKU (kaku-taiwan.com.tw, 1999; Shanghai KAKU Electric Equipment Corp. ile üretim ittifakı, shkaku.com). kaku.com.tw sertifika hatası veriyor, shkaku.com yalnız HTTP ve erişilemedi; kaku-taiwan.com.tw seri sayfalarında çıkarılabilir ürün görseli yok (2007 tarihli eski site; sayfa içeriğinde img adresi dönmüyor). Bu nedenle resmi görsel bulunamadı.";https://www.ankaracncmarket.com.tr/kompakt-fanlar/50x50x10mm-5vdc-kare-fan-27de5e575466726b8ef9
Fanlar;Kaku;KA5015H2X;;KAKU KA5015H2X fan, 50×50×15 mm, 24 V DC;"Ölçü: 50×50×15 mm; Gerilim: 24 V DC";50X50X15MM 24VDC KARE FAN;KA5015H2X;6,0;Resmi görsel bulunamadı;;;;Düşük;;"Bu küçük DC fan kodu (KA<ölçü><M/H><1/2/5><X/S>; 1=12 V, 2=24 V, 5=5 V) KAKU'nun resmi DC adlandırmasıyla (ör. KA6025-6000D24B, KA1225-2500D24B: ölçü-devir-D<gerilim><yatak>) örtüşmüyor; kod yalnız Türk bayilerinde (İnko Elektronik, Cemal Elektronik) 'KAKU' markasıyla görülüyor. Muhtemelen ithalatçı/özel etiket kodu; KAKU'nun resmi karşılığı doğrulanamadı [TEYİT]. KAKU: Taiwan KAKU (kaku-taiwan.com.tw, 1999; Shanghai KAKU Electric Equipment Corp. ile üretim ittifakı, shkaku.com). kaku.com.tw sertifika hatası veriyor, shkaku.com yalnız HTTP ve erişilemedi; kaku-taiwan.com.tw seri sayfalarında çıkarılabilir ürün görseli yok (2007 tarihli eski site; sayfa içeriğinde img adresi dönmüyor). Bu nedenle resmi görsel bulunamadı.";https://www.ankaracncmarket.com.tr/kompakt-fanlar/50x50x15mm-24vdc-kare-fan-9046f988bb890a0ba1f5
Fanlar;Kaku;KA5015M1X;;KAKU KA5015M1X fan, 50×50×15 mm, 12 V DC;"Ölçü: 50×50×15 mm; Gerilim: 12 V DC";50X50X15MM 12VDC KARE FAN;KA5015M1X;6,0;Resmi görsel bulunamadı;;;;Düşük;;"Bu küçük DC fan kodu (KA<ölçü><M/H><1/2/5><X/S>; 1=12 V, 2=24 V, 5=5 V) KAKU'nun resmi DC adlandırmasıyla (ör. KA6025-6000D24B, KA1225-2500D24B: ölçü-devir-D<gerilim><yatak>) örtüşmüyor; kod yalnız Türk bayilerinde (İnko Elektronik, Cemal Elektronik) 'KAKU' markasıyla görülüyor. Muhtemelen ithalatçı/özel etiket kodu; KAKU'nun resmi karşılığı doğrulanamadı [TEYİT]. KAKU: Taiwan KAKU (kaku-taiwan.com.tw, 1999; Shanghai KAKU Electric Equipment Corp. ile üretim ittifakı, shkaku.com). kaku.com.tw sertifika hatası veriyor, shkaku.com yalnız HTTP ve erişilemedi; kaku-taiwan.com.tw seri sayfalarında çıkarılabilir ürün görseli yok (2007 tarihli eski site; sayfa içeriğinde img adresi dönmüyor). Bu nedenle resmi görsel bulunamadı.";https://www.ankaracncmarket.com.tr/kompakt-fanlar/50x50x15mm-12vdc-kare-fan-5d78dbd7bdebdeca1d29
Fanlar;Kaku;KA5015M5X;;KAKU KA5015M5X fan, 50×50×15 mm, 5 V DC;"Ölçü: 50×50×15 mm; Gerilim: 5 V DC";50X50X15MM 5VDC KARE FAN;KA5015M5X;6,0;Resmi görsel bulunamadı;;;;Düşük;;"Bu küçük DC fan kodu (KA<ölçü><M/H><1/2/5><X/S>; 1=12 V, 2=24 V, 5=5 V) KAKU'nun resmi DC adlandırmasıyla (ör. KA6025-6000D24B, KA1225-2500D24B: ölçü-devir-D<gerilim><yatak>) örtüşmüyor; kod yalnız Türk bayilerinde (İnko Elektronik, Cemal Elektronik) 'KAKU' markasıyla görülüyor. Muhtemelen ithalatçı/özel etiket kodu; KAKU'nun resmi karşılığı doğrulanamadı [TEYİT]. KAKU: Taiwan KAKU (kaku-taiwan.com.tw, 1999; Shanghai KAKU Electric Equipment Corp. ile üretim ittifakı, shkaku.com). kaku.com.tw sertifika hatası veriyor, shkaku.com yalnız HTTP ve erişilemedi; kaku-taiwan.com.tw seri sayfalarında çıkarılabilir ürün görseli yok (2007 tarihli eski site; sayfa içeriğinde img adresi dönmüyor). Bu nedenle resmi görsel bulunamadı.";https://www.ankaracncmarket.com.tr/kompakt-fanlar/50x50x15mm-5vdc-kare-fan-9effc3bc5164d7c74a88
Fanlar;Kaku;KA5020H2X;;KAKU KA5020H2X fan, 50×50×20 mm, 24 V DC;"Ölçü: 50×50×20 mm; Gerilim: 24 V DC";50X50X20MM 24VDC KARE FAN;KA5020H2X;6,0;Resmi görsel bulunamadı;;;;Düşük;;"Bu küçük DC fan kodu (KA<ölçü><M/H><1/2/5><X/S>; 1=12 V, 2=24 V, 5=5 V) KAKU'nun resmi DC adlandırmasıyla (ör. KA6025-6000D24B, KA1225-2500D24B: ölçü-devir-D<gerilim><yatak>) örtüşmüyor; kod yalnız Türk bayilerinde (İnko Elektronik, Cemal Elektronik) 'KAKU' markasıyla görülüyor. Muhtemelen ithalatçı/özel etiket kodu; KAKU'nun resmi karşılığı doğrulanamadı [TEYİT]. KAKU: Taiwan KAKU (kaku-taiwan.com.tw, 1999; Shanghai KAKU Electric Equipment Corp. ile üretim ittifakı, shkaku.com). kaku.com.tw sertifika hatası veriyor, shkaku.com yalnız HTTP ve erişilemedi; kaku-taiwan.com.tw seri sayfalarında çıkarılabilir ürün görseli yok (2007 tarihli eski site; sayfa içeriğinde img adresi dönmüyor). Bu nedenle resmi görsel bulunamadı.";https://www.ankaracncmarket.com.tr/kompakt-fanlar/50x50x20mm-24vdc-kare-fan-d1d0677a308b4a0d16d4
Fanlar;Kaku;KA5020M1X;;KAKU KA5020M1X fan, 50×50×20 mm, 12 V DC;"Ölçü: 50×50×20 mm; Gerilim: 12 V DC";50X50X20MM 12VDC KARE FAN;KA5020M1X;6,0;Resmi görsel bulunamadı;;;;Düşük;;"Bu küçük DC fan kodu (KA<ölçü><M/H><1/2/5><X/S>; 1=12 V, 2=24 V, 5=5 V) KAKU'nun resmi DC adlandırmasıyla (ör. KA6025-6000D24B, KA1225-2500D24B: ölçü-devir-D<gerilim><yatak>) örtüşmüyor; kod yalnız Türk bayilerinde (İnko Elektronik, Cemal Elektronik) 'KAKU' markasıyla görülüyor. Muhtemelen ithalatçı/özel etiket kodu; KAKU'nun resmi karşılığı doğrulanamadı [TEYİT]. KAKU: Taiwan KAKU (kaku-taiwan.com.tw, 1999; Shanghai KAKU Electric Equipment Corp. ile üretim ittifakı, shkaku.com). kaku.com.tw sertifika hatası veriyor, shkaku.com yalnız HTTP ve erişilemedi; kaku-taiwan.com.tw seri sayfalarında çıkarılabilir ürün görseli yok (2007 tarihli eski site; sayfa içeriğinde img adresi dönmüyor). Bu nedenle resmi görsel bulunamadı.";https://www.ankaracncmarket.com.tr/kompakt-fanlar/50x50x20mm-12vdc-kare-fan-f03043a089c48caea836
Fanlar;Kaku;KA5020M5X;;KAKU KA5020M5X fan, 50×50×20 mm, 5 V DC;"Ölçü: 50×50×20 mm; Gerilim: 5 V DC";50X50X20MM 5VDC KARE FAN;KA5020M5X;6,0;Resmi görsel bulunamadı;;;;Düşük;;"Bu küçük DC fan kodu (KA<ölçü><M/H><1/2/5><X/S>; 1=12 V, 2=24 V, 5=5 V) KAKU'nun resmi DC adlandırmasıyla (ör. KA6025-6000D24B, KA1225-2500D24B: ölçü-devir-D<gerilim><yatak>) örtüşmüyor; kod yalnız Türk bayilerinde (İnko Elektronik, Cemal Elektronik) 'KAKU' markasıyla görülüyor. Muhtemelen ithalatçı/özel etiket kodu; KAKU'nun resmi karşılığı doğrulanamadı [TEYİT]. KAKU: Taiwan KAKU (kaku-taiwan.com.tw, 1999; Shanghai KAKU Electric Equipment Corp. ile üretim ittifakı, shkaku.com). kaku.com.tw sertifika hatası veriyor, shkaku.com yalnız HTTP ve erişilemedi; kaku-taiwan.com.tw seri sayfalarında çıkarılabilir ürün görseli yok (2007 tarihli eski site; sayfa içeriğinde img adresi dönmüyor). Bu nedenle resmi görsel bulunamadı.";https://www.ankaracncmarket.com.tr/kompakt-fanlar/50x50x20mm-5vdc-kare-fan-cbca16598bb30d48ad5c
Fanlar;Kaku;KA6010M1X;;KAKU KA6010M1X fan, 60×60×10 mm, 12 V DC;"Ölçü: 60×60×10 mm; Gerilim: 12 V DC";60X60X10MM 12VDC KARE FAN;KA6010M1X;6,0;Resmi görsel bulunamadı;;;;Düşük;;"Bu küçük DC fan kodu (KA<ölçü><M/H><1/2/5><X/S>; 1=12 V, 2=24 V, 5=5 V) KAKU'nun resmi DC adlandırmasıyla (ör. KA6025-6000D24B, KA1225-2500D24B: ölçü-devir-D<gerilim><yatak>) örtüşmüyor; kod yalnız Türk bayilerinde (İnko Elektronik, Cemal Elektronik) 'KAKU' markasıyla görülüyor. Muhtemelen ithalatçı/özel etiket kodu; KAKU'nun resmi karşılığı doğrulanamadı [TEYİT]. KAKU: Taiwan KAKU (kaku-taiwan.com.tw, 1999; Shanghai KAKU Electric Equipment Corp. ile üretim ittifakı, shkaku.com). kaku.com.tw sertifika hatası veriyor, shkaku.com yalnız HTTP ve erişilemedi; kaku-taiwan.com.tw seri sayfalarında çıkarılabilir ürün görseli yok (2007 tarihli eski site; sayfa içeriğinde img adresi dönmüyor). Bu nedenle resmi görsel bulunamadı.";https://www.ankaracncmarket.com.tr/kompakt-fanlar/60x60x10mm-12vdc-kare-fan-3c164c256679ddc264a3
Fanlar;Kaku;KA6010M2X;;KAKU KA6010M2X fan, 60×60×10 mm, 24 V DC;"Ölçü: 60×60×10 mm; Gerilim: 24 V DC";60X60X10MM 24VDC KARE FAN;KA6010M2X;6,0;Resmi görsel bulunamadı;;;;Düşük;;"Bu küçük DC fan kodu (KA<ölçü><M/H><1/2/5><X/S>; 1=12 V, 2=24 V, 5=5 V) KAKU'nun resmi DC adlandırmasıyla (ör. KA6025-6000D24B, KA1225-2500D24B: ölçü-devir-D<gerilim><yatak>) örtüşmüyor; kod yalnız Türk bayilerinde (İnko Elektronik, Cemal Elektronik) 'KAKU' markasıyla görülüyor. Muhtemelen ithalatçı/özel etiket kodu; KAKU'nun resmi karşılığı doğrulanamadı [TEYİT]. KAKU: Taiwan KAKU (kaku-taiwan.com.tw, 1999; Shanghai KAKU Electric Equipment Corp. ile üretim ittifakı, shkaku.com). kaku.com.tw sertifika hatası veriyor, shkaku.com yalnız HTTP ve erişilemedi; kaku-taiwan.com.tw seri sayfalarında çıkarılabilir ürün görseli yok (2007 tarihli eski site; sayfa içeriğinde img adresi dönmüyor). Bu nedenle resmi görsel bulunamadı.";https://www.ankaracncmarket.com.tr/kompakt-fanlar/60x60x10mm-24vdc-kare-fan-99985905e71a426a9597
Fanlar;Kaku;KA6010M5X;;KAKU KA6010M5X fan, 60×60×10 mm, 5 V DC;"Ölçü: 60×60×10 mm; Gerilim: 5 V DC";60X60X10MM 5VDC KARE FAN;KA6010M5X;6,0;Resmi görsel bulunamadı;;;;Düşük;;"Bu küçük DC fan kodu (KA<ölçü><M/H><1/2/5><X/S>; 1=12 V, 2=24 V, 5=5 V) KAKU'nun resmi DC adlandırmasıyla (ör. KA6025-6000D24B, KA1225-2500D24B: ölçü-devir-D<gerilim><yatak>) örtüşmüyor; kod yalnız Türk bayilerinde (İnko Elektronik, Cemal Elektronik) 'KAKU' markasıyla görülüyor. Muhtemelen ithalatçı/özel etiket kodu; KAKU'nun resmi karşılığı doğrulanamadı [TEYİT]. KAKU: Taiwan KAKU (kaku-taiwan.com.tw, 1999; Shanghai KAKU Electric Equipment Corp. ile üretim ittifakı, shkaku.com). kaku.com.tw sertifika hatası veriyor, shkaku.com yalnız HTTP ve erişilemedi; kaku-taiwan.com.tw seri sayfalarında çıkarılabilir ürün görseli yok (2007 tarihli eski site; sayfa içeriğinde img adresi dönmüyor). Bu nedenle resmi görsel bulunamadı.";https://www.ankaracncmarket.com.tr/kompakt-fanlar/60x60x10mm-5vdc-kare-fan-c58980e7da3ac87d1821
Fanlar;Kaku;KA6015M1X;;KAKU KA6015M1X fan, 60×60×15 mm, 12 V DC;"Ölçü: 60×60×15 mm; Gerilim: 12 V DC";60X60X15MM 12VDC KARE FAN;KA6015M1X;6,0;Resmi görsel bulunamadı;;;;Düşük;;"Bu küçük DC fan kodu (KA<ölçü><M/H><1/2/5><X/S>; 1=12 V, 2=24 V, 5=5 V) KAKU'nun resmi DC adlandırmasıyla (ör. KA6025-6000D24B, KA1225-2500D24B: ölçü-devir-D<gerilim><yatak>) örtüşmüyor; kod yalnız Türk bayilerinde (İnko Elektronik, Cemal Elektronik) 'KAKU' markasıyla görülüyor. Muhtemelen ithalatçı/özel etiket kodu; KAKU'nun resmi karşılığı doğrulanamadı [TEYİT]. KAKU: Taiwan KAKU (kaku-taiwan.com.tw, 1999; Shanghai KAKU Electric Equipment Corp. ile üretim ittifakı, shkaku.com). kaku.com.tw sertifika hatası veriyor, shkaku.com yalnız HTTP ve erişilemedi; kaku-taiwan.com.tw seri sayfalarında çıkarılabilir ürün görseli yok (2007 tarihli eski site; sayfa içeriğinde img adresi dönmüyor). Bu nedenle resmi görsel bulunamadı.";https://www.ankaracncmarket.com.tr/kompakt-fanlar/60x60x15mm-12vdc-kare-fan-dd8168ff61bcb66fa2da
Fanlar;Kaku;KA6015M2X;;KAKU KA6015M2X fan, 60×60×15 mm, 24 V DC;"Ölçü: 60×60×15 mm; Gerilim: 24 V DC";60X60X15MM 24VDC KARE FAN;KA6015M2X;6,0;Resmi görsel bulunamadı;;;;Düşük;;"Bu küçük DC fan kodu (KA<ölçü><M/H><1/2/5><X/S>; 1=12 V, 2=24 V, 5=5 V) KAKU'nun resmi DC adlandırmasıyla (ör. KA6025-6000D24B, KA1225-2500D24B: ölçü-devir-D<gerilim><yatak>) örtüşmüyor; kod yalnız Türk bayilerinde (İnko Elektronik, Cemal Elektronik) 'KAKU' markasıyla görülüyor. Muhtemelen ithalatçı/özel etiket kodu; KAKU'nun resmi karşılığı doğrulanamadı [TEYİT]. KAKU: Taiwan KAKU (kaku-taiwan.com.tw, 1999; Shanghai KAKU Electric Equipment Corp. ile üretim ittifakı, shkaku.com). kaku.com.tw sertifika hatası veriyor, shkaku.com yalnız HTTP ve erişilemedi; kaku-taiwan.com.tw seri sayfalarında çıkarılabilir ürün görseli yok (2007 tarihli eski site; sayfa içeriğinde img adresi dönmüyor). Bu nedenle resmi görsel bulunamadı.";https://www.ankaracncmarket.com.tr/kompakt-fanlar/60x60x15mm-24vdc-kare-fan-028235b54278de1c53a4
Fanlar;Kaku;KA6015M5X;;KAKU KA6015M5X fan, 60×60×15 mm, 5 V DC;"Ölçü: 60×60×15 mm; Gerilim: 5 V DC";60X60X15MM 5VDC KARE FAN;KA6015M5X;6,0;Resmi görsel bulunamadı;;;;Düşük;;"Bu küçük DC fan kodu (KA<ölçü><M/H><1/2/5><X/S>; 1=12 V, 2=24 V, 5=5 V) KAKU'nun resmi DC adlandırmasıyla (ör. KA6025-6000D24B, KA1225-2500D24B: ölçü-devir-D<gerilim><yatak>) örtüşmüyor; kod yalnız Türk bayilerinde (İnko Elektronik, Cemal Elektronik) 'KAKU' markasıyla görülüyor. Muhtemelen ithalatçı/özel etiket kodu; KAKU'nun resmi karşılığı doğrulanamadı [TEYİT]. KAKU: Taiwan KAKU (kaku-taiwan.com.tw, 1999; Shanghai KAKU Electric Equipment Corp. ile üretim ittifakı, shkaku.com). kaku.com.tw sertifika hatası veriyor, shkaku.com yalnız HTTP ve erişilemedi; kaku-taiwan.com.tw seri sayfalarında çıkarılabilir ürün görseli yok (2007 tarihli eski site; sayfa içeriğinde img adresi dönmüyor). Bu nedenle resmi görsel bulunamadı.";https://www.ankaracncmarket.com.tr/kompakt-fanlar/60x60x15mm-5vdc-kare-fan-c0a7519b69bf152a1304
Fanlar;Kaku;KA6020M1X;;KAKU KA6020M1X fan, 60×60×20 mm, 12 V DC;"Ölçü: 60×60×20 mm; Gerilim: 12 V DC";60X60X20MM 12VDC KARE FAN;KA6020M1X;6,0;Resmi görsel bulunamadı;;;;Düşük;;"Bu küçük DC fan kodu (KA<ölçü><M/H><1/2/5><X/S>; 1=12 V, 2=24 V, 5=5 V) KAKU'nun resmi DC adlandırmasıyla (ör. KA6025-6000D24B, KA1225-2500D24B: ölçü-devir-D<gerilim><yatak>) örtüşmüyor; kod yalnız Türk bayilerinde (İnko Elektronik, Cemal Elektronik) 'KAKU' markasıyla görülüyor. Muhtemelen ithalatçı/özel etiket kodu; KAKU'nun resmi karşılığı doğrulanamadı [TEYİT]. KAKU: Taiwan KAKU (kaku-taiwan.com.tw, 1999; Shanghai KAKU Electric Equipment Corp. ile üretim ittifakı, shkaku.com). kaku.com.tw sertifika hatası veriyor, shkaku.com yalnız HTTP ve erişilemedi; kaku-taiwan.com.tw seri sayfalarında çıkarılabilir ürün görseli yok (2007 tarihli eski site; sayfa içeriğinde img adresi dönmüyor). Bu nedenle resmi görsel bulunamadı.";https://www.ankaracncmarket.com.tr/kompakt-fanlar/60x60x20mm-12vdc-kare-fan-86a55d1848d91af6e97a
Fanlar;Kaku;KA6020M2X;;KAKU KA6020M2X fan, 60×60×20 mm, 24 V DC;"Ölçü: 60×60×20 mm; Gerilim: 24 V DC";60X60X20MM 24VDC KARE FAN;KA6020M2X;6,0;Resmi görsel bulunamadı;;;;Düşük;;"Bu küçük DC fan kodu (KA<ölçü><M/H><1/2/5><X/S>; 1=12 V, 2=24 V, 5=5 V) KAKU'nun resmi DC adlandırmasıyla (ör. KA6025-6000D24B, KA1225-2500D24B: ölçü-devir-D<gerilim><yatak>) örtüşmüyor; kod yalnız Türk bayilerinde (İnko Elektronik, Cemal Elektronik) 'KAKU' markasıyla görülüyor. Muhtemelen ithalatçı/özel etiket kodu; KAKU'nun resmi karşılığı doğrulanamadı [TEYİT]. KAKU: Taiwan KAKU (kaku-taiwan.com.tw, 1999; Shanghai KAKU Electric Equipment Corp. ile üretim ittifakı, shkaku.com). kaku.com.tw sertifika hatası veriyor, shkaku.com yalnız HTTP ve erişilemedi; kaku-taiwan.com.tw seri sayfalarında çıkarılabilir ürün görseli yok (2007 tarihli eski site; sayfa içeriğinde img adresi dönmüyor). Bu nedenle resmi görsel bulunamadı.";https://www.ankaracncmarket.com.tr/kompakt-fanlar/60x60x20mm-24vdc-kare-fan-09e0d4b273d02f948890
Fanlar;Kaku;KA6025M1X;;KAKU KA6025M1X fan, 60×60×25 mm, 12 V DC;"Ölçü: 60×60×25 mm; Gerilim: 12 V DC";60X60X25MM 12VDC KARE FAN;KA6025M1X;6,0;Resmi görsel bulunamadı;;;;Düşük;;"Bu küçük DC fan kodu (KA<ölçü><M/H><1/2/5><X/S>; 1=12 V, 2=24 V, 5=5 V) KAKU'nun resmi DC adlandırmasıyla (ör. KA6025-6000D24B, KA1225-2500D24B: ölçü-devir-D<gerilim><yatak>) örtüşmüyor; kod yalnız Türk bayilerinde (İnko Elektronik, Cemal Elektronik) 'KAKU' markasıyla görülüyor. Muhtemelen ithalatçı/özel etiket kodu; KAKU'nun resmi karşılığı doğrulanamadı [TEYİT]. KAKU: Taiwan KAKU (kaku-taiwan.com.tw, 1999; Shanghai KAKU Electric Equipment Corp. ile üretim ittifakı, shkaku.com). kaku.com.tw sertifika hatası veriyor, shkaku.com yalnız HTTP ve erişilemedi; kaku-taiwan.com.tw seri sayfalarında çıkarılabilir ürün görseli yok (2007 tarihli eski site; sayfa içeriğinde img adresi dönmüyor). Bu nedenle resmi görsel bulunamadı.";https://www.ankaracncmarket.com.tr/kompakt-fanlar/60x60x25mm-12vdc-kare-fan-e042448b5a93c6562d5c
Fanlar;Kaku;KA6025M2X;;KAKU KA6025M2X fan, 60×60×25 mm, 24 V DC;"Ölçü: 60×60×25 mm; Gerilim: 24 V DC";60X60X25MM 24VDC KARE FAN;KA6025M2X;6,0;Resmi görsel bulunamadı;;;;Düşük;;"Bu küçük DC fan kodu (KA<ölçü><M/H><1/2/5><X/S>; 1=12 V, 2=24 V, 5=5 V) KAKU'nun resmi DC adlandırmasıyla (ör. KA6025-6000D24B, KA1225-2500D24B: ölçü-devir-D<gerilim><yatak>) örtüşmüyor; kod yalnız Türk bayilerinde (İnko Elektronik, Cemal Elektronik) 'KAKU' markasıyla görülüyor. Muhtemelen ithalatçı/özel etiket kodu; KAKU'nun resmi karşılığı doğrulanamadı [TEYİT]. KAKU: Taiwan KAKU (kaku-taiwan.com.tw, 1999; Shanghai KAKU Electric Equipment Corp. ile üretim ittifakı, shkaku.com). kaku.com.tw sertifika hatası veriyor, shkaku.com yalnız HTTP ve erişilemedi; kaku-taiwan.com.tw seri sayfalarında çıkarılabilir ürün görseli yok (2007 tarihli eski site; sayfa içeriğinde img adresi dönmüyor). Bu nedenle resmi görsel bulunamadı.";https://www.ankaracncmarket.com.tr/kompakt-fanlar/60x60x25mm-24vdc-kare-fan-6188d61d19f485b45a2e
Fanlar;Kaku;KA6025M5X;;KAKU KA6025M5X fan, 60×60×25 mm, 5 V DC;"Ölçü: 60×60×25 mm; Gerilim: 5 V DC";60X60X25MM 5VDC KARE FAN;KA6025M5X;6,0;Resmi görsel bulunamadı;;;;Düşük;;"Bu küçük DC fan kodu (KA<ölçü><M/H><1/2/5><X/S>; 1=12 V, 2=24 V, 5=5 V) KAKU'nun resmi DC adlandırmasıyla (ör. KA6025-6000D24B, KA1225-2500D24B: ölçü-devir-D<gerilim><yatak>) örtüşmüyor; kod yalnız Türk bayilerinde (İnko Elektronik, Cemal Elektronik) 'KAKU' markasıyla görülüyor. Muhtemelen ithalatçı/özel etiket kodu; KAKU'nun resmi karşılığı doğrulanamadı [TEYİT]. KAKU: Taiwan KAKU (kaku-taiwan.com.tw, 1999; Shanghai KAKU Electric Equipment Corp. ile üretim ittifakı, shkaku.com). kaku.com.tw sertifika hatası veriyor, shkaku.com yalnız HTTP ve erişilemedi; kaku-taiwan.com.tw seri sayfalarında çıkarılabilir ürün görseli yok (2007 tarihli eski site; sayfa içeriğinde img adresi dönmüyor). Bu nedenle resmi görsel bulunamadı.";https://www.ankaracncmarket.com.tr/kompakt-fanlar/60x60x25mm-5vdc-kare-fan-f49ec3c698e333f16f70
Fanlar;Kaku;KA8015M2X;;KAKU KA8015M2X fan, 80×80×15 mm, 24 V DC;"Ölçü: 80×80×15 mm; Gerilim: 24 V DC";80X80X15MM 24VDC KARE FAN;KA8015M2X;6,0;Resmi görsel bulunamadı;;;;Düşük;;"Bu küçük DC fan kodu (KA<ölçü><M/H><1/2/5><X/S>; 1=12 V, 2=24 V, 5=5 V) KAKU'nun resmi DC adlandırmasıyla (ör. KA6025-6000D24B, KA1225-2500D24B: ölçü-devir-D<gerilim><yatak>) örtüşmüyor; kod yalnız Türk bayilerinde (İnko Elektronik, Cemal Elektronik) 'KAKU' markasıyla görülüyor. Muhtemelen ithalatçı/özel etiket kodu; KAKU'nun resmi karşılığı doğrulanamadı [TEYİT]. KAKU: Taiwan KAKU (kaku-taiwan.com.tw, 1999; Shanghai KAKU Electric Equipment Corp. ile üretim ittifakı, shkaku.com). kaku.com.tw sertifika hatası veriyor, shkaku.com yalnız HTTP ve erişilemedi; kaku-taiwan.com.tw seri sayfalarında çıkarılabilir ürün görseli yok (2007 tarihli eski site; sayfa içeriğinde img adresi dönmüyor). Bu nedenle resmi görsel bulunamadı.";https://www.ankaracncmarket.com.tr/kompakt-fanlar/80x80x15mm-24vdc-kare-fan-66b5f213834adf292138
Fanlar;Kaku;KA8025H2X;;KAKU KA8025H2X fan, 80×80×25 mm, 24 V DC;"Ölçü: 80×80×25 mm; Gerilim: 24 V DC";80X80X25MM 24VDC KARE FAN;KA8025H2X;6,0;Resmi görsel bulunamadı;;;;Düşük;;"Bu küçük DC fan kodu (KA<ölçü><M/H><1/2/5><X/S>; 1=12 V, 2=24 V, 5=5 V) KAKU'nun resmi DC adlandırmasıyla (ör. KA6025-6000D24B, KA1225-2500D24B: ölçü-devir-D<gerilim><yatak>) örtüşmüyor; kod yalnız Türk bayilerinde (İnko Elektronik, Cemal Elektronik) 'KAKU' markasıyla görülüyor. Muhtemelen ithalatçı/özel etiket kodu; KAKU'nun resmi karşılığı doğrulanamadı [TEYİT]. KAKU: Taiwan KAKU (kaku-taiwan.com.tw, 1999; Shanghai KAKU Electric Equipment Corp. ile üretim ittifakı, shkaku.com). kaku.com.tw sertifika hatası veriyor, shkaku.com yalnız HTTP ve erişilemedi; kaku-taiwan.com.tw seri sayfalarında çıkarılabilir ürün görseli yok (2007 tarihli eski site; sayfa içeriğinde img adresi dönmüyor). Bu nedenle resmi görsel bulunamadı.";https://www.ankaracncmarket.com.tr/kompakt-fanlar/80x80x25mm-24vdc-kare-fan-60535276713bc6634e0c
Fanlar;Kaku;KA8025HA2SML;;KAKU KA8025HA2SML fan, 80×80×25 mm, 220 V AC;"Ölçü: 80×80×25 mm; Gerilim: 220 V AC";80X80X25MM 220VAC KARE FAN;KA8025HA2SML;18,0;Resmi görsel bulunamadı;;https://www.kaku-taiwan.com.tw/en/index-2-av-808025.html;;Orta;;"KAKU AC fan kodu (HA1 = 110 V AC, HA2 = 220 V AC; S/B = sleeve/bilyalı yatak [TEYİT]). KAKU'nun kendi kodlarında son ek genelde AT/MT/AL/ML biçiminde (ör. KA1225HA2SAT, KA1238HA2BMT, KA8225HA1SAL); 'SML/BML' biçimi bu düzenle uyumlu ama bu tam kod resmi kaynakta doğrulanamadı. mfr_page KAKU Taiwan'ın ilgili ölçüdeki AC fan seri sayfası (model sayfası değil). KAKU: Taiwan KAKU (kaku-taiwan.com.tw, 1999; Shanghai KAKU Electric Equipment Corp. ile üretim ittifakı, shkaku.com). kaku.com.tw sertifika hatası veriyor, shkaku.com yalnız HTTP ve erişilemedi; kaku-taiwan.com.tw seri sayfalarında çıkarılabilir ürün görseli yok (2007 tarihli eski site; sayfa içeriğinde img adresi dönmüyor). Bu nedenle resmi görsel bulunamadı.";https://www.ankaracncmarket.com.tr/kompakt-fanlar/80x80x25mm-220vac-kare-fan-33f89ad22c2657b649ff
Fanlar;Kaku;KA8025M5X;;KAKU KA8025M5X fan, 80×80×25 mm, 5 V DC;"Ölçü: 80×80×25 mm; Gerilim: 5 V DC";80X80X25MM 5VDC KARE FAN;KA8025M5X;6,0;Resmi görsel bulunamadı;;;;Düşük;;"Bu küçük DC fan kodu (KA<ölçü><M/H><1/2/5><X/S>; 1=12 V, 2=24 V, 5=5 V) KAKU'nun resmi DC adlandırmasıyla (ör. KA6025-6000D24B, KA1225-2500D24B: ölçü-devir-D<gerilim><yatak>) örtüşmüyor; kod yalnız Türk bayilerinde (İnko Elektronik, Cemal Elektronik) 'KAKU' markasıyla görülüyor. Muhtemelen ithalatçı/özel etiket kodu; KAKU'nun resmi karşılığı doğrulanamadı [TEYİT]. KAKU: Taiwan KAKU (kaku-taiwan.com.tw, 1999; Shanghai KAKU Electric Equipment Corp. ile üretim ittifakı, shkaku.com). kaku.com.tw sertifika hatası veriyor, shkaku.com yalnız HTTP ve erişilemedi; kaku-taiwan.com.tw seri sayfalarında çıkarılabilir ürün görseli yok (2007 tarihli eski site; sayfa içeriğinde img adresi dönmüyor). Bu nedenle resmi görsel bulunamadı.";https://www.ankaracncmarket.com.tr/kompakt-fanlar/80x80x25mm-5vdc-kare-fan-d9aba4b1a876203dd968
Fanlar;Kaku;KA8038HA2SML;;KAKU KA8038HA2SML fan, 80×80×38 mm, 220 V AC;"Ölçü: 80×80×38 mm; Gerilim: 220 V AC";80X80X38MM 220VAC KARE FAN;KA8038HA2SML;18,0;Resmi görsel bulunamadı;;https://www.kaku-taiwan.com.tw/en/index-2-av-808038.html;;Orta;;"KAKU AC fan kodu (HA1 = 110 V AC, HA2 = 220 V AC; S/B = sleeve/bilyalı yatak [TEYİT]). KAKU'nun kendi kodlarında son ek genelde AT/MT/AL/ML biçiminde (ör. KA1225HA2SAT, KA1238HA2BMT, KA8225HA1SAL); 'SML/BML' biçimi bu düzenle uyumlu ama bu tam kod resmi kaynakta doğrulanamadı. mfr_page KAKU Taiwan'ın ilgili ölçüdeki AC fan seri sayfası (model sayfası değil). KAKU: Taiwan KAKU (kaku-taiwan.com.tw, 1999; Shanghai KAKU Electric Equipment Corp. ile üretim ittifakı, shkaku.com). kaku.com.tw sertifika hatası veriyor, shkaku.com yalnız HTTP ve erişilemedi; kaku-taiwan.com.tw seri sayfalarında çıkarılabilir ürün görseli yok (2007 tarihli eski site; sayfa içeriğinde img adresi dönmüyor). Bu nedenle resmi görsel bulunamadı.";https://www.ankaracncmarket.com.tr/kompakt-fanlar/80x80x38mm-220vac-kare-fan-d80139aac0c1a9102f2d
Fanlar;Kaku;KA9225H1X;;KAKU KA9225H1X fan, 92×92×25 mm, 12 V DC, 0,44 A;"Ölçü: 92×92×25 mm; Gerilim: 12 V DC; Akım: 0,44 A";92X92X25MM 0.44A 12V DC FAN;KA9225H1X;8,0;Resmi görsel bulunamadı;;;;Düşük;;"Bu küçük DC fan kodu (KA<ölçü><M/H><1/2/5><X/S>; 1=12 V, 2=24 V, 5=5 V) KAKU'nun resmi DC adlandırmasıyla (ör. KA6025-6000D24B, KA1225-2500D24B: ölçü-devir-D<gerilim><yatak>) örtüşmüyor; kod yalnız Türk bayilerinde (İnko Elektronik, Cemal Elektronik) 'KAKU' markasıyla görülüyor. Muhtemelen ithalatçı/özel etiket kodu; KAKU'nun resmi karşılığı doğrulanamadı [TEYİT]. KAKU: Taiwan KAKU (kaku-taiwan.com.tw, 1999; Shanghai KAKU Electric Equipment Corp. ile üretim ittifakı, shkaku.com). kaku.com.tw sertifika hatası veriyor, shkaku.com yalnız HTTP ve erişilemedi; kaku-taiwan.com.tw seri sayfalarında çıkarılabilir ürün görseli yok (2007 tarihli eski site; sayfa içeriğinde img adresi dönmüyor). Bu nedenle resmi görsel bulunamadı.";https://www.ankaracncmarket.com.tr/kompakt-fanlar/92x92x25mm-0.44a-12v-dc-fan-923d779ac4e11e15d4bd
Fanlar;Kaku;KA9225H2X;;KAKU KA9225H2X fan, 92×92×25 mm, 24 V DC;"Ölçü: 92×92×25 mm; Gerilim: 24 V DC";92X92X25MM 24V DC FAN;KA9225H2X;6,0;Resmi görsel bulunamadı;;;;Düşük;;"Bu küçük DC fan kodu (KA<ölçü><M/H><1/2/5><X/S>; 1=12 V, 2=24 V, 5=5 V) KAKU'nun resmi DC adlandırmasıyla (ör. KA6025-6000D24B, KA1225-2500D24B: ölçü-devir-D<gerilim><yatak>) örtüşmüyor; kod yalnız Türk bayilerinde (İnko Elektronik, Cemal Elektronik) 'KAKU' markasıyla görülüyor. Muhtemelen ithalatçı/özel etiket kodu; KAKU'nun resmi karşılığı doğrulanamadı [TEYİT]. KAKU: Taiwan KAKU (kaku-taiwan.com.tw, 1999; Shanghai KAKU Electric Equipment Corp. ile üretim ittifakı, shkaku.com). kaku.com.tw sertifika hatası veriyor, shkaku.com yalnız HTTP ve erişilemedi; kaku-taiwan.com.tw seri sayfalarında çıkarılabilir ürün görseli yok (2007 tarihli eski site; sayfa içeriğinde img adresi dönmüyor). Bu nedenle resmi görsel bulunamadı.";https://www.ankaracncmarket.com.tr/kompakt-fanlar/92x92x25mm-24v-dc-fan-331fbc48b4b785be7a46
Fanlar;Kaku;KA9225HA2SML;;KAKU KA9225HA2SML fan, 92×92×25 mm, 220 V AC;"Ölçü: 92×92×25 mm; Gerilim: 220 V AC";92X92X25MM 220VAC KARE FAN;KA9225HA2SML;18,0;Resmi görsel bulunamadı;;https://www.kaku-taiwan.com.tw/en/index-2-av-929225.html;;Orta;;"KAKU AC fan kodu (HA1 = 110 V AC, HA2 = 220 V AC; S/B = sleeve/bilyalı yatak [TEYİT]). KAKU'nun kendi kodlarında son ek genelde AT/MT/AL/ML biçiminde (ör. KA1225HA2SAT, KA1238HA2BMT, KA8225HA1SAL); 'SML/BML' biçimi bu düzenle uyumlu ama bu tam kod resmi kaynakta doğrulanamadı. mfr_page KAKU Taiwan'ın ilgili ölçüdeki AC fan seri sayfası (model sayfası değil). KAKU: Taiwan KAKU (kaku-taiwan.com.tw, 1999; Shanghai KAKU Electric Equipment Corp. ile üretim ittifakı, shkaku.com). kaku.com.tw sertifika hatası veriyor, shkaku.com yalnız HTTP ve erişilemedi; kaku-taiwan.com.tw seri sayfalarında çıkarılabilir ürün görseli yok (2007 tarihli eski site; sayfa içeriğinde img adresi dönmüyor). Bu nedenle resmi görsel bulunamadı.";https://www.ankaracncmarket.com.tr/kompakt-fanlar/92x92x25mm-220vac-kare-fan-0bbb4407e19d773ead0c
Fanlar;Kaku;KA9225M2X;;KAKU KA9225M2X fan, 92×92×25 mm;Ölçü: 92×92×25 mm;92X92X25MM 12VDC FAN;KA9225M2X;6,0;Resmi görsel bulunamadı;;;;Düşük;"Başlık 12 V DC diyor; ancak bu kod ailesinde son rakam gerilimi gösteriyor (KA9225H1X=12 V, KA9225H2X=24 V; M1X=12 V, M2X=24 V). 'KA9225M2X' kodu 24 V'a işaret ediyor; başlık ile kod çelişiyor.";"Bu küçük DC fan kodu (KA<ölçü><M/H><1/2/5><X/S>; 1=12 V, 2=24 V, 5=5 V) KAKU'nun resmi DC adlandırmasıyla (ör. KA6025-6000D24B, KA1225-2500D24B: ölçü-devir-D<gerilim><yatak>) örtüşmüyor; kod yalnız Türk bayilerinde (İnko Elektronik, Cemal Elektronik) 'KAKU' markasıyla görülüyor. Muhtemelen ithalatçı/özel etiket kodu; KAKU'nun resmi karşılığı doğrulanamadı [TEYİT]. Gerilim belirsiz (başlık 12 V, kod 24 V); satışa koymadan ürün etiketiyle teyit edilmeli. KAKU: Taiwan KAKU (kaku-taiwan.com.tw, 1999; Shanghai KAKU Electric Equipment Corp. ile üretim ittifakı, shkaku.com). kaku.com.tw sertifika hatası veriyor, shkaku.com yalnız HTTP ve erişilemedi; kaku-taiwan.com.tw seri sayfalarında çıkarılabilir ürün görseli yok (2007 tarihli eski site; sayfa içeriğinde img adresi dönmüyor). Bu nedenle resmi görsel bulunamadı.";https://www.ankaracncmarket.com.tr/kompakt-fanlar/92x92x25mm-12vdc-fan-30da7e728cbf408f4691
Fanlar;Kaku;KA9228H1X;;KAKU KA9228H1X fan, 92×92×28 mm, 12 V DC;"Ölçü: 92×92×28 mm; Gerilim: 12 V DC";92X92X28MM 12V DC FAN;KA9228H1X;8,0;Resmi görsel bulunamadı;;;;Düşük;;"Bu küçük DC fan kodu (KA<ölçü><M/H><1/2/5><X/S>; 1=12 V, 2=24 V, 5=5 V) KAKU'nun resmi DC adlandırmasıyla (ör. KA6025-6000D24B, KA1225-2500D24B: ölçü-devir-D<gerilim><yatak>) örtüşmüyor; kod yalnız Türk bayilerinde (İnko Elektronik, Cemal Elektronik) 'KAKU' markasıyla görülüyor. Muhtemelen ithalatçı/özel etiket kodu; KAKU'nun resmi karşılığı doğrulanamadı [TEYİT]. KAKU: Taiwan KAKU (kaku-taiwan.com.tw, 1999; Shanghai KAKU Electric Equipment Corp. ile üretim ittifakı, shkaku.com). kaku.com.tw sertifika hatası veriyor, shkaku.com yalnız HTTP ve erişilemedi; kaku-taiwan.com.tw seri sayfalarında çıkarılabilir ürün görseli yok (2007 tarihli eski site; sayfa içeriğinde img adresi dönmüyor). Bu nedenle resmi görsel bulunamadı.";https://www.ankaracncmarket.com.tr/kompakt-fanlar/92x92x28mm-12v-dc-fan-952df886cc40c8bd22eb
Fanlar;Kaku;KA9228H2X;;KAKU KA9228H2X fan, 92×92×28 mm, 24 V DC;"Ölçü: 92×92×28 mm; Gerilim: 24 V DC";92X92X28MM 24V DC FAN;KA9228H2X;10,0;Resmi görsel bulunamadı;;;;Düşük;;"Bu küçük DC fan kodu (KA<ölçü><M/H><1/2/5><X/S>; 1=12 V, 2=24 V, 5=5 V) KAKU'nun resmi DC adlandırmasıyla (ör. KA6025-6000D24B, KA1225-2500D24B: ölçü-devir-D<gerilim><yatak>) örtüşmüyor; kod yalnız Türk bayilerinde (İnko Elektronik, Cemal Elektronik) 'KAKU' markasıyla görülüyor. Muhtemelen ithalatçı/özel etiket kodu; KAKU'nun resmi karşılığı doğrulanamadı [TEYİT]. KAKU: Taiwan KAKU (kaku-taiwan.com.tw, 1999; Shanghai KAKU Electric Equipment Corp. ile üretim ittifakı, shkaku.com). kaku.com.tw sertifika hatası veriyor, shkaku.com yalnız HTTP ve erişilemedi; kaku-taiwan.com.tw seri sayfalarında çıkarılabilir ürün görseli yok (2007 tarihli eski site; sayfa içeriğinde img adresi dönmüyor). Bu nedenle resmi görsel bulunamadı.";https://www.ankaracncmarket.com.tr/kompakt-fanlar/92x92x28mm-24v-dc-fan-d0118c6f9389372feef8
Fanlar;Kaku;KA9238H2X;;KAKU KA9238H2X fan, 92×92×38 mm, 24 V DC;"Ölçü: 92×92×38 mm; Gerilim: 24 V DC";92X92X38MM 24V DC KARE FAN;KA9238H2X;15,0;Resmi görsel bulunamadı;;;;Düşük;;"Bu küçük DC fan kodu (KA<ölçü><M/H><1/2/5><X/S>; 1=12 V, 2=24 V, 5=5 V) KAKU'nun resmi DC adlandırmasıyla (ör. KA6025-6000D24B, KA1225-2500D24B: ölçü-devir-D<gerilim><yatak>) örtüşmüyor; kod yalnız Türk bayilerinde (İnko Elektronik, Cemal Elektronik) 'KAKU' markasıyla görülüyor. Muhtemelen ithalatçı/özel etiket kodu; KAKU'nun resmi karşılığı doğrulanamadı [TEYİT]. KAKU: Taiwan KAKU (kaku-taiwan.com.tw, 1999; Shanghai KAKU Electric Equipment Corp. ile üretim ittifakı, shkaku.com). kaku.com.tw sertifika hatası veriyor, shkaku.com yalnız HTTP ve erişilemedi; kaku-taiwan.com.tw seri sayfalarında çıkarılabilir ürün görseli yok (2007 tarihli eski site; sayfa içeriğinde img adresi dönmüyor). Bu nedenle resmi görsel bulunamadı.";https://www.ankaracncmarket.com.tr/kompakt-fanlar/92x92x38mm-24v-dc-kare-fan-0430903e236b15d368b9
Fanlar;Kaku;KA9238HA2SML;;KAKU KA9238HA2SML fan, 92×92×38 mm, 220 V AC;"Ölçü: 92×92×38 mm; Gerilim: 220 V AC";92X92X38MM 220VAC KARE FAN;KA9238HA2SML;18,0;Resmi görsel bulunamadı;;;;Orta;;"KAKU AC fan kodu (HA1 = 110 V AC, HA2 = 220 V AC; S/B = sleeve/bilyalı yatak [TEYİT]). KAKU'nun kendi kodlarında son ek genelde AT/MT/AL/ML biçiminde (ör. KA1225HA2SAT, KA1238HA2BMT, KA8225HA1SAL); 'SML/BML' biçimi bu düzenle uyumlu ama bu tam kod resmi kaynakta doğrulanamadı. KAKU: Taiwan KAKU (kaku-taiwan.com.tw, 1999; Shanghai KAKU Electric Equipment Corp. ile üretim ittifakı, shkaku.com). kaku.com.tw sertifika hatası veriyor, shkaku.com yalnız HTTP ve erişilemedi; kaku-taiwan.com.tw seri sayfalarında çıkarılabilir ürün görseli yok (2007 tarihli eski site; sayfa içeriğinde img adresi dönmüyor). Bu nedenle resmi görsel bulunamadı.";https://www.ankaracncmarket.com.tr/kompakt-fanlar/92x92x38mm-220vac-kare-fan-cc288a44a8e47ba38c5d
Fanlar;Kaku;KU133AHA2BML;;KAKU KU133AHA2BML santrifüj fan, 220 V AC;"Gerilim: 220 V AC; Tip: Santrifüj fan; Çark çapı: 133 mm";Q133-220VAC;KAKU-KU133AHA2BML;355,0;Resmi görsel bulunamadı;;;;Orta;;"'KAKU-' öneki kod parçası değil, çıkarıldı. KU…A = KAKU santrifüj (radyal) fan ailesi (KAKU'nun güncel kodları ör. KU190A-2800E2B, KU133A3200E0B). 'HA2' = 220 V AC, 'BML' KAKU AC fan son eklerine benzer (B = bilyalı [TEYİT]); bu tam kod resmi kaynakta doğrulanamadı. Shanghai KAKU'nun fan kategorisi http://en.shkaku.com/index.php?cate=fengji&id=product (erişilemedi). KAKU: Taiwan KAKU (kaku-taiwan.com.tw, 1999; Shanghai KAKU Electric Equipment Corp. ile üretim ittifakı, shkaku.com). kaku.com.tw sertifika hatası veriyor, shkaku.com yalnız HTTP ve erişilemedi; kaku-taiwan.com.tw seri sayfalarında çıkarılabilir ürün görseli yok (2007 tarihli eski site; sayfa içeriğinde img adresi dönmüyor). Bu nedenle resmi görsel bulunamadı.";https://www.ankaracncmarket.com.tr/santrifuj-fan-cesitleri/q133-220vac-7234bff299c21489a110
Fanlar;Kaku;KU190AHA2BML;;KAKU KU190AHA2BML santrifüj fan, 220 V AC;"Gerilim: 220 V AC; Çark çapı: 190 mm; Tip: Santrifüj fan";LTC Q190 - 220VAC;KU190AHA2BML;350,0;Resmi görsel bulunamadı;;;;Orta;"Başlıkta 'LTC Q190' yazıyor; kod KAKU KU190AHA2BML (KAKU santrifüj fan). 'LTC' marka/öneki KAKU ile ilgisiz görünüyor.";"KU…A = KAKU santrifüj (radyal) fan ailesi (KAKU'nun güncel kodları ör. KU190A-2800E2B, KU133A3200E0B). 'HA2' = 220 V AC, 'BML' KAKU AC fan son eklerine benzer (B = bilyalı [TEYİT]); bu tam kod resmi kaynakta doğrulanamadı. Shanghai KAKU'nun fan kategorisi http://en.shkaku.com/index.php?cate=fengji&id=product (erişilemedi). Muhtemel çift kayıt: aynı model pid 2045 (KAKU-KU190AHA2BML) olarak da geçiyor; ikisi ayrı tutuldu. KAKU: Taiwan KAKU (kaku-taiwan.com.tw, 1999; Shanghai KAKU Electric Equipment Corp. ile üretim ittifakı, shkaku.com). kaku.com.tw sertifika hatası veriyor, shkaku.com yalnız HTTP ve erişilemedi; kaku-taiwan.com.tw seri sayfalarında çıkarılabilir ürün görseli yok (2007 tarihli eski site; sayfa içeriğinde img adresi dönmüyor). Bu nedenle resmi görsel bulunamadı.";https://www.ankaracncmarket.com.tr/santrifuj-fan-cesitleri/ltc-q190---220vac-7242cb8350377a73a7d9
Fanlar;Kaku;KU190AHA2BML;;KAKU KU190AHA2BML santrifüj fan, 220 V AC;"Gerilim: 220 V AC; Tip: Santrifüj fan; Çark çapı: 190 mm";Q190-220VAC;KAKU-KU190AHA2BML;380,0;Resmi görsel bulunamadı;;;;Orta;;"'KAKU-' öneki kod parçası değil, çıkarıldı. KU…A = KAKU santrifüj (radyal) fan ailesi (KAKU'nun güncel kodları ör. KU190A-2800E2B, KU133A3200E0B). 'HA2' = 220 V AC, 'BML' KAKU AC fan son eklerine benzer (B = bilyalı [TEYİT]); bu tam kod resmi kaynakta doğrulanamadı. Shanghai KAKU'nun fan kategorisi http://en.shkaku.com/index.php?cate=fengji&id=product (erişilemedi). Muhtemel çift kayıt: aynı model pid 1681 (KU190AHA2BML) olarak da geçiyor; ikisi ayrı tutuldu. KAKU: Taiwan KAKU (kaku-taiwan.com.tw, 1999; Shanghai KAKU Electric Equipment Corp. ile üretim ittifakı, shkaku.com). kaku.com.tw sertifika hatası veriyor, shkaku.com yalnız HTTP ve erişilemedi; kaku-taiwan.com.tw seri sayfalarında çıkarılabilir ürün görseli yok (2007 tarihli eski site; sayfa içeriğinde img adresi dönmüyor). Bu nedenle resmi görsel bulunamadı.";https://www.ankaracncmarket.com.tr/santrifuj-fan-cesitleri/q190-220vac-c00df920bdbdd844cc43
Fanlar;Kaku;KU220AHA2BML;;KAKU KU220AHA2BML santrifüj fan, 220 V AC;"Gerilim: 220 V AC; Tip: Santrifüj fan; Çark çapı: 220 mm";Q220-220VAC;KAKU-KU220AHA2BML;395,0;Resmi görsel bulunamadı;;;;Orta;;"'KAKU-' öneki kod parçası değil, çıkarıldı. KU…A = KAKU santrifüj (radyal) fan ailesi (KAKU'nun güncel kodları ör. KU190A-2800E2B, KU133A3200E0B). 'HA2' = 220 V AC, 'BML' KAKU AC fan son eklerine benzer (B = bilyalı [TEYİT]); bu tam kod resmi kaynakta doğrulanamadı. Shanghai KAKU'nun fan kategorisi http://en.shkaku.com/index.php?cate=fengji&id=product (erişilemedi). KAKU: Taiwan KAKU (kaku-taiwan.com.tw, 1999; Shanghai KAKU Electric Equipment Corp. ile üretim ittifakı, shkaku.com). kaku.com.tw sertifika hatası veriyor, shkaku.com yalnız HTTP ve erişilemedi; kaku-taiwan.com.tw seri sayfalarında çıkarılabilir ürün görseli yok (2007 tarihli eski site; sayfa içeriğinde img adresi dönmüyor). Bu nedenle resmi görsel bulunamadı.";https://www.ankaracncmarket.com.tr/santrifuj-fan-cesitleri/q220-220vac-1043a737b55c9fbb181c
Fanlar;Kaku;KU250AHA2BML;;KAKU KU250AHA2BML santrifüj fan, 220 V AC;"Gerilim: 220 V AC; Tip: Santrifüj fan; Çark çapı: 250 mm";Q250-220VAC;KAKU-KU250AHA2BML;405,0;Resmi görsel bulunamadı;;;;Orta;;"'KAKU-' öneki kod parçası değil, çıkarıldı. KU…A = KAKU santrifüj (radyal) fan ailesi (KAKU'nun güncel kodları ör. KU190A-2800E2B, KU133A3200E0B). 'HA2' = 220 V AC, 'BML' KAKU AC fan son eklerine benzer (B = bilyalı [TEYİT]); bu tam kod resmi kaynakta doğrulanamadı. Shanghai KAKU'nun fan kategorisi http://en.shkaku.com/index.php?cate=fengji&id=product (erişilemedi). KAKU: Taiwan KAKU (kaku-taiwan.com.tw, 1999; Shanghai KAKU Electric Equipment Corp. ile üretim ittifakı, shkaku.com). kaku.com.tw sertifika hatası veriyor, shkaku.com yalnız HTTP ve erişilemedi; kaku-taiwan.com.tw seri sayfalarında çıkarılabilir ürün görseli yok (2007 tarihli eski site; sayfa içeriğinde img adresi dönmüyor). Bu nedenle resmi görsel bulunamadı.";https://www.ankaracncmarket.com.tr/santrifuj-fan-cesitleri/q250-220vac-5308e18c865f7c8b5b83
Fanlar;Longflow;LFE1238AS23H;;Longflow LFE1238AS23H fan, 120×120×38 mm, 220–240 V EC;"Ölçü: 120×120×38 mm; Gerilim: 220–240 V EC; Güç: 8 W";120X120X38MM-220VEC-8W;LONGFLOW-LFE1238AS23H;10,0;Üretici görseli var;seri;https://www.longflow.net/copy-of-ec-axial-fan-120-120-38mm-n;https://static.wixstatic.com/media/1a95a4_c4d00e129c2c4ccf951ad79f1263bfc5~mv2.jpg;Orta;;"Longflow LFE (EC) serisi 120×120×38 mm sayfasında model 'AX23', 220–240 V, 7,0 W, 100 CFM olarak veriliyor; tam kod LFE1238AS23H sitede birebir görülmedi. Başlıktaki 8 W ile üretici 7,0 W değeri küçük farklı.";https://www.ankaracncmarket.com.tr/kompakt-fanlar/120x120x38mm-220vec-8w-cae3684a0f953444a9ee
Fanlar;Lüfter;LTA15051H1B;;Lüfter LTA15051H1B fan, 150×150×51 mm, 110 V AC;"Ölçü: 150×150×51 mm; Gerilim: 110 V AC; Güç: 30 W";150X150X51MM-110VAC-30W;LÜFTER-LTA15051H1B;45,0;Resmi görsel bulunamadı;;;;Orta;;"Lüfter markasının resmi üretici sitesi bulunamadı; marka yalnız Türk bayilerde (İnko Elektronik, Kartal Otomasyon, Endelkon vb.) görülüyor, muhtemelen ithalatçı/özel etiket markası. Bayi görselleri kullanılmadı.";https://www.ankaracncmarket.com.tr/kompakt-fanlar/150x150x51mm-110vac-30w-da7dc69b367d294cbd1f
Fanlar;Lüfter;LTA15051H3B;;Lüfter LTA15051H3B fan, 150×150×51 mm, 380 V AC;"Ölçü: 150×150×51 mm; Gerilim: 380 V AC; Güç: 30 W";150X150X51MM-380VAC-30W;LÜFTER-LTA15051H3B;45,0;Resmi görsel bulunamadı;;;;Orta;;"Lüfter markasının resmi üretici sitesi bulunamadı; marka yalnız Türk bayilerde (İnko Elektronik, Kartal Otomasyon, Endelkon vb.) görülüyor, muhtemelen ithalatçı/özel etiket markası. Bayi görselleri kullanılmadı.";https://www.ankaracncmarket.com.tr/kompakt-fanlar/150x150x51mm-380vac-30w-74056585365d5245ee57
Fanlar;Lüfter;LTA16060H2B;;Lüfter LTA16060H2B fan, 160×160×60 mm [TEYİT], 220 V AC;"Ölçü: 160×160×60 mm [TEYİT]; Gerilim: 220 V AC; Güç: 30 W";150X150X60MM-220VAC-30W;LÜFTER-LTA16060H2B;45,0;Resmi görsel bulunamadı;;;;Düşük;"Başlık 150×150×60 mm diyor; kod (LTA16060…) ve kategori (160X160) 160×160×60 mm gösteriyor. Ölçü çelişkili.";"Lüfter markasının resmi üretici sitesi bulunamadı; marka yalnız Türk bayilerde (İnko Elektronik, Kartal Otomasyon, Endelkon vb.) görülüyor, muhtemelen ithalatçı/özel etiket markası. Bayi görselleri kullanılmadı.";https://www.ankaracncmarket.com.tr/kompakt-fanlar/150x150x60mm-220vac-30w-5a390838d1943987a631
Fanlar;Lüfter;LTA16060H3B;;Lüfter LTA16060H3B fan, 160×160×60 mm [TEYİT], 380 V AC;"Ölçü: 160×160×60 mm [TEYİT]; Gerilim: 380 V AC; Güç: 30 W";150X150X60MM-380VAC-30W;LÜFTER-LTA16060H3B;45,0;Resmi görsel bulunamadı;;;;Düşük;"Başlık 150×150×60 mm diyor; kod (LTA16060…) ve kategori (160X160) 160×160×60 mm gösteriyor. Ölçü çelişkili.";"Lüfter markasının resmi üretici sitesi bulunamadı; marka yalnız Türk bayilerde (İnko Elektronik, Kartal Otomasyon, Endelkon vb.) görülüyor, muhtemelen ithalatçı/özel etiket markası. Bayi görselleri kullanılmadı.";https://www.ankaracncmarket.com.tr/kompakt-fanlar/150x150x60mm-380vac-30w-a11c4a49949cd194b1eb
Fanlar;Lüfter;LTA17238H1B;;Lüfter LTA17238H1B fan, 172×150×38 mm, 110 V AC;"Ölçü: 172×150×38 mm; Gerilim: 110 V AC; Güç: 30 W";172X150X38MM-110VAC-30W;LÜFTER-LTA17238H1B;25,0;Resmi görsel bulunamadı;;;;Orta;;"Lüfter markasının resmi üretici sitesi bulunamadı; marka yalnız Türk bayilerde (İnko Elektronik, Kartal Otomasyon, Endelkon vb.) görülüyor, muhtemelen ithalatçı/özel etiket markası. Bayi görselleri kullanılmadı.";https://www.ankaracncmarket.com.tr/kompakt-fanlar/172x150x38mm-110vac-30w-6d386b401be52065b8ed
Fanlar;Lüfter;LTA17251H3B [TEYİT];;Lüfter LTA17251H3B [TEYİT] fan, 172×150×51 mm, 380 V AC;"Ölçü: 172×150×51 mm; Gerilim: 380 V AC; Güç: 30 W";172X150X51MM-380VAC-30W;LÜFTER-LTA1751H3B;30,0;Resmi görsel bulunamadı;;;;Düşük;"Kod 'LTA1751H3B' bir hane eksik görünüyor; ölçü 172×150×51 için Lüfter düzeninde LTA17251H3B olmalı [TEYİT].";"Orijinal kayıttaki kod: LTA1751H3B. Lüfter markasının resmi üretici sitesi bulunamadı; marka yalnız Türk bayilerde (İnko Elektronik, Kartal Otomasyon, Endelkon vb.) görülüyor, muhtemelen ithalatçı/özel etiket markası. Bayi görselleri kullanılmadı.";https://www.ankaracncmarket.com.tr/kompakt-fanlar/172x150x51mm-380vac-30w-a9f34903674c575d8288
Fanlar;Lüfter;LTA17255H1B;;Lüfter LTA17255H1B fan, 172×150×55 mm, 110 V AC;"Ölçü: 172×150×55 mm; Gerilim: 110 V AC; Güç: 40 W";172X150X55MM-110VAC-40W;LÜFTER-LTA17255H1B;50,0;Resmi görsel bulunamadı;;;;Orta;;"Lüfter markasının resmi üretici sitesi bulunamadı; marka yalnız Türk bayilerde (İnko Elektronik, Kartal Otomasyon, Endelkon vb.) görülüyor, muhtemelen ithalatçı/özel etiket markası. Bayi görselleri kullanılmadı.";https://www.ankaracncmarket.com.tr/kompakt-fanlar/172x150x55mm-110vac-40w-de8d077aef47526e0dbe
Fanlar;Lüfter;LTA17255H2B;;Lüfter LTA17255H2B fan, 172×150×55 mm, 220 V AC;"Ölçü: 172×150×55 mm; Gerilim: 220 V AC; Güç: 40 W";172X150X55MM-220VAC-40W;LÜFTER-LTA17255H2B;40,0;Resmi görsel bulunamadı;;;;Orta;;"Lüfter markasının resmi üretici sitesi bulunamadı; marka yalnız Türk bayilerde (İnko Elektronik, Kartal Otomasyon, Endelkon vb.) görülüyor, muhtemelen ithalatçı/özel etiket markası. Bayi görselleri kullanılmadı.";https://www.ankaracncmarket.com.tr/kompakt-fanlar/172x150x55mm-220vac-40w-f5711d1aaa94b36c7c50
Fanlar;Lüfter;LTA17255H3B;;Lüfter LTA17255H3B fan, 172×150×55 mm, 380 V AC;"Ölçü: 172×150×55 mm; Gerilim: 380 V AC; Güç: 40 W";172X150X55MM-380VAC-40W;LÜFTER-LTA17255H3B;60,0;Resmi görsel bulunamadı;;;;Orta;;"Lüfter markasının resmi üretici sitesi bulunamadı; marka yalnız Türk bayilerde (İnko Elektronik, Kartal Otomasyon, Endelkon vb.) görülüyor, muhtemelen ithalatçı/özel etiket markası. Bayi görselleri kullanılmadı.";https://www.ankaracncmarket.com.tr/kompakt-fanlar/172x150x55mm-380vac-40w-75d9c5a184e6ccf2a114
Fanlar;Lüfter;LTA18060H2B;;Lüfter LTA18060H2B fan, 180×180×60 mm, 220 V AC;"Ölçü: 180×180×60 mm; Gerilim: 220 V AC; Güç: 60 W";180X180X60MM-220VAC-60W;LÜFTER-LTA18060H2B;30,0;Resmi görsel bulunamadı;;;;Orta;"180×180×60 mm ürün '160X160' kategorisinde; kategori hatalı.";"Lüfter markasının resmi üretici sitesi bulunamadı; marka yalnız Türk bayilerde (İnko Elektronik, Kartal Otomasyon, Endelkon vb.) görülüyor, muhtemelen ithalatçı/özel etiket markası. Bayi görselleri kullanılmadı.";https://www.ankaracncmarket.com.tr/kompakt-fanlar/180x180x60mm-220vac-60w-67073b66e3e007347e91
Fanlar;Lüfter;LTA20060H3B;;Lüfter LTA20060H3B fan, 200×200×60 mm, 380 V AC;"Ölçü: 200×200×60 mm; Gerilim: 380 V AC; Güç: 65 W";200X200X60MM-380VAC-65W;LÜFTER-LTA20060H3B;50,0;Resmi görsel bulunamadı;;;;Orta;;"Lüfter markasının resmi üretici sitesi bulunamadı; marka yalnız Türk bayilerde (İnko Elektronik, Kartal Otomasyon, Endelkon vb.) görülüyor, muhtemelen ithalatçı/özel etiket markası. Bayi görselleri kullanılmadı.";https://www.ankaracncmarket.com.tr/kompakt-fanlar/200x200x60mm-380vac-65w-fcb694aa8055227fb0d6
Fanlar;Lüfter;LTA21070H3B;;Lüfter LTA21070H3B fan, 210×210×75 mm [TEYİT], 380 V AC;"Ölçü: 210×210×75 mm [TEYİT]; Gerilim: 380 V AC; Güç: 65 W";210X210X75MM-380VAC-65W;LÜFTER-LTA21070H3B;40,0;Resmi görsel bulunamadı;;;;Düşük;"Başlık 210×210×75 mm, kod LTA21070… 70 mm kalınlık gösteriyor; çelişkili.";"Lüfter markasının resmi üretici sitesi bulunamadı; marka yalnız Türk bayilerde (İnko Elektronik, Kartal Otomasyon, Endelkon vb.) görülüyor, muhtemelen ithalatçı/özel etiket markası. Bayi görselleri kullanılmadı.";https://www.ankaracncmarket.com.tr/kompakt-fanlar/210x210x75mm-380vac-65w-93be94d6c43c83ef8ca0
Fanlar;Lüfter;LTA22060H3B;;Lüfter LTA22060H3B fan, 220×220×60 mm, 380 V AC;"Ölçü: 220×220×60 mm; Gerilim: 380 V AC; Güç: 50 W";220X220X60MM-380VAC-50W;LÜFTER-LTA22060H3B;50,0;Resmi görsel bulunamadı;;;;Orta;;"Lüfter markasının resmi üretici sitesi bulunamadı; marka yalnız Türk bayilerde (İnko Elektronik, Kartal Otomasyon, Endelkon vb.) görülüyor, muhtemelen ithalatçı/özel etiket markası. Bayi görselleri kullanılmadı.";https://www.ankaracncmarket.com.tr/kompakt-fanlar/220x220x60mm-380vac-50w-26c22593d6371c7a8ad2
Fanlar;Lüfter;LTA22580H1B;;Lüfter LTA22580H1B fan, 225×225×80 mm, 110 V AC;"Ölçü: 225×225×80 mm; Gerilim: 110 V AC; Güç: 90 W";225X225X80MM-110VAC-90W;LÜFTER-LTA22580H1B;80,0;Resmi görsel bulunamadı;;;;Orta;;"Lüfter markasının resmi üretici sitesi bulunamadı; marka yalnız Türk bayilerde (İnko Elektronik, Kartal Otomasyon, Endelkon vb.) görülüyor, muhtemelen ithalatçı/özel etiket markası. Bayi görselleri kullanılmadı.";https://www.ankaracncmarket.com.tr/kompakt-fanlar/225x225x80mm-110vac-90w-7cfcd37283cbd403c043
Fanlar;Lüfter;LTA22580H3B;;Lüfter LTA22580H3B fan, 225×225×80 mm, 380 V AC;"Ölçü: 225×225×80 mm; Gerilim: 380 V AC; Güç: 105 W";225X225X80MM-380VAC-105W;LÜFTER-LTA22580H3B;100,0;Resmi görsel bulunamadı;;;;Orta;;"Lüfter markasının resmi üretici sitesi bulunamadı; marka yalnız Türk bayilerde (İnko Elektronik, Kartal Otomasyon, Endelkon vb.) görülüyor, muhtemelen ithalatçı/özel etiket markası. Bayi görselleri kullanılmadı.";https://www.ankaracncmarket.com.tr/kompakt-fanlar/225x225x80mm-380vac-105w-70e53512a7c6f8058b61
Fanlar;Lüfter;LTA2365B;;Lüfter LTA2365B fan, 230×230×65 mm, 220 V AC;"Ölçü: 230×230×65 mm; Gerilim: 220 V AC; Tip: Yuvarlak, rulmanlı";230X230X65MM 220V AC RULMANLI YUVARLAK FAN (LTA2365B);LFT 47;40,0;Resmi görsel bulunamadı;;;;Düşük;"Kod alanında iç kod 'LFT 47' var. Başlıktaki 'LTA2365B' Lüfter düzenine (LTA<ölçü><kalınlık><hız><gerilim><yatak>) uymuyor, gerilim hanesi yok; ürün 220X220 kategorisinde ama 230 mm.";"Tam kod teyit edilmeli [TEYİT]. Lüfter markasının resmi üretici sitesi bulunamadı; marka yalnız Türk bayilerde (İnko Elektronik, Kartal Otomasyon, Endelkon vb.) görülüyor, muhtemelen ithalatçı/özel etiket markası. Bayi görselleri kullanılmadı.";https://www.ankaracncmarket.com.tr/kompakt-fanlar/230x230x65mm-220v-ac-rulmanli-yuvarlak-fan-lta2365b-8ea87c4d72d35dd4dd8d
Fanlar;Lüfter;LTA28080H1B;;Lüfter LTA28080H1B fan, 280×280×80 mm, 110 V AC;"Ölçü: 280×280×80 mm; Gerilim: 110 V AC; Güç: 130 W";280X280X80MM-110VAC-130W;LÜFTER-LTA28080H1B;90,0;Resmi görsel bulunamadı;;;;Orta;;"Lüfter markasının resmi üretici sitesi bulunamadı; marka yalnız Türk bayilerde (İnko Elektronik, Kartal Otomasyon, Endelkon vb.) görülüyor, muhtemelen ithalatçı/özel etiket markası. Bayi görselleri kullanılmadı.";https://www.ankaracncmarket.com.tr/kompakt-fanlar/280x280x80mm-110vac-130w-785ee9c29eb29949a07b
Fanlar;Lüfter;LTA28080H2B;;Lüfter LTA28080H2B fan, 280×280×80 mm, 220 V AC;"Ölçü: 280×280×80 mm; Gerilim: 220 V AC; Güç: 130 W";280X280X80MM-220VAC-130W;LÜFTER-LTA28080H2B;110,0;Resmi görsel bulunamadı;;;;Orta;;"Lüfter markasının resmi üretici sitesi bulunamadı; marka yalnız Türk bayilerde (İnko Elektronik, Kartal Otomasyon, Endelkon vb.) görülüyor, muhtemelen ithalatçı/özel etiket markası. Bayi görselleri kullanılmadı.";https://www.ankaracncmarket.com.tr/kompakt-fanlar/280x280x80mm-220vac-130w-864446746ac906fde918
Fanlar;Lüfter;LTA6030M2B;;Lüfter LTA6030M2B fan, 60×60×30 mm, 220 V AC;"Ölçü: 60×60×30 mm; Gerilim: 220 V AC";60X60X30MM 220V AC KARE FAN (LTA6030M2B);LFT 37;20,0;Resmi görsel bulunamadı;;;;Orta;"Kod alanında iç kod 'LFT 37' var; gerçek kod başlıkta. Aynı kodlu pid 2018 başlığı 60×60×32 mm diyor; kalınlık çelişkili.";"pid 2018 ile aynı kod. Lüfter markasının resmi üretici sitesi bulunamadı; marka yalnız Türk bayilerde (İnko Elektronik, Kartal Otomasyon, Endelkon vb.) görülüyor, muhtemelen ithalatçı/özel etiket markası. Bayi görselleri kullanılmadı.";https://www.ankaracncmarket.com.tr/kompakt-fanlar/60x60x30mm-220v-ac-kare-fan-lta6030m2b-1e1f97527b0a0a9a9aef
Fanlar;Lüfter;LTA6030M2B;;Lüfter LTA6030M2B fan, 60×60×30 mm, 220 V AC;"Ölçü: 60×60×30 mm; Gerilim: 220 V AC";60X60X32MM 220 VAC;LÜFTER-LTA6030M2B;20,0;Resmi görsel bulunamadı;;;;Orta;Başlık 60×60×32 mm diyor ama kod (LTA6030…) ve pid 1675 30 mm kalınlık gösteriyor.;"pid 1675 ile aynı kod. Lüfter markasının resmi üretici sitesi bulunamadı; marka yalnız Türk bayilerde (İnko Elektronik, Kartal Otomasyon, Endelkon vb.) görülüyor, muhtemelen ithalatçı/özel etiket markası. Bayi görselleri kullanılmadı.";https://www.ankaracncmarket.com.tr/kompakt-fanlar/60x60x32mm-220-vac-247343b67e3443e7f66e
Fanlar;Lüfter;LTA8038H2SL;;Lüfter LTA8038H2SL fan, 80×80×38 mm, 220 V AC;"Ölçü: 80×80×38 mm; Gerilim: 220 V AC";80X80X38XMM 220;LÜFTER-LTA8038H2SL;7,0;Resmi görsel bulunamadı;;;;Orta;Başlık '80X80X38XMM 220' yazım hatalı ve eksik (gerilim türü yok).;"Lüfter markasının resmi üretici sitesi bulunamadı; marka yalnız Türk bayilerde (İnko Elektronik, Kartal Otomasyon, Endelkon vb.) görülüyor, muhtemelen ithalatçı/özel etiket markası. Bayi görselleri kullanılmadı.";https://www.ankaracncmarket.com.tr/kompakt-fanlar/80x80x38xmm-220-7792eb88112e3cc52daf
Fanlar;Lüfter;LTA9225M2S [TEYİT];;Lüfter LTA9225M2S [TEYİT] fan, 92×92×25 mm, 220 V AC;"Ölçü: 92×92×25 mm; Gerilim: 220 V AC";92X92X25MM 220V AC KARE FAN (9225M2S);LFT 39;8,0;Resmi görsel bulunamadı;;;;Düşük;"Kod alanında iç kod 'LFT 39' var; başlıktaki '9225M2S' önekini kaybetmiş, AC Lüfter fanı olduğu için LTA9225M2S olmalı [TEYİT].";"Orijinal başlıktaki kod: 9225M2S. Lüfter markasının resmi üretici sitesi bulunamadı; marka yalnız Türk bayilerde (İnko Elektronik, Kartal Otomasyon, Endelkon vb.) görülüyor, muhtemelen ithalatçı/özel etiket markası. Bayi görselleri kullanılmadı.";https://www.ankaracncmarket.com.tr/kompakt-fanlar/92x92x25mm-220v-ac-kare-fan-9225m2s-15a21dab467f1725e26f
Fanlar;Lüfter;LTB1232H1S;;Lüfter LTB1232H1S salyangoz fan, 120×120×32 mm, 12 V DC;"Ölçü: 120×120×32 mm; Gerilim: 12 V DC; Akım: 0,30 A; Tip: Salyangoz (radyal) fan";120X120X32MM-12VDC-0.30A;LÜFTER-LTB1232H1S;10,0;Resmi görsel bulunamadı;;;;Orta;;"Lüfter markasının resmi üretici sitesi bulunamadı; marka yalnız Türk bayilerde (İnko Elektronik, Kartal Otomasyon, Endelkon vb.) görülüyor, muhtemelen ithalatçı/özel etiket markası. Bayi görselleri kullanılmadı.";https://www.ankaracncmarket.com.tr/salyangoz-fan-cesitleri/120x120x32mm-12vdc-0.30a-4305ae3ccace216edbc8
Fanlar;Lüfter;LTB1232H2S;;Lüfter LTB1232H2S salyangoz fan, 120×120×32 mm, 24 V DC;"Ölçü: 120×120×32 mm; Gerilim: 24 V DC; Akım: 0,25 A; Tip: Salyangoz (radyal) fan";120X120X32MM-24VDC-0.25A;LÜFTER-LTB1232H2S;10,0;Resmi görsel bulunamadı;;;;Orta;;"Lüfter markasının resmi üretici sitesi bulunamadı; marka yalnız Türk bayilerde (İnko Elektronik, Kartal Otomasyon, Endelkon vb.) görülüyor, muhtemelen ithalatçı/özel etiket markası. Bayi görselleri kullanılmadı.";https://www.ankaracncmarket.com.tr/salyangoz-fan-cesitleri/120x120x32mm-24vdc-0.25a-7a8c6a57dac636c6b634
Fanlar;Lüfter;LTD1225H1S;;Lüfter LTD1225H1S fan, 120×120×25 mm, 12 V DC;"Ölçü: 120×120×25 mm; Gerilim: 12 V DC; Akım: 0,80 A";120X120X25MM-12VDC-0.80A;LÜFTER-LTD1225H1S;8,5;Resmi görsel bulunamadı;;;;Orta;;"Lüfter markasının resmi üretici sitesi bulunamadı; marka yalnız Türk bayilerde (İnko Elektronik, Kartal Otomasyon, Endelkon vb.) görülüyor, muhtemelen ithalatçı/özel etiket markası. Bayi görselleri kullanılmadı.";https://www.ankaracncmarket.com.tr/kompakt-fanlar/120x120x25mm-12vdc-0.80a-4bc0617c7a90c3ea6cf6
Fanlar;Lüfter;LTD1225H2S;;Lüfter LTD1225H2S fan, 120×120×25 mm, 24 V DC;"Ölçü: 120×120×25 mm; Gerilim: 24 V DC; Akım: 0,45 A";120X120X25MM-24VDC-0.45A;LÜFTER-LTD1225H2S;8,5;Resmi görsel bulunamadı;;;;Orta;;"Lüfter markasının resmi üretici sitesi bulunamadı; marka yalnız Türk bayilerde (İnko Elektronik, Kartal Otomasyon, Endelkon vb.) görülüyor, muhtemelen ithalatçı/özel etiket markası. Bayi görselleri kullanılmadı.";https://www.ankaracncmarket.com.tr/kompakt-fanlar/120x120x25mm-24vdc-0.45a-92d0cbf8654594a99f77
Fanlar;Lüfter;LTD1225H4S;;Lüfter LTD1225H4S fan, 120×120×25 mm, 48 V DC;"Ölçü: 120×120×25 mm; Gerilim: 48 V DC; Akım: 0,30 A";120X120X25MM-48VDC-0.30A;LÜFTER-LTD1225H4S;9,5;Resmi görsel bulunamadı;;;;Orta;;"Lüfter markasının resmi üretici sitesi bulunamadı; marka yalnız Türk bayilerde (İnko Elektronik, Kartal Otomasyon, Endelkon vb.) görülüyor, muhtemelen ithalatçı/özel etiket markası. Bayi görselleri kullanılmadı.";https://www.ankaracncmarket.com.tr/kompakt-fanlar/120x120x25mm-48vdc-0.30a-318cc04dc9b9d2b008e1
Fanlar;Lüfter;LTD1225M1S;;Lüfter LTD1225M1S fan, 120×120×25 mm, 12 V DC;"Ölçü: 120×120×25 mm; Gerilim: 12 V DC; Akım: 0,50 A";120X120X25mm 12VDC 0,50AMPER KARE FAN;LTD1125M1S;8,5;Resmi görsel bulunamadı;;;;Orta;"Kod 'LTD1125M1S' yanlış; başlık 120×120×25 mm, Lüfter kod düzenine göre LTD1225M1S olmalı (aynı özellikte pid 2001 LTD1225M1S).";"pid 2001 ile aynı ürün görünüyor. Lüfter markasının resmi üretici sitesi bulunamadı; marka yalnız Türk bayilerde (İnko Elektronik, Kartal Otomasyon, Endelkon vb.) görülüyor, muhtemelen ithalatçı/özel etiket markası. Bayi görselleri kullanılmadı.";https://www.ankaracncmarket.com.tr/kompakt-fanlar/120x120x25mm-12vdc-0-50amper-kare-fan-6a80e47737a1b4e39d26
Fanlar;Lüfter;LTD1225M1S;;Lüfter LTD1225M1S fan, 120×120×25 mm, 12 V DC;"Ölçü: 120×120×25 mm; Gerilim: 12 V DC; Akım: 0,50 A";120X120X25MM-12VDC-0.50A;LÜFTER-LTD1225M1S;5,0;Resmi görsel bulunamadı;;;;Orta;;"Lüfter markasının resmi üretici sitesi bulunamadı; marka yalnız Türk bayilerde (İnko Elektronik, Kartal Otomasyon, Endelkon vb.) görülüyor, muhtemelen ithalatçı/özel etiket markası. Bayi görselleri kullanılmadı.";https://www.ankaracncmarket.com.tr/kompakt-fanlar/120x120x25mm-12vdc-0.50a-b18ff530ee54044d4249
Fanlar;Lüfter;LTD1238D4S;;Lüfter LTD1238D4S fan, 120×120×38 mm, 48 V DC;"Ölçü: 120×120×38 mm; Gerilim: 48 V DC; Akım: 0,30 A";120X120X38MM-48VDC-0.30A;LÜFTER-LTD1238D4S;10,0;Resmi görsel bulunamadı;;;;Orta;;"Lüfter markasının resmi üretici sitesi bulunamadı; marka yalnız Türk bayilerde (İnko Elektronik, Kartal Otomasyon, Endelkon vb.) görülüyor, muhtemelen ithalatçı/özel etiket markası. Bayi görselleri kullanılmadı.";https://www.ankaracncmarket.com.tr/kompakt-fanlar/120x120x38mm-48vdc-0.30a-53043704858f5ae8de40
Fanlar;Lüfter;LTD1238H2B;;Lüfter LTD1238H2B fan, 120×120×38 mm, 24 V DC;"Ölçü: 120×120×38 mm; Gerilim: 24 V DC; Akım: 0,60 A";120X120X38MM-24VDC-0.60A;LÜFTER-LTD1238H2B;20,0;Resmi görsel bulunamadı;;;;Orta;;"Lüfter markasının resmi üretici sitesi bulunamadı; marka yalnız Türk bayilerde (İnko Elektronik, Kartal Otomasyon, Endelkon vb.) görülüyor, muhtemelen ithalatçı/özel etiket markası. Bayi görselleri kullanılmadı.";https://www.ankaracncmarket.com.tr/kompakt-fanlar/120x120x38mm-24vdc-0.60a-24746b737d47888a2592
Fanlar;Lüfter;LTD1238H2B-A;;Lüfter LTD1238H2B-A fan, 120×120×38 mm, 24 V DC;"Ölçü: 120×120×38 mm; Gerilim: 24 V DC; Akım: 0,46 A";120X120X38MM-24VDC-0.46A;LÜFTER-LTD1238H2B-A;20,0;Resmi görsel bulunamadı;;;;Orta;;"Lüfter markasının resmi üretici sitesi bulunamadı; marka yalnız Türk bayilerde (İnko Elektronik, Kartal Otomasyon, Endelkon vb.) görülüyor, muhtemelen ithalatçı/özel etiket markası. Bayi görselleri kullanılmadı.";https://www.ankaracncmarket.com.tr/kompakt-fanlar/120x120x38mm-24vdc-0.46a-481af768f3f88ff63d09
Fanlar;Lüfter;LTD1238M1S;;Lüfter LTD1238M1S fan, 120×120×38 mm, 12 V DC;"Ölçü: 120×120×38 mm; Gerilim: 12 V DC; Akım: 0,90 A";120X120X38MM 12VDC 0,90;LÜFTER-LTD1238M1S;13,0;Resmi görsel bulunamadı;;;;Orta;;"Başlıkta akım birimi yok ('0,90'), A kabul edildi. Lüfter markasının resmi üretici sitesi bulunamadı; marka yalnız Türk bayilerde (İnko Elektronik, Kartal Otomasyon, Endelkon vb.) görülüyor, muhtemelen ithalatçı/özel etiket markası. Bayi görselleri kullanılmadı.";https://www.ankaracncmarket.com.tr/kompakt-fanlar/120x120x38mm-12vdc-0-90-9d2f44c44e3a7e92adbe
Fanlar;Lüfter;LTD1238M2B;;Lüfter LTD1238M2B fan, 120×120×38 mm, 24 V DC;"Ölçü: 120×120×38 mm; Gerilim: 24 V DC; Akım: 1,20 A";120X120X38MM-24VDC-1.20A;LÜFTER-LTD1238M2B;20,0;Resmi görsel bulunamadı;;;;Düşük;;"M (orta hız) kodlu üründe akım H koddan yüksek; değerler teyit edilmeli [TEYİT]. Lüfter markasının resmi üretici sitesi bulunamadı; marka yalnız Türk bayilerde (İnko Elektronik, Kartal Otomasyon, Endelkon vb.) görülüyor, muhtemelen ithalatçı/özel etiket markası. Bayi görselleri kullanılmadı.";https://www.ankaracncmarket.com.tr/kompakt-fanlar/120x120x38mm-24vdc-1.20a-1707898d25ce1e522ee1
Fanlar;Lüfter;LTD1238U2B;;Lüfter LTD1238U2B fan, 120×120×38 mm, 24 V DC;"Ölçü: 120×120×38 mm; Gerilim: 24 V DC; Akım: 1,50 A";120X120X38MM-24VDC-1.50A;LÜFTER-LTD1238U2B;23,5;Resmi görsel bulunamadı;;;;Orta;;"Lüfter markasının resmi üretici sitesi bulunamadı; marka yalnız Türk bayilerde (İnko Elektronik, Kartal Otomasyon, Endelkon vb.) görülüyor, muhtemelen ithalatçı/özel etiket markası. Bayi görselleri kullanılmadı.";https://www.ankaracncmarket.com.tr/kompakt-fanlar/120x120x38mm-24vdc-1.50a-a8e8cdb4b827583054f9
Fanlar;Lüfter;LTD2060L1B;;Lüfter LTD2060L1B fan, 200×200×60 mm, 12 V DC;"Ölçü: 200×200×60 mm; Gerilim: 12 V DC; Akım: 2 A";200X200X60MM-12VDC-2A;LÜFTER-LTD2060L1B;86,0;Resmi görsel bulunamadı;;;;Orta;;"Lüfter markasının resmi üretici sitesi bulunamadı; marka yalnız Türk bayilerde (İnko Elektronik, Kartal Otomasyon, Endelkon vb.) görülüyor, muhtemelen ithalatçı/özel etiket markası. Bayi görselleri kullanılmadı.";https://www.ankaracncmarket.com.tr/kompakt-fanlar/200x200x60mm-12vdc-2a-a658085ccc5ab6dcc056
Fanlar;Lüfter;LTD2060L2B;;Lüfter LTD2060L2B fan, 200×200×60 mm, 24 V DC;"Ölçü: 200×200×60 mm; Gerilim: 24 V DC; Akım: 1 A";200X200X60MM-24VDC-1A;LÜFTER-LTD2060L2B;86,0;Resmi görsel bulunamadı;;;;Orta;;"Lüfter markasının resmi üretici sitesi bulunamadı; marka yalnız Türk bayilerde (İnko Elektronik, Kartal Otomasyon, Endelkon vb.) görülüyor, muhtemelen ithalatçı/özel etiket markası. Bayi görselleri kullanılmadı.";https://www.ankaracncmarket.com.tr/kompakt-fanlar/200x200x60mm-24vdc-1a-baf1ae4a3ad446920f4b
Fanlar;Lüfter;LTD2260L2B;;Lüfter LTD2260L2B fan, 220×220×60 mm, 24 V DC;"Ölçü: 220×220×60 mm; Gerilim: 24 V DC; Akım: 1 A";220X220X60MM-24VDC-1A;LÜFTER-LTD2260L2B;86,0;Resmi görsel bulunamadı;;;;Orta;;"Lüfter markasının resmi üretici sitesi bulunamadı; marka yalnız Türk bayilerde (İnko Elektronik, Kartal Otomasyon, Endelkon vb.) görülüyor, muhtemelen ithalatçı/özel etiket markası. Bayi görselleri kullanılmadı.";https://www.ankaracncmarket.com.tr/kompakt-fanlar/220x220x60mm-24vdc-1a-35078670f1d2c56f5280
Fanlar;Lüfter;LTD2260L4B;;Lüfter LTD2260L4B fan, 220×220×60 mm, 48 V DC;"Ölçü: 220×220×60 mm; Gerilim: 48 V DC; Akım: 0,50 A";220X220X60MM-48VDC-0.50A;LÜFTER-LTD2260L4B;90,0;Resmi görsel bulunamadı;;;;Orta;;"Lüfter markasının resmi üretici sitesi bulunamadı; marka yalnız Türk bayilerde (İnko Elektronik, Kartal Otomasyon, Endelkon vb.) görülüyor, muhtemelen ithalatçı/özel etiket markası. Bayi görselleri kullanılmadı.";https://www.ankaracncmarket.com.tr/kompakt-fanlar/220x220x60mm-48vdc-0.50a-be70d41f4306326cd162
Fanlar;Lüfter;LTD3010H1S;;Lüfter LTD3010H1S fan, 30×30×10 mm, 12 V DC;"Ölçü: 30×30×10 mm; Gerilim: 12 V DC; Akım: 0,10 A";30X30X10MM-12VDC-0.10A;LÜFTER-LTD3010H1S;4,0;Resmi görsel bulunamadı;;;;Orta;;"Lüfter markasının resmi üretici sitesi bulunamadı; marka yalnız Türk bayilerde (İnko Elektronik, Kartal Otomasyon, Endelkon vb.) görülüyor, muhtemelen ithalatçı/özel etiket markası. Bayi görselleri kullanılmadı.";https://www.ankaracncmarket.com.tr/kompakt-fanlar/30x30x10mm-12vdc-0.10a-ad4eaeb56552f76d13bf
Fanlar;Lüfter;LTD4010D2S;;Lüfter LTD4010D2S fan, 40×40×10 mm, 24 V DC;"Ölçü: 40×40×10 mm; Gerilim: 24 V DC";LÜFTER LTD4010D2S-40X40X10MM 24VDC;LFT 4;4,0;Resmi görsel bulunamadı;;;;Orta;"Kod alanında iç kod 'LFT 4' var; gerçek kod başlıkta.";"Lüfter markasının resmi üretici sitesi bulunamadı; marka yalnız Türk bayilerde (İnko Elektronik, Kartal Otomasyon, Endelkon vb.) görülüyor, muhtemelen ithalatçı/özel etiket markası. Bayi görselleri kullanılmadı.";https://www.ankaracncmarket.com.tr/kompakt-fanlar/lufter-ltd4010d2s-40x40x10mm-24vdc-6e0e5863463aa7aed4d8
Fanlar;Lüfter;LTD4010H5S;;Lüfter LTD4010H5S fan, 40×40×10 mm, 5 V DC;"Ölçü: 40×40×10 mm; Gerilim: 5 V DC; Akım: 0,20 A";40X40X10MM-5VDC-0.20A;LÜFTER-LTD4010H5S;4,0;Resmi görsel bulunamadı;;;;Orta;;"Lüfter markasının resmi üretici sitesi bulunamadı; marka yalnız Türk bayilerde (İnko Elektronik, Kartal Otomasyon, Endelkon vb.) görülüyor, muhtemelen ithalatçı/özel etiket markası. Bayi görselleri kullanılmadı.";https://www.ankaracncmarket.com.tr/kompakt-fanlar/40x40x10mm-5vdc-0.20a-28a1d10e858ec6a9fc3c
Fanlar;Lüfter;LTD4015H2S;;Lüfter LTD4015H2S fan, 40×40×15 mm, 24 V DC;"Ölçü: 40×40×15 mm; Gerilim: 24 V DC";LÜFTER LTD4015H2S-40X40X15MM 24VDC;LFT 5;6,0;Resmi görsel bulunamadı;;;;Orta;"Kod alanında iç kod 'LFT 5' var; gerçek kod başlıkta.";"Lüfter markasının resmi üretici sitesi bulunamadı; marka yalnız Türk bayilerde (İnko Elektronik, Kartal Otomasyon, Endelkon vb.) görülüyor, muhtemelen ithalatçı/özel etiket markası. Bayi görselleri kullanılmadı.";https://www.ankaracncmarket.com.tr/kompakt-fanlar/lufter-ltd4015h2s-40x40x15mm-24vdc-29d55cbef3207e721d68
Fanlar;Lüfter;LTD4020H1S;;Lüfter LTD4020H1S fan, 40×40×20 mm, 12 V DC;"Ölçü: 40×40×20 mm; Gerilim: 12 V DC; Akım: 0,15 A";40X40X20MM-12VDC-0.15A;LÜFTER-LTD4020H1S;3,0;Resmi görsel bulunamadı;;;;Orta;;"Lüfter markasının resmi üretici sitesi bulunamadı; marka yalnız Türk bayilerde (İnko Elektronik, Kartal Otomasyon, Endelkon vb.) görülüyor, muhtemelen ithalatçı/özel etiket markası. Bayi görselleri kullanılmadı.";https://www.ankaracncmarket.com.tr/kompakt-fanlar/40x40x20mm-12vdc-0.15a-1ce18dc4fc10fc7d353a
Fanlar;Lüfter;LTD4020H2S;;Lüfter LTD4020H2S fan, 40×40×20 mm, 24 V DC;"Ölçü: 40×40×20 mm; Gerilim: 24 V DC";LÜFTER LTD4020H2S-40X40X20MM 24VDC;LFT 6;2,75;Resmi görsel bulunamadı;;;;Orta;"Kod alanında iç kod 'LFT 6' var; gerçek kod başlıkta.";"Lüfter markasının resmi üretici sitesi bulunamadı; marka yalnız Türk bayilerde (İnko Elektronik, Kartal Otomasyon, Endelkon vb.) görülüyor, muhtemelen ithalatçı/özel etiket markası. Bayi görselleri kullanılmadı.";https://www.ankaracncmarket.com.tr/kompakt-fanlar/lufter-ltd4020h2s-40x40x20mm-24vdc-0b77150644b9e065aacf
Fanlar;Lüfter;LTD4028H2B;;Lüfter LTD4028H2B fan, 40×40×28 mm, 24 V DC;"Ölçü: 40×40×28 mm; Gerilim: 24 V DC; Akım: 0,20 A";40X40X28MM-24VDC-0.20A;LÜFTER-LTD4028H2B;8,0;Resmi görsel bulunamadı;;;;Orta;;"Lüfter markasının resmi üretici sitesi bulunamadı; marka yalnız Türk bayilerde (İnko Elektronik, Kartal Otomasyon, Endelkon vb.) görülüyor, muhtemelen ithalatçı/özel etiket markası. Bayi görselleri kullanılmadı.";https://www.ankaracncmarket.com.tr/kompakt-fanlar/40x40x28mm-24vdc-0.20a-03306162580aa97a02c0
Fanlar;Lüfter;LTD5010H1S;;Lüfter LTD5010H1S fan, 50×50×10 mm, 12 V DC;"Ölçü: 50×50×10 mm; Gerilim: 12 V DC";LÜFTER LTD5010H1S-50X50X10MM 12VDC;LFT 7;4,0;Resmi görsel bulunamadı;;;;Orta;"Kod alanında iç kod 'LFT 7' var; gerçek kod başlıkta.";"Lüfter markasının resmi üretici sitesi bulunamadı; marka yalnız Türk bayilerde (İnko Elektronik, Kartal Otomasyon, Endelkon vb.) görülüyor, muhtemelen ithalatçı/özel etiket markası. Bayi görselleri kullanılmadı.";https://www.ankaracncmarket.com.tr/kompakt-fanlar/lufter-ltd5010h1s-50x50x10mm-12vdc-5bf3763df285ca9bc88b
Fanlar;Lüfter;LTD5010H2S;;Lüfter LTD5010H2S fan, 50×50×10 mm, 24 V DC;"Ölçü: 50×50×10 mm; Gerilim: 24 V DC";LÜFTER LTD5010H2S-50X50X10MM 24VDC;LFT 8;2,5;Resmi görsel bulunamadı;;;;Orta;"Kod alanında iç kod 'LFT 8' var; gerçek kod başlıkta.";"Lüfter markasının resmi üretici sitesi bulunamadı; marka yalnız Türk bayilerde (İnko Elektronik, Kartal Otomasyon, Endelkon vb.) görülüyor, muhtemelen ithalatçı/özel etiket markası. Bayi görselleri kullanılmadı.";https://www.ankaracncmarket.com.tr/kompakt-fanlar/lufter-ltd5010h2s-50x50x10mm-24vdc-58f3954745b53c5559d4
Fanlar;Lüfter;LTD5015H1S;;Lüfter LTD5015H1S fan, 50×50×15 mm, 12 V DC;"Ölçü: 50×50×15 mm; Gerilim: 12 V DC; Akım: 0,30 A";50X50X15MM-12VDC-0.30A;LÜFTER-LTD5015H1S;3,0;Resmi görsel bulunamadı;;;;Orta;;"Lüfter markasının resmi üretici sitesi bulunamadı; marka yalnız Türk bayilerde (İnko Elektronik, Kartal Otomasyon, Endelkon vb.) görülüyor, muhtemelen ithalatçı/özel etiket markası. Bayi görselleri kullanılmadı.";https://www.ankaracncmarket.com.tr/kompakt-fanlar/50x50x15mm-12vdc-0.30a-0748fb4261d11e022e1c
Fanlar;Lüfter;LTD5015H2S;;Lüfter LTD5015H2S fan, 50×50×15 mm, 24 V DC;"Ölçü: 50×50×15 mm; Gerilim: 24 V DC";50X50X15MM 24V DC KARE FAN (LTD5015H2S);LFT 9;10,0;Resmi görsel bulunamadı;;;;Orta;"Kod alanında iç kod 'LFT 9' var; gerçek kod başlıkta (LTD5015H2S).";"pid 2042 ile aynı ürün. Lüfter markasının resmi üretici sitesi bulunamadı; marka yalnız Türk bayilerde (İnko Elektronik, Kartal Otomasyon, Endelkon vb.) görülüyor, muhtemelen ithalatçı/özel etiket markası. Bayi görselleri kullanılmadı.";https://www.ankaracncmarket.com.tr/kompakt-fanlar/50x50x15mm-24v-dc-kare-fan-ltd5015h2s-2a6ee009655917bd79d8
Fanlar;Lüfter;LTD5015H2S;;Lüfter LTD5015H2S fan, 50×50×15 mm, 24 V DC;"Ölçü: 50×50×15 mm; Gerilim: 24 V DC; Akım: 0,18 A";50X50X15MM-24VDC-0.18A;LÜFTER-LTD5015H2S;10,0;Resmi görsel bulunamadı;;;;Orta;"Ürün 'Salyangoz Fan Çeşitleri' kategorisinde ama LTD = DC eksenel kare fan (50×50×15); kategori hatalı.";"pid 1647 ile aynı ürün. Lüfter markasının resmi üretici sitesi bulunamadı; marka yalnız Türk bayilerde (İnko Elektronik, Kartal Otomasyon, Endelkon vb.) görülüyor, muhtemelen ithalatçı/özel etiket markası. Bayi görselleri kullanılmadı.";https://www.ankaracncmarket.com.tr/salyangoz-fan-cesitleri/50x50x15mm-24vdc-0.18a-37091ba12487a3bd66ec
Fanlar;Lüfter;LTD6010H1S;;Lüfter LTD6010H1S fan, 60×60×10 mm, 12 V DC;"Ölçü: 60×60×10 mm; Gerilim: 12 V DC; Akım: 0,23 A";60X60X10MM-12VDC-0.23A;LÜFTER-LTD6010H1S;3,0;Resmi görsel bulunamadı;;;;Orta;;"Lüfter markasının resmi üretici sitesi bulunamadı; marka yalnız Türk bayilerde (İnko Elektronik, Kartal Otomasyon, Endelkon vb.) görülüyor, muhtemelen ithalatçı/özel etiket markası. Bayi görselleri kullanılmadı.";https://www.ankaracncmarket.com.tr/kompakt-fanlar/60x60x10mm-12vdc-0.23a-4d89989734abb8f57cee
Fanlar;Lüfter;LTD6010H2S;;Lüfter LTD6010H2S fan, 60×60×10 mm, 24 V DC;"Ölçü: 60×60×10 mm; Gerilim: 24 V DC; Akım: 0,10 A";60X60X10MM-24VDC-0.10A;LÜFTER-LTD6010H2S;5,0;Resmi görsel bulunamadı;;;;Orta;;"Lüfter markasının resmi üretici sitesi bulunamadı; marka yalnız Türk bayilerde (İnko Elektronik, Kartal Otomasyon, Endelkon vb.) görülüyor, muhtemelen ithalatçı/özel etiket markası. Bayi görselleri kullanılmadı.";https://www.ankaracncmarket.com.tr/kompakt-fanlar/60x60x10mm-24vdc-0.10a-87e748f33051c0faa3c9
Fanlar;Lüfter;LTD6015H1S;;Lüfter LTD6015H1S fan, 60×60×15 mm, 12 V DC;"Ölçü: 60×60×15 mm; Gerilim: 12 V DC; Akım: 0,28 A";60X60X15MM-12VDC-0.28A;LÜFTER-LTD6015H1S;5,0;Resmi görsel bulunamadı;;;;Orta;;"Lüfter markasının resmi üretici sitesi bulunamadı; marka yalnız Türk bayilerde (İnko Elektronik, Kartal Otomasyon, Endelkon vb.) görülüyor, muhtemelen ithalatçı/özel etiket markası. Bayi görselleri kullanılmadı.";https://www.ankaracncmarket.com.tr/kompakt-fanlar/60x60x15mm-12vdc-0.28a-091dae7ebbdbe9b136b2
Fanlar;Lüfter;LTD6015H2S;;Lüfter LTD6015H2S fan, 60×60×15 mm, 24 V DC;"Ölçü: 60×60×15 mm; Gerilim: 24 V DC; Akım: 0,15 A";60X60X15MM-24VDC-0.15A;LÜFTER-LTD6015H2S;3,0;Resmi görsel bulunamadı;;;;Orta;;"Lüfter markasının resmi üretici sitesi bulunamadı; marka yalnız Türk bayilerde (İnko Elektronik, Kartal Otomasyon, Endelkon vb.) görülüyor, muhtemelen ithalatçı/özel etiket markası. Bayi görselleri kullanılmadı.";https://www.ankaracncmarket.com.tr/kompakt-fanlar/60x60x15mm-24vdc-0.15a-5aa0fb49ae0ff14bcb3a
Fanlar;Lüfter;LTD6025H1S;;Lüfter LTD6025H1S fan, 60×60×25 mm, 12 V DC;"Ölçü: 60×60×25 mm; Gerilim: 12 V DC; Akım: 0,45 A";60X60X25MM-12VDC-0.45A;LÜFTER-LTD6025H1S;5,0;Resmi görsel bulunamadı;;;;Orta;;"Lüfter markasının resmi üretici sitesi bulunamadı; marka yalnız Türk bayilerde (İnko Elektronik, Kartal Otomasyon, Endelkon vb.) görülüyor, muhtemelen ithalatçı/özel etiket markası. Bayi görselleri kullanılmadı.";https://www.ankaracncmarket.com.tr/kompakt-fanlar/60x60x25mm-12vdc-0.45a-0ab5366e5d25025045c4
Fanlar;Lüfter;LTD6025H2S;;Lüfter LTD6025H2S fan, 60×60×25 mm, 24 V DC;"Ölçü: 60×60×25 mm; Gerilim: 24 V DC; Akım: 0,25 A";60X60X25MM-24VDC-0.25A;LÜFTER-LTD6025H2S;5,5;Resmi görsel bulunamadı;;;;Orta;;"Lüfter markasının resmi üretici sitesi bulunamadı; marka yalnız Türk bayilerde (İnko Elektronik, Kartal Otomasyon, Endelkon vb.) görülüyor, muhtemelen ithalatçı/özel etiket markası. Bayi görselleri kullanılmadı.";https://www.ankaracncmarket.com.tr/kompakt-fanlar/60x60x25mm-24vdc-0.25a-fa4daf799a81b9f82890
Fanlar;Lüfter;LTD7015H2S;;Lüfter LTD7015H2S fan, 70×70×15 mm, 24 V DC;"Ölçü: 70×70×15 mm; Gerilim: 24 V DC; Akım: 0,30 A";70X70X15MM-24VDC-0.30A;LÜFTER-LTD7015H2S;4,0;Resmi görsel bulunamadı;;;;Orta;;"Lüfter markasının resmi üretici sitesi bulunamadı; marka yalnız Türk bayilerde (İnko Elektronik, Kartal Otomasyon, Endelkon vb.) görülüyor, muhtemelen ithalatçı/özel etiket markası. Bayi görselleri kullanılmadı.";https://www.ankaracncmarket.com.tr/kompakt-fanlar/70x70x15mm-24vdc-0.30a-60894145ea2301155a21
Fanlar;Lüfter;LTD7020H2S;;Lüfter LTD7020H2S fan, 70×70×20 mm, 24 V DC;"Ölçü: 70×70×20 mm; Gerilim: 24 V DC; Akım: 0,20 A";70X70X20MM-24VDC-0.20A;LÜFTER-LTD7020H2S;4,0;Resmi görsel bulunamadı;;;;Orta;;"Lüfter markasının resmi üretici sitesi bulunamadı; marka yalnız Türk bayilerde (İnko Elektronik, Kartal Otomasyon, Endelkon vb.) görülüyor, muhtemelen ithalatçı/özel etiket markası. Bayi görselleri kullanılmadı.";https://www.ankaracncmarket.com.tr/kompakt-fanlar/70x70x20mm-24vdc-0.20a-000bc702ac9d30f86e2f
Fanlar;Lüfter;LTD7025H2S;;Lüfter LTD7025H2S fan, 70×70×25 mm, 24 V DC;"Ölçü: 70×70×25 mm; Gerilim: 24 V DC; Akım: 0,25 A";70X70X25MM-24VDC-0.25A;LÜFTER-LTD7025H2S;4,0;Resmi görsel bulunamadı;;;;Orta;;"Lüfter markasının resmi üretici sitesi bulunamadı; marka yalnız Türk bayilerde (İnko Elektronik, Kartal Otomasyon, Endelkon vb.) görülüyor, muhtemelen ithalatçı/özel etiket markası. Bayi görselleri kullanılmadı.";https://www.ankaracncmarket.com.tr/kompakt-fanlar/70x70x25mm-24vdc-0.25a-15a1edc4d1beb4edc4fd
Fanlar;Lüfter;LTD8025H1S;;Lüfter LTD8025H1S fan, 80×80×25 mm, 12 V DC;"Ölçü: 80×80×25 mm; Gerilim: 12 V DC; Akım: 0,40 A";80X80X25MM-12VDC-0.40A;LÜFTER-LTD8025H1S;15,0;Resmi görsel bulunamadı;;;;Orta;;"Lüfter markasının resmi üretici sitesi bulunamadı; marka yalnız Türk bayilerde (İnko Elektronik, Kartal Otomasyon, Endelkon vb.) görülüyor, muhtemelen ithalatçı/özel etiket markası. Bayi görselleri kullanılmadı.";https://www.ankaracncmarket.com.tr/kompakt-fanlar/80x80x25mm-12vdc-0.40a-6c5815b689a335aceab9
Fanlar;Lüfter;LTD9225H1S;;Lüfter LTD9225H1S fan, 92×92×25 mm, 12 V DC;"Ölçü: 92×92×25 mm; Gerilim: 12 V DC; Akım: 0,50 A";92X92X25MM-12VDC-0.50A;LÜFTER-LTD9225H1S;5,0;Resmi görsel bulunamadı;;;;Orta;;"Lüfter markasının resmi üretici sitesi bulunamadı; marka yalnız Türk bayilerde (İnko Elektronik, Kartal Otomasyon, Endelkon vb.) görülüyor, muhtemelen ithalatçı/özel etiket markası. Bayi görselleri kullanılmadı.";https://www.ankaracncmarket.com.tr/kompakt-fanlar/92x92x25mm-12vdc-0.50a-da46b526e907222a8b08
Fanlar;Lüfter;LTD9225H2S;;Lüfter LTD9225H2S fan, 92×92×25 mm, 24 V DC;"Ölçü: 92×92×25 mm; Gerilim: 24 V DC; Akım: 0,30 A";92X92X25MM-24VDC-0.30A;LÜFTER-LTD9225H2S;5,5;Resmi görsel bulunamadı;;;;Orta;;"Lüfter markasının resmi üretici sitesi bulunamadı; marka yalnız Türk bayilerde (İnko Elektronik, Kartal Otomasyon, Endelkon vb.) görülüyor, muhtemelen ithalatçı/özel etiket markası. Bayi görselleri kullanılmadı.";https://www.ankaracncmarket.com.tr/kompakt-fanlar/92x92x25mm-24vdc-0.30a-3e26495a6ec67a25e4e5
Fanlar;Lüfter;LTD9238H8B;;Lüfter LTD9238H8B fan, 92×92×38 mm, 80 V DC;"Ölçü: 92×92×38 mm; Gerilim: 80 V DC; Akım: 76 mA; Güç: 6,1 W";92X92X38MM-80VDC-6.1W-76mA;LÜFTER-LTD9238H8B;50,0;Resmi görsel bulunamadı;;;;Orta;;"Lüfter markasının resmi üretici sitesi bulunamadı; marka yalnız Türk bayilerde (İnko Elektronik, Kartal Otomasyon, Endelkon vb.) görülüyor, muhtemelen ithalatçı/özel etiket markası. Bayi görselleri kullanılmadı.";https://www.ankaracncmarket.com.tr/kompakt-fanlar/92x92x38mm-80vdc-6.1w-76ma-3872d630beee380c89c6
Fanlar;Lüfter;LTD9238M1B;;Lüfter LTD9238M1B fan, 92×92×38 mm, 12 V DC;"Ölçü: 92×92×38 mm; Gerilim: 12 V DC; Akım: 1,20 A";92X92X38MM-12VDC-1.20A;LÜFTER-LTD9238M1B;12,0;Resmi görsel bulunamadı;;;;Orta;;"Lüfter markasının resmi üretici sitesi bulunamadı; marka yalnız Türk bayilerde (İnko Elektronik, Kartal Otomasyon, Endelkon vb.) görülüyor, muhtemelen ithalatçı/özel etiket markası. Bayi görselleri kullanılmadı.";https://www.ankaracncmarket.com.tr/kompakt-fanlar/92x92x38mm-12vdc-1.20a-d61db7ea82e68608cda9
Fanlar;Lüfter;LTD9238M2S;;Lüfter LTD9238M2S fan, 92×92×38 mm, 24 V DC;"Ölçü: 92×92×38 mm; Gerilim: 24 V DC";92X92X38MM 24VDC KARE FAN (LTD9238M2S);LFT 21;11,5;Resmi görsel bulunamadı;;;;Orta;"Kod alanında iç kod 'LFT 21' var; gerçek kod başlıkta (LTD9238M2S).";"pid 1999 ile aynı ürün. Lüfter markasının resmi üretici sitesi bulunamadı; marka yalnız Türk bayilerde (İnko Elektronik, Kartal Otomasyon, Endelkon vb.) görülüyor, muhtemelen ithalatçı/özel etiket markası. Bayi görselleri kullanılmadı.";https://www.ankaracncmarket.com.tr/kompakt-fanlar/92x92x38mm-24vdc-kare-fan-ltd9238m2s-c024606590e7e156f88a
Fanlar;Lüfter;LTD9238M2S;;Lüfter LTD9238M2S fan, 92×92×38 mm, 24 V DC;"Ölçü: 92×92×38 mm; Gerilim: 24 V DC; Akım: 0,75 A";92X92X38MM-24VDC-0.75A;LÜFTER-LTD9238M2S;10,0;Resmi görsel bulunamadı;;;;Orta;;"Lüfter markasının resmi üretici sitesi bulunamadı; marka yalnız Türk bayilerde (İnko Elektronik, Kartal Otomasyon, Endelkon vb.) görülüyor, muhtemelen ithalatçı/özel etiket markası. Bayi görselleri kullanılmadı.";https://www.ankaracncmarket.com.tr/kompakt-fanlar/92x92x38mm-24vdc-0.75a-dcf0d791d0432e6c6119
Fanlar;Lüfter;LTD9238M4B;;Lüfter LTD9238M4B fan, 92×92×38 mm, 48 V DC;"Ölçü: 92×92×38 mm; Gerilim: 48 V DC; Akım: 0,20 A";92X92X38MM-48VDC-0.20A;LÜFTER-LTD9238M4B;12,0;Resmi görsel bulunamadı;;;;Orta;;"Lüfter markasının resmi üretici sitesi bulunamadı; marka yalnız Türk bayilerde (İnko Elektronik, Kartal Otomasyon, Endelkon vb.) görülüyor, muhtemelen ithalatçı/özel etiket markası. Bayi görselleri kullanılmadı.";https://www.ankaracncmarket.com.tr/kompakt-fanlar/92x92x38mm-48vdc-0.20a-acab419bfbca64268f41
Fanlar;Lüfter;LTE8038MS;;Lüfter LTE8038MS fan, 80×80×38 mm, 220 V EC;"Ölçü: 80×80×38 mm; Gerilim: 220 V EC; Güç: 5 W";80X80X38MM-220VEC-5W;LÜFTER-LTE8038MS;7,0;Resmi görsel bulunamadı;;;;Orta;;"LTE = EC motorlu seri. Lüfter markasının resmi üretici sitesi bulunamadı; marka yalnız Türk bayilerde (İnko Elektronik, Kartal Otomasyon, Endelkon vb.) görülüyor, muhtemelen ithalatçı/özel etiket markası. Bayi görselleri kullanılmadı.";https://www.ankaracncmarket.com.tr/kompakt-fanlar/80x80x38mm-220vec-5w-02f6f94a4865a9f3ee1c
Fanlar;Melco Technorex;MMF-04C24DS;;Melco Technorex MMF-04C24DS fan, 40×40×15 mm, 24 V DC (Mitsubishi);"Ölçü: 40×40×15 mm; Gerilim: 24 V DC";40X40X15 MMF-04C24DS MITSUBISHI FAN;BMNQXYZ1;27,0;Resmi görsel bulunamadı;;;;Orta;;"Asıl üretici Melco Technorex (Mitsubishi Electric grubu). Kodun sonunda müşteri soneki (ör. -RM1, -RP1, -RP3) olabilir; üretici herkese açık ürün sayfası/görsel yayınlamıyor. Ölçü başlıktan.";https://www.ankaracncmarket.com.tr/elektronik/40x40x15-mmf-04c24ds-mitsubishi-fan-f9a0c604c6ede18e9314
Fanlar;Melco Technorex;MMF-06F24ES;MMF-06F24ES-RP1, MMF-06F24ES-RM1;Melco Technorex MMF-06F24ES fan, 60×60×25 mm, 24 V DC (Mitsubishi);"Ölçü: 60×60×25 mm; Gerilim: 24 V DC";60X60X25 MMF-06F24ES MITSUBISHI FAN;FGKMY256;30,0;Resmi görsel bulunamadı;;;;Yüksek;;"Asıl üretici Melco Technorex (Mitsubishi Electric grubu). Kodun sonunda müşteri soneki (ör. -RM1, -RP1, -RP3) olabilir; üretici herkese açık ürün sayfası/görsel yayınlamıyor. Bayi kayıtlarında MMF-06F24ES-RM1/-RP1/-RP3 (24 V DC 0,10 A) varyantları görülüyor.";https://www.ankaracncmarket.com.tr/elektronik/60x60x25-mmf-06f24es-mitsubishi-fan-7dee5ee5e7a00d2ed624
Fanlar;Melco Technorex;MMF-09D24TS;;Melco Technorex MMF-09D24TS fan, 90×90×25 mm, 24 V DC (Mitsubishi);"Ölçü: 90×90×25 mm; Gerilim: 24 V DC";90X90X25 MMF-09D24TS MITSUBISHI FAN;DEFLRSV9;35,0;Resmi görsel bulunamadı;;;;Orta;;"Asıl üretici Melco Technorex (Mitsubishi Electric grubu). Kodun sonunda müşteri soneki (ör. -RM1, -RP1, -RP3) olabilir; üretici herkese açık ürün sayfası/görsel yayınlamıyor. Ölçü başlıktan (Melco 09 = 92 mm sınıfı) [TEYİT].";https://www.ankaracncmarket.com.tr/elektronik/90x90x25-mmf-09d24ts-mitsubishi-fan-bf6e382873d6ea13981c
Fanlar;NMB;1608VL-05W-B49;A90L-0001-0551#A;NMB 1608VL-05W-B49 fan, 40×40×20 mm, 24 V DC (Fanuc A90L-0001-0551#A);"Ölçü: 40×40×20 mm; Gerilim: 24 V DC";A90L-0001-0551#A - NMB 1608VL-05W-B49 FANUC FANI;EFHJKLUX;30,0;Resmi görsel bulunamadı;;https://nmbtc.com/parts/1608vl-05w-b49-b00/;;Yüksek;"Site kodu (EFHJKLUX) rastgele iç kod; üretici parça numarası değil.";nmbtc.com: 40×40×20 mm, 24 V, 7500 rpm (yeni kod 04020VA-24M-AL-00). NMB parça sayfasında görsel yok.;https://www.ankaracncmarket.com.tr/elektronik/a90l-0001-0551sharpa---nmb-1608vl-05w-b49-fanuc-fani-a2de0280feac4c4fecd1
Fanlar;NMB;1608VL-05W-B59;A90L-0001-0528#70;NMB 1608VL-05W-B59 fan, 40×40×20 mm, 24 V DC (Fanuc A90L-0001-0528#70);"Ölçü: 40×40×20 mm; Gerilim: 24 V DC";A90L-0001-0528#70 - 1608VL-05W-B59 FANUC FANI;EFHNXY25;25,0;Resmi görsel bulunamadı;;https://nmbtc.com/parts/1608vl-05w-b59-b00/;;Yüksek;"Site kodu (EFHNXY25) rastgele iç kod; üretici parça numarası değil.";nmbtc.com: 40×40×20 mm, 24 V, 8500 rpm, yeni tasarımlar için önerilmiyor (yeni kod 04020VA-24N-AL-00). NMB parça sayfasında görsel yok.;https://www.ankaracncmarket.com.tr/elektronik/a90l-0001-0528sharp70---1608vl-05w-b59-fanuc-fani-6d9f4a398033990e3262
Fanlar;NMB;1608VL-S5W-B69;A90L-0001-0575#A;NMB 1608VL-S5W-B69 fan, 40×40×20 mm, 24 V DC (Fanuc A90L-0001-0575#A);"Ölçü: 40×40×20 mm; Gerilim: 24 V DC";A90L-0001-0575#A - NMB 1608VL-S5W-B69 FANUC SÜRÜCÜ FANI;AEGJLSY4;45,0;Resmi görsel bulunamadı;;;;Orta;"Site kodu (AEGJLSY4) rastgele iç kod; üretici parça numarası değil.";"NMB'nin 'S5W' kodu Fanuc'a özel varyant olarak fan etiketinde ve çok sayıda kaynakta bu yazımla geçiyor (05W yazım hatası değil); nmbtc.com'da bu varyantın sayfası yok. Muadil: Sanyo Denki 9WF0424H6503.";https://www.ankaracncmarket.com.tr/elektronik/a90l-0001-0575sharpa---nmb-1608vl-s5w-b69-fanuc-surucu-fani-9e2188d04857cf338af6
Fanlar;NMB;1608VL-S5W-B69;A90L-0001-0575#B;NMB 1608VL-S5W-B69 ikili fan, 40×40×20 mm, 24 V DC (Fanuc A90L-0001-0575#B);"Ölçü: 40×40×20 mm; Gerilim: 24 V DC; Adet: 2'li";A90L-0001-0575#B - NMB 1608VL-S5W-B69 FANUC SÜRÜCÜ FANI İKİLİ;BFRVW689;70,0;Resmi görsel bulunamadı;;;;Orta;"Site kodu (BFRVW689) rastgele iç kod; üretici parça numarası değil.";"NMB'nin 'S5W' kodu Fanuc'a özel varyant olarak fan etiketinde ve çok sayıda kaynakta bu yazımla geçiyor (05W yazım hatası değil); nmbtc.com'da bu varyantın sayfası yok. #B = iki fanlı (6 pinli soketli) versiyon.";https://www.ankaracncmarket.com.tr/elektronik/a90l-0001-0575sharpb---nmb-1608vl-s5w-b69-fanuc-surucu-fani-ikili-0fd8e5c04a01954325ce
Fanlar;NMB;2406VL-S5W-B79;A90L-0001-0423#50;NMB 2406VL-S5W-B79 fan, 60×60×15 mm, 24 V DC (Fanuc A90L-0001-0423#50);"Ölçü: 60×60×15 mm; Gerilim: 24 V DC";A90L-0001-0423#50 - NMB 2406VL-S5W-B79 FANUC SÜRÜCÜ FANI;FLV13489;25,0;Resmi görsel bulunamadı;;;;Orta;"Site kodu (FLV13489) rastgele iç kod; üretici parça numarası değil.";"NMB'nin 'S5W' kodu Fanuc'a özel varyant olarak fan etiketinde ve çok sayıda kaynakta bu yazımla geçiyor (05W yazım hatası değil); nmbtc.com'da bu varyantın sayfası yok. Ölçü 60×60×15 mm (bayi kaynakları). Grup ipucundaki '2406VL-05W-B79' düzeltmesi doğrulanamadı: nmbtc.com'da 2406VL-05W-B79 sayfası yok (404). KFAS eski A90L-0001-0423 için NMB 2406KL-05W-B59 veriyor.";https://www.ankaracncmarket.com.tr/elektronik/a90l-0001-0423sharp50---nmb-2406vl-s5w-b79-fanuc-surucu-fani-1a5a5f913a9abf1ddf3c
Fanlar;NMB;2408VL-S5W-B79;A90L-0001-0576;NMB 2408VL-S5W-B79 fan, 60×60×20 mm, 24 V DC (Fanuc A90L-0001-0576);"Ölçü: 60×60×20 mm; Gerilim: 24 V DC; Akım: 0,15 A";A90L-0001-0576 - NMB 2408VL-S5W-B79 FANUC SÜRÜCÜ FANI;HKRW1689;60,0;Resmi görsel bulunamadı;;;;Orta;"Site kodu (HKRW1689) rastgele iç kod; üretici parça numarası değil.";"NMB'nin 'S5W' kodu Fanuc'a özel varyant olarak fan etiketinde ve çok sayıda kaynakta bu yazımla geçiyor (05W yazım hatası değil); nmbtc.com'da bu varyantın sayfası yok. Muadil: Sanyo 9WF0624H603.";https://www.ankaracncmarket.com.tr/elektronik/a90l-0001-0576---nmb-2408vl-s5w-b79-fanuc-surucu-fani-93b18e08768dfdf3bcd6
Fanlar;NMB;2410ML-05W-B39;A90L-0001-0508, 9WF0624H4D03;NMB 2410ML-05W-B39 fan, 60×60×25 mm, 24 V DC (Fanuc A90L-0001-0508);"Ölçü: 60×60×25 mm; Gerilim: 24 V DC; Akım: 0,10 A";NMB 2410ML-05W-B39 24V 0.10A 60X60X25MM FANUC RADYATOR FAN A90L-0001-0508;300;42,0;Resmi görsel bulunamadı;;https://nmbtc.com/parts/2410ml-05w-b39-b00/;;Yüksek;"Site kodu (300) rastgele iç kod; üretici parça numarası değil.";"KFAS: A90L-0001-0508 = NMB 2410ML-05W-B39. nmbtc.com: 60×60×25 mm, 24 V, EOL (yerine 06025SA-24M-AL-D0); NMB katalog akımı 0,06 A, başlıktaki 0,10 A Fanuc etiket değeri. NMB parça sayfasında görsel yok.";https://www.ankaracncmarket.com.tr/elektronik/nmb-2410ml-05w-b39-24v-0.10a-60x60x25mm-fanuc-radyator-fan-a90l-0001-0508-d9d3877fc967430d8e17
Fanlar;NMB;3610KL-05W-B49;A90L-0001-0378, 3610ML-05W-B49;NMB 3610KL-05W-B49 fan, 92×92×25 mm, 24 V DC (Fanuc A90L-0001-0378);"Ölçü: 92×92×25 mm; Gerilim: 24 V DC";FANUC 92X92X25 SÜRÜCÜ FANI 3610KL-05W-B49 A90L-0001-0378;320;35,0;Resmi görsel bulunamadı;;https://nmbtc.com/parts/3610kl-05w-b49-b00/;;Yüksek;"Site kodu (320) rastgele iç kod; üretici parça numarası değil.";"nmbtc.com parça sayfası: 92×92×25 mm, 24 V, EOL (yerine 09225SA-24M-AL-D0). NMB parça sayfasında ürün görseli yok. KFAS A90L-0001-0378 için NMB 3610ML-05W-B49 da veriyor; iki NMB kodu da bu Fanuc numarasında kullanılmış.";https://www.ankaracncmarket.com.tr/elektronik/fanuc-92x92x25-surucu-fani-3610kl-05w-b49-a90l-0001-0378-a4cddac3fb1298efec67
Fanlar;NMB;3610ML-05W-B49;A90L-0001-0488;NMB 3610ML-05W-B49 fan, 92×92×25 mm, 24 V DC, siyah soket (Fanuc A90L-0001-0488);"Ölçü: 92×92×25 mm; Gerilim: 24 V DC; Soket: Siyah";A90L-0001-0488 - NMB 3610ML-05W-B49 SİYAH SOKET FANUC SÜRÜCÜ FANI;ADELM178;36,0;Resmi görsel bulunamadı;;;;Yüksek;"Site kodu (ADELM178) rastgele iç kod; üretici parça numarası değil.";"A90L-0001-0488 = NMB 3610ML-05W-B49 (16/18/21 kontrol ünitesi fanı; DNC, CPU Medics vb.). nmbtc.com'da sayfası yok (404).";https://www.ankaracncmarket.com.tr/elektronik/a90l-0001-0488---nmb-3610ml-05w-b49-siyah-soket-fanuc-surucu-fani-2d92adf432ee55d510c6
Fanlar;NMB;3610ML-05W-B49;A90L-0001-0378, A90L-0001-0488;NMB 3610ML-05W-B49 fan, 92×92×25 mm, 24 V DC (Fanuc sürücü fanı);"Ölçü: 92×92×25 mm; Gerilim: 24 V DC";FANUC 92X92X25 SÜRÜCÜ FANI 3610ML-05W-B49;GMNQUV23;58,0;Resmi görsel bulunamadı;;;;Orta;"Site kodu (GMNQUV23) rastgele iç kod; üretici parça numarası değil.";"Başlıkta Fanuc numarası yok; 3610ML-05W-B49 kaynaklarda hem A90L-0001-0378 hem A90L-0001-0488 (soket farkı) ile eşleşiyor [TEYİT]. nmbtc.com'da sayfası yok (404).";https://www.ankaracncmarket.com.tr/elektronik/fanuc-92x92x25-surucu-fani-3610ml-05w-b49-e864008d50e56f713614
Fanlar;NMB;3612VL-S5W-B79;A90L-0001-0577;NMB 3612VL-S5W-B79 fan, 92×92×32 mm, 24 V DC (Fanuc A90L-0001-0577);"Ölçü: 92×92×32 mm; Gerilim: 24 V DC; Akım: 0,35 A";A90L-0001-0577 - NMB 3612VL-S5W-B79 FANUC SÜRÜCÜ FANI;CGMPTWXY;44,0;Resmi görsel bulunamadı;;;;Orta;"Site kodu (CGMPTWXY) rastgele iç kod; üretici parça numarası değil.";"NMB'nin 'S5W' kodu Fanuc'a özel varyant olarak fan etiketinde ve çok sayıda kaynakta bu yazımla geçiyor (05W yazım hatası değil); nmbtc.com'da bu varyantın sayfası yok. Ölçü/akım bayi kaynaklarından (92×92×32, 0,35 A) [TEYİT].";https://www.ankaracncmarket.com.tr/elektronik/a90l-0001-0577---nmb-3612vl-s5w-b79-fanuc-surucu-fani-a968422e2298c7ae22f7
Fanlar;NMB;4715KL-05W-B39;A90L-0001-0509;NMB 4715KL-05W-B39 fan, 120×120×38 mm, 24 V DC (Fanuc A90L-0001-0509);"Ölçü: 120×120×38 mm; Gerilim: 24 V DC";4715KL-05W-B39 DC24V 120X120X38 MM FANUC RADYATÖR FAN A90L-0001-0509;330;95,0;Resmi görsel bulunamadı;;;;Yüksek;"Site kodu (330) rastgele iç kod; üretici parça numarası değil.";"KFAS çapraz tablosu ve birçok kaynak: A90L-0001-0509 = NMB 4715KL-05W-B39 (Alpha i PSM/SVM/SPM radyatör fanı). nmbtc.com'da bu eski parçanın sayfası yok (404); NMB eski fanların görselini yayınlamıyor.";https://www.ankaracncmarket.com.tr/elektronik/4715kl-05w-b39-dc24v-120x120x38-mm-fanuc-radyator-fan-a90l-0001-0509-0702f3dffefbe86124e4
Fanlar;Panasonic;FBK08T24H;A90L-0001-0422, 3106KL-05W-B59;Panasonic Panaflo FBK08T24H fan, 80×80×15 mm, 24 V DC (Fanuc A90L-0001-0422);"Ölçü: 80×80×15 mm; Gerilim: 24 V DC";FANUC SÜRÜCÜ FANI PANAFLO A90L-0001-0422 FBK08T24H 80X80X15;310;55,0;Resmi görsel bulunamadı;;;;Yüksek;"Site kodu (310) rastgele iç kod; üretici parça numarası değil.";"A90L-0001-0422 = Panaflo FBK08T24H (Alpha PSM/SPM iç fanı; KFAS 'FBK08T24HS' yazıyor). Panasonic Panaflo fan serisi üretimden kalktı, resmi görsel bulunamadı. Muadil: NMB 3106KL-05W-B59.";https://www.ankaracncmarket.com.tr/elektronik/fanuc-surucu-fani-panaflo-a90l-0001-0422-fbk08t24h-80x80x15-e015dc65187acaf10f95
Fanlar;Runda;RD1225B24SH;RD1225B24SH-FS;RUNDA RD1225B24SH fan, 120×120×25 mm, 24 V DC, 0,66 A, 5500 dev/dk;"Ölçü: 120×120×25 mm; Gerilim: 24 V DC; Akım: 0,66 A; Devir: 5500 dev/dk";120X120X25MM-24VDC-0.66A-5500RPM;RUNDA-RD1225B24SH-FS;9,0;Üretici görseli var;seri;https://www.szrunda.com/list_11/425.html;https://www.szrunda.com/static/upload/image/20240311/1710147048961121.jpg;Orta;;"'-FA'/'-FS' son ekleri Runda'nın hiçbir kaynağında (szrunda.com, Runda distribütör kataloğu, piyasa kayıtları) bulunamadı; Runda'nın bilinen son ekleri -S, -A, -RS, -RA. Bu yüzden MPN son eksiz temel kod olarak yazıldı, son ekli hali mpn_alt'ta [TEYİT]; muhtemelen satıcı/ithalatçı varyant ekidir (anlamı doğrulanamadı). 'RUNDA-' öneki kod parçası değil, çıkarıldı. Üretici: Shenzhen Runda Electronic Co., Ltd. / Dongguan Runda Cooling Fan Co., Ltd. (szrunda.com). Runda sitesinde yalnız seri sayfaları ve seri başına tek görsel var; model bazında akım/devir tablosu yok, bu yüzden akım/devir yalnız başlıktan alındı ve üreticide doğrulanamadı. Kod yapısı (seri + yatak harfi + gerilim + hız harfi) Runda'nın piyasadaki kodlarıyla uyumlu; yatak harfi S=sleeve(含油), L=hidrolik(液压), B=bilyalı(双滚珠) olarak yorumlandı [TEYİT] (sitede yorum tablosu yok, Runda serilerinde bu üç yatak seçeneği listeleniyor ve ankaracncmarket başlıklarındaki 'HYDRAULİC/RULMANLI' ifadeleriyle tutarlı).";https://www.ankaracncmarket.com.tr/kompakt-fanlar/120x120x25mm-24vdc-0.66a-5500rpm-98c2e1d8bdf48f139d59
Fanlar;Runda;RD1238B24SH;RD1238B24SH-FS;RUNDA RD1238B24SH fan, 120×120×38 mm, 24 V DC, 2,60 A, 5500 dev/dk;"Ölçü: 120×120×38 mm; Gerilim: 24 V DC; Akım: 2,60 A; Devir: 5500 dev/dk";120X120X38MM-24VDC-2.60A-5500RPM;RUNDA-RD1238B24SH-FS;9,0;Üretici görseli var;seri;https://www.szrunda.com/list_11/428.html;https://www.szrunda.com/static/upload/image/20240311/1710146903622912.jpg;Orta;;"'-FA'/'-FS' son ekleri Runda'nın hiçbir kaynağında (szrunda.com, Runda distribütör kataloğu, piyasa kayıtları) bulunamadı; Runda'nın bilinen son ekleri -S, -A, -RS, -RA. Bu yüzden MPN son eksiz temel kod olarak yazıldı, son ekli hali mpn_alt'ta [TEYİT]; muhtemelen satıcı/ithalatçı varyant ekidir (anlamı doğrulanamadı). 'RUNDA-' öneki kod parçası değil, çıkarıldı. Başlıktaki 2,60 A, RS1238B12SH (12 V, 2,60 A) kaydıyla aynı; 24 V'ta aynı akım şüpheli, kopyalama hatası olabilir [TEYİT]. Üretici: Shenzhen Runda Electronic Co., Ltd. / Dongguan Runda Cooling Fan Co., Ltd. (szrunda.com). Runda sitesinde yalnız seri sayfaları ve seri başına tek görsel var; model bazında akım/devir tablosu yok, bu yüzden akım/devir yalnız başlıktan alındı ve üreticide doğrulanamadı. Kod yapısı (seri + yatak harfi + gerilim + hız harfi) Runda'nın piyasadaki kodlarıyla uyumlu; yatak harfi S=sleeve(含油), L=hidrolik(液压), B=bilyalı(双滚珠) olarak yorumlandı [TEYİT] (sitede yorum tablosu yok, Runda serilerinde bu üç yatak seçeneği listeleniyor ve ankaracncmarket başlıklarındaki 'HYDRAULİC/RULMANLI' ifadeleriyle tutarlı).";https://www.ankaracncmarket.com.tr/kompakt-fanlar/120x120x38mm-24vdc-2.60a-5500rpm-8db7d8f694dcf1cf9910
Fanlar;Runda;RD4028B24SH;;RUNDA RD4028B24SH fan, 40×40×28 mm, 24 V DC, 0,30 A, 14500 dev/dk;"Ölçü: 40×40×28 mm; Gerilim: 24 V DC; Akım: 0,30 A; Devir: 14500 dev/dk; Yatak: Rulmanlı (bilyalı)";40X40X28MM 24V 0.30A 14500RPM RULMANLI KARE FAN;RD4028B24SH;14,0;Üretici görseli var;seri;https://www.szrunda.com/list_11/403.html;https://www.szrunda.com/static/upload/image/20240311/1710148312442032.jpg;Orta;;"Üretici: Shenzhen Runda Electronic Co., Ltd. / Dongguan Runda Cooling Fan Co., Ltd. (szrunda.com). Runda sitesinde yalnız seri sayfaları ve seri başına tek görsel var; model bazında akım/devir tablosu yok, bu yüzden akım/devir yalnız başlıktan alındı ve üreticide doğrulanamadı. Kod yapısı (seri + yatak harfi + gerilim + hız harfi) Runda'nın piyasadaki kodlarıyla uyumlu; yatak harfi S=sleeve(含油), L=hidrolik(液压), B=bilyalı(双滚珠) olarak yorumlandı [TEYİT] (sitede yorum tablosu yok, Runda serilerinde bu üç yatak seçeneği listeleniyor ve ankaracncmarket başlıklarındaki 'HYDRAULİC/RULMANLI' ifadeleriyle tutarlı).";https://www.ankaracncmarket.com.tr/kompakt-fanlar/40x40x28mm-24v-0.30a-14500rpm-rulmanli-kare-fan-777feb6f924d2b270e17
Fanlar;Runda;RD6038L12L;RD6038L12L-FS;RUNDA RD6038L12L fan, 60×60×38 mm, 12 V DC, 0,60 A;"Ölçü: 60×60×38 mm; Gerilim: 12 V DC; Akım: 0,60 A";60X60X38MM-12VDC-0.60A;RUNDA-RD6038L12L-FS;15,0;Üretici görseli var;seri;https://www.szrunda.com/list_11/412.html;https://www.szrunda.com/static/upload/image/20240311/1710147918435673.jpg;Orta;;"'-FA'/'-FS' son ekleri Runda'nın hiçbir kaynağında (szrunda.com, Runda distribütör kataloğu, piyasa kayıtları) bulunamadı; Runda'nın bilinen son ekleri -S, -A, -RS, -RA. Bu yüzden MPN son eksiz temel kod olarak yazıldı, son ekli hali mpn_alt'ta [TEYİT]; muhtemelen satıcı/ithalatçı varyant ekidir (anlamı doğrulanamadı). 'RUNDA-' öneki kod parçası değil, çıkarıldı. Üretici: Shenzhen Runda Electronic Co., Ltd. / Dongguan Runda Cooling Fan Co., Ltd. (szrunda.com). Runda sitesinde yalnız seri sayfaları ve seri başına tek görsel var; model bazında akım/devir tablosu yok, bu yüzden akım/devir yalnız başlıktan alındı ve üreticide doğrulanamadı. Kod yapısı (seri + yatak harfi + gerilim + hız harfi) Runda'nın piyasadaki kodlarıyla uyumlu; yatak harfi S=sleeve(含油), L=hidrolik(液压), B=bilyalı(双滚珠) olarak yorumlandı [TEYİT] (sitede yorum tablosu yok, Runda serilerinde bu üç yatak seçeneği listeleniyor ve ankaracncmarket başlıklarındaki 'HYDRAULİC/RULMANLI' ifadeleriyle tutarlı).";https://www.ankaracncmarket.com.tr/kompakt-fanlar/60x60x38mm-12vdc-0.60a-70108a8b5de4e4cc3a63
Fanlar;Runda;RD6038L24L;RD6038L24L-FS;RUNDA RD6038L24L fan, 60×60×38 mm, 24 V DC, 0,30 A, 8000 dev/dk;"Ölçü: 60×60×38 mm; Gerilim: 24 V DC; Akım: 0,30 A; Devir: 8000 dev/dk";60X60X38MM-24VDC-0.30A-8000RPM;RUNDA-RD6038L24L-FS;15,0;Üretici görseli var;seri;https://www.szrunda.com/list_11/412.html;https://www.szrunda.com/static/upload/image/20240311/1710147918435673.jpg;Orta;;"'-FA'/'-FS' son ekleri Runda'nın hiçbir kaynağında (szrunda.com, Runda distribütör kataloğu, piyasa kayıtları) bulunamadı; Runda'nın bilinen son ekleri -S, -A, -RS, -RA. Bu yüzden MPN son eksiz temel kod olarak yazıldı, son ekli hali mpn_alt'ta [TEYİT]; muhtemelen satıcı/ithalatçı varyant ekidir (anlamı doğrulanamadı). 'RUNDA-' öneki kod parçası değil, çıkarıldı. Üretici: Shenzhen Runda Electronic Co., Ltd. / Dongguan Runda Cooling Fan Co., Ltd. (szrunda.com). Runda sitesinde yalnız seri sayfaları ve seri başına tek görsel var; model bazında akım/devir tablosu yok, bu yüzden akım/devir yalnız başlıktan alındı ve üreticide doğrulanamadı. Kod yapısı (seri + yatak harfi + gerilim + hız harfi) Runda'nın piyasadaki kodlarıyla uyumlu; yatak harfi S=sleeve(含油), L=hidrolik(液压), B=bilyalı(双滚珠) olarak yorumlandı [TEYİT] (sitede yorum tablosu yok, Runda serilerinde bu üç yatak seçeneği listeleniyor ve ankaracncmarket başlıklarındaki 'HYDRAULİC/RULMANLI' ifadeleriyle tutarlı).";https://www.ankaracncmarket.com.tr/kompakt-fanlar/60x60x38mm-24vdc-0.30a-8000rpm-6d4fa4747d757f8ee3b0
Fanlar;Runda;RD9228L24VH;RD9228L24VH-FA;RUNDA RD9228L24VH fan, 92×92×28 mm, 24 V DC, 0,27 A, 3600 dev/dk;"Ölçü: 92×92×28 mm; Gerilim: 24 V DC; Akım: 0,27 A; Devir: 3600 dev/dk";92X92X28MM-24VDC-0.27A-3600RPM;RUNDA-RD9228L24VH-FA;9,0;Üretici görseli var;seri;https://www.szrunda.com/list_11/434.html;https://www.szrunda.com/static/upload/image/20240311/1710146597479768.jpg;Orta;;"'-FA'/'-FS' son ekleri Runda'nın hiçbir kaynağında (szrunda.com, Runda distribütör kataloğu, piyasa kayıtları) bulunamadı; Runda'nın bilinen son ekleri -S, -A, -RS, -RA. Bu yüzden MPN son eksiz temel kod olarak yazıldı, son ekli hali mpn_alt'ta [TEYİT]; muhtemelen satıcı/ithalatçı varyant ekidir (anlamı doğrulanamadı). 'RUNDA-' öneki kod parçası değil, çıkarıldı. Üretici: Shenzhen Runda Electronic Co., Ltd. / Dongguan Runda Cooling Fan Co., Ltd. (szrunda.com). Runda sitesinde yalnız seri sayfaları ve seri başına tek görsel var; model bazında akım/devir tablosu yok, bu yüzden akım/devir yalnız başlıktan alındı ve üreticide doğrulanamadı. Kod yapısı (seri + yatak harfi + gerilim + hız harfi) Runda'nın piyasadaki kodlarıyla uyumlu; yatak harfi S=sleeve(含油), L=hidrolik(液压), B=bilyalı(双滚珠) olarak yorumlandı [TEYİT] (sitede yorum tablosu yok, Runda serilerinde bu üç yatak seçeneği listeleniyor ve ankaracncmarket başlıklarındaki 'HYDRAULİC/RULMANLI' ifadeleriyle tutarlı).";https://www.ankaracncmarket.com.tr/kompakt-fanlar/92x92x28mm-24vdc-0.27a-3600rpm-adf2e157b9d28ab0b76f
Fanlar;Runda;RS1225S24VH;;RUNDA RS1225S24VH fan, 120×120×25 mm, 24 V DC, 0,19 A, 2700 dev/dk;"Ölçü: 120×120×25 mm; Gerilim: 24 V DC; Akım: 0,19 A; Devir: 2700 dev/dk";120X120X25MM 24V 0.19A 2700RPM KARE FAN;RS1225S24VH;6,0;Üretici görseli var;seri;https://www.szrunda.com/list_11/424.html;https://www.szrunda.com/static/upload/image/20240311/1710147089992146.jpg;Orta;;"Muhtemel çift kayıt: aynı model pid 1975 (RUNDA-RS1225S24VH-FA) olarak da geçiyor; ikisi ayrı tutuldu. Üretici: Shenzhen Runda Electronic Co., Ltd. / Dongguan Runda Cooling Fan Co., Ltd. (szrunda.com). Runda sitesinde yalnız seri sayfaları ve seri başına tek görsel var; model bazında akım/devir tablosu yok, bu yüzden akım/devir yalnız başlıktan alındı ve üreticide doğrulanamadı. Kod yapısı (seri + yatak harfi + gerilim + hız harfi) Runda'nın piyasadaki kodlarıyla uyumlu; yatak harfi S=sleeve(含油), L=hidrolik(液压), B=bilyalı(双滚珠) olarak yorumlandı [TEYİT] (sitede yorum tablosu yok, Runda serilerinde bu üç yatak seçeneği listeleniyor ve ankaracncmarket başlıklarındaki 'HYDRAULİC/RULMANLI' ifadeleriyle tutarlı).";https://www.ankaracncmarket.com.tr/kompakt-fanlar/120x120x25mm-24v-0.19a-2700rpm-kare-fan-b3de1044e9292301db07
Fanlar;Runda;RS1225S24VH;RS1225S24VH-FA;RUNDA RS1225S24VH fan, 120×120×25 mm, 24 V DC, 0,19 A;"Ölçü: 120×120×25 mm; Gerilim: 24 V DC; Akım: 0,19 A";120X120X25MM-24VDC-0.19A;RUNDA-RS1225S24VH-FA;21,0;Üretici görseli var;seri;https://www.szrunda.com/list_11/424.html;https://www.szrunda.com/static/upload/image/20240311/1710147089992146.jpg;Orta;;"'-FA'/'-FS' son ekleri Runda'nın hiçbir kaynağında (szrunda.com, Runda distribütör kataloğu, piyasa kayıtları) bulunamadı; Runda'nın bilinen son ekleri -S, -A, -RS, -RA. Bu yüzden MPN son eksiz temel kod olarak yazıldı, son ekli hali mpn_alt'ta [TEYİT]; muhtemelen satıcı/ithalatçı varyant ekidir (anlamı doğrulanamadı). 'RUNDA-' öneki kod parçası değil, çıkarıldı. Muhtemel çift kayıt: aynı model pid 1886 (RS1225S24VH) olarak da geçiyor; ikisi ayrı tutuldu. Üretici: Shenzhen Runda Electronic Co., Ltd. / Dongguan Runda Cooling Fan Co., Ltd. (szrunda.com). Runda sitesinde yalnız seri sayfaları ve seri başına tek görsel var; model bazında akım/devir tablosu yok, bu yüzden akım/devir yalnız başlıktan alındı ve üreticide doğrulanamadı. Kod yapısı (seri + yatak harfi + gerilim + hız harfi) Runda'nın piyasadaki kodlarıyla uyumlu; yatak harfi S=sleeve(含油), L=hidrolik(液压), B=bilyalı(双滚珠) olarak yorumlandı [TEYİT] (sitede yorum tablosu yok, Runda serilerinde bu üç yatak seçeneği listeleniyor ve ankaracncmarket başlıklarındaki 'HYDRAULİC/RULMANLI' ifadeleriyle tutarlı).";https://www.ankaracncmarket.com.tr/kompakt-fanlar/120x120x25mm-24vdc-0.19a-50859f25ec569537818f
Fanlar;Runda;RS1238B12M;RS1238B12M-FA;RUNDA RS1238B12M fan, 120×120×38 mm, 12 V DC, 0,98 A, 3600 dev/dk;"Ölçü: 120×120×38 mm; Gerilim: 12 V DC; Akım: 0,98 A; Devir: 3600 dev/dk";120X120X38MM-12VDC-0.98A-3600RPM;RUNDA-RS1238B12M-FA;20,0;Üretici görseli var;seri;https://www.szrunda.com/list_11/427.html;https://www.szrunda.com/static/upload/image/20240311/1710146945388372.jpg;Orta;;"'-FA'/'-FS' son ekleri Runda'nın hiçbir kaynağında (szrunda.com, Runda distribütör kataloğu, piyasa kayıtları) bulunamadı; Runda'nın bilinen son ekleri -S, -A, -RS, -RA. Bu yüzden MPN son eksiz temel kod olarak yazıldı, son ekli hali mpn_alt'ta [TEYİT]; muhtemelen satıcı/ithalatçı varyant ekidir (anlamı doğrulanamadı). 'RUNDA-' öneki kod parçası değil, çıkarıldı. Üretici: Shenzhen Runda Electronic Co., Ltd. / Dongguan Runda Cooling Fan Co., Ltd. (szrunda.com). Runda sitesinde yalnız seri sayfaları ve seri başına tek görsel var; model bazında akım/devir tablosu yok, bu yüzden akım/devir yalnız başlıktan alındı ve üreticide doğrulanamadı. Kod yapısı (seri + yatak harfi + gerilim + hız harfi) Runda'nın piyasadaki kodlarıyla uyumlu; yatak harfi S=sleeve(含油), L=hidrolik(液压), B=bilyalı(双滚珠) olarak yorumlandı [TEYİT] (sitede yorum tablosu yok, Runda serilerinde bu üç yatak seçeneği listeleniyor ve ankaracncmarket başlıklarındaki 'HYDRAULİC/RULMANLI' ifadeleriyle tutarlı).";https://www.ankaracncmarket.com.tr/kompakt-fanlar/120x120x38mm-12vdc-0.98a-3600rpm-b54cefb1d6126bc6c079
Fanlar;Runda;RS1238B12SH;RS1238B12SH-FS;RUNDA RS1238B12SH fan, 120×120×38 mm, 12 V DC, 2,60 A, 5600 dev/dk;"Ölçü: 120×120×38 mm; Gerilim: 12 V DC; Akım: 2,60 A; Devir: 5600 dev/dk";120X120X38MM-12VDC-2.60A-5600RPM;RUNDA-RS1238B12SH-FS;25,0;Üretici görseli var;seri;https://www.szrunda.com/list_11/427.html;https://www.szrunda.com/static/upload/image/20240311/1710146945388372.jpg;Orta;;"'-FA'/'-FS' son ekleri Runda'nın hiçbir kaynağında (szrunda.com, Runda distribütör kataloğu, piyasa kayıtları) bulunamadı; Runda'nın bilinen son ekleri -S, -A, -RS, -RA. Bu yüzden MPN son eksiz temel kod olarak yazıldı, son ekli hali mpn_alt'ta [TEYİT]; muhtemelen satıcı/ithalatçı varyant ekidir (anlamı doğrulanamadı). 'RUNDA-' öneki kod parçası değil, çıkarıldı. 2,60 A değeri RD1238B24SH kaydıyla aynı; RS serisi için yüksek, teyit edilmeli [TEYİT]. Üretici: Shenzhen Runda Electronic Co., Ltd. / Dongguan Runda Cooling Fan Co., Ltd. (szrunda.com). Runda sitesinde yalnız seri sayfaları ve seri başına tek görsel var; model bazında akım/devir tablosu yok, bu yüzden akım/devir yalnız başlıktan alındı ve üreticide doğrulanamadı. Kod yapısı (seri + yatak harfi + gerilim + hız harfi) Runda'nın piyasadaki kodlarıyla uyumlu; yatak harfi S=sleeve(含油), L=hidrolik(液压), B=bilyalı(双滚珠) olarak yorumlandı [TEYİT] (sitede yorum tablosu yok, Runda serilerinde bu üç yatak seçeneği listeleniyor ve ankaracncmarket başlıklarındaki 'HYDRAULİC/RULMANLI' ifadeleriyle tutarlı).";https://www.ankaracncmarket.com.tr/kompakt-fanlar/120x120x38mm-12vdc-2.60a-5600rpm-031ef3d50bdbdd587dcc
Fanlar;Runda;RS1238B24VH;RS1238B24VH-FS;RUNDA RS1238B24VH fan, 120×120×38 mm, 24 V DC, 0,80 A, 4800 dev/dk;"Ölçü: 120×120×38 mm; Gerilim: 24 V DC; Akım: 0,80 A; Devir: 4800 dev/dk";120X120X38MM-24VDC-0.80A4800RPM;RUNDA-RS1238B24VH-FS;35,0;Üretici görseli var;seri;https://www.szrunda.com/list_11/427.html;https://www.szrunda.com/static/upload/image/20240311/1710146945388372.jpg;Orta;;"'-FA'/'-FS' son ekleri Runda'nın hiçbir kaynağında (szrunda.com, Runda distribütör kataloğu, piyasa kayıtları) bulunamadı; Runda'nın bilinen son ekleri -S, -A, -RS, -RA. Bu yüzden MPN son eksiz temel kod olarak yazıldı, son ekli hali mpn_alt'ta [TEYİT]; muhtemelen satıcı/ithalatçı varyant ekidir (anlamı doğrulanamadı). 'RUNDA-' öneki kod parçası değil, çıkarıldı. Üretici: Shenzhen Runda Electronic Co., Ltd. / Dongguan Runda Cooling Fan Co., Ltd. (szrunda.com). Runda sitesinde yalnız seri sayfaları ve seri başına tek görsel var; model bazında akım/devir tablosu yok, bu yüzden akım/devir yalnız başlıktan alındı ve üreticide doğrulanamadı. Kod yapısı (seri + yatak harfi + gerilim + hız harfi) Runda'nın piyasadaki kodlarıyla uyumlu; yatak harfi S=sleeve(含油), L=hidrolik(液压), B=bilyalı(双滚珠) olarak yorumlandı [TEYİT] (sitede yorum tablosu yok, Runda serilerinde bu üç yatak seçeneği listeleniyor ve ankaracncmarket başlıklarındaki 'HYDRAULİC/RULMANLI' ifadeleriyle tutarlı).";https://www.ankaracncmarket.com.tr/kompakt-fanlar/120x120x38mm-24vdc-0.80a4800rpm-78d50ba4e84e368ba1d4
Fanlar;Runda;RS1238L12L;RS1238L12L-FA;RUNDA RS1238L12L fan, 120×120×38 mm, 12 V DC, 0,66 A, 3200 dev/dk;"Ölçü: 120×120×38 mm; Gerilim: 12 V DC; Akım: 0,66 A; Devir: 3200 dev/dk";120X120X38MM-12VDC-0.66A-3200RPM;RUNDA-RS1238L12L-FA;12,0;Üretici görseli var;seri;https://www.szrunda.com/list_11/427.html;https://www.szrunda.com/static/upload/image/20240311/1710146945388372.jpg;Orta;;"'-FA'/'-FS' son ekleri Runda'nın hiçbir kaynağında (szrunda.com, Runda distribütör kataloğu, piyasa kayıtları) bulunamadı; Runda'nın bilinen son ekleri -S, -A, -RS, -RA. Bu yüzden MPN son eksiz temel kod olarak yazıldı, son ekli hali mpn_alt'ta [TEYİT]; muhtemelen satıcı/ithalatçı varyant ekidir (anlamı doğrulanamadı). 'RUNDA-' öneki kod parçası değil, çıkarıldı. Üretici: Shenzhen Runda Electronic Co., Ltd. / Dongguan Runda Cooling Fan Co., Ltd. (szrunda.com). Runda sitesinde yalnız seri sayfaları ve seri başına tek görsel var; model bazında akım/devir tablosu yok, bu yüzden akım/devir yalnız başlıktan alındı ve üreticide doğrulanamadı. Kod yapısı (seri + yatak harfi + gerilim + hız harfi) Runda'nın piyasadaki kodlarıyla uyumlu; yatak harfi S=sleeve(含油), L=hidrolik(液压), B=bilyalı(双滚珠) olarak yorumlandı [TEYİT] (sitede yorum tablosu yok, Runda serilerinde bu üç yatak seçeneği listeleniyor ve ankaracncmarket başlıklarındaki 'HYDRAULİC/RULMANLI' ifadeleriyle tutarlı).";https://www.ankaracncmarket.com.tr/kompakt-fanlar/120x120x38mm-12vdc-0.66a-3200rpm-60996693868e31b6ccd7
Fanlar;Runda;RS4010S05H;;RUNDA RS4010S05H fan, 40×40×10 mm, 5 V DC, 0,29 A, 6000 dev/dk;"Ölçü: 40×40×10 mm; Gerilim: 5 V DC; Akım: 0,29 A; Devir: 6000 dev/dk";40X40X10MM 5V 0,29A 6000RPM KARE FAN;RS4010S05H;5,0;Üretici görseli var;seri;https://www.szrunda.com/list_11/400.html;https://www.szrunda.com/static/upload/image/20240311/1710148421216068.jpg;Orta;;"Üretici: Shenzhen Runda Electronic Co., Ltd. / Dongguan Runda Cooling Fan Co., Ltd. (szrunda.com). Runda sitesinde yalnız seri sayfaları ve seri başına tek görsel var; model bazında akım/devir tablosu yok, bu yüzden akım/devir yalnız başlıktan alındı ve üreticide doğrulanamadı. Kod yapısı (seri + yatak harfi + gerilim + hız harfi) Runda'nın piyasadaki kodlarıyla uyumlu; yatak harfi S=sleeve(含油), L=hidrolik(液压), B=bilyalı(双滚珠) olarak yorumlandı [TEYİT] (sitede yorum tablosu yok, Runda serilerinde bu üç yatak seçeneği listeleniyor ve ankaracncmarket başlıklarındaki 'HYDRAULİC/RULMANLI' ifadeleriyle tutarlı).";https://www.ankaracncmarket.com.tr/kompakt-fanlar/40x40x10mm-5v-0-29a-6000rpm-kare-fan-39afcac71d8b84649562
Fanlar;Runda;RS4010S24M;;RUNDA RS4010S24M fan, 40×40×10 mm, 24 V DC, 0,07 A, 5000 dev/dk;"Ölçü: 40×40×10 mm; Gerilim: 24 V DC; Akım: 0,07 A; Devir: 5000 dev/dk";40X40X10MM 24V 0.07A 5000RPM KARE FAN;RS4010S24M;5,0;Üretici görseli var;seri;https://www.szrunda.com/list_11/400.html;https://www.szrunda.com/static/upload/image/20240311/1710148421216068.jpg;Orta;;"Üretici: Shenzhen Runda Electronic Co., Ltd. / Dongguan Runda Cooling Fan Co., Ltd. (szrunda.com). Runda sitesinde yalnız seri sayfaları ve seri başına tek görsel var; model bazında akım/devir tablosu yok, bu yüzden akım/devir yalnız başlıktan alındı ve üreticide doğrulanamadı. Kod yapısı (seri + yatak harfi + gerilim + hız harfi) Runda'nın piyasadaki kodlarıyla uyumlu; yatak harfi S=sleeve(含油), L=hidrolik(液压), B=bilyalı(双滚珠) olarak yorumlandı [TEYİT] (sitede yorum tablosu yok, Runda serilerinde bu üç yatak seçeneği listeleniyor ve ankaracncmarket başlıklarındaki 'HYDRAULİC/RULMANLI' ifadeleriyle tutarlı).";https://www.ankaracncmarket.com.tr/kompakt-fanlar/40x40x10mm-24v-0.07a-5000rpm-kare-fan-2aeaea12e75d3e3a30ed
Fanlar;Runda;RS4015L24VH;;RUNDA RS4015L24VH fan, 40×40×15 mm, 24 V DC, 0,08 A, 9000 dev/dk;"Ölçü: 40×40×15 mm; Gerilim: 24 V DC; Akım: 0,08 A; Devir: 9000 dev/dk; Yatak: Hidrolik";40X40X15MM 24V 0.08A 9000RPM HYDRAULİC;RS4015L24VH;7,0;Üretici görseli var;seri;https://www.szrunda.com/list_11/401.html;https://www.szrunda.com/static/upload/image/20240311/1710148386968293.jpg;Orta;;"Üretici: Shenzhen Runda Electronic Co., Ltd. / Dongguan Runda Cooling Fan Co., Ltd. (szrunda.com). Runda sitesinde yalnız seri sayfaları ve seri başına tek görsel var; model bazında akım/devir tablosu yok, bu yüzden akım/devir yalnız başlıktan alındı ve üreticide doğrulanamadı. Kod yapısı (seri + yatak harfi + gerilim + hız harfi) Runda'nın piyasadaki kodlarıyla uyumlu; yatak harfi S=sleeve(含油), L=hidrolik(液压), B=bilyalı(双滚珠) olarak yorumlandı [TEYİT] (sitede yorum tablosu yok, Runda serilerinde bu üç yatak seçeneği listeleniyor ve ankaracncmarket başlıklarındaki 'HYDRAULİC/RULMANLI' ifadeleriyle tutarlı).";https://www.ankaracncmarket.com.tr/kompakt-fanlar/40x40x15mm-24v-0.08a-9000rpm-hydraulic-55483c0802c853d256c2
Fanlar;Runda;RS4015S12H;;RUNDA RS4015S12H fan, 40×40×15 mm, 12 V DC, 0,14 A, 8000 dev/dk;"Ölçü: 40×40×15 mm; Gerilim: 12 V DC; Akım: 0,14 A; Devir: 8000 dev/dk";40X40X15MM 12V 0.14A 8000RPM KARE FAN;RS4015S12H;6,0;Üretici görseli var;seri;https://www.szrunda.com/list_11/401.html;https://www.szrunda.com/static/upload/image/20240311/1710148386968293.jpg;Orta;;"Üretici: Shenzhen Runda Electronic Co., Ltd. / Dongguan Runda Cooling Fan Co., Ltd. (szrunda.com). Runda sitesinde yalnız seri sayfaları ve seri başına tek görsel var; model bazında akım/devir tablosu yok, bu yüzden akım/devir yalnız başlıktan alındı ve üreticide doğrulanamadı. Kod yapısı (seri + yatak harfi + gerilim + hız harfi) Runda'nın piyasadaki kodlarıyla uyumlu; yatak harfi S=sleeve(含油), L=hidrolik(液压), B=bilyalı(双滚珠) olarak yorumlandı [TEYİT] (sitede yorum tablosu yok, Runda serilerinde bu üç yatak seçeneği listeleniyor ve ankaracncmarket başlıklarındaki 'HYDRAULİC/RULMANLI' ifadeleriyle tutarlı).";https://www.ankaracncmarket.com.tr/kompakt-fanlar/40x40x15mm-12v-0.14a-8000rpm-kare-fan-6c7f4e69c5b9edd09875
Fanlar;Runda;RS4020S12VH;;RUNDA RS4020S12VH fan, 40×40×20 mm, 12 V DC, 0,10 A, 6500 dev/dk;"Ölçü: 40×40×20 mm; Gerilim: 12 V DC; Akım: 0,10 A; Devir: 6500 dev/dk";40X40X20MM 12V 0.10A 6500RPM KARE FAN;RS4020S12VH;5,0;Üretici görseli var;seri;https://www.szrunda.com/list_11/402.html;https://www.szrunda.com/static/upload/image/20240311/1710148348434106.jpg;Orta;;"Başlıktaki 6500 dev/dk, aynı serideki RS4020S24H'nin 8500 dev/dk'sından düşük; hız harfi VH (daha yüksek hız) ile çelişkili görünüyor [TEYİT]. Üretici: Shenzhen Runda Electronic Co., Ltd. / Dongguan Runda Cooling Fan Co., Ltd. (szrunda.com). Runda sitesinde yalnız seri sayfaları ve seri başına tek görsel var; model bazında akım/devir tablosu yok, bu yüzden akım/devir yalnız başlıktan alındı ve üreticide doğrulanamadı. Kod yapısı (seri + yatak harfi + gerilim + hız harfi) Runda'nın piyasadaki kodlarıyla uyumlu; yatak harfi S=sleeve(含油), L=hidrolik(液压), B=bilyalı(双滚珠) olarak yorumlandı [TEYİT] (sitede yorum tablosu yok, Runda serilerinde bu üç yatak seçeneği listeleniyor ve ankaracncmarket başlıklarındaki 'HYDRAULİC/RULMANLI' ifadeleriyle tutarlı).";https://www.ankaracncmarket.com.tr/kompakt-fanlar/40x40x20mm-12v-0.10a-6500rpm-kare-fan-b7a6212bd1785dbb6ca6
Fanlar;Runda;RS4020S24H;;RUNDA RS4020S24H fan, 40×40×20 mm, 24 V DC, 0,08 A, 8500 dev/dk;"Ölçü: 40×40×20 mm; Gerilim: 24 V DC; Akım: 0,08 A; Devir: 8500 dev/dk";40X40X20MM 24V 0.08A 8500RPM KARE FAN;RS4020S24H;5,0;Üretici görseli var;seri;https://www.szrunda.com/list_11/402.html;https://www.szrunda.com/static/upload/image/20240311/1710148348434106.jpg;Orta;;"Üretici: Shenzhen Runda Electronic Co., Ltd. / Dongguan Runda Cooling Fan Co., Ltd. (szrunda.com). Runda sitesinde yalnız seri sayfaları ve seri başına tek görsel var; model bazında akım/devir tablosu yok, bu yüzden akım/devir yalnız başlıktan alındı ve üreticide doğrulanamadı. Kod yapısı (seri + yatak harfi + gerilim + hız harfi) Runda'nın piyasadaki kodlarıyla uyumlu; yatak harfi S=sleeve(含油), L=hidrolik(液压), B=bilyalı(双滚珠) olarak yorumlandı [TEYİT] (sitede yorum tablosu yok, Runda serilerinde bu üç yatak seçeneği listeleniyor ve ankaracncmarket başlıklarındaki 'HYDRAULİC/RULMANLI' ifadeleriyle tutarlı).";https://www.ankaracncmarket.com.tr/kompakt-fanlar/40x40x20mm-24v-0.08a-8500rpm-kare-fan-242279e52596faeda414
Fanlar;Runda;RS5010S24VH;;RUNDA RS5010S24VH fan, 50×50×10 mm, 24 V DC, 0,10 A, 6300 dev/dk;"Ölçü: 50×50×10 mm; Gerilim: 24 V DC; Akım: 0,10 A; Devir: 6300 dev/dk";50X50X10MM 24V 0.10A 6300RPM KARE FAN;RS5010S24VH;5,0;Üretici görseli var;seri;https://www.szrunda.com/list_11/404.html;https://www.szrunda.com/static/upload/image/20240311/1710148278259795.jpg;Orta;;"Üretici: Shenzhen Runda Electronic Co., Ltd. / Dongguan Runda Cooling Fan Co., Ltd. (szrunda.com). Runda sitesinde yalnız seri sayfaları ve seri başına tek görsel var; model bazında akım/devir tablosu yok, bu yüzden akım/devir yalnız başlıktan alındı ve üreticide doğrulanamadı. Kod yapısı (seri + yatak harfi + gerilim + hız harfi) Runda'nın piyasadaki kodlarıyla uyumlu; yatak harfi S=sleeve(含油), L=hidrolik(液压), B=bilyalı(双滚珠) olarak yorumlandı [TEYİT] (sitede yorum tablosu yok, Runda serilerinde bu üç yatak seçeneği listeleniyor ve ankaracncmarket başlıklarındaki 'HYDRAULİC/RULMANLI' ifadeleriyle tutarlı).";https://www.ankaracncmarket.com.tr/kompakt-fanlar/50x50x10mm-24v-0.10a-6300rpm-kare-fan-765766dd867a8186cafc
Fanlar;Runda;RS5015S24VH;;RUNDA RS5015S24VH fan, 50×50×15 mm, 24 V DC, 0,10 A, 6500 dev/dk;"Ölçü: 50×50×15 mm; Gerilim: 24 V DC; Akım: 0,10 A; Devir: 6500 dev/dk";RUNDA 50X50X15MM 24V 0.10A 6500RPM KARE FAN;RS5015S24VH;5,0;Üretici görseli var;seri;https://www.szrunda.com/list_11/405.html;https://www.szrunda.com/static/upload/image/20240311/1710148242507490.jpg;Orta;;"Üretici: Shenzhen Runda Electronic Co., Ltd. / Dongguan Runda Cooling Fan Co., Ltd. (szrunda.com). Runda sitesinde yalnız seri sayfaları ve seri başına tek görsel var; model bazında akım/devir tablosu yok, bu yüzden akım/devir yalnız başlıktan alındı ve üreticide doğrulanamadı. Kod yapısı (seri + yatak harfi + gerilim + hız harfi) Runda'nın piyasadaki kodlarıyla uyumlu; yatak harfi S=sleeve(含油), L=hidrolik(液压), B=bilyalı(双滚珠) olarak yorumlandı [TEYİT] (sitede yorum tablosu yok, Runda serilerinde bu üç yatak seçeneği listeleniyor ve ankaracncmarket başlıklarındaki 'HYDRAULİC/RULMANLI' ifadeleriyle tutarlı).";https://www.ankaracncmarket.com.tr/kompakt-fanlar/runda-50x50x15mm-24v-0.10a-6500rpm-kare-fan-7ae8121f849a5170d5d3
Fanlar;Runda;RS5020S12VH;;RUNDA RS5020S12VH fan, 50×50×20 mm, 12 V DC, 0,22 A, 6200 dev/dk;"Ölçü: 50×50×20 mm; Gerilim: 12 V DC; Akım: 0,22 A; Devir: 6200 dev/dk";RUNDA 50X50X20MM 12V 0.22A 6200RPM KARE FAN;RS5020S12VH;5,0;Üretici görseli var;seri;https://www.szrunda.com/list_11/406.html;https://www.szrunda.com/static/upload/image/20240311/1710148186778292.jpg;Orta;;"Üretici: Shenzhen Runda Electronic Co., Ltd. / Dongguan Runda Cooling Fan Co., Ltd. (szrunda.com). Runda sitesinde yalnız seri sayfaları ve seri başına tek görsel var; model bazında akım/devir tablosu yok, bu yüzden akım/devir yalnız başlıktan alındı ve üreticide doğrulanamadı. Kod yapısı (seri + yatak harfi + gerilim + hız harfi) Runda'nın piyasadaki kodlarıyla uyumlu; yatak harfi S=sleeve(含油), L=hidrolik(液压), B=bilyalı(双滚珠) olarak yorumlandı [TEYİT] (sitede yorum tablosu yok, Runda serilerinde bu üç yatak seçeneği listeleniyor ve ankaracncmarket başlıklarındaki 'HYDRAULİC/RULMANLI' ifadeleriyle tutarlı).";https://www.ankaracncmarket.com.tr/kompakt-fanlar/runda-50x50x20mm-12v-0.22a-6200rpm-kare-fan-6a78baeb8f680abc1e6e
Fanlar;Runda;RS5020S24VH;;RUNDA RS5020S24VH fan, 50×50×20 mm, 24 V DC, 0,11 A, 6200 dev/dk;"Ölçü: 50×50×20 mm; Gerilim: 24 V DC; Akım: 0,11 A; Devir: 6200 dev/dk";RUNDA 50X50X20MM 24V 0.11A 6200RPM KARE FAN;RS5020S24VH;5,0;Üretici görseli var;seri;https://www.szrunda.com/list_11/406.html;https://www.szrunda.com/static/upload/image/20240311/1710148186778292.jpg;Orta;;"Üretici: Shenzhen Runda Electronic Co., Ltd. / Dongguan Runda Cooling Fan Co., Ltd. (szrunda.com). Runda sitesinde yalnız seri sayfaları ve seri başına tek görsel var; model bazında akım/devir tablosu yok, bu yüzden akım/devir yalnız başlıktan alındı ve üreticide doğrulanamadı. Kod yapısı (seri + yatak harfi + gerilim + hız harfi) Runda'nın piyasadaki kodlarıyla uyumlu; yatak harfi S=sleeve(含油), L=hidrolik(液压), B=bilyalı(双滚珠) olarak yorumlandı [TEYİT] (sitede yorum tablosu yok, Runda serilerinde bu üç yatak seçeneği listeleniyor ve ankaracncmarket başlıklarındaki 'HYDRAULİC/RULMANLI' ifadeleriyle tutarlı).";https://www.ankaracncmarket.com.tr/kompakt-fanlar/runda-50x50x20mm-24v-0.11a-6200rpm-kare-fan-262bff2801592f55f444
Fanlar;Runda;RS6010S12VH;;RUNDA RS6010S12VH fan, 60×60×10 mm, 12 V DC, 0,18 A, 4000 dev/dk;"Ölçü: 60×60×10 mm; Gerilim: 12 V DC; Akım: 0,18 A; Devir: 4000 dev/dk";RUNDA 60X60X10MM 12V 0.18A 4000RPM KARE FAN;RS6010S12VH;5,0;Üretici görseli var;seri;https://www.szrunda.com/list_11/407.html;https://www.szrunda.com/static/upload/image/20240311/1710148142442709.jpg;Orta;;"Üretici: Shenzhen Runda Electronic Co., Ltd. / Dongguan Runda Cooling Fan Co., Ltd. (szrunda.com). Runda sitesinde yalnız seri sayfaları ve seri başına tek görsel var; model bazında akım/devir tablosu yok, bu yüzden akım/devir yalnız başlıktan alındı ve üreticide doğrulanamadı. Kod yapısı (seri + yatak harfi + gerilim + hız harfi) Runda'nın piyasadaki kodlarıyla uyumlu; yatak harfi S=sleeve(含油), L=hidrolik(液压), B=bilyalı(双滚珠) olarak yorumlandı [TEYİT] (sitede yorum tablosu yok, Runda serilerinde bu üç yatak seçeneği listeleniyor ve ankaracncmarket başlıklarındaki 'HYDRAULİC/RULMANLI' ifadeleriyle tutarlı).";https://www.ankaracncmarket.com.tr/kompakt-fanlar/runda-60x60x10mm-12v-0.18a-4000rpm-kare-fan-5ea42a42ae62aa5fab53
Fanlar;Runda;RS6010S24VH;;RUNDA RS6010S24VH fan, 60×60×10 mm, 24 V DC, 0,09 A, 4000 dev/dk;"Ölçü: 60×60×10 mm; Gerilim: 24 V DC; Akım: 0,09 A; Devir: 4000 dev/dk";60X60X10MM 24V 0.09A 4000RPM KARE FAN;RS6010S24VH;5,0;Üretici görseli var;seri;https://www.szrunda.com/list_11/407.html;https://www.szrunda.com/static/upload/image/20240311/1710148142442709.jpg;Orta;;"Üretici: Shenzhen Runda Electronic Co., Ltd. / Dongguan Runda Cooling Fan Co., Ltd. (szrunda.com). Runda sitesinde yalnız seri sayfaları ve seri başına tek görsel var; model bazında akım/devir tablosu yok, bu yüzden akım/devir yalnız başlıktan alındı ve üreticide doğrulanamadı. Kod yapısı (seri + yatak harfi + gerilim + hız harfi) Runda'nın piyasadaki kodlarıyla uyumlu; yatak harfi S=sleeve(含油), L=hidrolik(液压), B=bilyalı(双滚珠) olarak yorumlandı [TEYİT] (sitede yorum tablosu yok, Runda serilerinde bu üç yatak seçeneği listeleniyor ve ankaracncmarket başlıklarındaki 'HYDRAULİC/RULMANLI' ifadeleriyle tutarlı).";https://www.ankaracncmarket.com.tr/kompakt-fanlar/60x60x10mm-24v-0.09a-4000rpm-kare-fan-2547236a0dce26d00e0e
Fanlar;Runda;RS6015S12VH;;RUNDA RS6015S12VH fan, 60×60×15 mm, 12 V DC, 0,23 A, 5000 dev/dk;"Ölçü: 60×60×15 mm; Gerilim: 12 V DC; Akım: 0,23 A; Devir: 5000 dev/dk";RUNDA 60X60X15MM 12V 0.23A 5000RPM KARE FAN;RS6015S12VH;5,0;Üretici görseli var;seri;https://www.szrunda.com/list_11/408.html;https://www.szrunda.com/static/upload/image/20240311/1710148092715732.jpg;Orta;;"Üretici: Shenzhen Runda Electronic Co., Ltd. / Dongguan Runda Cooling Fan Co., Ltd. (szrunda.com). Runda sitesinde yalnız seri sayfaları ve seri başına tek görsel var; model bazında akım/devir tablosu yok, bu yüzden akım/devir yalnız başlıktan alındı ve üreticide doğrulanamadı. Kod yapısı (seri + yatak harfi + gerilim + hız harfi) Runda'nın piyasadaki kodlarıyla uyumlu; yatak harfi S=sleeve(含油), L=hidrolik(液压), B=bilyalı(双滚珠) olarak yorumlandı [TEYİT] (sitede yorum tablosu yok, Runda serilerinde bu üç yatak seçeneği listeleniyor ve ankaracncmarket başlıklarındaki 'HYDRAULİC/RULMANLI' ifadeleriyle tutarlı).";https://www.ankaracncmarket.com.tr/kompakt-fanlar/runda-60x60x15mm-12v-0.23a-5000rpm-kare-fan-4504a5e30699cd45e9aa
Fanlar;Runda;RS6015S24VH;;RUNDA RS6015S24VH fan, 60×60×15 mm, 24 V DC, 0,12 A, 5000 dev/dk;"Ölçü: 60×60×15 mm; Gerilim: 24 V DC; Akım: 0,12 A; Devir: 5000 dev/dk";RUNDA 60X60X15MM 24V 0.12A 5000RPM KARE FAN;RS6015S24VH;5,0;Üretici görseli var;seri;https://www.szrunda.com/list_11/408.html;https://www.szrunda.com/static/upload/image/20240311/1710148092715732.jpg;Orta;;"Üretici: Shenzhen Runda Electronic Co., Ltd. / Dongguan Runda Cooling Fan Co., Ltd. (szrunda.com). Runda sitesinde yalnız seri sayfaları ve seri başına tek görsel var; model bazında akım/devir tablosu yok, bu yüzden akım/devir yalnız başlıktan alındı ve üreticide doğrulanamadı. Kod yapısı (seri + yatak harfi + gerilim + hız harfi) Runda'nın piyasadaki kodlarıyla uyumlu; yatak harfi S=sleeve(含油), L=hidrolik(液压), B=bilyalı(双滚珠) olarak yorumlandı [TEYİT] (sitede yorum tablosu yok, Runda serilerinde bu üç yatak seçeneği listeleniyor ve ankaracncmarket başlıklarındaki 'HYDRAULİC/RULMANLI' ifadeleriyle tutarlı).";https://www.ankaracncmarket.com.tr/kompakt-fanlar/runda-60x60x15mm-24v-0.12a-5000rpm-kare-fan-719e34022ce095bfccb8
Fanlar;Runda;RS8010S24M;RS8010S24M-FA;RUNDA RS8010S24M fan, 80×80×10 mm, 24 V DC, 0,05 A, 2500 dev/dk;"Ölçü: 80×80×10 mm; Gerilim: 24 V DC; Akım: 0,05 A; Devir: 2500 dev/dk";80X80X10MM-24VDC-0.05A-2500RPM;RUNDA-RS8010S24M-FA;5,0;Resmi görsel bulunamadı;;;;Orta;;"RS8010 serisi szrunda.com ürün listesinde yok; Runda'nın resmi Avrupa distribütörü Elitalia 'RU-RS8010' serisini Runda ürünü olarak listeliyor (veri sayfası taranmış görüntü, model tablosu okunamadı). Resmi görsel bulunamadı. '-FA'/'-FS' son ekleri Runda'nın hiçbir kaynağında (szrunda.com, Runda distribütör kataloğu, piyasa kayıtları) bulunamadı; Runda'nın bilinen son ekleri -S, -A, -RS, -RA. Bu yüzden MPN son eksiz temel kod olarak yazıldı, son ekli hali mpn_alt'ta [TEYİT]; muhtemelen satıcı/ithalatçı varyant ekidir (anlamı doğrulanamadı). 'RUNDA-' öneki kod parçası değil, çıkarıldı. Üretici: Shenzhen Runda Electronic Co., Ltd. / Dongguan Runda Cooling Fan Co., Ltd. (szrunda.com). Runda sitesinde yalnız seri sayfaları ve seri başına tek görsel var; model bazında akım/devir tablosu yok, bu yüzden akım/devir yalnız başlıktan alındı ve üreticide doğrulanamadı. Kod yapısı (seri + yatak harfi + gerilim + hız harfi) Runda'nın piyasadaki kodlarıyla uyumlu; yatak harfi S=sleeve(含油), L=hidrolik(液压), B=bilyalı(双滚珠) olarak yorumlandı [TEYİT] (sitede yorum tablosu yok, Runda serilerinde bu üç yatak seçeneği listeleniyor ve ankaracncmarket başlıklarındaki 'HYDRAULİC/RULMANLI' ifadeleriyle tutarlı).";https://www.ankaracncmarket.com.tr/kompakt-fanlar/80x80x10mm-24vdc-0.05a-2500rpm-5fa43ea4a75d7af4eb7f
Fanlar;Runda;RS9015S12VH;RS9015S12VH-FA;RUNDA RS9015S12VH fan, 90×90×15 mm, 12 V DC, 0,10 A;"Ölçü: 90×90×15 mm; Gerilim: 12 V DC; Akım: 0,10 A";90X90X15MM-12VDC-0.10A;RUNDA-RS9015S12VH-FA;5,0;Resmi görsel bulunamadı;;;;Orta;;"RS9015 serisi szrunda.com ürün listesinde yok; Runda'nın resmi Avrupa distribütörü Elitalia 'RU-RS9015' serisini Runda ürünü olarak listeliyor (veri sayfası taranmış görüntü, model tablosu okunamadı). Resmi görsel bulunamadı. '-FA'/'-FS' son ekleri Runda'nın hiçbir kaynağında (szrunda.com, Runda distribütör kataloğu, piyasa kayıtları) bulunamadı; Runda'nın bilinen son ekleri -S, -A, -RS, -RA. Bu yüzden MPN son eksiz temel kod olarak yazıldı, son ekli hali mpn_alt'ta [TEYİT]; muhtemelen satıcı/ithalatçı varyant ekidir (anlamı doğrulanamadı). 'RUNDA-' öneki kod parçası değil, çıkarıldı. Üretici: Shenzhen Runda Electronic Co., Ltd. / Dongguan Runda Cooling Fan Co., Ltd. (szrunda.com). Runda sitesinde yalnız seri sayfaları ve seri başına tek görsel var; model bazında akım/devir tablosu yok, bu yüzden akım/devir yalnız başlıktan alındı ve üreticide doğrulanamadı. Kod yapısı (seri + yatak harfi + gerilim + hız harfi) Runda'nın piyasadaki kodlarıyla uyumlu; yatak harfi S=sleeve(含油), L=hidrolik(液压), B=bilyalı(双滚珠) olarak yorumlandı [TEYİT] (sitede yorum tablosu yok, Runda serilerinde bu üç yatak seçeneği listeleniyor ve ankaracncmarket başlıklarındaki 'HYDRAULİC/RULMANLI' ifadeleriyle tutarlı).";https://www.ankaracncmarket.com.tr/kompakt-fanlar/90x90x15mm-12vdc-0.10a-9027f0840612fc95aa5a
Fanlar;Runda;RS9015S24VH;RS9015S24VH-FA;RUNDA RS9015S24VH fan, 90×90×15 mm, 24 V DC, 0,14 A, 3500 dev/dk;"Ölçü: 90×90×15 mm; Gerilim: 24 V DC; Akım: 0,14 A; Devir: 3500 dev/dk";90X90X15MM-24VDC-0.14A-3500RPM;RUNDA-RS9015S24VH-FA;5,0;Resmi görsel bulunamadı;;;;Orta;;"RS9015 serisi szrunda.com ürün listesinde yok; Runda'nın resmi Avrupa distribütörü Elitalia 'RU-RS9015' serisini Runda ürünü olarak listeliyor (veri sayfası taranmış görüntü, model tablosu okunamadı). Resmi görsel bulunamadı. '-FA'/'-FS' son ekleri Runda'nın hiçbir kaynağında (szrunda.com, Runda distribütör kataloğu, piyasa kayıtları) bulunamadı; Runda'nın bilinen son ekleri -S, -A, -RS, -RA. Bu yüzden MPN son eksiz temel kod olarak yazıldı, son ekli hali mpn_alt'ta [TEYİT]; muhtemelen satıcı/ithalatçı varyant ekidir (anlamı doğrulanamadı). 'RUNDA-' öneki kod parçası değil, çıkarıldı. Üretici: Shenzhen Runda Electronic Co., Ltd. / Dongguan Runda Cooling Fan Co., Ltd. (szrunda.com). Runda sitesinde yalnız seri sayfaları ve seri başına tek görsel var; model bazında akım/devir tablosu yok, bu yüzden akım/devir yalnız başlıktan alındı ve üreticide doğrulanamadı. Kod yapısı (seri + yatak harfi + gerilim + hız harfi) Runda'nın piyasadaki kodlarıyla uyumlu; yatak harfi S=sleeve(含油), L=hidrolik(液压), B=bilyalı(双滚珠) olarak yorumlandı [TEYİT] (sitede yorum tablosu yok, Runda serilerinde bu üç yatak seçeneği listeleniyor ve ankaracncmarket başlıklarındaki 'HYDRAULİC/RULMANLI' ifadeleriyle tutarlı).";https://www.ankaracncmarket.com.tr/kompakt-fanlar/90x90x15mm-24vdc-0.14a-3500rpm-9ccab7b469fac015c910
Fanlar;Runda;RS9225S12VH;;RUNDA RS9225S12VH fan, 92×92×25 mm, 12 V DC, 0,44 A, 4000 dev/dk;"Ölçü: 92×92×25 mm; Gerilim: 12 V DC; Akım: 0,44 A; Devir: 4000 dev/dk";92X92X25MM 12V 0.44A 4000RPM KARE FAN;RS9225S12VH;5,0;Üretici görseli var;seri;https://www.szrunda.com/list_11/420.html;https://www.szrunda.com/static/upload/image/20240311/1710147491537169.jpg;Orta;;"Üretici: Shenzhen Runda Electronic Co., Ltd. / Dongguan Runda Cooling Fan Co., Ltd. (szrunda.com). Runda sitesinde yalnız seri sayfaları ve seri başına tek görsel var; model bazında akım/devir tablosu yok, bu yüzden akım/devir yalnız başlıktan alındı ve üreticide doğrulanamadı. Kod yapısı (seri + yatak harfi + gerilim + hız harfi) Runda'nın piyasadaki kodlarıyla uyumlu; yatak harfi S=sleeve(含油), L=hidrolik(液压), B=bilyalı(双滚珠) olarak yorumlandı [TEYİT] (sitede yorum tablosu yok, Runda serilerinde bu üç yatak seçeneği listeleniyor ve ankaracncmarket başlıklarındaki 'HYDRAULİC/RULMANLI' ifadeleriyle tutarlı).";https://www.ankaracncmarket.com.tr/kompakt-fanlar/92x92x25mm-12v-0.44a-4000rpm-kare-fan-c99d7cc0bab281945439
Fanlar;Runda;RS9225S24VH;RS9225S24VH-FA;RUNDA RS9225S24VH fan, 92×92×25 mm, 24 V DC, 0,20 A;"Ölçü: 92×92×25 mm; Gerilim: 24 V DC; Akım: 0,20 A";92X92X25MM-24VDC-0.20A;RUNDA-RS9225S24VH-FA;6,0;Üretici görseli var;seri;https://www.szrunda.com/list_11/420.html;https://www.szrunda.com/static/upload/image/20240311/1710147491537169.jpg;Orta;;"'-FA'/'-FS' son ekleri Runda'nın hiçbir kaynağında (szrunda.com, Runda distribütör kataloğu, piyasa kayıtları) bulunamadı; Runda'nın bilinen son ekleri -S, -A, -RS, -RA. Bu yüzden MPN son eksiz temel kod olarak yazıldı, son ekli hali mpn_alt'ta [TEYİT]; muhtemelen satıcı/ithalatçı varyant ekidir (anlamı doğrulanamadı). 'RUNDA-' öneki kod parçası değil, çıkarıldı. Üretici: Shenzhen Runda Electronic Co., Ltd. / Dongguan Runda Cooling Fan Co., Ltd. (szrunda.com). Runda sitesinde yalnız seri sayfaları ve seri başına tek görsel var; model bazında akım/devir tablosu yok, bu yüzden akım/devir yalnız başlıktan alındı ve üreticide doğrulanamadı. Kod yapısı (seri + yatak harfi + gerilim + hız harfi) Runda'nın piyasadaki kodlarıyla uyumlu; yatak harfi S=sleeve(含油), L=hidrolik(液压), B=bilyalı(双滚珠) olarak yorumlandı [TEYİT] (sitede yorum tablosu yok, Runda serilerinde bu üç yatak seçeneği listeleniyor ve ankaracncmarket başlıklarındaki 'HYDRAULİC/RULMANLI' ifadeleriyle tutarlı).";https://www.ankaracncmarket.com.tr/kompakt-fanlar/92x92x25mm-24vdc-0.20a-7bb292d55bee8e8537eb
Fanlar;Runda;RT9238L22M;;RUNDA RT9238L22M EC fan, 92×92×38 mm, 220 V AC, 3600 dev/dk;"Ölçü: 92×92×38 mm; Gerilim: 220 V AC; Devir: 3600 dev/dk; Güç: 4,6 W; Yatak: Hidrolik";92X92X38MM 220V 4.6W 3600RPM HYDRAULİC EC FAN;RT9238L22M;14,0;Üretici görseli var;seri;https://www.szrunda.com/list_13/446.html;https://www.szrunda.com/static/upload/image/20240311/1710149306205170.jpg;Orta;;"RT = AC girişli EC (交流转直流) fan; Runda sitesinde EC9238 serisi (92×92×38 mm, AC110~220V, sıvı/çift bilyalı yatak, 2800~3600 dev/dk) olarak geçiyor; başlıktaki 3600 dev/dk bu aralıkla uyumlu. Üretici: Shenzhen Runda Electronic Co., Ltd. / Dongguan Runda Cooling Fan Co., Ltd. (szrunda.com). Runda sitesinde yalnız seri sayfaları ve seri başına tek görsel var; model bazında akım/devir tablosu yok, bu yüzden akım/devir yalnız başlıktan alındı ve üreticide doğrulanamadı. Kod yapısı (seri + yatak harfi + gerilim + hız harfi) Runda'nın piyasadaki kodlarıyla uyumlu; yatak harfi S=sleeve(含油), L=hidrolik(液压), B=bilyalı(双滚珠) olarak yorumlandı [TEYİT] (sitede yorum tablosu yok, Runda serilerinde bu üç yatak seçeneği listeleniyor ve ankaracncmarket başlıklarındaki 'HYDRAULİC/RULMANLI' ifadeleriyle tutarlı).";https://www.ankaracncmarket.com.tr/kompakt-fanlar/92x92x38mm-220v-4.6w-3600rpm-hydraulic-ec-fan-7a18f9b5b5363c281415
Fanlar;Sanyo Denki;109P0624S7D03;A90L-0001-0552#A;Sanyo Denki San Ace 60 109P0624S7D03 fan, 60×60×15 mm, 24 V DC (Fanuc A90L-0001-0552#A);"Ölçü: 60×60×15 mm; Gerilim: 24 V DC";A90L-0001-0552#A - SAN ACE 109P0624S7D03 FANUC FANI;ACGRTUY2;36,0;Resmi görsel bulunamadı;;;;Orta;"Site kodu (ACGRTUY2) rastgele iç kod; üretici parça numarası değil.";"Fanuc'a özel OEM kod; Sanyo Denki kataloğunda yok. Ölçü bayi kaynaklarından (60×60×15) [TEYİT]. Muadilleri: 9WF0624H7D05A, NMB 2406VL-05W-B69.";https://www.ankaracncmarket.com.tr/elektronik/a90l-0001-0552sharpa---san-ace-109p0624s7d03-fanuc-fani-9e74720c711fe54718b4
Fanlar;Sanyo Denki;9PF0424H303;A90L-0001-0580#A;Sanyo Denki San Ace 40 9PF0424H303 fan, 40×40×28 mm, 24 V DC (Fanuc A90L-0001-0580#A);"Ölçü: 40×40×28 mm; Gerilim: 24 V DC; Akım: 0,095 A";A90L-0001-0580#A - SAN ACE 40 9PF0424H303 FANUC SÜRÜCÜ FANI;LTVYZ239;48,0;Resmi görsel bulunamadı;;;;Orta;"Site kodu (LTVYZ239) rastgele iç kod; üretici parça numarası değil.";"Fanuc'a özel OEM kod; Sanyo kataloğunda yok. Ölçü/akım bayi kaynaklarından [TEYİT].";https://www.ankaracncmarket.com.tr/elektronik/a90l-0001-0580sharpa---san-ace-40-9pf0424h303-fanuc-surucu-fani-0c8f3a10581f62d08b8a
Fanlar;Sanyo Denki;9PF0424H304;A90L-0001-0580#B, 1611VL-05W-B49;Sanyo Denki San Ace 40 9PF0424H304 fan, 40×40×28 mm, 24 V DC (Fanuc A90L-0001-0580#B);"Ölçü: 40×40×28 mm; Gerilim: 24 V DC; Akım: 0,095 A";A90L-0001-0580#B - SAN ACE 40 9PF0424H304 FANUC SÜRÜCÜ FANI;DEHJT179;50,0;Resmi görsel bulunamadı;;;;Orta;"Site kodu (DEHJT179) rastgele iç kod; üretici parça numarası değil.";"Fanuc'a özel OEM kod; #B çift soketli versiyon olarak geçiyor. Muadil: NMB 1611VL-05W-B49 [TEYİT].";https://www.ankaracncmarket.com.tr/elektronik/a90l-0001-0580sharpb---san-ace-40-9pf0424h304-fanuc-surucu-fani-db80df52aad55feb3499
Fanlar;Sanyo Denki;9PF0424H305;A90L-0001-0580#C;Sanyo Denki San Ace 40 9PF0424H305 fan, 40×40×28 mm, 24 V DC (Fanuc A90L-0001-0580#C);"Ölçü: 40×40×28 mm; Gerilim: 24 V DC; Akım: 0,095 A";A90L-0001-0580#C - SAN ACE 40 9PF0424H305 FANUC SÜRÜCÜ FANI;EFW12357;52,0;Resmi görsel bulunamadı;;;;Orta;"Site kodu (EFW12357) rastgele iç kod; üretici parça numarası değil.";"Fanuc'a özel OEM kod; Sanyo kataloğunda 9PF serisi yok. Ölçü/akım bayi kaynaklarından [TEYİT].";https://www.ankaracncmarket.com.tr/elektronik/a90l-0001-0580sharpc---san-ace-40-9pf0424h305-fanuc-surucu-fani-09a67113280ac73f5658
Fanlar;Sanyo Denki;9WF0424F6D03;A90L-0001-0507#A;Sanyo Denki San Ace 40WF 9WF0424F6D03 fan, 40×40×20 mm, 24 V DC (Fanuc A90L-0001-0507#A);"Ölçü: 40×40×20 mm; Gerilim: 24 V DC";A90L-0001-0507 #A SANYO 9WF0424F6D03 40X40X20 FANUC RADIATOR FAN;270;26,0;Resmi görsel bulunamadı;;https://products.sanyodenki.com/en/sanace/dc/oil-proof-fan/lineup/;;Yüksek;"Site kodu (270) rastgele iç kod; üretici parça numarası değil.";"Fanuc'a özel OEM kod; products.sanyodenki.com'da model sayfası yok (404). 9WF = San Ace yağa dayanıklı (oil proof) seri; mfr_page seri sayfası. KFAS A90L-0001-0507 için NMB 1608KL-05W-B39 muadilini veriyor.";https://www.ankaracncmarket.com.tr/elektronik/a90l-0001-0507-sharpa-sanyo-9wf0424f6d03-40x40x20-fanuc-radiator-fan-ab64e1e275cd3a546bc1
Fanlar;Sanyo Denki;9WF0424F6D04;A90L-0001-0507#B;Sanyo Denki San Ace 40WF 9WF0424F6D04 ikili fan, 40×40×20 mm, 24 V DC (Fanuc A90L-0001-0507#B);"Ölçü: 40×40×20 mm; Gerilim: 24 V DC; Adet: 2'li";A90L-0001-0507#b SANYO 9WF0424F6D04 40X40X20 FANUC RADIATOR FAN 2Lİ;EJMQSY67;50,0;Resmi görsel bulunamadı;;https://products.sanyodenki.com/en/sanace/dc/oil-proof-fan/lineup/;;Orta;"Site kodu (EJMQSY67) rastgele iç kod; üretici parça numarası değil. Başlıkta '#b' küçük harf; Fanuc yazımı A90L-0001-0507#B.";"Fanuc'a özel OEM kod; Sanyo katalog sayfası yok. KFAS A90L-0001-0507/B için NMB 1608KL-05W-B39 veriyor.";https://www.ankaracncmarket.com.tr/elektronik/a90l-0001-0507sharpb-sanyo-9wf0424f6d04-40x40x20-fanuc-radiator-fan-2li-9e4c61868e66249b5272
Fanlar;Sanyo Denki;9WF0424H6D05;;Sanyo Denki San Ace 40WF 9WF0424H6D05 yağa dayanıklı fan, 40×40×20 mm, 24 V DC (Mitsubishi);"Ölçü: 40×40×20 mm; Gerilim: 24 V DC; Seri: San Ace 40WF (Oil Proof)";40X40X20 SANACE 9WF0424H6D05 MITSUBISHI FAN;AGJKMX67;30,0;Resmi görsel bulunamadı;;https://products.sanyodenki.com/en/sanace/dc/oil-proof-fan/;;Yüksek;;"D05 soneki müşteriye (Mitsubishi) özel varyant; model Sanyo Denki güncel ürün sitesinde listelenmiyor (sitede yalnız 9WF0424H701 40×40×15 ve 9WFA serisi var), bu yüzden görsel alınmadı. Bayi kayıtları 24 V 0,11 A diyor (doğrulanmadı).";https://www.ankaracncmarket.com.tr/elektronik/40x40x20-sanace-9wf0424h6d05-mitsubishi-fan-082a5c7264fd897cd454
Fanlar;Sanyo Denki;9WF0424S604B;A90L-0001-0566#A;Sanyo Denki San Ace 40WF 9WF0424S604B fan, 40×40×20 mm, 24 V DC (Fanuc A90L-0001-0566#A);"Ölçü: 40×40×20 mm; Gerilim: 24 V DC";A90L-0001-0566#A - 9WF0424S604B FANUC FANI;BHKNRZ59;38,0;Resmi görsel bulunamadı;;https://products.sanyodenki.com/en/sanace/dc/oil-proof-fan/lineup/;;Orta;"Site kodu (BHKNRZ59) rastgele iç kod; üretici parça numarası değil.";"Fanuc'a özel OEM kod (braketli); Sanyo katalog sayfası yok. Muadil: NMB 1608VL-05W-B69.";https://www.ankaracncmarket.com.tr/elektronik/a90l-0001-0566sharpa---9wf0424s604b-fanuc-fani-e2613bb0b36483b5455b
Fanlar;Sanyo Denki;9WF0624H706A;A90L-0001-0567#A, 2406VL-05W-B69;Sanyo Denki San Ace 60WF 9WF0624H706A fan, 60×60×15 mm, 24 V DC (Fanuc A90L-0001-0567#A);"Ölçü: 60×60×15 mm; Gerilim: 24 V DC";A90L-0001-0567#A - 9WF0624H706A FANUC FANI;FHRSZ359;40,0;Üretici görseli var;seri;https://products.sanyodenki.com/en/sanace/dc/oil-proof-fan/9WF0624H701/;https://products.sanyodenki.com/media/product%20images/sanace/9WF0624H701.png;Orta;"Site kodu (FHRSZ359) rastgele iç kod; üretici parça numarası değil.";"Fanuc'a özel OEM kod, Sanyo katalogda yok. Görsel aynı seri ve aynı çerçevedeki (60×60×15, 9WF oil proof) katalog modeli 9WF0624H701'den alındı; kablo/soket farklı olabilir [TEYİT].";https://www.ankaracncmarket.com.tr/elektronik/a90l-0001-0567sharpa---9wf0624h706a-fanuc-fani-4feebc8985d47070bb31
Fanlar;Sanyo Denki;9WF0624H707A;A90L-0001-0567#B, 2406VL-05W-B69;Sanyo Denki San Ace 60WF 9WF0624H707A fan, 60×60×15 mm, 24 V DC (Fanuc A90L-0001-0567#B);"Ölçü: 60×60×15 mm; Gerilim: 24 V DC";A90L-0001-0567#B - 9WF0624H707A FANUC FANI;EGLNWX23;40,0;Üretici görseli var;seri;https://products.sanyodenki.com/en/sanace/dc/oil-proof-fan/9WF0624H701/;https://products.sanyodenki.com/media/product%20images/sanace/9WF0624H701.png;Orta;"Site kodu (EGLNWX23) rastgele iç kod; üretici parça numarası değil.";Fanuc'a özel OEM kod. Görsel aynı seri/çerçevedeki katalog modeli 9WF0624H701'den (seri görseli) [TEYİT].;https://www.ankaracncmarket.com.tr/elektronik/a90l-0001-0567sharpb---9wf0624h707a-fanuc-fani-e6c812ca5ca6fc251345
Fanlar;Sanyo Denki;9WF0924S203;A90L-0001-0578;Sanyo Denki San Ace 92WF 9WF0924S203 fan, 92×92×32 mm, 24 V DC (Fanuc A90L-0001-0578);"Ölçü: 92×92×32 mm; Gerilim: 24 V DC";A90L-0001-0578 - SAN ACE 92WF 9WF0924S203 FANUC SÜRÜCÜ FANI;ADHKSU12;85,0;Resmi görsel bulunamadı;;https://products.sanyodenki.com/en/sanace/dc/oil-proof-fan/lineup/;;Yüksek;"Site kodu (ADHKSU12) rastgele iç kod; üretici parça numarası değil.";"Fanuc'a özel OEM kod; Sanyo katalog sayfası yok. Ölçü bayi kaynaklarından (92×92×32).";https://www.ankaracncmarket.com.tr/elektronik/a90l-0001-0578---san-ace-92wf-9wf0924s203-fanuc-surucu-fani-e84d22ac13aa0e3e20e2
Fanlar;Sanyo Denki;9WF0924S2041;A90L-0001-0598#B;Sanyo Denki San Ace 92WF 9WF0924S2041 fan, 92×92×32 mm, 24 V DC (Fanuc A90L-0001-0598#B);"Ölçü: 92×92×32 mm; Gerilim: 24 V DC";A90L-0001-0598#B - SAN ACE 92WF 9WF0924S2041 FANUC SÜRÜCÜ FANI;ABKPRSWX;150,0;Resmi görsel bulunamadı;;https://products.sanyodenki.com/en/sanace/dc/oil-proof-fan/lineup/;;Orta;"Site kodu (ABKPRSWX) rastgele iç kod; üretici parça numarası değil.";"Fanuc'a özel OEM kod; Sanyo katalog sayfası yok. Bazı kaynaklar #B'yi çift fanlı versiyon olarak veriyor [TEYİT].";https://www.ankaracncmarket.com.tr/elektronik/a90l-0001-0598sharpb---san-ace-92wf-9wf0924s2041-fanuc-surucu-fani-228ee856e4353607fd25
Fanlar;Sanyo Denki;9WP0824S4D03;;Sanyo Denki San Ace 80WP 9WP0824S4D03 sıçramaya dayanıklı fan, 80×80×25 mm, 24 V DC (Mitsubishi);"Ölçü: 80×80×25 mm; Gerilim: 24 V DC; Seri: San Ace 80WP (Splash Proof)";80X80X25 SANACE 9WP0824S4D03 MITSUBISHI FAN;CHLV2478;36,0;Resmi görsel bulunamadı;;https://products.sanyodenki.com/en/sanace/dc/splash-proof-fan/;;Yüksek;;"D03 soneki müşteriye (Mitsubishi) özel varyant; 9WP0824 modelleri Sanyo Denki güncel lineup'ında yok (9WPA/9WL serisi ile değişmiş), görsel alınmadı. Bayi kayıtları 24 V 0,1 A diyor (doğrulanmadı).";https://www.ankaracncmarket.com.tr/elektronik/80x80x25-sanace-9wp0824s4d03-mitsubishi-fan-8cd3642eccb142ee6725
Fanlar;Savior;SD12738M5B;;Savior SD12738M5B fan, 127×127×38 mm, 24 V DC;"Ölçü: 127×127×38 mm; Gerilim: 24 V DC; Akım: 0,25 A";127X127X38MM-24VDC-0.25A;SAVİOR-SD12738M5B;15,0;Resmi görsel bulunamadı;;;;Orta;127×127×38 mm ürün '120X120' kategorisinde.;"Üretici SAVIOR COMP.; resmi web sitesi bulunamadı (yalnız distribütörler: Özdisan, Halltronics). Aynı serinin SD12738H5B'si 24 V 0,33 A; M = orta hız sürümü olarak 0,25 A uyumlu.";https://www.ankaracncmarket.com.tr/kompakt-fanlar/127x127x38mm-24vdc-0.25a-cac5034601ae24609d4a
Fanlar;Sunflow;70×70×15 mm 24 V DC fan;;Sunflow fan, 70×70×15 mm, 24 V DC;"Ölçü: 70×70×15 mm; Gerilim: 24 V DC";70X70X15MM 24V DC KARE FAN;SUNFLOW-70X70X15MM-24VDC;3,0;Marka belirsiz (jenerik);;;;Düşük;Kod alanında gerçek parça numarası yok ('SUNFLOW-70X70X15MM-24VDC').;"Sunflow adı birden çok Çinli üretici tarafından kullanılıyor (ör. Deqing Star/dqstar.com); hangi üretici olduğu ve model kodu belirlenemedi.";https://www.ankaracncmarket.com.tr/kompakt-fanlar/70x70x15mm-24v-dc-kare-fan-2560820c81c265207f67
Fanlar;Sunflow;92×92×25 mm 110 V AC fan;;Sunflow fan, 92×92×25 mm, 110 V AC;"Ölçü: 92×92×25 mm; Gerilim: 110 V AC";92X92X25MM 110VAC;SUNF 4;5,0;Marka belirsiz (jenerik);;;;Düşük;"Kod alanında iç kod 'SUNF 4' var; gerçek parça numarası yok.";"Sunflow adı birden çok Çinli üretici tarafından kullanılıyor; üretici ve model kodu belirlenemedi.";https://www.ankaracncmarket.com.tr/kompakt-fanlar/92x92x25mm-110vac-02b0d2ec5fee5d2839f1
Fanlar;Wiikool;WK4010;;Wiikool WK4010 fan, 40×40×10 mm, 12 V DC;"Ölçü: 40×40×10 mm; Gerilim: 12 V DC";40X40X10MM 12V DC KARE FAN;WIKOOL-WK4010;2,0;Resmi görsel bulunamadı;;;;Düşük;Kod 'WK4010' eksik (gerilim/yatak hanesi yok).;"Bayi kod düzenine göre tam kod muhtemelen WK4010D12HSL [TEYİT]. Wiikool (WIIKOOL; ankaracncmarket 'Wikool' yazıyor) markasının resmi üretici sitesi bulunamadı; yalnız bayi kayıtları var. Bayi kayıtlarında görülen kod düzeni: D<gerilim> = DC gerilimi (WK4010D5HSL, WK12038D24HSL), A1/A2 = 110/220 V AC (WK9225A1HSL, WK17251A2HBL).";https://www.ankaracncmarket.com.tr/kompakt-fanlar/40x40x10mm-12v-dc-kare-fan-0c82ce7f3e656b0e4d12
Fanlar;Wiikool;WK4010HSL;;Wiikool WK4010HSL fan, 40×40×10 mm, 24 V DC;"Ölçü: 40×40×10 mm; Gerilim: 24 V DC; Akım: 0,09 A";40X40X10MM 24V 0,09A DC KARE FAN;WIKOOL-WK4010HSL;2,0;Resmi görsel bulunamadı;;;;Düşük;;"Kodda gerilim hanesi yok; tam kod muhtemelen WK4010D24HSL [TEYİT]. Wiikool (WIIKOOL; ankaracncmarket 'Wikool' yazıyor) markasının resmi üretici sitesi bulunamadı; yalnız bayi kayıtları var. Bayi kayıtlarında görülen kod düzeni: D<gerilim> = DC gerilimi (WK4010D5HSL, WK12038D24HSL), A1/A2 = 110/220 V AC (WK9225A1HSL, WK17251A2HBL).";https://www.ankaracncmarket.com.tr/kompakt-fanlar/40x40x10mm-24v-0-09a-dc-kare-fan-849e5b59e3343a235aa4
Fanlar;Wiikool;WK4020D5HSL;;Wiikool WK4020D5HSL fan, 40×40×20 mm, 5 V DC;"Ölçü: 40×40×20 mm; Gerilim: 5 V DC; Akım: 0,30 A";40X40X20MM-5VDC-0.30A;WIIKOOL04-WK4020D5HSL;3,0;Resmi görsel bulunamadı;;;;Orta;;"Wiikool (WIIKOOL; ankaracncmarket 'Wikool' yazıyor) markasının resmi üretici sitesi bulunamadı; yalnız bayi kayıtları var. Bayi kayıtlarında görülen kod düzeni: D<gerilim> = DC gerilimi (WK4010D5HSL, WK12038D24HSL), A1/A2 = 110/220 V AC (WK9225A1HSL, WK17251A2HBL).";https://www.ankaracncmarket.com.tr/kompakt-fanlar/40x40x20mm-5vdc-0.30a-6b82865f00e8b18effe7
Fanlar;Wiikool;WK4020HSL;;Wiikool WK4020HSL fan, 40×40×20 mm, 12 V DC;"Ölçü: 40×40×20 mm; Gerilim: 12 V DC; Akım: 0,13 A";40X40X20MM-12VDC-0.13A;WIIKOOL05-WK4020HSL;2,0;Resmi görsel bulunamadı;;;;Düşük;"Aynı kod (WK4020HSL) pid 1982'de 24 V ürün için de kullanılmış; gerilim hanesi eksik.";"Tam kod muhtemelen WK4020D12HSL [TEYİT]. Kod öneki 'WIIKOOL05-' iç kod. Wiikool (WIIKOOL; ankaracncmarket 'Wikool' yazıyor) markasının resmi üretici sitesi bulunamadı; yalnız bayi kayıtları var. Bayi kayıtlarında görülen kod düzeni: D<gerilim> = DC gerilimi (WK4010D5HSL, WK12038D24HSL), A1/A2 = 110/220 V AC (WK9225A1HSL, WK17251A2HBL).";https://www.ankaracncmarket.com.tr/kompakt-fanlar/40x40x20mm-12vdc-0.13a-8e9659618629f94acbe7
Fanlar;Wiikool;WK4020HSL;;Wiikool WK4020HSL fan, 40×40×20 mm, 24 V DC;"Ölçü: 40×40×20 mm; Gerilim: 24 V DC; Akım: 0,09 A";40X40X20MM-24VDC-0.09A;WIIKOOL06-WK4020HSL;6,0;Resmi görsel bulunamadı;;;;Düşük;"Aynı kod (WK4020HSL) pid 1981'de 12 V ürün için de kullanılmış; gerilim hanesi eksik.";"Tam kod muhtemelen WK4020D24HSL [TEYİT]. Wiikool (WIIKOOL; ankaracncmarket 'Wikool' yazıyor) markasının resmi üretici sitesi bulunamadı; yalnız bayi kayıtları var. Bayi kayıtlarında görülen kod düzeni: D<gerilim> = DC gerilimi (WK4010D5HSL, WK12038D24HSL), A1/A2 = 110/220 V AC (WK9225A1HSL, WK17251A2HBL).";https://www.ankaracncmarket.com.tr/kompakt-fanlar/40x40x20mm-24vdc-0.09a-7cf67200bcdc114faa18
Fanlar;Wiikool;WK5010D2HSL;;Wiikool WK5010D2HSL fan, 50×50×10 mm, 24 V DC;"Ölçü: 50×50×10 mm; Gerilim: 24 V DC; Akım: 0,09 A";50X50X10MM-24VDC-0.09A;WIIKOOL08-WK5010D2HSL;2,0;Resmi görsel bulunamadı;;;;Düşük;;"Diğer kodlarda 24 V 'D24' olarak geçiyor; 'D2' eksik yazım olabilir (WK5010D24HSL) [TEYİT]. Wiikool (WIIKOOL; ankaracncmarket 'Wikool' yazıyor) markasının resmi üretici sitesi bulunamadı; yalnız bayi kayıtları var. Bayi kayıtlarında görülen kod düzeni: D<gerilim> = DC gerilimi (WK4010D5HSL, WK12038D24HSL), A1/A2 = 110/220 V AC (WK9225A1HSL, WK17251A2HBL).";https://www.ankaracncmarket.com.tr/kompakt-fanlar/50x50x10mm-24vdc-0.09a-b8380b733c57bb33fc9a
Fanlar;Wiikool;WK6015HSL;;Wiikool WK6015HSL fan, 60×60×15 mm, 24 V DC;"Ölçü: 60×60×15 mm; Gerilim: 24 V DC; Akım: 0,11 A";60X60X15MM 24V DC 0,11A KARE FAN;WIKOOL-WK6015HSL;5,0;Resmi görsel bulunamadı;;;;Düşük;;"Kodda gerilim hanesi yok; muhtemelen WK6015D24HSL [TEYİT]. Wiikool (WIIKOOL; ankaracncmarket 'Wikool' yazıyor) markasının resmi üretici sitesi bulunamadı; yalnız bayi kayıtları var. Bayi kayıtlarında görülen kod düzeni: D<gerilim> = DC gerilimi (WK4010D5HSL, WK12038D24HSL), A1/A2 = 110/220 V AC (WK9225A1HSL, WK17251A2HBL).";https://www.ankaracncmarket.com.tr/kompakt-fanlar/60x60x15mm-24v-dc-0-11a-kare-fan-9b9be06b5fc41b15e6a5
Fanlar;Wiikool;WK6025HSL;;Wiikool WK6025HSL fan, 60×60×25 mm, 12 V DC;"Ölçü: 60×60×25 mm; Gerilim: 12 V DC; Akım: 0,21 A";60X60X25MM 12V DC 0,21A KARE FAN;WIKOOL-WK6025HSL;6,0;Resmi görsel bulunamadı;;;;Düşük;;"Kodda gerilim hanesi yok; muhtemelen WK6025D12HSL [TEYİT]. Wiikool (WIIKOOL; ankaracncmarket 'Wikool' yazıyor) markasının resmi üretici sitesi bulunamadı; yalnız bayi kayıtları var. Bayi kayıtlarında görülen kod düzeni: D<gerilim> = DC gerilimi (WK4010D5HSL, WK12038D24HSL), A1/A2 = 110/220 V AC (WK9225A1HSL, WK17251A2HBL).";https://www.ankaracncmarket.com.tr/kompakt-fanlar/60x60x25mm-12v-dc-0-21a-kare-fan-3f997944175fc38404ad
Fanlar;Wiikool;WK8025HSL;;Wiikool WK8025HSL fan, 80×80×25 mm, 110 V AC;"Ölçü: 80×80×25 mm; Gerilim: 110 V AC; Akım: 0,12 A";80X80X25MM 110V AC-0,12A KARE FAN;WIKOOL21-WK8025HSL;6,0;Resmi görsel bulunamadı;;;;Düşük;"Başlık 110 V AC diyor ama kodda AC/gerilim hanesi yok (DC tipi gibi); Wiikool AC 110 V kodu muhtemelen WK8025A1HSL [TEYİT].";"Wiikool (WIIKOOL; ankaracncmarket 'Wikool' yazıyor) markasının resmi üretici sitesi bulunamadı; yalnız bayi kayıtları var. Bayi kayıtlarında görülen kod düzeni: D<gerilim> = DC gerilimi (WK4010D5HSL, WK12038D24HSL), A1/A2 = 110/220 V AC (WK9225A1HSL, WK17251A2HBL).";https://www.ankaracncmarket.com.tr/kompakt-fanlar/80x80x25mm-110v-ac-0-12a-kare-fan-2be63defc902ea20f940
Fanlar;Wiikool;WK8038H1S;;Wiikool WK8038H1S fan, 80×80×38 mm, 110 V AC;"Ölçü: 80×80×38 mm; Gerilim: 110 V AC";80X80X38MM 110V AC KARE FAN;WIKOOL-WK8038H1S;6,0;Resmi görsel bulunamadı;;;;Düşük;;"Kod Wiikool AC düzenine (A1 = 110 V) uymuyor; muhtemelen WK8038A1HSL [TEYİT]. Wiikool (WIIKOOL; ankaracncmarket 'Wikool' yazıyor) markasının resmi üretici sitesi bulunamadı; yalnız bayi kayıtları var. Bayi kayıtlarında görülen kod düzeni: D<gerilim> = DC gerilimi (WK4010D5HSL, WK12038D24HSL), A1/A2 = 110/220 V AC (WK9225A1HSL, WK17251A2HBL).";https://www.ankaracncmarket.com.tr/kompakt-fanlar/80x80x38mm-110v-ac-kare-fan-8a434bd1c362f2554b9b
Fanlar;Wiikool;WK9225H;;Wiikool WK9225H fan, 92×92×25 mm, 110 V AC;"Ölçü: 92×92×25 mm; Gerilim: 110 V AC";92X92X25MM 110V AC KARE FAN;WIKOOL-WK9225H;6,0;Resmi görsel bulunamadı;;;;Düşük;"Kod 'WK9225H' eksik; Wiikool 110 V AC kodu bayi kayıtlarında WK9225A1HSL olarak geçiyor [TEYİT].";"Wiikool (WIIKOOL; ankaracncmarket 'Wikool' yazıyor) markasının resmi üretici sitesi bulunamadı; yalnız bayi kayıtları var. Bayi kayıtlarında görülen kod düzeni: D<gerilim> = DC gerilimi (WK4010D5HSL, WK12038D24HSL), A1/A2 = 110/220 V AC (WK9225A1HSL, WK17251A2HBL).";https://www.ankaracncmarket.com.tr/kompakt-fanlar/92x92x25mm-110v-ac-kare-fan-e4242e135aa2d5bec8a5
Fanlar;Wiikool;WK9238HSL;;Wiikool WK9238HSL fan, 92×92×38 mm, 220 V AC;"Ölçü: 92×92×38 mm; Gerilim: 220 V AC; Akım: 0,08 A";92X92X38MM 220V AC 0,08A KARE FAN;WIKOOL-WK9238HSL;6,0;Resmi görsel bulunamadı;;;;Düşük;"Kodda AC/gerilim hanesi yok; 220 V AC için muhtemelen WK9238A2HSL [TEYİT].";"Wiikool (WIIKOOL; ankaracncmarket 'Wikool' yazıyor) markasının resmi üretici sitesi bulunamadı; yalnız bayi kayıtları var. Bayi kayıtlarında görülen kod düzeni: D<gerilim> = DC gerilimi (WK4010D5HSL, WK12038D24HSL), A1/A2 = 110/220 V AC (WK9225A1HSL, WK17251A2HBL).";https://www.ankaracncmarket.com.tr/kompakt-fanlar/92x92x38mm-220v-ac-0-08a-kare-fan-ecbe90ccee052d958d89
Fanlar;(markasız);60×60×15 mm 12 V DC fan;;Kare fan, 60×60×15 mm, 12 V DC, 0,28 A (markasız);"Ölçü: 60×60×15 mm; Gerilim: 12 V DC; Akım: 0,28 A";60X60X15MM 12V 0.28A DC FAN;AEFJU134;6,0;Marka belirsiz (jenerik);;;;Düşük;"Kod 'AEFJU134' anlamsız iç kod; marka belirtilmemiş.";"Özellikler Lüfter LTD6015H1S (pid 1992) ile birebir aynı; aynı ürün olabilir [TEYİT].";https://www.ankaracncmarket.com.tr/kompakt-fanlar/60x60x15mm-12v-0.28a-dc-fan-fbd1128dfcb7d26d3c36
Güç kaynakları;Mean Well;LRS-150-24;;Mean Well LRS-150-24 güç kaynağı, 24 V DC, 6,5 A, 156 W;"Çıkış: 24 V DC; Akım: 6,5 A; Güç: 156 W; Giriş: 85-132 / 170-264 V AC (anahtarlı)";LRS-150-24 156W 24Vdc/6.5A Güçkaynağı;490;18,5;Resmi görsel bulunamadı;;https://www.meanwell.com/Upload/PDF/LRS-150/LRS-150-SPEC.PDF;;Yüksek;;"Mean Well sitesinin ürün sayfaları robots.txt ile otomatik erişime kapalı; görsel adresi doğrulanamadı. Değerler resmi veri sayfasından.";https://www.ankaracncmarket.com.tr/elektronik/lrs-150-24-156w-24vdc-6.5a-guckaynagi-00e8aa46dd11531a36aa
Güç kaynakları;Mean Well;LRS-350-24;;Mean Well LRS-350-24 güç kaynağı, 24 V DC, 14,6 A, 350 W;"Çıkış: 24 V DC; Akım: 14,6 A; Güç: 350,4 W; Giriş: 90-132 / 180-264 V AC (anahtarlı)";LRS-350-24 350W 24V/14,6A Güçkaynağı;480;38,0;Resmi görsel bulunamadı;;https://www.meanwell.com/Upload/PDF/LRS-350/LRS-350-SPEC.PDF;;Yüksek;;"Mean Well sitesinin ürün sayfaları robots.txt ile otomatik erişime kapalı; görsel adresi doğrulanamadı. Değerler resmi veri sayfasından.";https://www.ankaracncmarket.com.tr/elektronik/lrs-350-24-350w-24v-14-6a-guckaynagi-1a3a52ea43d58021b507
Makine lambaları;(markasız);22 cm LED makine lambası;;LED makine (tezgah içi) lambası, 22 cm;"Boy: 22 cm; Işık kaynağı: LED";22CM LED MAKİNE LAMBASI;ABGJMNR3;150,0;Marka belirsiz (jenerik);;;;Orta;;"Markasız/jenerik ürün; ankaracncmarket kodu ('ABGJMNR3') iç koddur. Gerilim başlıkta yok.";https://www.ankaracncmarket.com.tr/elektronik/22cm-led-makine-lambasi-f558cb2a2fbe0195648b
Makine lambaları;(markasız);3 katlı CNC tepe lambası 110-220 V AC;;3 katlı CNC tepe (ikaz) lambası, 110-220 V AC;"Kat: 3; Gerilim: 110-220 V AC";110-220 VAC 3 KATLI CNC TEPE LAMBASI;CLQR1379;40,0;Marka belirsiz (jenerik);;;;Orta;;"Markasız/jenerik ürün; ankaracncmarket kodu ('CLQR1379') iç koddur.";https://www.ankaracncmarket.com.tr/elektronik/110-220-vac-3-katli-cnc-tepe-lambasi-d06df9541656e80e4224
Makine lambaları;(markasız);3 katlı CNC tepe lambası 24 V DC;;3 katlı CNC tepe (ikaz) lambası, 24 V DC;"Kat: 3; Gerilim: 24 V DC";CNC 3 KATLI TEPE LAMBASI 24VDC;ALQRST24;40,0;Marka belirsiz (jenerik);;;;Orta;;"Markasız/jenerik ürün; ankaracncmarket kodu ('ALQRST24') iç koddur.";https://www.ankaracncmarket.com.tr/elektronik/cnc-3-katli-tepe-lambasi-24vdc-0856b8d7918a9180218f
Makine lambaları;(markasız);3 katlı CNC tepe lambası, buzzerlı, 24 V DC;;3 katlı buzzerlı CNC tepe (ikaz) lambası, 24 V DC;"Kat: 3; Gerilim: 24 V DC; Buzzer: Var";CNC 3 KATLI TEPE LAMBASI BUZZERLİ 24VDC;GKQVWY68;40,0;Marka belirsiz (jenerik);;;;Orta;;"Markasız/jenerik ürün; ankaracncmarket kodu ('GKQVWY68') iç koddur.";https://www.ankaracncmarket.com.tr/elektronik/cnc-3-katli-tepe-lambasi-buzzerli-24vdc-8515c688d2acc98dc535
Makine lambaları;(markasız);35 cm LED makine lambası;;LED makine (tezgah içi) lambası, 35 cm;"Boy: 35 cm; Işık kaynağı: LED";35CM LED MAKİNE LAMBASI;HKLNTU26;150,0;Marka belirsiz (jenerik);;;;Orta;;"Markasız/jenerik ürün; ankaracncmarket kodu ('HKLNTU26') iç koddur.";https://www.ankaracncmarket.com.tr/elektronik/35cm-led-makine-lambasi-20af2ffd64d0d51e83bd
Makine lambaları;(markasız);35 cm makine lambası;;Makine (tezgah içi) lambası, 35 cm;Boy: 35 cm;35 CM MAKİNE LAMBASI;DLPY3458;135,0;Marka belirsiz (jenerik);;;;Orta;;"Markasız/jenerik ürün; ankaracncmarket kodu ('DLPY3458') iç koddur. Işık kaynağı/gerilim başlıkta yok; pid 1023 (35 cm LED) ile aynı ürün olabilir [TEYİT].";https://www.ankaracncmarket.com.tr/elektronik/35-cm-makine-lambasi-6f2ce8460ea9c2991c24
Makine lambaları;(markasız);53 cm LED makine lambası;;LED makine (tezgah içi) lambası, 53 cm;"Boy: 53 cm; Işık kaynağı: LED";53CM LED MAKİNE LAMBASI;BELPX267;200,0;Marka belirsiz (jenerik);;;;Orta;;"Markasız/jenerik ürün; ankaracncmarket kodu ('BELPX267') iç koddur.";https://www.ankaracncmarket.com.tr/elektronik/53cm-led-makine-lambasi-d4c55690f95a90d47c10
Potansiyometreler ve reostalar;AB Elektronik;ABW1 10K;3109608040;AB Elektronik ABW1 10K tek turlu tel sargılı potansiyometre, 10 kΩ, 1 W;"Direnç: 10 kΩ; Güç: 1 W (40 °C); Tolerans: ±%10; Elektriksel açı: 265° ±5°; Tip: Tek turlu tel sargılı";ABW-10K-TEK TURLU POTANSİYOMETRE;ABW1-10K;20,0;Resmi görsel bulunamadı;;https://sc.kyocera-avx.com/products/linear-and-rotary-potentiometers-by-kyocera-avx/;;Yüksek;"Başlıkta 'ABW' yazılmış; seri adı ABW1.";"AB Elektronik (Almanya) ABW1 serisi, bugün KYOCERA AVX bünyesinde; 5 Ω–22 kΩ, 1 W. Veri sayfası: https://sc.kyocera-avx.com/wp-content/uploads/Wirewound_Potentiometer_E_ABW1.pdf . Dağıtıcı (Newark) KYOCERA AVX sipariş kodu 3109608040. Üretici sayfasında ürün görseli yalnız tembel yüklenen yer tutucu olarak var; doğrudan görsel adresi alınamadı.";https://www.ankaracncmarket.com.tr/potansiyometre-ve-dialler/abw-10k-tek-turlu-potansiyometre-ec7e23f0df03f6fa4f5c
Potansiyometreler ve reostalar;AB Elektronik;ABW1 220R;;AB Elektronik ABW1 220R tek turlu tel sargılı potansiyometre, 220 Ω, 1 W;"Direnç: 220 Ω; Güç: 1 W (40 °C); Tolerans: ±%10; Elektriksel açı: 265° ±5°; Tip: Tek turlu tel sargılı";ABW-220R-TEK TURLU POTANSİYOMETRE;ABW1-220OHM;20,0;Resmi görsel bulunamadı;;https://sc.kyocera-avx.com/products/linear-and-rotary-potentiometers-by-kyocera-avx/;;Orta;"Site kodu 'ABW1-220OHM'; üretici yazımı 'ABW1 220R'.";"AB Elektronik (Almanya) ABW1 serisi, bugün KYOCERA AVX bünyesinde; 5 Ω–22 kΩ, 1 W. Veri sayfası: https://sc.kyocera-avx.com/wp-content/uploads/Wirewound_Potentiometer_E_ABW1.pdf . 220R için KYOCERA AVX 31096… sipariş kodu bulunamadı. Üretici sayfasında ürün görseli yalnız tembel yüklenen yer tutucu olarak var; doğrudan görsel adresi alınamadı.";https://www.ankaracncmarket.com.tr/potansiyometre-ve-dialler/abw-220r-tek-turlu-potansiyometre-d9e43e32ae8ca088f09d
Potansiyometreler ve reostalar;Bochen;Bochen 22 mm tek turlu potansiyometre 10K;;Bochen 22 mm tek turlu potansiyometre, 10 kΩ;"Direnç: 10 kΩ; Gövde çapı: 22 mm; Tip: Tek turlu";10K-22mm - TEK TURLU POTANSİYOMETRE;BOCHEN-INK-10K22MM;10,0;Resmi görsel bulunamadı;;;;Düşük;Site kodu (BOCHEN-INK-...) Bochen parça numarası değil.;"Bochen = Chengdu Guosheng Technology (bochen-cn.com). Kayıttaki 0,5 W / 250 V AC değerleriyle eşleşen 22 mm Bochen modeli belirlenemedi; Bochen'in 22 mm WIW22S modeli 1 W olduğundan eşleşmiyor. Tam model ürün etiketinden okunmalı [TEYİT]. Marka da yalnız site kodundan geliyor [TEYİT].";https://www.ankaracncmarket.com.tr/potansiyometre-ve-dialler/10k-22mm---tek-turlu-potansiyometre-eee80a7cd799df9406a8
Potansiyometreler ve reostalar;Bochen;Bochen 22 mm tek turlu potansiyometre 1K;;Bochen 22 mm tek turlu potansiyometre, 1 kΩ;"Direnç: 1 kΩ; Gövde çapı: 22 mm; Tip: Tek turlu";1K-22mm - TEK TURLU POTANSİYOMETRE;BOCHEN-INK-1K-22;10,0;Resmi görsel bulunamadı;;;;Düşük;Site kodu (BOCHEN-INK-...) Bochen parça numarası değil.;"Bochen = Chengdu Guosheng Technology (bochen-cn.com). Kayıttaki 0,5 W / 250 V AC değerleriyle eşleşen 22 mm Bochen modeli belirlenemedi; Bochen'in 22 mm WIW22S modeli 1 W olduğundan eşleşmiyor. Tam model ürün etiketinden okunmalı [TEYİT]. Marka da yalnız site kodundan geliyor [TEYİT].";https://www.ankaracncmarket.com.tr/potansiyometre-ve-dialler/1k-22mm---tek-turlu-potansiyometre-9c387e0173e4a8c6689a
Potansiyometreler ve reostalar;Bochen;Bochen 22 mm tek turlu potansiyometre 2K5;;Bochen 22 mm tek turlu potansiyometre, 2,5 kΩ;"Direnç: 2,5 kΩ; Gövde çapı: 22 mm; Tip: Tek turlu";2K5-22mm - TEK TURLU POTANSİYOMETRE;BOCHEN-INK-;10,0;Resmi görsel bulunamadı;;;;Düşük;"Site kodu eksik ('BOCHEN-INK-', değer yok); Bochen parça numarası değil.";"Bochen = Chengdu Guosheng Technology (bochen-cn.com). Kayıttaki 0,5 W / 250 V AC değerleriyle eşleşen 22 mm Bochen modeli belirlenemedi; Bochen'in 22 mm WIW22S modeli 1 W olduğundan eşleşmiyor. Tam model ürün etiketinden okunmalı [TEYİT]. Marka da yalnız site kodundan geliyor [TEYİT].";https://www.ankaracncmarket.com.tr/potansiyometre-ve-dialler/2k5-22mm---tek-turlu-potansiyometre-ee48b39d17d2da3dd7bd
Potansiyometreler ve reostalar;Bochen;Bochen 22 mm tek turlu potansiyometre 5K;;Bochen 22 mm tek turlu potansiyometre, 5 kΩ;"Direnç: 5 kΩ; Gövde çapı: 22 mm; Tip: Tek turlu";5K-22mm - TEK TURLU POTANSİYOMETRE;BOCHEN-INK--5K;10,0;Resmi görsel bulunamadı;;;;Düşük;Site kodu (BOCHEN-INK-...) Bochen parça numarası değil.;"Bochen = Chengdu Guosheng Technology (bochen-cn.com). Kayıttaki 0,5 W / 250 V AC değerleriyle eşleşen 22 mm Bochen modeli belirlenemedi; Bochen'in 22 mm WIW22S modeli 1 W olduğundan eşleşmiyor. Tam model ürün etiketinden okunmalı [TEYİT]. Marka da yalnız site kodundan geliyor [TEYİT].";https://www.ankaracncmarket.com.tr/potansiyometre-ve-dialler/5k-22mm---tek-turlu-potansiyometre-cee6e32ed946bfe9da78
Potansiyometreler ve reostalar;Frizlen;R20 220 Ω;;Frizlen R20 tel sargılı döner reosta (potansiyometre), 220 Ω, 30 W;"Seri: Frizlen T200 R20; Direnç: 220 Ω; Güç: 30 W (40 °C ortamda, katalog); Tolerans: ±%10";REOSTA-20W-220R;FRIZLEN-R20-220R;69,6;Üretici görseli var;seri;https://www.frizlen.com/en/products/product-groups/wirewound-potentiometers/t200/r10-r20-r40;https://www.frizlen.com/fileadmin/_processed_/3/7/csm_T200_R20_p-top-ring_14d77a26ce.png;Orta;"Başlıkta 20 W yazıyor; Frizlen kataloğuna göre R20 = 30 W.";"Frizlen sipariş kodu örneği 'RZ20-2x1k' (çift); tekli tipte kod yazımı katalogda açık değil, MPN 'R20 220 Ω' biçiminde yazıldı [TEYİT]. Direnç değeri seri aralığında (R20: 2,2 Ω–15 kΩ; R40: 3,9 Ω–27 kΩ).";https://www.ankaracncmarket.com.tr/reostalar/reosta-20w-220r-bcf75ed2171f04635510
Potansiyometreler ve reostalar;Frizlen;R40 1 kΩ;;Frizlen R40 tel sargılı döner reosta (potansiyometre), 1 kΩ, 50 W;"Seri: Frizlen T200 R40; Direnç: 1 kΩ; Güç: 50 W (40 °C ortamda, katalog); Tolerans: ±%10";REOSTA-40W-1K;FRIZLEN-R40-1K;78,0;Üretici görseli var;seri;https://www.frizlen.com/en/products/product-groups/wirewound-potentiometers/t200/r10-r20-r40;https://www.frizlen.com/fileadmin/_processed_/3/6/csm_T200_R40_p-top-ring_f5072dd460.png;Orta;"Başlıkta 40 W yazıyor; Frizlen kataloğuna göre R40 = 50 W.";"Frizlen sipariş kodu örneği 'RZ20-2x1k' (çift); tekli tipte kod yazımı katalogda açık değil, MPN 'R40 1 kΩ' biçiminde yazıldı [TEYİT]. Direnç değeri seri aralığında (R20: 2,2 Ω–15 kΩ; R40: 3,9 Ω–27 kΩ).";https://www.ankaracncmarket.com.tr/reostalar/reosta-40w-1k-6a7d6ac1c8059d680c7f
Potansiyometreler ve reostalar;Frizlen;R40 220 Ω;;Frizlen R40 tel sargılı döner reosta (potansiyometre), 220 Ω, 50 W;"Seri: Frizlen T200 R40; Direnç: 220 Ω; Güç: 50 W (40 °C ortamda, katalog); Tolerans: ±%10";REOSTA-40W-220R;FRIZLEN-R40-220R;78,0;Üretici görseli var;seri;https://www.frizlen.com/en/products/product-groups/wirewound-potentiometers/t200/r10-r20-r40;https://www.frizlen.com/fileadmin/_processed_/3/6/csm_T200_R40_p-top-ring_f5072dd460.png;Orta;"Başlıkta 40 W yazıyor; Frizlen kataloğuna göre R40 = 50 W.";"Frizlen sipariş kodu örneği 'RZ20-2x1k' (çift); tekli tipte kod yazımı katalogda açık değil, MPN 'R40 220 Ω' biçiminde yazıldı [TEYİT]. Direnç değeri seri aralığında (R20: 2,2 Ω–15 kΩ; R40: 3,9 Ω–27 kΩ).";https://www.ankaracncmarket.com.tr/reostalar/reosta-40w-220r-1a1d12ae2a7cde76a80c
Potansiyometreler ve reostalar;Frizlen;R40 470 Ω;;Frizlen R40 tel sargılı döner reosta (potansiyometre), 470 Ω, 50 W;"Seri: Frizlen T200 R40; Direnç: 470 Ω; Güç: 50 W (40 °C ortamda, katalog); Tolerans: ±%10";REOSTA-40W-470R;FRIZLEN-R40-470R;78,0;Üretici görseli var;seri;https://www.frizlen.com/en/products/product-groups/wirewound-potentiometers/t200/r10-r20-r40;https://www.frizlen.com/fileadmin/_processed_/3/6/csm_T200_R40_p-top-ring_f5072dd460.png;Orta;"Başlıkta 40 W yazıyor; Frizlen kataloğuna göre R40 = 50 W.";"Frizlen sipariş kodu örneği 'RZ20-2x1k' (çift); tekli tipte kod yazımı katalogda açık değil, MPN 'R40 470 Ω' biçiminde yazıldı [TEYİT]. Direnç değeri seri aralığında (R20: 2,2 Ω–15 kΩ; R40: 3,9 Ω–27 kΩ).";https://www.ankaracncmarket.com.tr/reostalar/reosta-40w-470r-3edf92d03d610b612cdc
Potansiyometreler ve reostalar;Vishay;534-1-1-101;;Vishay Spectrol 534-1-1-101 10 turlu hassas tel sargılı potansiyometre, 100 Ω, 2 W;"Direnç: 100 Ω; Tur sayısı: 10 tur (3600°); Güç: 2 W (70 °C); Tolerans: ±%5; Doğrusallık: ±%0,25; Gövde çapı: 22,2 mm (7/8""); Mil çapı: 6,35 mm (1/4""); Tip: Tel sargılı, burçlu (bushing) montaj";VISHAY 534-100R 10 TURLU POTANSİYOMETRE;VISHAY534-100R;30,0;Üretici görseli var;seri;https://www.vishay.com/en/product/57065/;https://www.vishay.com/images/product-images/pt-large/57065-pt-large.jpg;Yüksek;"Site kodu (VISHAY534-100R) Vishay sipariş numarası değil; doğru biçim 534-1-1-101.";"Vishay Spectrol Model 533/534/535 serisi; 534 = 10 turlu. Sipariş kodu: 534-[stil 1=burçlu]-[1 tek kat]-[değer kodu]. Kompakt alternatif kod biçimi 534B1...(örn. 534B1103JC). Görsel seri ortak görselidir (533/534/535). Özellikler Vishay veri sayfası (doc 57065).";https://www.ankaracncmarket.com.tr/potansiyometre-ve-dialler/vishay-534-100r-10-turlu-potansiyometre-1209219ad69e9eb51071
Potansiyometreler ve reostalar;Vishay;534-1-1-102;;Vishay Spectrol 534-1-1-102 10 turlu hassas tel sargılı potansiyometre, 1 kΩ, 2 W;"Direnç: 1 kΩ; Tur sayısı: 10 tur (3600°); Güç: 2 W (70 °C); Tolerans: ±%5; Doğrusallık: ±%0,25; Gövde çapı: 22,2 mm (7/8""); Mil çapı: 6,35 mm (1/4""); Tip: Tel sargılı, burçlu (bushing) montaj";VISHAY 534-1K 10 TURLU POTANSİYOMETRE;VISHAY534-1K;30,0;Üretici görseli var;seri;https://www.vishay.com/en/product/57065/;https://www.vishay.com/images/product-images/pt-large/57065-pt-large.jpg;Yüksek;"Site kodu (VISHAY534-1K) Vishay sipariş numarası değil; doğru biçim 534-1-1-102.";"Vishay Spectrol Model 533/534/535 serisi; 534 = 10 turlu. Sipariş kodu: 534-[stil 1=burçlu]-[1 tek kat]-[değer kodu]. Kompakt alternatif kod biçimi 534B1...(örn. 534B1103JC). Görsel seri ortak görselidir (533/534/535). Özellikler Vishay veri sayfası (doc 57065).";https://www.ankaracncmarket.com.tr/potansiyometre-ve-dialler/vishay-534-1k-10-turlu-potansiyometre-9cb4938d4090f7b99ba2
Potansiyometreler ve reostalar;Vishay;534-1-1-103;;Vishay Spectrol 534-1-1-103 10 turlu hassas tel sargılı potansiyometre, 10 kΩ, 2 W;"Direnç: 10 kΩ; Tur sayısı: 10 tur (3600°); Güç: 2 W (70 °C); Tolerans: ±%5; Doğrusallık: ±%0,25; Gövde çapı: 22,2 mm (7/8""); Mil çapı: 6,35 mm (1/4""); Tip: Tel sargılı, burçlu (bushing) montaj";VISHAY 534-10K 10 TURLU POTANSİYOMETRE;VISHAY534-10K;30,0;Üretici görseli var;seri;https://www.vishay.com/en/product/57065/;https://www.vishay.com/images/product-images/pt-large/57065-pt-large.jpg;Yüksek;"Site kodu (VISHAY534-10K) Vishay sipariş numarası değil; doğru biçim 534-1-1-103.";"Vishay Spectrol Model 533/534/535 serisi; 534 = 10 turlu. Sipariş kodu: 534-[stil 1=burçlu]-[1 tek kat]-[değer kodu]. Kompakt alternatif kod biçimi 534B1...(örn. 534B1103JC). Görsel seri ortak görselidir (533/534/535). Özellikler Vishay veri sayfası (doc 57065).";https://www.ankaracncmarket.com.tr/potansiyometre-ve-dialler/vishay-534-10k-10-turlu-potansiyometre-d6f49cd05b8f7c20794b
Potansiyometreler ve reostalar;Vishay;534-1-1-202;;Vishay Spectrol 534-1-1-202 10 turlu hassas tel sargılı potansiyometre, 2 kΩ, 2 W;"Direnç: 2 kΩ; Tur sayısı: 10 tur (3600°); Güç: 2 W (70 °C); Tolerans: ±%5; Doğrusallık: ±%0,25; Gövde çapı: 22,2 mm (7/8""); Mil çapı: 6,35 mm (1/4""); Tip: Tel sargılı, burçlu (bushing) montaj";VISHAY 534-2K 10 TURLU POTANSİYOMETRE;VISHAY534-2K;30,0;Üretici görseli var;seri;https://www.vishay.com/en/product/57065/;https://www.vishay.com/images/product-images/pt-large/57065-pt-large.jpg;Yüksek;"Site kodu (VISHAY534-2K) Vishay sipariş numarası değil; doğru biçim 534-1-1-202.";"Vishay Spectrol Model 533/534/535 serisi; 534 = 10 turlu. Sipariş kodu: 534-[stil 1=burçlu]-[1 tek kat]-[değer kodu]. Kompakt alternatif kod biçimi 534B1...(örn. 534B1103JC). Görsel seri ortak görselidir (533/534/535). Özellikler Vishay veri sayfası (doc 57065).";https://www.ankaracncmarket.com.tr/potansiyometre-ve-dialler/vishay-534-2k-10-turlu-potansiyometre-90327c364b2046306367
Potansiyometreler ve reostalar;Vishay;534-1-1-502;;Vishay Spectrol 534-1-1-502 10 turlu hassas tel sargılı potansiyometre, 5 kΩ, 2 W;"Direnç: 5 kΩ; Tur sayısı: 10 tur (3600°); Güç: 2 W (70 °C); Tolerans: ±%5; Doğrusallık: ±%0,25; Gövde çapı: 22,2 mm (7/8""); Mil çapı: 6,35 mm (1/4""); Tip: Tel sargılı, burçlu (bushing) montaj";534-5K 10 TURLU POTANSİYOMETRE;POT 97;30,0;Üretici görseli var;seri;https://www.vishay.com/en/product/57065/;https://www.vishay.com/images/product-images/pt-large/57065-pt-large.jpg;Orta;"Site kodu (POT 97) rastgele iç kod; başlıkta marka yazmıyor.";"Başlıkta marka yok; fiyatı ve tanımı diğer VISHAY 534 kayıtlarıyla aynı olduğundan Vishay 534 kabul edildi [TEYİT: ürün üzerindeki marka kontrol edilmeli; Çin muadilleri de '534' adıyla satılıyor]. Vishay Spectrol Model 533/534/535 serisi; 534 = 10 turlu. Sipariş kodu: 534-[stil 1=burçlu]-[1 tek kat]-[değer kodu]. Kompakt alternatif kod biçimi 534B1...(örn. 534B1103JC). Görsel seri ortak görselidir (533/534/535). Özellikler Vishay veri sayfası (doc 57065).";https://www.ankaracncmarket.com.tr/potansiyometre-ve-dialler/534-5k-10-turlu-potansiyometre-1bd3dd5fb96618dd0a21
Potansiyometreler ve reostalar;(markasız);10 turlu tel sargılı potansiyometre 2K;;10 turlu tel sargılı potansiyometre, 2 kΩ;"Direnç: 2 kΩ; Tur sayısı: 10 tur; Tip: Tel sargılı";2K-10 TURLU POTANSİYOMETRE;POT 11;12,0;Marka belirsiz (jenerik);;;;Düşük;"Site kodu (POT 11) rastgele iç kod; üretici parça numarası değil. Ürün sayfasında hem 'Vishay' hem 'Çin üretimi' yazıyor ve güç 1,5 W verilmiş; Vishay 534 2 W olduğundan çelişkili.";"Marka ve tip belirsiz; 3590S muadili ya da Vishay 534 olabilir [TEYİT: ürün etiketine bakılmalı].";https://www.ankaracncmarket.com.tr/potansiyometre-ve-dialler/2k-10-turlu-potansiyometre-f10c82dee6d0140708a6
Potansiyometreler ve reostalar;(markasız);Anahtarlı karbon potansiyometre 1M;;Anahtarlı karbon potansiyometre, 1 MΩ;"Direnç: 1 MΩ; Tip: Karbon film; Anahtar: Var";1M-ANAHTARLI KARBON POTANSİYOMETRE;POT 76;0,5;Marka belirsiz (jenerik);;;;Orta;"Site kodu (POT 76) rastgele iç kod; üretici parça numarası değil.";"Markasız; tip (WH138 vb.) kayıtta yok.";https://www.ankaracncmarket.com.tr/potansiyometre-ve-dialler/1m-anahtarli-karbon-potansiyometre-efa7daa424fca8f5d870
Potansiyometreler ve reostalar;(markasız);Anahtarlı potansiyometre 100K;;Anahtarlı potansiyometre, 100 kΩ;"Direnç: 100 kΩ; Anahtar: Var";ANAHTARLI POTANSİYOMETRE - 100K OHM;WH16S-2-100K;3,0;Marka belirsiz (jenerik);;;;Orta;Site kodu 'WH16S-2' bilinen bir standart tip adı olarak doğrulanamadı.;"Markasız jenerik anahtarlı potansiyometre; 'WH16S' muhtemelen 16 mm anahtarlı (switch) tip için satıcı kısaltması [TEYİT].";https://www.ankaracncmarket.com.tr/potansiyometre-ve-dialler/anahtarli-potansiyometre---100k-ohm-3110e748016b1b9b644c
Potansiyometreler ve reostalar;(markasız);Anahtarlı potansiyometre 10K;;Anahtarlı potansiyometre, 10 kΩ;"Direnç: 10 kΩ; Anahtar: Var";ANAHTARLI POTANSİYOMETRE - 10K OHM;WH16S-2-10K;3,0;Marka belirsiz (jenerik);;;;Orta;Site kodu 'WH16S-2' bilinen bir standart tip adı olarak doğrulanamadı.;"Markasız jenerik anahtarlı potansiyometre; 'WH16S' muhtemelen 16 mm anahtarlı (switch) tip için satıcı kısaltması [TEYİT].";https://www.ankaracncmarket.com.tr/potansiyometre-ve-dialler/anahtarli-potansiyometre---10k-ohm-c08474a5da34005456a3
Potansiyometreler ve reostalar;(markasız);Anahtarlı potansiyometre 1K;;Anahtarlı potansiyometre, 1 kΩ;"Direnç: 1 kΩ; Anahtar: Var";ANAHTARLI POTANSİYOMETRE - 1K OHM;WH16S-2-2K2;3,0;Marka belirsiz (jenerik);;;;Düşük;"Başlık 1K iken site kodu WH16S-2-2K2 (2,2 kΩ); değer çelişiyor. Başlıktaki 1K esas alındı. Site kodu 'WH16S-2' bilinen bir standart tip adı olarak doğrulanamadı.";"Markasız jenerik anahtarlı potansiyometre; 'WH16S' muhtemelen 16 mm anahtarlı (switch) tip için satıcı kısaltması [TEYİT].";https://www.ankaracncmarket.com.tr/potansiyometre-ve-dialler/anahtarli-potansiyometre---1k-ohm-4b6d6fe5e801969a39d8
Potansiyometreler ve reostalar;(markasız);Anahtarlı potansiyometre 220K;;Anahtarlı potansiyometre, 220 kΩ;"Direnç: 220 kΩ; Anahtar: Var";ANAHTARLI POTANSİYOMETRE - 220K OHM;WH16S-2-220K;3,0;Marka belirsiz (jenerik);;;;Orta;Site kodu 'WH16S-2' bilinen bir standart tip adı olarak doğrulanamadı.;"Markasız jenerik anahtarlı potansiyometre; 'WH16S' muhtemelen 16 mm anahtarlı (switch) tip için satıcı kısaltması [TEYİT].";https://www.ankaracncmarket.com.tr/potansiyometre-ve-dialler/anahtarli-potansiyometre---220k-ohm-4328db82badaa71a76a2
Potansiyometreler ve reostalar;(markasız);Anahtarlı potansiyometre 22K;;Anahtarlı potansiyometre, 22 kΩ;"Direnç: 22 kΩ; Anahtar: Var";ANAHTARLI POTANSİYOMETRE - 22K OHM;WH16S-2-22K;3,0;Marka belirsiz (jenerik);;;;Orta;Site kodu 'WH16S-2' bilinen bir standart tip adı olarak doğrulanamadı.;"Markasız jenerik anahtarlı potansiyometre; 'WH16S' muhtemelen 16 mm anahtarlı (switch) tip için satıcı kısaltması [TEYİT].";https://www.ankaracncmarket.com.tr/potansiyometre-ve-dialler/anahtarli-potansiyometre---22k-ohm-cceaa98e96f40d196c8a
Potansiyometreler ve reostalar;(markasız);Anahtarlı potansiyometre 470K;;Anahtarlı potansiyometre, 470 kΩ;"Direnç: 470 kΩ; Anahtar: Var";ANAHTARLI POTANSİYOMETRE - 470K OHM;WH16S-2;3,0;Marka belirsiz (jenerik);;;;Düşük;Site kodunda değer yok (WH16S-2). Site kodu 'WH16S-2' bilinen bir standart tip adı olarak doğrulanamadı.;"Markasız jenerik anahtarlı potansiyometre; 'WH16S' muhtemelen 16 mm anahtarlı (switch) tip için satıcı kısaltması [TEYİT].";https://www.ankaracncmarket.com.tr/potansiyometre-ve-dialler/anahtarli-potansiyometre---470k-ohm-16fe4efde36589a54e3f
Potansiyometreler ve reostalar;(markasız);KN-01A;;Potansiyometre düğmesi KN-01A, siyah;Tip: Potansiyometre düğmesi;DUGME-POT-SIYAH;KN-01A;0,45;Marka belirsiz (jenerik);;;;Orta;;"Markasız potansiyometre düğmesi; mil çapı ve ölçüleri kayıtta yok.";https://www.ankaracncmarket.com.tr/potansiyometre-ve-dialler/dugme-pot-siyah-01916ca9b5772deef42a
Potansiyometreler ve reostalar;(markasız);KN-02A;;Potansiyometre düğmesi KN-02A;Tip: Potansiyometre düğmesi;POTANSİYOMETRE DÜĞMESİ - KN-02 -;KN-02A;0,5;Marka belirsiz (jenerik);;;;Orta;"Başlıkta KN-02, kodda KN-02A; aynı ürün.";"Markasız potansiyometre düğmesi; mil çapı ve ölçüleri kayıtta yok.";https://www.ankaracncmarket.com.tr/potansiyometre-ve-dialler/potansiyometre-dugmesi---kn-02---cd0d5bb80672be528ec1
Potansiyometreler ve reostalar;(markasız);KN-04A;;Potansiyometre düğmesi KN-04A;Tip: Potansiyometre düğmesi;POTANSİYOMETRE DÜĞMESİ - KN-04 -;KN-04A;0,65;Marka belirsiz (jenerik);;;;Orta;"Başlıkta KN-04, kodda KN-04A; aynı ürün.";"Markasız potansiyometre düğmesi; mil çapı ve ölçüleri kayıtta yok.";https://www.ankaracncmarket.com.tr/potansiyometre-ve-dialler/potansiyometre-dugmesi---kn-04---b879173e944336e783da
Potansiyometreler ve reostalar;(markasız);KN-05A;;Potansiyometre düğmesi KN-05A;Tip: Potansiyometre düğmesi;POTANSİYOMETRE DÜĞMESİ - KN-05 -;KN-05A;0,8;Marka belirsiz (jenerik);;;;Orta;"Başlıkta KN-05, kodda KN-05A; aynı ürün.";"Markasız potansiyometre düğmesi; mil çapı ve ölçüleri kayıtta yok.";https://www.ankaracncmarket.com.tr/potansiyometre-ve-dialler/potansiyometre-dugmesi---kn-05---6e35b3d08f244892d9e3
Potansiyometreler ve reostalar;(markasız);Metal tek turlu potansiyometre 10K kısa mil;;Tek turlu kısa milli metal gövdeli potansiyometre, 10 kΩ;"Direnç: 10 kΩ; Tip: Tek turlu, metal gövde";10K-KISA MİLLİ METAL TEK TURLU POTANSİYOMETRE;POT 37;3,5;Marka belirsiz (jenerik);;;;Düşük;"Site kodu (POT 37) rastgele iç kod; üretici parça numarası değil.";"Kayıtta tip/üretici bilgisi yok; markasız jenerik ürün.";https://www.ankaracncmarket.com.tr/potansiyometre-ve-dialler/10k-kisa-milli-metal-tek-turlu-potansiyometre-64b048872847f0bcf46f
Potansiyometreler ve reostalar;(markasız);Metal tek turlu potansiyometre 1K kısa mil;;Tek turlu kısa milli metal gövdeli potansiyometre, 1 kΩ;"Direnç: 1 kΩ; Tip: Tek turlu, metal gövde";1K-KISA MİLLİ METAL TEK TURLU POTANSİYOMETRE;POT 34;3,5;Marka belirsiz (jenerik);;;;Düşük;"Site kodu (POT 34) rastgele iç kod; üretici parça numarası değil.";"Kayıtta tip/üretici bilgisi yok; markasız jenerik ürün.";https://www.ankaracncmarket.com.tr/potansiyometre-ve-dialler/1k-kisa-milli-metal-tek-turlu-potansiyometre-a6bb0aa4e84e9a7b4af9
Potansiyometreler ve reostalar;(markasız);Metal tek turlu potansiyometre 2K5;;Tek turlu metal gövdeli potansiyometre, 2,5 kΩ;"Direnç: 2,5 kΩ; Tip: Tek turlu, metal gövde";2K5-METAL TEK TURLU POTANSİYOMETRE;POT 35;3,5;Marka belirsiz (jenerik);;;;Düşük;"Site kodu (POT 35) rastgele iç kod; üretici parça numarası değil.";"Kayıtta tip/üretici bilgisi yok; markasız jenerik ürün.";https://www.ankaracncmarket.com.tr/potansiyometre-ve-dialler/2k5-metal-tek-turlu-potansiyometre-1da0c21efe589872bdcf
Potansiyometreler ve reostalar;(markasız);Metal tek turlu potansiyometre 5K;;Tek turlu metal gövdeli potansiyometre, 5 kΩ;"Direnç: 5 kΩ; Tip: Tek turlu, metal gövde";5K-METAL TEK TURLU POTANSİYOMETRE;POT 36;3,5;Marka belirsiz (jenerik);;;;Düşük;"Site kodu (POT 36) rastgele iç kod; üretici parça numarası değil.";"Kayıtta tip/üretici bilgisi yok; markasız jenerik ürün.";https://www.ankaracncmarket.com.tr/potansiyometre-ve-dialler/5k-metal-tek-turlu-potansiyometre-7457229fc5bd71f99141
Potansiyometreler ve reostalar;(markasız);RH-46 metal dial;;Büyük metal potansiyometre dial (skala) RH-46;Tip: Metal dial, büyük;BÜYÜK METAL DİAL;RH-46;15,0;Marka belirsiz (jenerik);;;;Orta;;"Markasız; ölçüler kayıtta yok.";https://www.ankaracncmarket.com.tr/potansiyometre-ve-dialler/buyuk-metal-dial-9898deaa3c32f13f4f21
Potansiyometreler ve reostalar;(markasız);RH-506 metal dial;R-506;Küçük metal potansiyometre dial (skala) RH-506;Tip: Metal dial, küçük;RH 506 KÜÇÜK METAL DİAL;R-506;8,0;Marka belirsiz (jenerik);;;;Orta;"Başlıkta 'RH 506', kodda 'R-506'; yazım tutarsız.";"Markasız; ölçüler kayıtta yok.";https://www.ankaracncmarket.com.tr/potansiyometre-ve-dialler/rh-506-kucuk-metal-dial-161b09980a1f71395fa1
Potansiyometreler ve reostalar;(markasız);Tek turlu potansiyometre 100K;WH0162-2-100K;Tek turlu potansiyometre 100 kΩ;"Direnç: 100 kΩ; Tip: Tek turlu";100K-TEK TURLU POTANSİYOMETRE;POT 26;2,0;Marka belirsiz (jenerik);;;;Düşük;"Site kodu (POT 26) rastgele iç kod; üretici parça numarası değil.";"Kayıtta tip bilgisi yok; aynı kategori ve fiyattaki kayıtlar WH0162-2 kodlu olduğundan WH0162 tipi olabilir [TEYİT]. WH0162 (sıfır ile) Çin standart tipi 16 mm karbon film tek turlu potansiyometre; birçok üretici yapıyor (ör. Ningbo Huayu, Changzhou Yuhao). '-2' son ekinin anlamı doğrulanamadı [TEYİT].";https://www.ankaracncmarket.com.tr/potansiyometre-ve-dialler/100k-tek-turlu-potansiyometre-5223ee30278c7cbb12b1
Potansiyometreler ve reostalar;(markasız);Tek turlu potansiyometre 220K;WH0162-2-220K;Tek turlu potansiyometre 220 kΩ;"Direnç: 220 kΩ; Tip: Tek turlu";220K-TEK TURLU POTANSİYOMETRE;POT 27;2,0;Marka belirsiz (jenerik);;;;Düşük;"Site kodu (POT 27) rastgele iç kod; üretici parça numarası değil.";"Kayıtta tip bilgisi yok; aynı kategori ve fiyattaki kayıtlar WH0162-2 kodlu olduğundan WH0162 tipi olabilir [TEYİT]. WH0162 (sıfır ile) Çin standart tipi 16 mm karbon film tek turlu potansiyometre; birçok üretici yapıyor (ör. Ningbo Huayu, Changzhou Yuhao). '-2' son ekinin anlamı doğrulanamadı [TEYİT].";https://www.ankaracncmarket.com.tr/potansiyometre-ve-dialler/220k-tek-turlu-potansiyometre-d1e1f82eb92ee9088c1c
Potansiyometreler ve reostalar;(markasız);Tek turlu potansiyometre 2K;WH0162-2-2K;Tek turlu potansiyometre 2 kΩ;"Direnç: 2 kΩ; Tip: Tek turlu";2K-TEK TURLU POTANSİYOMETRE;POT 21;2,0;Marka belirsiz (jenerik);;;;Düşük;"Site kodu (POT 21) rastgele iç kod; üretici parça numarası değil.";"Kayıtta tip bilgisi yok; aynı kategori ve fiyattaki kayıtlar WH0162-2 kodlu olduğundan WH0162 tipi olabilir [TEYİT]. WH0162 (sıfır ile) Çin standart tipi 16 mm karbon film tek turlu potansiyometre; birçok üretici yapıyor (ör. Ningbo Huayu, Changzhou Yuhao). '-2' son ekinin anlamı doğrulanamadı [TEYİT].";https://www.ankaracncmarket.com.tr/potansiyometre-ve-dialler/2k-tek-turlu-potansiyometre-f159ca158ff4ef471eb3
Potansiyometreler ve reostalar;(markasız);Tek turlu potansiyometre 470K;WH0162-2-470K;Tek turlu potansiyometre 470 kΩ;"Direnç: 470 kΩ; Tip: Tek turlu";470K-TEK TURLU POTANSİYOMETRE;POT 28;2,0;Marka belirsiz (jenerik);;;;Düşük;"Site kodu (POT 28) rastgele iç kod; üretici parça numarası değil.";"Kayıtta tip bilgisi yok; aynı kategori ve fiyattaki kayıtlar WH0162-2 kodlu olduğundan WH0162 tipi olabilir [TEYİT]. WH0162 (sıfır ile) Çin standart tipi 16 mm karbon film tek turlu potansiyometre; birçok üretici yapıyor (ör. Ningbo Huayu, Changzhou Yuhao). '-2' son ekinin anlamı doğrulanamadı [TEYİT].";https://www.ankaracncmarket.com.tr/potansiyometre-ve-dialler/470k-tek-turlu-potansiyometre-a785e12078264ea567cf
Potansiyometreler ve reostalar;(markasız);Tek turlu potansiyometre 47K;WH0162-2-47K;Tek turlu potansiyometre 47 kΩ;"Direnç: 47 kΩ; Tip: Tek turlu";47K-TEK TURLU POTANSİYOMETRE;POT 25;2,0;Marka belirsiz (jenerik);;;;Düşük;"Site kodu (POT 25) rastgele iç kod; üretici parça numarası değil.";"Kayıtta tip bilgisi yok; aynı kategori ve fiyattaki kayıtlar WH0162-2 kodlu olduğundan WH0162 tipi olabilir [TEYİT]. WH0162 (sıfır ile) Çin standart tipi 16 mm karbon film tek turlu potansiyometre; birçok üretici yapıyor (ör. Ningbo Huayu, Changzhou Yuhao). '-2' son ekinin anlamı doğrulanamadı [TEYİT].";https://www.ankaracncmarket.com.tr/potansiyometre-ve-dialler/47k-tek-turlu-potansiyometre-fe7b09dbaf01a7027f47
Potansiyometreler ve reostalar;(markasız);WDJ22-1K;;WDJ22 sonsuz turlu (dayamasız) potansiyometre, 1 kΩ;"Direnç: 1 kΩ; Dönüş: Sonsuz (mekanik dayama yok)";SONSUZ TURLU POTANSİYOMETRE-1K OHM;WDJ22-1K;36,0;Marka belirsiz (jenerik);;;;Orta;;"WDJ22 Çin standart tipi 22 mm sonsuz dönüşlü hassas potansiyometre (açı sensörü); genellikle iletken plastik [TEYİT]. Üretici belirsiz.";https://www.ankaracncmarket.com.tr/potansiyometre-ve-dialler/sonsuz-turlu-potansiyometre-1k-ohm-2e170c4e3166323042a4
Potansiyometreler ve reostalar;(markasız);WDJ22-2K;;WDJ22 sonsuz turlu (dayamasız) potansiyometre, 2 kΩ;"Direnç: 2 kΩ; Dönüş: Sonsuz (mekanik dayama yok)";SONSUZ TURLU POTANSİYOMETRE-2K OHM;WDJ22-2K;36,0;Marka belirsiz (jenerik);;;;Orta;;"WDJ22 Çin standart tipi 22 mm sonsuz dönüşlü hassas potansiyometre (açı sensörü); genellikle iletken plastik [TEYİT]. Üretici belirsiz.";https://www.ankaracncmarket.com.tr/potansiyometre-ve-dialler/sonsuz-turlu-potansiyometre-2k-ohm-f512a5b38c2e43b08f35
Potansiyometreler ve reostalar;(markasız);WDJ22-5K;;WDJ22 sonsuz turlu (dayamasız) potansiyometre, 5 kΩ;"Direnç: 5 kΩ; Dönüş: Sonsuz (mekanik dayama yok)";SONSUZ TURLU POTANSİYOMETRE-5K OHM;WDJ22-5K;36,0;Marka belirsiz (jenerik);;;;Orta;;"WDJ22 Çin standart tipi 22 mm sonsuz dönüşlü hassas potansiyometre (açı sensörü); genellikle iletken plastik [TEYİT]. Üretici belirsiz.";https://www.ankaracncmarket.com.tr/potansiyometre-ve-dialler/sonsuz-turlu-potansiyometre-5k-ohm-b43f199e7cb2d789a880
Potansiyometreler ve reostalar;(markasız);WH0162-2-10K;;Tek turlu karbon potansiyometre 10 kΩ (WH0162 tipi, 16 mm);"Direnç: 10 kΩ; Tip: Tek turlu karbon film";10K-TEK TURLU POTANSİYOMETRE;WHO162-2-10K;2,0;Marka belirsiz (jenerik);;;;Orta;"Site kodu 'WHO162' harf O ile yazılmış; doğru tip adı WH0162 (sıfır).";"WH0162 (sıfır ile) Çin standart tipi 16 mm karbon film tek turlu potansiyometre; birçok üretici yapıyor (ör. Ningbo Huayu, Changzhou Yuhao). '-2' son ekinin anlamı doğrulanamadı [TEYİT].";https://www.ankaracncmarket.com.tr/potansiyometre-ve-dialler/10k-tek-turlu-potansiyometre-2587d20c4cc235577b5f
Potansiyometreler ve reostalar;(markasız);WH0162-2-1K;;Tek turlu karbon potansiyometre 1 kΩ (WH0162 tipi, 16 mm);"Direnç: 1 kΩ; Tip: Tek turlu karbon film";1K-TEK TURLU POTANSİYOMETRE;WHO162-2-1K;2,0;Marka belirsiz (jenerik);;;;Orta;"Site kodu 'WHO162' harf O ile yazılmış; doğru tip adı WH0162 (sıfır).";"WH0162 (sıfır ile) Çin standart tipi 16 mm karbon film tek turlu potansiyometre; birçok üretici yapıyor (ör. Ningbo Huayu, Changzhou Yuhao). '-2' son ekinin anlamı doğrulanamadı [TEYİT].";https://www.ankaracncmarket.com.tr/potansiyometre-ve-dialler/1k-tek-turlu-potansiyometre-3cb4234d7fc813886e53
Potansiyometreler ve reostalar;(markasız);WH0162-2-1M;;Tek turlu karbon potansiyometre 1 MΩ (WH0162 tipi, 16 mm);"Direnç: 1 MΩ; Tip: Tek turlu karbon film";1M-TEK TURLU POTANSİYOMETRE;WHO162-2-1K;2,0;Marka belirsiz (jenerik);;;;Düşük;"Başlık 1M iken site kodu WHO162-2-1K (1 kΩ); değer çelişiyor. Başlıktaki 1M esas alındı. Ayrıca 'WHO162' doğrusu WH0162.";"WH0162 (sıfır ile) Çin standart tipi 16 mm karbon film tek turlu potansiyometre; birçok üretici yapıyor (ör. Ningbo Huayu, Changzhou Yuhao). '-2' son ekinin anlamı doğrulanamadı [TEYİT].";https://www.ankaracncmarket.com.tr/potansiyometre-ve-dialler/1m-tek-turlu-potansiyometre-fb5ea83792b21822081d
Potansiyometreler ve reostalar;(markasız);WH0162-2-22K;;Tek turlu karbon potansiyometre 22 kΩ (WH0162 tipi, 16 mm);"Direnç: 22 kΩ; Tip: Tek turlu karbon film";22K-TEK TURLU POTANSİYOMETRE;WHO162-2-22K;2,0;Marka belirsiz (jenerik);;;;Orta;"Site kodu 'WHO162' harf O ile yazılmış; doğru tip adı WH0162 (sıfır).";"WH0162 (sıfır ile) Çin standart tipi 16 mm karbon film tek turlu potansiyometre; birçok üretici yapıyor (ör. Ningbo Huayu, Changzhou Yuhao). '-2' son ekinin anlamı doğrulanamadı [TEYİT].";https://www.ankaracncmarket.com.tr/potansiyometre-ve-dialler/22k-tek-turlu-potansiyometre-2d841556aa17a976b6db
Potansiyometreler ve reostalar;(markasız);WH0162-2-5K;;Tek turlu karbon potansiyometre 5 kΩ (WH0162 tipi, 16 mm);"Direnç: 5 kΩ; Tip: Tek turlu karbon film";5K-TEK TURLU POTANSİYOMETRE;WHO162-2-5K;2,0;Marka belirsiz (jenerik);;;;Orta;"Site kodu 'WHO162' harf O ile yazılmış; doğru tip adı WH0162 (sıfır).";"WH0162 (sıfır ile) Çin standart tipi 16 mm karbon film tek turlu potansiyometre; birçok üretici yapıyor (ör. Ningbo Huayu, Changzhou Yuhao). '-2' son ekinin anlamı doğrulanamadı [TEYİT].";https://www.ankaracncmarket.com.tr/potansiyometre-ve-dialler/5k-tek-turlu-potansiyometre-8903e8339a699fe96cf6
Potansiyometreler ve reostalar;(markasız);WH138 1M;;WH138 anahtarlı karbon potansiyometre, 1 MΩ;"Direnç: 1 MΩ; Tip: Karbon film; Anahtar: Var";ANAHTARLI POTANSİYOMETRE - 1M OHM;WH138;2,0;Marka belirsiz (jenerik);;;;Orta;Site kodunda değer yok (yalnız 'WH138').;"WH138 Çin standart tipi anahtarlı karbon potansiyometre (Bochen: 1 kΩ–2 MΩ, 0,5 W, anahtar 1 A 125 V; https://www.bochen-cn.com/wh138.html). Üretici belirsiz.";https://www.ankaracncmarket.com.tr/potansiyometre-ve-dialler/anahtarli-potansiyometre---1m-ohm-6b783aae26a69d475284
Potansiyometreler ve reostalar;(markasız);WH148 470K anahtarlı;;WH148 anahtarlı karbon potansiyometre, 470 kΩ;"Direnç: 470 kΩ; Tip: Karbon film; Anahtar: Var";ANAHTARLI KARBON POTANSİYOMETRE-470K OHM;WH148;0,5;Marka belirsiz (jenerik);;;;Orta;Site kodunda değer yok (yalnız 'WH148').;"WH148 Çin standart tipi karbon film potansiyometre (Bochen: 100 Ω–2,2 MΩ, 0,2 W; https://www.bochen-cn.com/wh148.html). Standart WH148 anahtarsızdır; anahtarlı versiyon olduğu kayıttan geliyor [TEYİT].";https://www.ankaracncmarket.com.tr/potansiyometre-ve-dialler/anahtarli-karbon-potansiyometre-470k-ohm-e3364750e7f5930404ad
Potansiyometreler ve reostalar;(markasız);WX112-100R;WX050-100R;WX112 (WX050) tek turlu tel sargılı potansiyometre, 100 Ω, 5 W;"Direnç: 100 Ω; Güç: 5 W; Tip: Tek turlu tel sargılı";100R-5W TEK TURLU POTANSİYOMETRE;WHO162-2-100R;14,0;Marka belirsiz (jenerik);;;;Orta;Site kodu WHO162-2-100R yanlış tip: WH0162 karbon potansiyometredir, 5 W tel sargılı potansiyometre WX112 (WX050) tipidir.;"WX112 (eşdeğer adı WX050) Çin standart tipi 5 W tek turlu tel sargılı potansiyometre; üreticilerden Bochen (Chengdu Guosheng) WX112 için 27 Ω–47 kΩ, 5 W (55 °C) veriyor: https://www.bochen-cn.com/wx110-wx112.html . Ürünün üreticisi belirsiz.";https://www.ankaracncmarket.com.tr/potansiyometre-ve-dialler/100r-5w-tek-turlu-potansiyometre-21557b25731cab0bc332
Potansiyometreler ve reostalar;(markasız);WX112-10K;WX050-10K;WX112 (WX050) tek turlu tel sargılı potansiyometre, 10 kΩ, 5 W;"Direnç: 10 kΩ; Güç: 5 W; Tip: Tek turlu tel sargılı";10K-5W TEK TURLU POTANSİYOMETRE;WHO162-2-10K;14,0;Marka belirsiz (jenerik);;;;Orta;"Site kodu WHO162-2-10K yanlış tip (WH0162 karbon pot); 5 W tel sargılı pot WX112 (WX050) tipidir. Aynı kod 10K karbon pot kaydında (pid 1298) da kullanılmış.";"WX112 (eşdeğer adı WX050) Çin standart tipi 5 W tek turlu tel sargılı potansiyometre; üreticilerden Bochen (Chengdu Guosheng) WX112 için 27 Ω–47 kΩ, 5 W (55 °C) veriyor: https://www.bochen-cn.com/wx110-wx112.html . Ürünün üreticisi belirsiz.";https://www.ankaracncmarket.com.tr/potansiyometre-ve-dialler/10k-5w-tek-turlu-potansiyometre-c252798ffadbceb13009
Potansiyometreler ve reostalar;(markasız);WX112-1K;WX050-1K;WX112 (WX050) tek turlu tel sargılı potansiyometre, 1 kΩ, 5 W;"Direnç: 1 kΩ; Güç: 5 W; Tip: Tek turlu tel sargılı";1K-5W TEK TURLU POTANSİYOMETRE;WX112-1K;14,0;Marka belirsiz (jenerik);;;;Yüksek;;"WX112 (eşdeğer adı WX050) Çin standart tipi 5 W tek turlu tel sargılı potansiyometre; üreticilerden Bochen (Chengdu Guosheng) WX112 için 27 Ω–47 kΩ, 5 W (55 °C) veriyor: https://www.bochen-cn.com/wx110-wx112.html . Ürünün üreticisi belirsiz.";https://www.ankaracncmarket.com.tr/potansiyometre-ve-dialler/1k-5w-tek-turlu-potansiyometre-6bdd33b68de6d8255c4f
Potansiyometreler ve reostalar;(markasız);WX112-220R;WX050-220R;WX112 (WX050) tek turlu tel sargılı potansiyometre, 220 Ω, 5 W;"Direnç: 220 Ω; Güç: 5 W; Tip: Tek turlu tel sargılı";220R-5W TEK TURLU POTANSİYOMETRE;WHO162-2-220K;14,0;Marka belirsiz (jenerik);;;;Orta;Site kodu WHO162-2-220K hem yanlış tip hem yanlış değer (220K ≠ başlıktaki 220R).;"WX112 (eşdeğer adı WX050) Çin standart tipi 5 W tek turlu tel sargılı potansiyometre; üreticilerden Bochen (Chengdu Guosheng) WX112 için 27 Ω–47 kΩ, 5 W (55 °C) veriyor: https://www.bochen-cn.com/wx110-wx112.html . Ürünün üreticisi belirsiz.";https://www.ankaracncmarket.com.tr/potansiyometre-ve-dialler/220r-5w-tek-turlu-potansiyometre-095c230b3d1d44ddd733
Potansiyometreler ve reostalar;(markasız);WX112-470R;WX050-470R;WX112 (WX050) tek turlu tel sargılı potansiyometre, 470 Ω, 5 W;"Direnç: 470 Ω; Güç: 5 W; Tip: Tek turlu tel sargılı";470R-5W TEK TURLU POTANSİYOMETRE;WHO162-2-470K;14,0;Marka belirsiz (jenerik);;;;Orta;Site kodu WHO162-2-470K hem yanlış tip hem yanlış değer (470K ≠ başlıktaki 470R).;"WX112 (eşdeğer adı WX050) Çin standart tipi 5 W tek turlu tel sargılı potansiyometre; üreticilerden Bochen (Chengdu Guosheng) WX112 için 27 Ω–47 kΩ, 5 W (55 °C) veriyor: https://www.bochen-cn.com/wx110-wx112.html . Ürünün üreticisi belirsiz.";https://www.ankaracncmarket.com.tr/potansiyometre-ve-dialler/470r-5w-tek-turlu-potansiyometre-85621c2a2b774e25de47
Potansiyometreler ve reostalar;(markasız);WX112-50R;WX050-50R;WX112 (WX050) tek turlu tel sargılı potansiyometre, 50 Ω, 5 W;"Direnç: 50 Ω; Güç: 5 W; Tip: Tek turlu tel sargılı";50R-5W TEK TURLU POTANSİYOMETRE;WHO162-2-47K;14,0;Marka belirsiz (jenerik);;;;Orta;Site kodu WHO162-2-47K hem yanlış tip hem yanlış değer (47K ≠ başlıktaki 50R).;"WX112 (eşdeğer adı WX050) Çin standart tipi 5 W tek turlu tel sargılı potansiyometre; üreticilerden Bochen (Chengdu Guosheng) WX112 için 27 Ω–47 kΩ, 5 W (55 °C) veriyor: https://www.bochen-cn.com/wx110-wx112.html . Ürünün üreticisi belirsiz.";https://www.ankaracncmarket.com.tr/potansiyometre-ve-dialler/50r-5w-tek-turlu-potansiyometre-964bf4e9ed8c447f7197
Potansiyometreler ve reostalar;(markasız);WX112-5K;WX050-5K;WX112 (WX050) tek turlu tel sargılı potansiyometre, 5 kΩ, 5 W;"Direnç: 5 kΩ; Güç: 5 W; Tip: Tek turlu tel sargılı";5K-5W TEK TURLU POTANSİYOMETRE;WX112-5K;14,0;Marka belirsiz (jenerik);;;;Yüksek;;"WX112 (eşdeğer adı WX050) Çin standart tipi 5 W tek turlu tel sargılı potansiyometre; üreticilerden Bochen (Chengdu Guosheng) WX112 için 27 Ω–47 kΩ, 5 W (55 °C) veriyor: https://www.bochen-cn.com/wx110-wx112.html . Ürünün üreticisi belirsiz.";https://www.ankaracncmarket.com.tr/potansiyometre-ve-dialler/5k-5w-tek-turlu-potansiyometre-42d0726420be8de69590
Potansiyometreler ve reostalar;(markasız);WX118-100R;;WX118 tek turlu tel sargılı potansiyometre, 100 Ω;"Direnç: 100 Ω; Tip: Tek turlu tel sargılı";TEK TURLU POTANSİYOMETRE - WX118 100 OHM;WX118 100 OHM;2,4;Marka belirsiz (jenerik);;;;Yüksek;;"WX118 Çin standart tipi tek turlu tel sargılı potansiyometre. Bochen WX118 için 1 W, 50 Ω–10 kΩ, ±%10 veriyor (https://www.bochen-cn.com/wx118.html); başka üreticilerin güç değeri farklı olabilir. Ürünün üreticisi belirsiz.";https://www.ankaracncmarket.com.tr/potansiyometre-ve-dialler/tek-turlu-potansiyometre---wx118-100-ohm-8caec8ac51e839bd2609
Potansiyometreler ve reostalar;(markasız);WX118-10K;;WX118 tek turlu tel sargılı potansiyometre, 10 kΩ;"Direnç: 10 kΩ; Tip: Tek turlu tel sargılı";TEK TURLU POTANSİYOMETRE - WX118 10K OHM;WX118 10K OHM;2,4;Marka belirsiz (jenerik);;;;Yüksek;;"WX118 Çin standart tipi tek turlu tel sargılı potansiyometre. Bochen WX118 için 1 W, 50 Ω–10 kΩ, ±%10 veriyor (https://www.bochen-cn.com/wx118.html); başka üreticilerin güç değeri farklı olabilir. Ürünün üreticisi belirsiz.";https://www.ankaracncmarket.com.tr/potansiyometre-ve-dialler/tek-turlu-potansiyometre---wx118-10k-ohm-17448c5ea5cee6da49f1
Potansiyometreler ve reostalar;(markasız);WX118-1K;;WX118 tek turlu tel sargılı potansiyometre, 1 kΩ;"Direnç: 1 kΩ; Tip: Tek turlu tel sargılı";TEK TURLU POTANSİYOMETRE - WX118 1K OHM;WX118;2,4;Marka belirsiz (jenerik);;;;Yüksek;"Site kodu değeri içermiyor (yalnız 'WX118'); başlıktaki 1K esas alındı.";"WX118 Çin standart tipi tek turlu tel sargılı potansiyometre. Bochen WX118 için 1 W, 50 Ω–10 kΩ, ±%10 veriyor (https://www.bochen-cn.com/wx118.html); başka üreticilerin güç değeri farklı olabilir. Ürünün üreticisi belirsiz.";https://www.ankaracncmarket.com.tr/potansiyometre-ve-dialler/tek-turlu-potansiyometre---wx118-1k-ohm-3ed40c0cafb58230793c
Potansiyometreler ve reostalar;(markasız);WX118-200R;;WX118 tek turlu tel sargılı potansiyometre, 200 Ω;"Direnç: 200 Ω; Tip: Tek turlu tel sargılı";TEK TURLU POTANSİYOMETRE- WX118 200 OHM;WX118 200 OHM;2,4;Marka belirsiz (jenerik);;;;Yüksek;;"WX118 Çin standart tipi tek turlu tel sargılı potansiyometre. Bochen WX118 için 1 W, 50 Ω–10 kΩ, ±%10 veriyor (https://www.bochen-cn.com/wx118.html); başka üreticilerin güç değeri farklı olabilir. Ürünün üreticisi belirsiz.";https://www.ankaracncmarket.com.tr/potansiyometre-ve-dialler/tek-turlu-potansiyometre--wx118-200-ohm-be720ec08ad503a296a0
Potansiyometreler ve reostalar;(markasız);WX118-25K;;WX118 tek turlu tel sargılı potansiyometre, 25 kΩ;"Direnç: 25 kΩ; Tip: Tek turlu tel sargılı";TEK TURLU POTANSİYOMETRE - WX118 25K OHM;WX118 25K OHM;3,0;Marka belirsiz (jenerik);;;;Orta;;"WX118 Çin standart tipi tek turlu tel sargılı potansiyometre. Bochen WX118 için 1 W, 50 Ω–10 kΩ, ±%10 veriyor (https://www.bochen-cn.com/wx118.html); başka üreticilerin güç değeri farklı olabilir. Ürünün üreticisi belirsiz. 25 kΩ, Bochen'in verdiği aralığın (≤10 kΩ) dışında; değer ürün üzerinde kontrol edilmeli [TEYİT].";https://www.ankaracncmarket.com.tr/potansiyometre-ve-dialler/tek-turlu-potansiyometre---wx118-25k-ohm-4182495b4295cf9328e0
Potansiyometreler ve reostalar;(markasız);WX118-2K5;;WX118 tek turlu tel sargılı potansiyometre, 2,5 kΩ;"Direnç: 2,5 kΩ; Tip: Tek turlu tel sargılı";TEK TURLU POTANSİYOMETRE - WX118 2K5 OHM;WX118 2K5 OHM;2,4;Marka belirsiz (jenerik);;;;Yüksek;;"WX118 Çin standart tipi tek turlu tel sargılı potansiyometre. Bochen WX118 için 1 W, 50 Ω–10 kΩ, ±%10 veriyor (https://www.bochen-cn.com/wx118.html); başka üreticilerin güç değeri farklı olabilir. Ürünün üreticisi belirsiz.";https://www.ankaracncmarket.com.tr/potansiyometre-ve-dialler/tek-turlu-potansiyometre---wx118-2k5-ohm-da5f8304ba2353849a7e
Potansiyometreler ve reostalar;(markasız);WX118-500R;;WX118 tek turlu tel sargılı potansiyometre, 500 Ω;"Direnç: 500 Ω; Tip: Tek turlu tel sargılı";TEK TURLU POTANSİYOMETRE - WX118 500 OHM;WX118 500 OHM;2,4;Marka belirsiz (jenerik);;;;Yüksek;;"WX118 Çin standart tipi tek turlu tel sargılı potansiyometre. Bochen WX118 için 1 W, 50 Ω–10 kΩ, ±%10 veriyor (https://www.bochen-cn.com/wx118.html); başka üreticilerin güç değeri farklı olabilir. Ürünün üreticisi belirsiz.";https://www.ankaracncmarket.com.tr/potansiyometre-ve-dialler/tek-turlu-potansiyometre---wx118-500-ohm-62df67d983bb9616401a
Potansiyometreler ve reostalar;(markasız);WX118-50R;;WX118 tek turlu tel sargılı potansiyometre, 50 Ω;"Direnç: 50 Ω; Tip: Tek turlu tel sargılı";TEK TURLU POTANSİYOMETRE-WX118 50 OHM;POT 6;2,4;Marka belirsiz (jenerik);;;;Yüksek;"Site kodu (POT 6) rastgele iç kod; üretici parça numarası değil.";"WX118 Çin standart tipi tek turlu tel sargılı potansiyometre. Bochen WX118 için 1 W, 50 Ω–10 kΩ, ±%10 veriyor (https://www.bochen-cn.com/wx118.html); başka üreticilerin güç değeri farklı olabilir. Ürünün üreticisi belirsiz.";https://www.ankaracncmarket.com.tr/potansiyometre-ve-dialler/tek-turlu-potansiyometre-wx118-50-ohm-b0ebb9b1a7379528864c
Potansiyometreler ve reostalar;(markasız);WX118-5K;;WX118 tek turlu tel sargılı potansiyometre, 5 kΩ;"Direnç: 5 kΩ; Tip: Tek turlu tel sargılı";TEK TURLU POTANSİYOMETRE - WX118 5K OHM;WX118 5K OHM;2,4;Marka belirsiz (jenerik);;;;Yüksek;;"WX118 Çin standart tipi tek turlu tel sargılı potansiyometre. Bochen WX118 için 1 W, 50 Ω–10 kΩ, ±%10 veriyor (https://www.bochen-cn.com/wx118.html); başka üreticilerin güç değeri farklı olabilir. Ürünün üreticisi belirsiz.";https://www.ankaracncmarket.com.tr/potansiyometre-ve-dialler/tek-turlu-potansiyometre---wx118-5k-ohm-7db3dd63d403aaa1bf32
Potansiyometreler ve reostalar;(markasız);WXD3-13-2W-10K;WXD3-13-10K;WXD3-13 çok turlu hassas tel sargılı potansiyometre, 10 kΩ, 2 W;"Direnç: 10 kΩ; Güç: 2 W; Tip: Çok turlu tel sargılı";10K-7 TURLU 2W POTANSİYOMETRE;WXD3-13-10K;14,0;Marka belirsiz (jenerik);;;;Orta;"Başlıkta '7 turlu' yazıyor; WXD3-13 standart tipi 10 turludur (Bochen veri sayfası: 10 tur, 2 W, 100 Ω–100 kΩ).";"WXD3-13-2W Çin standart tipi çok turlu tel sargılı potansiyometre; Bochen sayfası: https://www.bochen-cn.com/2840.html . Ürünün üreticisi belirsiz; gerçek tur sayısı ürün üzerinde kontrol edilmeli [TEYİT].";https://www.ankaracncmarket.com.tr/potansiyometre-ve-dialler/10k-7-turlu-2w-potansiyometre-4aa1d91a55f8610c39cc
Potansiyometreler ve reostalar;(markasız);WXD3-13-2W-1K;WXD3-13-1K;WXD3-13 çok turlu hassas tel sargılı potansiyometre, 1 kΩ, 2 W;"Direnç: 1 kΩ; Güç: 2 W; Tip: Çok turlu tel sargılı";1K-7 TURLU 2W POTANSİYOMETRE;WXD3-13-1K;14,0;Marka belirsiz (jenerik);;;;Orta;"Başlıkta '7 turlu' yazıyor; WXD3-13 standart tipi 10 turludur (Bochen veri sayfası: 10 tur, 2 W, 100 Ω–100 kΩ).";"WXD3-13-2W Çin standart tipi çok turlu tel sargılı potansiyometre; Bochen sayfası: https://www.bochen-cn.com/2840.html . Ürünün üreticisi belirsiz; gerçek tur sayısı ürün üzerinde kontrol edilmeli [TEYİT].";https://www.ankaracncmarket.com.tr/potansiyometre-ve-dialler/1k-7-turlu-2w-potansiyometre-d28574276281fa520921
Potansiyometreler ve reostalar;(markasız);WXD3-13-2W-4K7;WXD3-13-4K7;WXD3-13 çok turlu hassas tel sargılı potansiyometre, 4,7 kΩ, 2 W;"Direnç: 4,7 kΩ; Güç: 2 W; Tip: Çok turlu tel sargılı";4K7-7 TURLU 2W POTANSİYOMETRE;WXD3-13-4K7;14,0;Marka belirsiz (jenerik);;;;Orta;"Başlıkta '7 turlu' yazıyor; WXD3-13 standart tipi 10 turludur (Bochen veri sayfası: 10 tur, 2 W, 100 Ω–100 kΩ).";"WXD3-13-2W Çin standart tipi çok turlu tel sargılı potansiyometre; Bochen sayfası: https://www.bochen-cn.com/2840.html . Ürünün üreticisi belirsiz; gerçek tur sayısı ürün üzerinde kontrol edilmeli [TEYİT].";https://www.ankaracncmarket.com.tr/potansiyometre-ve-dialler/4k7-7-turlu-2w-potansiyometre-07e527d42448c1cf9f57
Rulmanlar, kilit somunları ve yaylar;NSK;25TAC62;25TAC62BSUC10PN7B, 25TAC62CSUHPN7C;NSK 25TAC62 bilyalı vida destek rulmanı, 25×62×15 mm, 60°;"İç çap (d): 25 mm; Dış çap (D): 62 mm; Genişlik (B): 15 mm; Temas açısı: 60°; Tip: Eksenel açısal temaslı bilyalı rulman (bilyalı vida desteği)";NSK 25 TAC 62 CNC EKSEN RULMANI;NTUX3489;47,17;Üretici görseli var;seri;https://www.nsk.com/engineering/25tac62csuhpn7c-apn.html;https://www.nsk.com/engineering/media/catalog/product/s/p/sp-actbb_tac-c_open_.png;Yüksek;"Site kodu (NTUX3489) rastgele iç kod; üretici parça numarası değil.";"Satılan ürünün son eki (eski TAC B serisi 25TAC62BSUC10PN7B veya yeni NSKTAC C serisi 25TAC62CSUHPN7C) kayıtta belli değil; temel numara kullanıldı. Ölçüler nsk.com 25TAC62CSUHPN7C sayfasından doğrulandı. Görsel NSKTAC C serisinin ortak görseli.";https://www.ankaracncmarket.com.tr/mekanik/nsk-25-tac-62-cnc-eksen-rulmani-94f7cc166bfbf1cf8699
Rulmanlar, kilit somunları ve yaylar;NSK;30TAC62;30TAC62BSUC10PN7B, 30TAC62CSUHPN7C;NSK 30TAC62 bilyalı vida destek rulmanı, 30×62×15 mm, 60°;"İç çap (d): 30 mm; Dış çap (D): 62 mm; Genişlik (B): 15 mm; Temas açısı: 60°; Tip: Eksenel açısal temaslı bilyalı rulman (bilyalı vida desteği)";NSK 30 TAC 62 CNC EKSEN RULMANI;CGMQSV48;47,17;Üretici görseli var;seri;https://www.nsk.com/engineering/30tac62csuhpn7c-apn.html;https://www.nsk.com/engineering/media/catalog/product/s/p/sp-actbb_tac-c_open_.png;Yüksek;"Site kodu (CGMQSV48) rastgele iç kod; üretici parça numarası değil.";"Satılan ürünün son eki (eski TAC B serisi 30TAC62BSUC10PN7B veya yeni NSKTAC C serisi 30TAC62CSUHPN7C) kayıtta belli değil; temel numara kullanıldı. Ölçüler nsk.com 30TAC62CSUHPN7C sayfasından doğrulandı. Görsel NSKTAC C serisinin ortak görseli.";https://www.ankaracncmarket.com.tr/mekanik/nsk-30-tac-62-cnc-eksen-rulmani-0dd59b0025b7c2c33bbf
Rulmanlar, kilit somunları ve yaylar;NSK;35TAC72;35TAC72BSUC10PN7B, 35TAC72CSUHPN7C;NSK 35TAC72 bilyalı vida destek rulmanı, 35×72×15 mm, 60°;"İç çap (d): 35 mm; Dış çap (D): 72 mm; Genişlik (B): 15 mm; Temas açısı: 60°; Tip: Eksenel açısal temaslı bilyalı rulman (bilyalı vida desteği)";NSK 35 TAC 72 CNC EKSEN RULMANI;BJNTUV67;58,69;Üretici görseli var;seri;https://www.nsk.com/engineering/35tac72csuhpn7c-apn.html;https://www.nsk.com/engineering/media/catalog/product/s/p/sp-actbb_tac-c_open_.png;Yüksek;"Site kodu (BJNTUV67) rastgele iç kod; üretici parça numarası değil.";"Satılan ürünün son eki (eski TAC B serisi 35TAC72BSUC10PN7B veya yeni NSKTAC C serisi 35TAC72CSUHPN7C) kayıtta belli değil; temel numara kullanıldı. Ölçüler nsk.com 35TAC72CSUHPN7C sayfasından doğrulandı. Görsel NSKTAC C serisinin ortak görseli.";https://www.ankaracncmarket.com.tr/mekanik/nsk-35-tac-72-cnc-eksen-rulmani-29477e8b9f8bb25fc623
Rulmanlar, kilit somunları ve yaylar;(markasız);DIN 2093 28×14,2×1,5;;Çanak yay DIN 2093 28×14,2×1,5 mm;"Dış çap (De): 28 mm; İç çap (Di): 14,2 mm; Kalınlık (t): 1,5 mm; Standart: DIN 2093 seri A";28,00x14,2x1,50MM ÇANAK YAY;EKTVWX37;1,0;Marka belirsiz (jenerik);;;;Yüksek;"Site kodu (EKTVWX37) rastgele iç kod; üretici parça numarası değil.";Markasız standart çanak yay (disk yay).;https://www.ankaracncmarket.com.tr/mekanik/28-00x14-2x1-50mm-canak-yay-5c6077e7c061b42b7075
Rulmanlar, kilit somunları ve yaylar;(markasız);DIN 2093 35,5×18,3×2;;Çanak yay DIN 2093 35,5×18,3×2 mm;"Dış çap (De): 35,5 mm; İç çap (Di): 18,3 mm; Kalınlık (t): 2 mm; Standart: DIN 2093 seri A";35,50X18,30X2,00 MM ÇANAK YAY;EJNPSW23;1,0;Marka belirsiz (jenerik);;;;Yüksek;"Site kodu (EJNPSW23) rastgele iç kod; üretici parça numarası değil.";Markasız standart çanak yay (disk yay).;https://www.ankaracncmarket.com.tr/mekanik/35-50x18-30x2-00-mm-canak-yay-59fed70b2dda11c73171
Rulmanlar, kilit somunları ve yaylar;(markasız);Hassas kilit somunu M100×2, F tipi;;Hassas rulman kilit somunu M100×2, F tipi;"Diş: M100×2; Tip: F tipi";M100x2 F TYPE RULMAN PAKET SOMUNU;ABCLWX18;80,0;Marka belirsiz (jenerik);;;;Orta;"Site kodu (ABCLWX18) rastgele iç kod; üretici parça numarası değil.";"Tayvan tipi hassas rulman kilit somunu (F tipi; F/FA/K/R tip harfleri YSF/Cheng-Ru gibi Tayvan üreticilerinin tip tanımlarıdır). Üretici belirtilmemiş; görsel kullanılmadı.";https://www.ankaracncmarket.com.tr/mekanik/m100x2-f-type-rulman-paket-somunu-47bd6900b9d71dfb3cb7
Rulmanlar, kilit somunları ve yaylar;(markasız);Hassas kilit somunu M100×2, K tipi;;Hassas rulman kilit somunu M100×2, K tipi;"Diş: M100×2; Tip: K tipi";M100X2 K TYPE RULMAN PAKET SOMUNU;ACEGQRY8;110,0;Marka belirsiz (jenerik);;;;Orta;"Site kodu (ACEGQRY8) rastgele iç kod; üretici parça numarası değil.";"Tayvan tipi hassas rulman kilit somunu (K tipi; F/FA/K/R tip harfleri YSF/Cheng-Ru gibi Tayvan üreticilerinin tip tanımlarıdır). Üretici belirtilmemiş; görsel kullanılmadı.";https://www.ankaracncmarket.com.tr/mekanik/m100x2-k-type-rulman-paket-somunu-aaeeeaad6b265c4186ca
Rulmanlar, kilit somunları ve yaylar;(markasız);Hassas kilit somunu M100×2, R tipi;;Hassas rulman kilit somunu M100×2, R tipi;"Diş: M100×2; Tip: R tipi";M100x2 R TYPE RULMAN PAKET SOMUNU;ACLNTXZ2;75,0;Marka belirsiz (jenerik);;;;Orta;"Site kodu (ACLNTXZ2) rastgele iç kod; üretici parça numarası değil.";"Tayvan tipi hassas rulman kilit somunu (R tipi; F/FA/K/R tip harfleri YSF/Cheng-Ru gibi Tayvan üreticilerinin tip tanımlarıdır). Üretici belirtilmemiş; görsel kullanılmadı.";https://www.ankaracncmarket.com.tr/mekanik/m100x2-r-type-rulman-paket-somunu-48231710a05333152bfa
Rulmanlar, kilit somunları ve yaylar;(markasız);Hassas kilit somunu M17×1, R tipi;;Hassas rulman kilit somunu M17×1, R tipi;"Diş: M17×1; Tip: R tipi";M17X1 R TYPE RULMAN PAKET SOMUNU;ABNPYZ18;18,0;Marka belirsiz (jenerik);;;;Orta;"Site kodu (ABNPYZ18) rastgele iç kod; üretici parça numarası değil.";"Tayvan tipi hassas rulman kilit somunu (R tipi; F/FA/K/R tip harfleri YSF/Cheng-Ru gibi Tayvan üreticilerinin tip tanımlarıdır). Üretici belirtilmemiş; görsel kullanılmadı.";https://www.ankaracncmarket.com.tr/mekanik/m17x1-r-type-rulman-paket-somunu-4475890f10851fca988c
Rulmanlar, kilit somunları ve yaylar;(markasız);Hassas kilit somunu M25×1.5, F tipi;;Hassas rulman kilit somunu M25×1.5, F tipi;"Diş: M25×1.5; Tip: F tipi";M25X1.5 F TYPE RULMAN PAKET SOMUNU;ABGJW234;26,0;Marka belirsiz (jenerik);;;;Orta;"Site kodu (ABGJW234) rastgele iç kod; üretici parça numarası değil.";"Tayvan tipi hassas rulman kilit somunu (F tipi; F/FA/K/R tip harfleri YSF/Cheng-Ru gibi Tayvan üreticilerinin tip tanımlarıdır). Üretici belirtilmemiş; görsel kullanılmadı.";https://www.ankaracncmarket.com.tr/mekanik/m25x1.5-f-type-rulman-paket-somunu-9acb16c1d62ef14b5a2f
Rulmanlar, kilit somunları ve yaylar;(markasız);Hassas kilit somunu M25×1.5, FA tipi (KMT5 eşdeğeri);KMT5 eşdeğeri;Hassas rulman kilit somunu M25×1.5, FA tipi (KMT5 eşdeğeri);"Diş: M25×1.5; Tip: FA tipi";M25X1.5 FA TYPE RULMAN PAKET SOMUNU KMT5;EFMRT178;30,0;Marka belirsiz (jenerik);;;;Orta;"Site kodu (EFMRT178) rastgele iç kod; üretici parça numarası değil.";"Tayvan tipi hassas rulman kilit somunu (FA tipi; F/FA/K/R tip harfleri YSF/Cheng-Ru gibi Tayvan üreticilerinin tip tanımlarıdır). Üretici belirtilmemiş; görsel kullanılmadı. KMT5 SKF hassas kilit somunu kodudur; ürünün SKF orijinali olduğuna dair kanıt yok, SKF görseli kullanılmadı.";https://www.ankaracncmarket.com.tr/mekanik/m25x1.5-fa-type-rulman-paket-somunu-kmt5-b59e22efc601a99b19c7
Rulmanlar, kilit somunları ve yaylar;(markasız);Hassas kilit somunu M25×1.5, K tipi;;Hassas rulman kilit somunu M25×1.5, K tipi;"Diş: M25×1.5; Tip: K tipi";M25X1.5 K TYPE RULMAN PAKET SOMUNU;BEFGHJVY;50,0;Marka belirsiz (jenerik);;;;Orta;"Site kodu (BEFGHJVY) rastgele iç kod; üretici parça numarası değil.";"Tayvan tipi hassas rulman kilit somunu (K tipi; F/FA/K/R tip harfleri YSF/Cheng-Ru gibi Tayvan üreticilerinin tip tanımlarıdır). Üretici belirtilmemiş; görsel kullanılmadı.";https://www.ankaracncmarket.com.tr/mekanik/m25x1.5-k-type-rulman-paket-somunu-98a54cfd8dd714991a7f
Rulmanlar, kilit somunları ve yaylar;(markasız);Hassas kilit somunu M30×1.5, F tipi;;Hassas rulman kilit somunu M30×1.5, F tipi;"Diş: M30×1.5; Tip: F tipi";M30X1.5 F TYPE RULMAN PAKET SOMUNU;NRSWZ567;27,0;Marka belirsiz (jenerik);;;;Orta;"Site kodu (NRSWZ567) rastgele iç kod; üretici parça numarası değil.";"Tayvan tipi hassas rulman kilit somunu (F tipi; F/FA/K/R tip harfleri YSF/Cheng-Ru gibi Tayvan üreticilerinin tip tanımlarıdır). Üretici belirtilmemiş; görsel kullanılmadı.";https://www.ankaracncmarket.com.tr/mekanik/m30x1.5-f-type-rulman-paket-somunu-6c85fe203af1303528af
Rulmanlar, kilit somunları ve yaylar;(markasız);Hassas kilit somunu M30×1.5, FA tipi (KMT6 eşdeğeri);KMT6 eşdeğeri;Hassas rulman kilit somunu M30×1.5, FA tipi (KMT6 eşdeğeri);"Diş: M30×1.5; Tip: FA tipi";M30X1.5 FA TYPE RULMAN PAKET SOMUNU KMT6;CFHUW459;32,0;Marka belirsiz (jenerik);;;;Orta;"Site kodu (CFHUW459) rastgele iç kod; üretici parça numarası değil.";"Tayvan tipi hassas rulman kilit somunu (FA tipi; F/FA/K/R tip harfleri YSF/Cheng-Ru gibi Tayvan üreticilerinin tip tanımlarıdır). Üretici belirtilmemiş; görsel kullanılmadı. KMT6 SKF hassas kilit somunu kodudur; ürünün SKF orijinali olduğuna dair kanıt yok, SKF görseli kullanılmadı.";https://www.ankaracncmarket.com.tr/mekanik/m30x1.5-fa-type-rulman-paket-somunu-kmt6-33181e990bf819dfcdc6
Rulmanlar, kilit somunları ve yaylar;(markasız);Hassas kilit somunu M30×1.5, K tipi;;Hassas rulman kilit somunu M30×1.5, K tipi;"Diş: M30×1.5; Tip: K tipi";M30X1.5 K TYPE RULMAN PAKET SOMUNU;BCFGJKTW;52,0;Marka belirsiz (jenerik);;;;Orta;"Site kodu (BCFGJKTW) rastgele iç kod; üretici parça numarası değil.";"Tayvan tipi hassas rulman kilit somunu (K tipi; F/FA/K/R tip harfleri YSF/Cheng-Ru gibi Tayvan üreticilerinin tip tanımlarıdır). Üretici belirtilmemiş; görsel kullanılmadı.";https://www.ankaracncmarket.com.tr/mekanik/m30x1.5-k-type-rulman-paket-somunu-8980164622e43aaabfce
Rulmanlar, kilit somunları ve yaylar;(markasız);Hassas kilit somunu M35×1.5, F tipi;;Hassas rulman kilit somunu M35×1.5, F tipi;"Diş: M35×1.5; Tip: F tipi";M35X1.5 F TYPE RULMAN PAKET SOMUNU;GKQVXY36;29,0;Marka belirsiz (jenerik);;;;Orta;"Site kodu (GKQVXY36) rastgele iç kod; üretici parça numarası değil.";"Tayvan tipi hassas rulman kilit somunu (F tipi; F/FA/K/R tip harfleri YSF/Cheng-Ru gibi Tayvan üreticilerinin tip tanımlarıdır). Üretici belirtilmemiş; görsel kullanılmadı.";https://www.ankaracncmarket.com.tr/mekanik/m35x1.5-f-type-rulman-paket-somunu-0c0b7238f2666f54b01d
Rulmanlar, kilit somunları ve yaylar;(markasız);Hassas kilit somunu M35×1.5, FA tipi (KMT7 eşdeğeri);KMT7 eşdeğeri;Hassas rulman kilit somunu M35×1.5, FA tipi (KMT7 eşdeğeri);"Diş: M35×1.5; Tip: FA tipi";M35X1.5 FA TYPE RULMAN PAKET SOMUNU KMT7;PUY24679;33,0;Marka belirsiz (jenerik);;;;Orta;"Site kodu (PUY24679) rastgele iç kod; üretici parça numarası değil.";"Tayvan tipi hassas rulman kilit somunu (FA tipi; F/FA/K/R tip harfleri YSF/Cheng-Ru gibi Tayvan üreticilerinin tip tanımlarıdır). Üretici belirtilmemiş; görsel kullanılmadı. KMT7 SKF hassas kilit somunu kodudur; ürünün SKF orijinali olduğuna dair kanıt yok, SKF görseli kullanılmadı.";https://www.ankaracncmarket.com.tr/mekanik/m35x1.5-fa-type-rulman-paket-somunu-kmt7-906ca1a57c4884830b0f
Rulmanlar, kilit somunları ve yaylar;(markasız);Hassas kilit somunu M35×1.5, K tipi;;Hassas rulman kilit somunu M35×1.5, K tipi;"Diş: M35×1.5; Tip: K tipi";M35X1.5 K TYPE RULMAN PAKET SOMUNU;ADJQRU18;54,0;Marka belirsiz (jenerik);;;;Orta;"Site kodu (ADJQRU18) rastgele iç kod; üretici parça numarası değil.";"Tayvan tipi hassas rulman kilit somunu (K tipi; F/FA/K/R tip harfleri YSF/Cheng-Ru gibi Tayvan üreticilerinin tip tanımlarıdır). Üretici belirtilmemiş; görsel kullanılmadı.";https://www.ankaracncmarket.com.tr/mekanik/m35x1.5-k-type-rulman-paket-somunu-0eed77d404eab70352da
Rulmanlar, kilit somunları ve yaylar;(markasız);Hassas kilit somunu M40×1.5, F tipi;;Hassas rulman kilit somunu M40×1.5, F tipi;"Diş: M40×1.5; Tip: F tipi";M40X1.5 F TYPE RULMAN PAKET SOMUNU;EJKLTY16;35,0;Marka belirsiz (jenerik);;;;Orta;"Site kodu (EJKLTY16) rastgele iç kod; üretici parça numarası değil.";"Tayvan tipi hassas rulman kilit somunu (F tipi; F/FA/K/R tip harfleri YSF/Cheng-Ru gibi Tayvan üreticilerinin tip tanımlarıdır). Üretici belirtilmemiş; görsel kullanılmadı.";https://www.ankaracncmarket.com.tr/mekanik/m40x1.5-f-type-rulman-paket-somunu-54c65180a1021411b2a8
Rulmanlar, kilit somunları ve yaylar;(markasız);Hassas kilit somunu M40×1.5, FA tipi (KMT8 eşdeğeri);KMT8 eşdeğeri;Hassas rulman kilit somunu M40×1.5, FA tipi (KMT8 eşdeğeri);"Diş: M40×1.5; Tip: FA tipi";M40X1.5 FA TYPE RULMAN PAKET SOMUNU KMT8;BGUWX258;35,0;Marka belirsiz (jenerik);;;;Orta;"Site kodu (BGUWX258) rastgele iç kod; üretici parça numarası değil.";"Tayvan tipi hassas rulman kilit somunu (FA tipi; F/FA/K/R tip harfleri YSF/Cheng-Ru gibi Tayvan üreticilerinin tip tanımlarıdır). Üretici belirtilmemiş; görsel kullanılmadı. KMT8 SKF hassas kilit somunu kodudur; ürünün SKF orijinali olduğuna dair kanıt yok, SKF görseli kullanılmadı.";https://www.ankaracncmarket.com.tr/mekanik/m40x1.5-fa-type-rulman-paket-somunu-kmt8-db3a73a6b5ef44e5c2bb
Rulmanlar, kilit somunları ve yaylar;(markasız);Hassas kilit somunu M40×1.5, K tipi;;Hassas rulman kilit somunu M40×1.5, K tipi;"Diş: M40×1.5; Tip: K tipi";M40X1.5 K TYPE RULMAN PAKET SOMUNU;ACHJR123;63,0;Marka belirsiz (jenerik);;;;Orta;"Site kodu (ACHJR123) rastgele iç kod; üretici parça numarası değil.";"Tayvan tipi hassas rulman kilit somunu (K tipi; F/FA/K/R tip harfleri YSF/Cheng-Ru gibi Tayvan üreticilerinin tip tanımlarıdır). Üretici belirtilmemiş; görsel kullanılmadı.";https://www.ankaracncmarket.com.tr/mekanik/m40x1.5-k-type-rulman-paket-somunu-f17491026e2fa221e5f1
Rulmanlar, kilit somunları ve yaylar;(markasız);Hassas kilit somunu M50×1.5, F tipi;;Hassas rulman kilit somunu M50×1.5, F tipi;"Diş: M50×1.5; Tip: F tipi";M50X1.5 F TYPE RULMAN PAKET SOMUNU;HUZ12379;40,0;Marka belirsiz (jenerik);;;;Orta;"Site kodu (HUZ12379) rastgele iç kod; üretici parça numarası değil.";"Tayvan tipi hassas rulman kilit somunu (F tipi; F/FA/K/R tip harfleri YSF/Cheng-Ru gibi Tayvan üreticilerinin tip tanımlarıdır). Üretici belirtilmemiş; görsel kullanılmadı.";https://www.ankaracncmarket.com.tr/mekanik/m50x1.5-f-type-rulman-paket-somunu-2c06c18fb2800ede7f88
Rulmanlar, kilit somunları ve yaylar;(markasız);Hassas kilit somunu M50×1.5, FA tipi (KMT10 eşdeğeri);KMT10 eşdeğeri;Hassas rulman kilit somunu M50×1.5, FA tipi (KMT10 eşdeğeri);"Diş: M50×1.5; Tip: FA tipi";M50X1.5 FA TYPE RULMAN PAKET SOMUNU KMT10;AEGJSV38;45,0;Marka belirsiz (jenerik);;;;Orta;"Site kodu (AEGJSV38) rastgele iç kod; üretici parça numarası değil.";"Tayvan tipi hassas rulman kilit somunu (FA tipi; F/FA/K/R tip harfleri YSF/Cheng-Ru gibi Tayvan üreticilerinin tip tanımlarıdır). Üretici belirtilmemiş; görsel kullanılmadı. KMT10 SKF hassas kilit somunu kodudur; ürünün SKF orijinali olduğuna dair kanıt yok, SKF görseli kullanılmadı.";https://www.ankaracncmarket.com.tr/mekanik/m50x1.5-fa-type-rulman-paket-somunu-kmt10-4085c81b4f931ade3f59
Rulmanlar, kilit somunları ve yaylar;(markasız);Hassas kilit somunu M50×1.5, K tipi;;Hassas rulman kilit somunu M50×1.5, K tipi;"Diş: M50×1.5; Tip: K tipi";M50X1.5 K TYPE RULMAN PAKET SOMUNU;CEJQU589;65,0;Marka belirsiz (jenerik);;;;Orta;"Site kodu (CEJQU589) rastgele iç kod; üretici parça numarası değil.";"Tayvan tipi hassas rulman kilit somunu (K tipi; F/FA/K/R tip harfleri YSF/Cheng-Ru gibi Tayvan üreticilerinin tip tanımlarıdır). Üretici belirtilmemiş; görsel kullanılmadı.";https://www.ankaracncmarket.com.tr/mekanik/m50x1.5-k-type-rulman-paket-somunu-f75dc3da79a27bc0631b
Rulmanlar, kilit somunları ve yaylar;(markasız);Hassas kilit somunu M60×1.5, F tipi;;Hassas rulman kilit somunu M60×1.5, F tipi;"Diş: M60×1.5; Tip: F tipi";M60x1.5 F TYPE RULMAN PAKET SOMUNU;DJMSTWZ5;46,0;Marka belirsiz (jenerik);;;;Orta;"Site kodu (DJMSTWZ5) rastgele iç kod; üretici parça numarası değil.";"Tayvan tipi hassas rulman kilit somunu (F tipi; F/FA/K/R tip harfleri YSF/Cheng-Ru gibi Tayvan üreticilerinin tip tanımlarıdır). Üretici belirtilmemiş; görsel kullanılmadı.";https://www.ankaracncmarket.com.tr/mekanik/m60x1.5-f-type-rulman-paket-somunu-81d530ef0bf960661f8d
Rulmanlar, kilit somunları ve yaylar;(markasız);Hassas kilit somunu M60×2, F tipi;;Hassas rulman kilit somunu M60×2, F tipi;"Diş: M60×2; Tip: F tipi";M60x2 F TYPE RULMAN PAKET SOMUNU;BKMNQRS1;45,0;Marka belirsiz (jenerik);;;;Orta;"Site kodu (BKMNQRS1) rastgele iç kod; üretici parça numarası değil.";"Tayvan tipi hassas rulman kilit somunu (F tipi; F/FA/K/R tip harfleri YSF/Cheng-Ru gibi Tayvan üreticilerinin tip tanımlarıdır). Üretici belirtilmemiş; görsel kullanılmadı.";https://www.ankaracncmarket.com.tr/mekanik/m60x2-f-type-rulman-paket-somunu-19f9bbbeaee6e9b1ac44
Rulmanlar, kilit somunları ve yaylar;(markasız);Hassas kilit somunu M60×2, K tipi;;Hassas rulman kilit somunu M60×2, K tipi;"Diş: M60×2; Tip: K tipi";M60X2 K TYPE RULMAN PAKET SOMUNU;BGHJQY23;70,0;Marka belirsiz (jenerik);;;;Orta;"Site kodu (BGHJQY23) rastgele iç kod; üretici parça numarası değil.";"Tayvan tipi hassas rulman kilit somunu (K tipi; F/FA/K/R tip harfleri YSF/Cheng-Ru gibi Tayvan üreticilerinin tip tanımlarıdır). Üretici belirtilmemiş; görsel kullanılmadı.";https://www.ankaracncmarket.com.tr/mekanik/m60x2-k-type-rulman-paket-somunu-977ef3a9e41342c81aa5
Rulmanlar, kilit somunları ve yaylar;(markasız);Hassas kilit somunu M60×2, R tipi;;Hassas rulman kilit somunu M60×2, R tipi;"Diş: M60×2; Tip: R tipi";M60x2 R TYPE RULMAN PAKET SOMUNU;DLPSVZ49;41,0;Marka belirsiz (jenerik);;;;Orta;"Site kodu (DLPSVZ49) rastgele iç kod; üretici parça numarası değil.";"Tayvan tipi hassas rulman kilit somunu (R tipi; F/FA/K/R tip harfleri YSF/Cheng-Ru gibi Tayvan üreticilerinin tip tanımlarıdır). Üretici belirtilmemiş; görsel kullanılmadı.";https://www.ankaracncmarket.com.tr/mekanik/m60x2-r-type-rulman-paket-somunu-18de40107cd1e2d9a442
Rulmanlar, kilit somunları ve yaylar;(markasız);Hassas kilit somunu M65×1.5, F tipi;;Hassas rulman kilit somunu M65×1.5, F tipi;"Diş: M65×1.5; Tip: F tipi";M65x1.5 F TYPE RULMAN PAKET SOMUNU;ACDEMY39;48,0;Marka belirsiz (jenerik);;;;Orta;"Site kodu (ACDEMY39) rastgele iç kod; üretici parça numarası değil.";"Tayvan tipi hassas rulman kilit somunu (F tipi; F/FA/K/R tip harfleri YSF/Cheng-Ru gibi Tayvan üreticilerinin tip tanımlarıdır). Üretici belirtilmemiş; görsel kullanılmadı.";https://www.ankaracncmarket.com.tr/mekanik/m65x1.5-f-type-rulman-paket-somunu-5ad5cb7501751a08abd7
Rulmanlar, kilit somunları ve yaylar;(markasız);Hassas kilit somunu M65×2, F tipi;;Hassas rulman kilit somunu M65×2, F tipi;"Diş: M65×2; Tip: F tipi";M65x2 F TYPE RULMAN PAKET SOMUNU;CHLPZ147;47,0;Marka belirsiz (jenerik);;;;Orta;"Site kodu (CHLPZ147) rastgele iç kod; üretici parça numarası değil.";"Tayvan tipi hassas rulman kilit somunu (F tipi; F/FA/K/R tip harfleri YSF/Cheng-Ru gibi Tayvan üreticilerinin tip tanımlarıdır). Üretici belirtilmemiş; görsel kullanılmadı.";https://www.ankaracncmarket.com.tr/mekanik/m65x2-f-type-rulman-paket-somunu-f9ce306313670a4a3bd4
Rulmanlar, kilit somunları ve yaylar;(markasız);Hassas kilit somunu M65×2, K tipi;;Hassas rulman kilit somunu M65×2, K tipi;"Diş: M65×2; Tip: K tipi";M65X2 K TYPE RULMAN PAKET SOMUNU;EKNRTW49;75,0;Marka belirsiz (jenerik);;;;Orta;"Site kodu (EKNRTW49) rastgele iç kod; üretici parça numarası değil.";"Tayvan tipi hassas rulman kilit somunu (K tipi; F/FA/K/R tip harfleri YSF/Cheng-Ru gibi Tayvan üreticilerinin tip tanımlarıdır). Üretici belirtilmemiş; görsel kullanılmadı.";https://www.ankaracncmarket.com.tr/mekanik/m65x2-k-type-rulman-paket-somunu-eee240efbf597ec5babf
Rulmanlar, kilit somunları ve yaylar;(markasız);Hassas kilit somunu M65×2, R tipi;;Hassas rulman kilit somunu M65×2, R tipi;"Diş: M65×2; Tip: R tipi";M65x2 R TYPE RULMAN PAKET SOMUNU;BCKTY459;43,0;Marka belirsiz (jenerik);;;;Orta;"Site kodu (BCKTY459) rastgele iç kod; üretici parça numarası değil.";"Tayvan tipi hassas rulman kilit somunu (R tipi; F/FA/K/R tip harfleri YSF/Cheng-Ru gibi Tayvan üreticilerinin tip tanımlarıdır). Üretici belirtilmemiş; görsel kullanılmadı.";https://www.ankaracncmarket.com.tr/mekanik/m65x2-r-type-rulman-paket-somunu-06279f5ada6635296184
Rulmanlar, kilit somunları ve yaylar;(markasız);Hassas kilit somunu M70×1.5, F tipi;;Hassas rulman kilit somunu M70×1.5, F tipi;"Diş: M70×1.5; Tip: F tipi";M70x1.5 F TYPE RULMAN PAKET SOMUNU;AFHPQTY7;50,0;Marka belirsiz (jenerik);;;;Orta;"Site kodu (AFHPQTY7) rastgele iç kod; üretici parça numarası değil.";"Tayvan tipi hassas rulman kilit somunu (F tipi; F/FA/K/R tip harfleri YSF/Cheng-Ru gibi Tayvan üreticilerinin tip tanımlarıdır). Üretici belirtilmemiş; görsel kullanılmadı.";https://www.ankaracncmarket.com.tr/mekanik/m70x1.5-f-type-rulman-paket-somunu-3e7ae820f7a7ecad17b6
Rulmanlar, kilit somunları ve yaylar;(markasız);Hassas kilit somunu M70×2, F tipi;;Hassas rulman kilit somunu M70×2, F tipi;"Diş: M70×2; Tip: F tipi";M70x2 F TYPE RULMAN PAKET SOMUNU;AHPQW178;49,0;Marka belirsiz (jenerik);;;;Orta;"Site kodu (AHPQW178) rastgele iç kod; üretici parça numarası değil.";"Tayvan tipi hassas rulman kilit somunu (F tipi; F/FA/K/R tip harfleri YSF/Cheng-Ru gibi Tayvan üreticilerinin tip tanımlarıdır). Üretici belirtilmemiş; görsel kullanılmadı.";https://www.ankaracncmarket.com.tr/mekanik/m70x2-f-type-rulman-paket-somunu-d4a99c1e8f1c15849032
Rulmanlar, kilit somunları ve yaylar;(markasız);Hassas kilit somunu M70×2, K tipi;;Hassas rulman kilit somunu M70×2, K tipi;"Diş: M70×2; Tip: K tipi";M70X2 K TYPE RULMAN PAKET SOMUNU;DLNQRT49;80,0;Marka belirsiz (jenerik);;;;Orta;"Site kodu (DLNQRT49) rastgele iç kod; üretici parça numarası değil.";"Tayvan tipi hassas rulman kilit somunu (K tipi; F/FA/K/R tip harfleri YSF/Cheng-Ru gibi Tayvan üreticilerinin tip tanımlarıdır). Üretici belirtilmemiş; görsel kullanılmadı.";https://www.ankaracncmarket.com.tr/mekanik/m70x2-k-type-rulman-paket-somunu-414095709194e456563a
Rulmanlar, kilit somunları ve yaylar;(markasız);Hassas kilit somunu M70×2, R tipi;;Hassas rulman kilit somunu M70×2, R tipi;"Diş: M70×2; Tip: R tipi";M70x2 R TYPE RULMAN PAKET SOMUNU;ABHMRX26;45,0;Marka belirsiz (jenerik);;;;Orta;"Site kodu (ABHMRX26) rastgele iç kod; üretici parça numarası değil.";"Tayvan tipi hassas rulman kilit somunu (R tipi; F/FA/K/R tip harfleri YSF/Cheng-Ru gibi Tayvan üreticilerinin tip tanımlarıdır). Üretici belirtilmemiş; görsel kullanılmadı.";https://www.ankaracncmarket.com.tr/mekanik/m70x2-r-type-rulman-paket-somunu-2ff8a5649cbc9222877a
Rulmanlar, kilit somunları ve yaylar;(markasız);Hassas kilit somunu M80×2, F tipi;;Hassas rulman kilit somunu M80×2, F tipi;"Diş: M80×2; Tip: F tipi";M80x2 F TYPE RULMAN PAKET SOMUNU;EHUXZ278;65,0;Marka belirsiz (jenerik);;;;Orta;"Site kodu (EHUXZ278) rastgele iç kod; üretici parça numarası değil.";"Tayvan tipi hassas rulman kilit somunu (F tipi; F/FA/K/R tip harfleri YSF/Cheng-Ru gibi Tayvan üreticilerinin tip tanımlarıdır). Üretici belirtilmemiş; görsel kullanılmadı.";https://www.ankaracncmarket.com.tr/mekanik/m80x2-f-type-rulman-paket-somunu-9ea8eeb3458641fc543a
Rulmanlar, kilit somunları ve yaylar;(markasız);Hassas kilit somunu M80×2, K tipi;;Hassas rulman kilit somunu M80×2, K tipi;"Diş: M80×2; Tip: K tipi";M80X2 K TYPE RULMAN PAKET SOMUNU;BCJLUVX7;85,0;Marka belirsiz (jenerik);;;;Orta;"Site kodu (BCJLUVX7) rastgele iç kod; üretici parça numarası değil.";"Tayvan tipi hassas rulman kilit somunu (K tipi; F/FA/K/R tip harfleri YSF/Cheng-Ru gibi Tayvan üreticilerinin tip tanımlarıdır). Üretici belirtilmemiş; görsel kullanılmadı.";https://www.ankaracncmarket.com.tr/mekanik/m80x2-k-type-rulman-paket-somunu-0b83039408977bc73bd2
Rulmanlar, kilit somunları ve yaylar;(markasız);Hassas kilit somunu M80×2, R tipi;;Hassas rulman kilit somunu M80×2, R tipi;"Diş: M80×2; Tip: R tipi";M80x2 R TYPE RULMAN PAKET SOMUNU;ACGLPX38;60,0;Marka belirsiz (jenerik);;;;Orta;"Site kodu (ACGLPX38) rastgele iç kod; üretici parça numarası değil.";"Tayvan tipi hassas rulman kilit somunu (R tipi; F/FA/K/R tip harfleri YSF/Cheng-Ru gibi Tayvan üreticilerinin tip tanımlarıdır). Üretici belirtilmemiş; görsel kullanılmadı.";https://www.ankaracncmarket.com.tr/mekanik/m80x2-r-type-rulman-paket-somunu-4d4fd4b5adab47240471
Rulmanlar, kilit somunları ve yaylar;(markasız);Hassas kilit somunu M85×2, F tipi;;Hassas rulman kilit somunu M85×2, F tipi;"Diş: M85×2; Tip: F tipi";M85x2 F TYPE RULMAN PAKET SOMUNU;DELMN678;68,0;Marka belirsiz (jenerik);;;;Orta;"Site kodu (DELMN678) rastgele iç kod; üretici parça numarası değil.";"Tayvan tipi hassas rulman kilit somunu (F tipi; F/FA/K/R tip harfleri YSF/Cheng-Ru gibi Tayvan üreticilerinin tip tanımlarıdır). Üretici belirtilmemiş; görsel kullanılmadı.";https://www.ankaracncmarket.com.tr/mekanik/m85x2-f-type-rulman-paket-somunu-0dc12121a21bd43d59ea
Rulmanlar, kilit somunları ve yaylar;(markasız);Hassas kilit somunu M85×2, K tipi;;Hassas rulman kilit somunu M85×2, K tipi;"Diş: M85×2; Tip: K tipi";M85X2 K TYPE RULMAN PAKET SOMUNU;JLMTVX58;90,0;Marka belirsiz (jenerik);;;;Orta;"Site kodu (JLMTVX58) rastgele iç kod; üretici parça numarası değil.";"Tayvan tipi hassas rulman kilit somunu (K tipi; F/FA/K/R tip harfleri YSF/Cheng-Ru gibi Tayvan üreticilerinin tip tanımlarıdır). Üretici belirtilmemiş; görsel kullanılmadı.";https://www.ankaracncmarket.com.tr/mekanik/m85x2-k-type-rulman-paket-somunu-af9ec8bcf1365e980fd7
Rulmanlar, kilit somunları ve yaylar;(markasız);Hassas kilit somunu M85×2, R tipi;;Hassas rulman kilit somunu M85×2, R tipi;"Diş: M85×2; Tip: R tipi";M85x2 R TYPE RULMAN PAKET SOMUNU;FKPUWYZ5;62,5;Marka belirsiz (jenerik);;;;Orta;"Site kodu (FKPUWYZ5) rastgele iç kod; üretici parça numarası değil.";"Tayvan tipi hassas rulman kilit somunu (R tipi; F/FA/K/R tip harfleri YSF/Cheng-Ru gibi Tayvan üreticilerinin tip tanımlarıdır). Üretici belirtilmemiş; görsel kullanılmadı.";https://www.ankaracncmarket.com.tr/mekanik/m85x2-r-type-rulman-paket-somunu-7cd4db6c66a938d63c80
Rulmanlar, kilit somunları ve yaylar;(markasız);Hassas kilit somunu M90×2, F tipi;;Hassas rulman kilit somunu M90×2, F tipi;"Diş: M90×2; Tip: F tipi";M90x2 F TYPE RULMAN PAKET SOMUNU;AFLPVZ24;71,0;Marka belirsiz (jenerik);;;;Orta;"Site kodu (AFLPVZ24) rastgele iç kod; üretici parça numarası değil.";"Tayvan tipi hassas rulman kilit somunu (F tipi; F/FA/K/R tip harfleri YSF/Cheng-Ru gibi Tayvan üreticilerinin tip tanımlarıdır). Üretici belirtilmemiş; görsel kullanılmadı.";https://www.ankaracncmarket.com.tr/mekanik/m90x2-f-type-rulman-paket-somunu-3f0d1e7509be72ce1e73
Rulmanlar, kilit somunları ve yaylar;(markasız);Hassas kilit somunu M90×2, K tipi;;Hassas rulman kilit somunu M90×2, K tipi;"Diş: M90×2; Tip: K tipi";M90X2 K TYPE RULMAN PAKET SOMUNU;EGSUWZ69;100,0;Marka belirsiz (jenerik);;;;Orta;"Site kodu (EGSUWZ69) rastgele iç kod; üretici parça numarası değil.";"Tayvan tipi hassas rulman kilit somunu (K tipi; F/FA/K/R tip harfleri YSF/Cheng-Ru gibi Tayvan üreticilerinin tip tanımlarıdır). Üretici belirtilmemiş; görsel kullanılmadı.";https://www.ankaracncmarket.com.tr/mekanik/m90x2-k-type-rulman-paket-somunu-d0807f9cc1fa4c97a4ba
Rulmanlar, kilit somunları ve yaylar;(markasız);Hassas kilit somunu M90×2, R tipi;;Hassas rulman kilit somunu M90×2, R tipi;"Diş: M90×2; Tip: R tipi";M90x2 R TYPE RULMAN PAKET SOMUNU;BGHLPTU5;66,0;Marka belirsiz (jenerik);;;;Orta;"Site kodu (BGHLPTU5) rastgele iç kod; üretici parça numarası değil.";"Tayvan tipi hassas rulman kilit somunu (R tipi; F/FA/K/R tip harfleri YSF/Cheng-Ru gibi Tayvan üreticilerinin tip tanımlarıdır). Üretici belirtilmemiş; görsel kullanılmadı.";https://www.ankaracncmarket.com.tr/mekanik/m90x2-r-type-rulman-paket-somunu-445160c70393f41c5ad4
Rulmanlar, kilit somunları ve yaylar;(markasız);Çanak yay 31,5×16,3×2 (DIN 2093 tipi);;Çanak yay 31,5×16,3×2 mm;"Dış çap (De): 31,5 mm; İç çap (Di): 16,3 mm; Kalınlık (t): 2 mm";31,50x16,30x2,00 MM ÇANAK YAY;BJKSVY28;1,0;Marka belirsiz (jenerik);;;;Orta;"Site kodu (BJKSVY28) rastgele iç kod; üretici parça numarası değil.";"31,5×16,3×2 ölçüsü DIN 2093 A/B tablolarında yok (ör. A serisinde 31,5 mm dış çaplı yayın kalınlığı farklı); özel/DIN dışı ölçü olabilir [TEYİT]. Ölçüler başlıktan alındı.";https://www.ankaracncmarket.com.tr/mekanik/31-50x16-30x2-00-mm-canak-yay-5792576d73725245aecd
Rulmanlar, kilit somunları ve yaylar;(markasız);Çanak yay 34×16,3×1,5 (DIN 2093 tipi);;Çanak yay 34×16,3×1,5 mm;"Dış çap (De): 34 mm; İç çap (Di): 16,3 mm; Kalınlık (t): 1,5 mm";34,00X16,30X1,50MM ÇANAK YAY;CEFLZ358;1,0;Marka belirsiz (jenerik);;;;Orta;"Site kodu (CEFLZ358) rastgele iç kod; üretici parça numarası değil.";"34×16,3×1,5 ölçüsü DIN 2093 A/B tablolarında yok (ör. A serisinde 34 mm dış çaplı yayın kalınlığı farklı); özel/DIN dışı ölçü olabilir [TEYİT]. Ölçüler başlıktan alındı.";https://www.ankaracncmarket.com.tr/mekanik/34-00x16-30x1-50mm-canak-yay-f7d6982f29524c091173
Rulmanlar, kilit somunları ve yaylar;(markasız);Çanak yay 34×16×2 (DIN 2093 tipi);;Çanak yay 34×16×2 mm;"Dış çap (De): 34 mm; İç çap (Di): 16 mm; Kalınlık (t): 2 mm";34,00X16,00X2,00MM ÇANAK YAY;GJMRY138;1,0;Marka belirsiz (jenerik);;;;Orta;"Site kodu (GJMRY138) rastgele iç kod; üretici parça numarası değil.";"34×16×2 ölçüsü DIN 2093 A/B tablolarında yok (ör. A serisinde 34 mm dış çaplı yayın kalınlığı farklı); özel/DIN dışı ölçü olabilir [TEYİT]. Ölçüler başlıktan alındı.";https://www.ankaracncmarket.com.tr/mekanik/34-00x16-00x2-00mm-canak-yay-e1a0ac592019d5cc4242
Rulmanlar, kilit somunları ve yaylar;(markasız);Çanak yay 40×20,4×2 (DIN 2093 tipi);;Çanak yay 40×20,4×2 mm;"Dış çap (De): 40 mm; İç çap (Di): 20,4 mm; Kalınlık (t): 2 mm";40,00X20,40X2,00MM ÇANAK YAY;BDPUY145;1,05;Marka belirsiz (jenerik);;;;Orta;"Site kodu (BDPUY145) rastgele iç kod; üretici parça numarası değil.";"40×20,4×2 ölçüsü DIN 2093 A/B tablolarında yok (ör. A serisinde 40 mm dış çaplı yayın kalınlığı farklı); özel/DIN dışı ölçü olabilir [TEYİT]. Ölçüler başlıktan alındı.";https://www.ankaracncmarket.com.tr/mekanik/40-00x20-40x2-00mm-canak-yay-f0d1c502fce08d8cdade
Rulmanlar, kilit somunları ve yaylar;(markasız);Çanak yay 40×20,4×2,5 (DIN 2093 tipi);;Çanak yay 40×20,4×2,5 mm;"Dış çap (De): 40 mm; İç çap (Di): 20,4 mm; Kalınlık (t): 2,5 mm";40,00X20,40X2,50MM ÇANAK YAY;GKQRSU39;1,05;Marka belirsiz (jenerik);;;;Orta;"Site kodu (GKQRSU39) rastgele iç kod; üretici parça numarası değil.";"40×20,4×2,5 ölçüsü DIN 2093 A/B tablolarında yok (ör. A serisinde 40 mm dış çaplı yayın kalınlığı farklı); özel/DIN dışı ölçü olabilir [TEYİT]. Ölçüler başlıktan alındı.";https://www.ankaracncmarket.com.tr/mekanik/40-00x20-40x2-50mm-canak-yay-5345eec3401b163f9810
Röleler ve röle soketleri;Clion;HHC67E-1Z-12VDC;;CLION HHC67E (T90) güç rölesi, 1 C/O, bobin 12 V DC, 40 A tip;"Tip: T90; Bobin: 12 V DC; Kontak akımı: 30 A veya 40 A seçenekli (A formu 240 V AC / 28 V DC; katalog)";ROLE-T90-12VDC-40A;HHC67E-C12D;2,0;Üretici görseli var;seri;https://www.clion-relay.com/sale-8154911-nnc-miniature-electromagnetic-pcb-relay-nnc67e-t90-12v-24v-voltage-relay.html;https://www.clion-relay.com/photo/ps16094815-nnc_miniature_electromagnetic_pcb_relay_nnc67e_t90_12v_24v_voltage_relay.jpg;Orta;"Site kodu 'HHC67E-C12D' katalog yazımı değil; CLION'da kontak '1Z' (C/O) ve bobin '12VDC' biçiminde.";"Üretici CLION Electric (Yueqing, Zhejiang; resmi site clion-relay.com, NNC Electric). NCR kataloğunda HHC67 serisi bulunmadı. Kontak biçimi (1Z/1H) ve 40 A seçeneği başlıktan çıkarıldı [TEYİT]. Görsel CLION sitesinden, seri ortak görseli.";https://www.ankaracncmarket.com.tr/endustriyel-otomasyon-roleler/role-t90-12vdc-40a-1469dbe233666e71c53a
Röleler ve röle soketleri;Clion;HHC67E-1Z-24VDC;;CLION HHC67E (T90) güç rölesi, 1 C/O, bobin 24 V DC, 40 A tip;"Tip: T90; Bobin: 24 V DC; Kontak akımı: 30 A veya 40 A seçenekli (A formu 240 V AC / 28 V DC; katalog)";ROLE-T90-24VDC-40A;HHC67E-C24D;2,0;Üretici görseli var;seri;https://www.clion-relay.com/sale-8154911-nnc-miniature-electromagnetic-pcb-relay-nnc67e-t90-12v-24v-voltage-relay.html;https://www.clion-relay.com/photo/ps16094815-nnc_miniature_electromagnetic_pcb_relay_nnc67e_t90_12v_24v_voltage_relay.jpg;Orta;"Site kodu 'HHC67E-C24D' katalog yazımı değil; CLION'da kontak '1Z' (C/O) ve bobin '24VDC' biçiminde.";"Üretici CLION Electric (Yueqing, Zhejiang; resmi site clion-relay.com, NNC Electric). NCR kataloğunda HHC67 serisi bulunmadı. Kontak biçimi (1Z/1H) ve 40 A seçeneği başlıktan çıkarıldı [TEYİT]. Görsel CLION sitesinden, seri ortak görseli.";https://www.ankaracncmarket.com.tr/endustriyel-otomasyon-roleler/role-t90-24vdc-40a-cbc2e409a8fc412f6bb0
Röleler ve röle soketleri;Clion;HHC67F-1Z-12VDC;;CLION HHC67F (T91) güç rölesi, 1 C/O, bobin 12 V DC, 40 A tip;"Tip: T91; Bobin: 12 V DC; Kontak akımı: 30 A veya 40 A seçenekli (A formu 240 V AC / 28 V DC; katalog)";ROLE-T91-12VDC-40A;HHC67F-C12D;2,0;Üretici görseli var;seri;https://www.clion-relay.com/sale-8154906-pcb-relay-hhc67f-t91.html;https://www.clion-relay.com/photo/pt23144974-pcb_relay_hhc67f_t91.jpg;Orta;"Site kodu 'HHC67F-C12D' katalog yazımı değil; CLION'da kontak '1Z' (C/O) ve bobin '12VDC' biçiminde.";"Üretici CLION Electric (Yueqing, Zhejiang; resmi site clion-relay.com, NNC Electric). NCR kataloğunda HHC67 serisi bulunmadı. Kontak biçimi (1Z/1H) ve 40 A seçeneği başlıktan çıkarıldı [TEYİT]. Görsel CLION sitesinden, seri ortak görseli.";https://www.ankaracncmarket.com.tr/endustriyel-otomasyon-roleler/role-t91-12vdc-40a-ac5062f94f18ef73cd81
Röleler ve röle soketleri;Clion;HHC67F-1Z-24VDC;;CLION HHC67F (T91) güç rölesi, 1 C/O, bobin 24 V DC, 40 A tip;"Tip: T91; Bobin: 24 V DC; Kontak akımı: 30 A veya 40 A seçenekli (A formu 240 V AC / 28 V DC; katalog)";ROLE-T91-24VDC-40A;HHC67F-C24D;2,0;Üretici görseli var;seri;https://www.clion-relay.com/sale-8154906-pcb-relay-hhc67f-t91.html;https://www.clion-relay.com/photo/pt23144974-pcb_relay_hhc67f_t91.jpg;Orta;"Site kodu 'HHC67F-C24D' katalog yazımı değil; CLION'da kontak '1Z' (C/O) ve bobin '24VDC' biçiminde.";"Üretici CLION Electric (Yueqing, Zhejiang; resmi site clion-relay.com, NNC Electric). NCR kataloğunda HHC67 serisi bulunmadı. Kontak biçimi (1Z/1H) ve 40 A seçeneği başlıktan çıkarıldı [TEYİT]. Görsel CLION sitesinden, seri ortak görseli.";https://www.ankaracncmarket.com.tr/endustriyel-otomasyon-roleler/role-t91-24vdc-40a-8dd93dda21e834faef22
Röleler ve röle soketleri;Clion;P69F08E;;CLION P69F08E ray tipi röle soketi, 8 pin (NNC69KTL-2Z / 14FT-2Z için), 10 A 300 V;"Pin: 8; Uyumlu röle: NNC69KTL-2Z / JQX-14FT-2Z; Akım/Gerilim: 10 A 300 V";ROLE-SOKET-RAY-2C;P69F08E-2C(NNC69KT);4,5;Resmi görsel bulunamadı;;;;Orta;Site kodundaki '-2C(NNC69KT)' eki katalog adında yok.;"P69F08E, CLION Electric'in (NNC) NNC69 serisi soketi olarak listeleniyor (yalnız made-in-china mağaza sayfasında bulundu; özellikler oradan). Resmi siteden görsel adresi alınamadı.";https://www.ankaracncmarket.com.tr/role-soketleri/role-soket-ray-2c-33d6975cee02ba66a9cd
Röleler ve röle soketleri;NCR;14F1C-XZ;;NCR 14F1C-XZ PCB/kart tipi röle soketi, 1 C (HHC69A-1Z / JQX-14FC-1C için);Uyumlu röle: JQX-14FC-1C / HHC69A-1Z;ROLE-SOKET-KART-1C;14F-1C-(HHC69A);0,75;Üretici görseli var;model;https://www.ncr.hk/a/Products/Relays/Sockets_for_Relays/2015/1029/114.html;https://www.ncr.hk/uploads/allimg/210416/1-210416100453b0.jpg;Orta;"Site kodu '14F-1C' kısaltma; katalog adı 14F1C-XZ.";"Kart tipi 14F 1C soketinin NCR karşılığı olarak 14F1C-XZ seçildi [TEYİT]. Üretici: NICERELAY Co. Ltd. (NCR, Hong Kong; ncr.hk). Satıcı başlığı 'NCR-CLİON' diyor; HHC tip adları Çin standart tip adlarıdır, CLION (NNC Electric, Yueqing) da aynı tipleri üretir. Görsel NCR ürün sayfasından.";https://www.ankaracncmarket.com.tr/role-soketleri/role-soket-kart-1c-7b696af94a6cdf586329
Röleler ve röle soketleri;NCR;14F2C-XZ;;NCR 14F2C-XZ PCB/kart tipi röle soketi, 2 C (HHC69A-2Z / JQX-14FC-2C için);Uyumlu röle: JQX-14FC-2C / HHC69A-2Z;ROLE-SOKET-KART-2C;14F-2C-(HHC69A);0,85;Üretici görseli var;model;https://www.ncr.hk/a/Products/Relays/Sockets_for_Relays/2015/1029/115.html;https://www.ncr.hk/uploads/151029/1-1510291FP5403.jpg;Orta;"Site kodu '14F-2C' kısaltma; katalog adı 14F2C-XZ.";"Kart tipi 14F 2C soketinin NCR karşılığı olarak 14F2C-XZ seçildi [TEYİT]. Üretici: NICERELAY Co. Ltd. (NCR, Hong Kong; ncr.hk). Satıcı başlığı 'NCR-CLİON' diyor; HHC tip adları Çin standart tip adlarıdır, CLION (NNC Electric, Yueqing) da aynı tipleri üretir. Görsel NCR ürün sayfasından.";https://www.ankaracncmarket.com.tr/role-soketleri/role-soket-kart-2c-983af9face56ad4de0aa
Röleler ve röle soketleri;NCR;HHC68A-2C-12D;;NCR HHC68A-2C genel amaçlı röle, 2 C/O, bobin 12 V DC, 10 A (LY2 muadili);"Kontak: 2C/O (2C); Bobin: 12 V DC; Kontak akımı: 10 A 240 V AC / 28 V DC (2/3/4C, katalog); Muadil tip: LY2";ROLE-LY2-12VDC-12A;HHC68A-2C-12VDC;6,0;Üretici görseli var;model;https://www.ncr.hk/a/Products/Relays/PCB_Relays/2015/1029/55.html;https://www.ncr.hk/uploads/allimg/210313/1_0857226301.jpg;Yüksek;"Başlıkta 12 A yazıyor; NCR kataloğunda HHC68A 2C kontak akımı 10 A.";"Üretici: NICERELAY Co. Ltd. (NCR, Hong Kong; ncr.hk). Satıcı başlığı 'NCR-CLİON' diyor; HHC tip adları Çin standart tip adlarıdır, CLION (NNC Electric, Yueqing) da aynı tipleri üretir. Görsel NCR ürün sayfasından.";https://www.ankaracncmarket.com.tr/endustriyel-otomasyon-roleler/role-ly2-12vdc-12a-ae8a16b2f2adeb72eb7a
Röleler ve röle soketleri;NCR;HHC68A-2C-24D;;NCR HHC68A-2C genel amaçlı röle, 2 C/O, bobin 24 V DC, 10 A (LY2 muadili);"Kontak: 2C/O (2C); Bobin: 24 V DC; Kontak akımı: 10 A 240 V AC / 28 V DC (2/3/4C, katalog); Muadil tip: LY2";NCR-CLİON RÖLE HHC68A - 2C - 24V DC;RL 32;6,0;Üretici görseli var;model;https://www.ncr.hk/a/Products/Relays/PCB_Relays/2015/1029/55.html;https://www.ncr.hk/uploads/allimg/210313/1_0857226301.jpg;Yüksek;"Site kodu 'RL 32' iç kod; üretici parça numarası değil.";"Üretici: NICERELAY Co. Ltd. (NCR, Hong Kong; ncr.hk). Satıcı başlığı 'NCR-CLİON' diyor; HHC tip adları Çin standart tip adlarıdır, CLION (NNC Electric, Yueqing) da aynı tipleri üretir. Görsel NCR ürün sayfasından.";https://www.ankaracncmarket.com.tr/endustriyel-otomasyon-roleler/ncr-clion-role-hhc68a---2c---24v-dc-2cd69e011d80432b9ec0
Röleler ve röle soketleri;NCR;HHC68A-3C-12D;;NCR HHC68A-3C genel amaçlı röle, 3 C/O, bobin 12 V DC, 10 A (LY3 muadili);"Kontak: 3C/O (3C); Bobin: 12 V DC; Kontak akımı: 10 A 240 V AC / 28 V DC (2/3/4C, katalog); Muadil tip: LY3";ROLE-LY3-12VDC-15A;HHC68A-3C-12VDC;10,0;Üretici görseli var;model;https://www.ncr.hk/a/Products/Relays/PCB_Relays/2015/1029/56.html;https://www.ncr.hk/uploads/allimg/210313/1_0904368731.jpg;Yüksek;"Başlıkta 15 A yazıyor; katalogda 15 A yalnız 1C için, 3C 10 A.";"Üretici: NICERELAY Co. Ltd. (NCR, Hong Kong; ncr.hk). Satıcı başlığı 'NCR-CLİON' diyor; HHC tip adları Çin standart tip adlarıdır, CLION (NNC Electric, Yueqing) da aynı tipleri üretir. Görsel NCR ürün sayfasından.";https://www.ankaracncmarket.com.tr/endustriyel-otomasyon-roleler/role-ly3-12vdc-15a-6d1060ef30125f328e10
Röleler ve röle soketleri;NCR;HHC68A-3C-220VAC;;NCR HHC68A-3C genel amaçlı röle, 3 C/O, bobin 220 V AC, 10 A (LY3 muadili);"Kontak: 3C/O (3C); Bobin: 220 V AC; Kontak akımı: 10 A 240 V AC / 28 V DC (2/3/4C, katalog); Muadil tip: LY3";ROLE-LY3-220VAC-15A;HHC68A-3C-220A;10,0;Üretici görseli var;model;https://www.ncr.hk/a/Products/Relays/PCB_Relays/2015/1029/56.html;https://www.ncr.hk/uploads/allimg/210313/1_0904368731.jpg;Orta;"Başlıkta 15 A yazıyor; katalogda 3C 10 A. Kod '220A' kısaltması kesik.";"Üretici: NICERELAY Co. Ltd. (NCR, Hong Kong; ncr.hk). Satıcı başlığı 'NCR-CLİON' diyor; HHC tip adları Çin standart tip adlarıdır, CLION (NNC Electric, Yueqing) da aynı tipleri üretir. Görsel NCR ürün sayfasından. NCR kataloğunda bobin kodu yalnız DC için '12D=12VDC' biçiminde gösteriliyor; AC bobinin kod yazımı katalogda açık değil, MPN'deki AC kısmı [TEYİT].";https://www.ankaracncmarket.com.tr/endustriyel-otomasyon-roleler/role-ly3-220vac-15a-4b9b1c61dd57ce85eb59
Röleler ve röle soketleri;NCR;HHC68A-3C-24D;;NCR HHC68A-3C genel amaçlı röle, 3 C/O, bobin 24 V DC, 10 A (LY3 muadili);"Kontak: 3C/O (3C); Bobin: 24 V DC; Kontak akımı: 10 A 240 V AC / 28 V DC (2/3/4C, katalog); Muadil tip: LY3";ROLE-LY3-24VDC-15A;HHC68A-3C-24VDC;10,0;Üretici görseli var;model;https://www.ncr.hk/a/Products/Relays/PCB_Relays/2015/1029/56.html;https://www.ncr.hk/uploads/allimg/210313/1_0904368731.jpg;Yüksek;"Başlıkta 15 A yazıyor; katalogda 3C 10 A.";"Üretici: NICERELAY Co. Ltd. (NCR, Hong Kong; ncr.hk). Satıcı başlığı 'NCR-CLİON' diyor; HHC tip adları Çin standart tip adlarıdır, CLION (NNC Electric, Yueqing) da aynı tipleri üretir. Görsel NCR ürün sayfasından.";https://www.ankaracncmarket.com.tr/endustriyel-otomasyon-roleler/role-ly3-24vdc-15a-d60c5f994fb88ebcfe06
Röleler ve röle soketleri;NCR;HHC68A-3C-24VAC;;NCR HHC68A-3C genel amaçlı röle, 3 C/O, bobin 24 V AC, 10 A (LY3 muadili);"Kontak: 3C/O (3C); Bobin: 24 V AC; Kontak akımı: 10 A 240 V AC / 28 V DC (2/3/4C, katalog); Muadil tip: LY3";ROLE-LY3-24VAC-15A;HHC68A-3C-24AC;12,71;Üretici görseli var;model;https://www.ncr.hk/a/Products/Relays/PCB_Relays/2015/1029/56.html;https://www.ncr.hk/uploads/allimg/210313/1_0904368731.jpg;Orta;"Başlıkta 15 A yazıyor; katalogda 3C 10 A.";"Üretici: NICERELAY Co. Ltd. (NCR, Hong Kong; ncr.hk). Satıcı başlığı 'NCR-CLİON' diyor; HHC tip adları Çin standart tip adlarıdır, CLION (NNC Electric, Yueqing) da aynı tipleri üretir. Görsel NCR ürün sayfasından. NCR kataloğunda bobin kodu yalnız DC için '12D=12VDC' biçiminde gösteriliyor; AC bobinin kod yazımı katalogda açık değil, MPN'deki AC kısmı [TEYİT].";https://www.ankaracncmarket.com.tr/endustriyel-otomasyon-roleler/role-ly3-24vac-15a-4a56192b80e7bee065b7
Röleler ve röle soketleri;NCR;HHC68A-4C-12D;;NCR HHC68A-4C genel amaçlı röle, 4 C/O, bobin 12 V DC, 10 A (LY4 muadili);"Kontak: 4C/O (4C); Bobin: 12 V DC; Kontak akımı: 10 A 240 V AC / 28 V DC (2/3/4C, katalog); Muadil tip: LY4";ROLE-LY4-12VDC-15A;HHC68A-4C-12D;12,0;Üretici görseli var;model;https://www.ncr.hk/a/Products/Relays/PCB_Relays/2015/1029/57.html;https://www.ncr.hk/uploads/allimg/210313/1_0910192861.jpg;Yüksek;"Başlıkta 15 A yazıyor; katalogda 4C 10 A.";"Üretici: NICERELAY Co. Ltd. (NCR, Hong Kong; ncr.hk). Satıcı başlığı 'NCR-CLİON' diyor; HHC tip adları Çin standart tip adlarıdır, CLION (NNC Electric, Yueqing) da aynı tipleri üretir. Görsel NCR ürün sayfasından.";https://www.ankaracncmarket.com.tr/endustriyel-otomasyon-roleler/role-ly4-12vdc-15a-4f346de7e2604ef09a76
Röleler ve röle soketleri;NCR;HHC68A-4C-12VAC;;NCR HHC68A-4C genel amaçlı röle, 4 C/O, bobin 12 V AC, 10 A (LY4 muadili);"Kontak: 4C/O (4C); Bobin: 12 V AC; Kontak akımı: 10 A 240 V AC / 28 V DC (2/3/4C, katalog); Muadil tip: LY4";ROLE-LY4-12VAC-15A;HHC68A-4C-12AC;16,95;Üretici görseli var;model;https://www.ncr.hk/a/Products/Relays/PCB_Relays/2015/1029/57.html;https://www.ncr.hk/uploads/allimg/210313/1_0910192861.jpg;Orta;"Başlıkta 15 A yazıyor; katalogda 4C 10 A. Site kodu 'HHC68A-4C-12AC' biçimi katalog yazımı değil.";"Üretici: NICERELAY Co. Ltd. (NCR, Hong Kong; ncr.hk). Satıcı başlığı 'NCR-CLİON' diyor; HHC tip adları Çin standart tip adlarıdır, CLION (NNC Electric, Yueqing) da aynı tipleri üretir. Görsel NCR ürün sayfasından. NCR kataloğunda bobin kodu yalnız DC için '12D=12VDC' biçiminde gösteriliyor; AC bobinin kod yazımı katalogda açık değil, MPN'deki AC kısmı [TEYİT].";https://www.ankaracncmarket.com.tr/endustriyel-otomasyon-roleler/role-ly4-12vac-15a-46fdfd331cfb930a988d
Röleler ve röle soketleri;NCR;HHC68A-4C-220VAC;;NCR HHC68A-4C genel amaçlı röle, 4 C/O, bobin 220 V AC, 10 A (LY4 muadili);"Kontak: 4C/O (4C); Bobin: 220 V AC; Kontak akımı: 10 A 240 V AC / 28 V DC (2/3/4C, katalog); Muadil tip: LY4";ROLE-LY4-220VAC-15A;HHC68A-4C-220AC;12,0;Üretici görseli var;model;https://www.ncr.hk/a/Products/Relays/PCB_Relays/2015/1029/57.html;https://www.ncr.hk/uploads/allimg/210313/1_0910192861.jpg;Orta;"Başlıkta 15 A yazıyor; katalogda 4C 10 A.";"Üretici: NICERELAY Co. Ltd. (NCR, Hong Kong; ncr.hk). Satıcı başlığı 'NCR-CLİON' diyor; HHC tip adları Çin standart tip adlarıdır, CLION (NNC Electric, Yueqing) da aynı tipleri üretir. Görsel NCR ürün sayfasından. NCR kataloğunda bobin kodu yalnız DC için '12D=12VDC' biçiminde gösteriliyor; AC bobinin kod yazımı katalogda açık değil, MPN'deki AC kısmı [TEYİT].";https://www.ankaracncmarket.com.tr/endustriyel-otomasyon-roleler/role-ly4-220vac-15a-e188c57afff4f680ea0d
Röleler ve röle soketleri;NCR;HHC68B-2C-12VAC;;NCR HHC68B-2C minyatür genel amaçlı röle, 2 C/O, bobin 12 V AC, 5 A (MY2 muadili);"Kontak: 2C/O (2C); Bobin: 12 V AC; Kontak akımı: 5 A 240 V AC / 28 V DC (katalog); Muadil tip: MY2";NCR-CLİON RÖLE HHC68B - 2C - 12V AC;RL 43;4,4;Üretici görseli var;model;https://www.ncr.hk/a/Products/Relays/PCB_Relays/2015/1029/59.html;https://www.ncr.hk/uploads/allimg/210313/1_0916331541.jpg;Orta;"Site kodu 'RL 43' iç kod; üretici parça numarası değil.";"Üretici: NICERELAY Co. Ltd. (NCR, Hong Kong; ncr.hk). Satıcı başlığı 'NCR-CLİON' diyor; HHC tip adları Çin standart tip adlarıdır, CLION (NNC Electric, Yueqing) da aynı tipleri üretir. Görsel NCR ürün sayfasından. NCR kataloğunda bobin kodu yalnız DC için '12D=12VDC' biçiminde gösteriliyor; AC bobinin kod yazımı katalogda açık değil, MPN'deki AC kısmı [TEYİT].";https://www.ankaracncmarket.com.tr/endustriyel-otomasyon-roleler/ncr-clion-role-hhc68b---2c---12v-ac-6a0dd193b57465f1b183
Röleler ve röle soketleri;NCR;HHC68B-2C-12VAC;;NCR HHC68B-2C minyatür genel amaçlı röle, 2 C/O, bobin 12 V AC, 5 A (MY2 muadili);"Kontak: 2C/O (2C); Bobin: 12 V AC; Kontak akımı: 5 A 240 V AC / 28 V DC (katalog); Muadil tip: MY2";ROLE-MY2-12VAC-5A;HHC68B-2C-12AC;4,4;Üretici görseli var;model;https://www.ncr.hk/a/Products/Relays/PCB_Relays/2015/1029/59.html;https://www.ncr.hk/uploads/allimg/210313/1_0916331541.jpg;Orta;;"Üretici: NICERELAY Co. Ltd. (NCR, Hong Kong; ncr.hk). Satıcı başlığı 'NCR-CLİON' diyor; HHC tip adları Çin standart tip adlarıdır, CLION (NNC Electric, Yueqing) da aynı tipleri üretir. Görsel NCR ürün sayfasından. NCR kataloğunda bobin kodu yalnız DC için '12D=12VDC' biçiminde gösteriliyor; AC bobinin kod yazımı katalogda açık değil, MPN'deki AC kısmı [TEYİT].";https://www.ankaracncmarket.com.tr/endustriyel-otomasyon-roleler/role-my2-12vac-5a-3a96210d894fe0be33eb
Röleler ve röle soketleri;NCR;HHC68B-2C-220VAC;;NCR HHC68B-2C minyatür genel amaçlı röle, 2 C/O, bobin 220 V AC, 5 A (MY2 muadili);"Kontak: 2C/O (2C); Bobin: 220 V AC; Kontak akımı: 5 A 240 V AC / 28 V DC (katalog); Muadil tip: MY2";NCR-CLİON RÖLE HHC68B- 2C - 220V AC;RL 46;4,6;Üretici görseli var;model;https://www.ncr.hk/a/Products/Relays/PCB_Relays/2015/1029/59.html;https://www.ncr.hk/uploads/allimg/210313/1_0916331541.jpg;Orta;"Site kodu 'RL 46' iç kod; üretici parça numarası değil.";"Üretici: NICERELAY Co. Ltd. (NCR, Hong Kong; ncr.hk). Satıcı başlığı 'NCR-CLİON' diyor; HHC tip adları Çin standart tip adlarıdır, CLION (NNC Electric, Yueqing) da aynı tipleri üretir. Görsel NCR ürün sayfasından. NCR kataloğunda bobin kodu yalnız DC için '12D=12VDC' biçiminde gösteriliyor; AC bobinin kod yazımı katalogda açık değil, MPN'deki AC kısmı [TEYİT].";https://www.ankaracncmarket.com.tr/endustriyel-otomasyon-roleler/ncr-clion-role-hhc68b--2c---220v-ac-5132b7a4db994adf9759
Röleler ve röle soketleri;NCR;HHC68B-2C-24VAC;;NCR HHC68B-2C minyatür genel amaçlı röle, 2 C/O, bobin 24 V AC, 5 A (MY2 muadili);"Kontak: 2C/O (2C); Bobin: 24 V AC; Kontak akımı: 5 A 240 V AC / 28 V DC (katalog); Muadil tip: MY2";NCR-CLİON RÖLE HHC68B - 2C - 24V AC;RL 44;4,4;Üretici görseli var;model;https://www.ncr.hk/a/Products/Relays/PCB_Relays/2015/1029/59.html;https://www.ncr.hk/uploads/allimg/210313/1_0916331541.jpg;Orta;"Site kodu 'RL 44' iç kod; üretici parça numarası değil.";"Üretici: NICERELAY Co. Ltd. (NCR, Hong Kong; ncr.hk). Satıcı başlığı 'NCR-CLİON' diyor; HHC tip adları Çin standart tip adlarıdır, CLION (NNC Electric, Yueqing) da aynı tipleri üretir. Görsel NCR ürün sayfasından. NCR kataloğunda bobin kodu yalnız DC için '12D=12VDC' biçiminde gösteriliyor; AC bobinin kod yazımı katalogda açık değil, MPN'deki AC kısmı [TEYİT].";https://www.ankaracncmarket.com.tr/endustriyel-otomasyon-roleler/ncr-clion-role-hhc68b---2c---24v-ac-986c92e45782b577faea
Röleler ve röle soketleri;NCR;HHC68B-2C-48VAC;;NCR HHC68B-2C minyatür genel amaçlı röle, 2 C/O, bobin 48 V AC, 5 A (MY2 muadili);"Kontak: 2C/O (2C); Bobin: 48 V AC; Kontak akımı: 5 A 240 V AC / 28 V DC (katalog); Muadil tip: MY2";NCR-CLİON RÖLE HHC68B - 2C - 48V AC;RL 45;4,6;Üretici görseli var;model;https://www.ncr.hk/a/Products/Relays/PCB_Relays/2015/1029/59.html;https://www.ncr.hk/uploads/allimg/210313/1_0916331541.jpg;Orta;"Site kodu 'RL 45' iç kod; üretici parça numarası değil.";"Üretici: NICERELAY Co. Ltd. (NCR, Hong Kong; ncr.hk). Satıcı başlığı 'NCR-CLİON' diyor; HHC tip adları Çin standart tip adlarıdır, CLION (NNC Electric, Yueqing) da aynı tipleri üretir. Görsel NCR ürün sayfasından. NCR kataloğunda bobin kodu yalnız DC için '12D=12VDC' biçiminde gösteriliyor; AC bobinin kod yazımı katalogda açık değil, MPN'deki AC kısmı [TEYİT].";https://www.ankaracncmarket.com.tr/endustriyel-otomasyon-roleler/ncr-clion-role-hhc68b---2c---48v-ac-7238e7660873587aa648
Röleler ve röle soketleri;NCR;HHC68B-2C-48VAC;;NCR HHC68B-2C minyatür genel amaçlı röle, 2 C/O, bobin 48 V AC, 5 A (MY2 muadili);"Kontak: 2C/O (2C); Bobin: 48 V AC; Kontak akımı: 5 A 240 V AC / 28 V DC (katalog); Muadil tip: MY2";ROLE-MY2-48VAC-5A;HHC68B-2C-48AC;4,4;Üretici görseli var;model;https://www.ncr.hk/a/Products/Relays/PCB_Relays/2015/1029/59.html;https://www.ncr.hk/uploads/allimg/210313/1_0916331541.jpg;Orta;;"Üretici: NICERELAY Co. Ltd. (NCR, Hong Kong; ncr.hk). Satıcı başlığı 'NCR-CLİON' diyor; HHC tip adları Çin standart tip adlarıdır, CLION (NNC Electric, Yueqing) da aynı tipleri üretir. Görsel NCR ürün sayfasından. NCR kataloğunda bobin kodu yalnız DC için '12D=12VDC' biçiminde gösteriliyor; AC bobinin kod yazımı katalogda açık değil, MPN'deki AC kısmı [TEYİT].";https://www.ankaracncmarket.com.tr/endustriyel-otomasyon-roleler/role-my2-48vac-5a-7e67714935997c3bb6b2
Röleler ve röle soketleri;NCR;HHC68B-3C-12VAC;;NCR HHC68B-3C minyatür genel amaçlı röle, 3 C/O, bobin 12 V AC, 5 A (MY3 muadili);"Kontak: 3C/O (3C); Bobin: 12 V AC; Kontak akımı: 5 A 240 V AC / 28 V DC (katalog); Muadil tip: MY3";NCR-CLİON RÖLE HHC68B - 3C - 12V AC;RL 50;5,0;Üretici görseli var;model;https://www.ncr.hk/a/Products/Relays/PCB_Relays/2015/1029/60.html;https://www.ncr.hk/uploads/allimg/210313/1_0920543161.jpg;Orta;"Site kodu 'RL 50' iç kod; üretici parça numarası değil.";"Üretici: NICERELAY Co. Ltd. (NCR, Hong Kong; ncr.hk). Satıcı başlığı 'NCR-CLİON' diyor; HHC tip adları Çin standart tip adlarıdır, CLION (NNC Electric, Yueqing) da aynı tipleri üretir. Görsel NCR ürün sayfasından. NCR kataloğunda bobin kodu yalnız DC için '12D=12VDC' biçiminde gösteriliyor; AC bobinin kod yazımı katalogda açık değil, MPN'deki AC kısmı [TEYİT].";https://www.ankaracncmarket.com.tr/endustriyel-otomasyon-roleler/ncr-clion-role-hhc68b---3c---12v-ac-a30102db1ff757724da4
Röleler ve röle soketleri;NCR;HHC68B-3C-12VAC;;NCR HHC68B-3C minyatür genel amaçlı röle, 3 C/O, bobin 12 V AC, 5 A (MY3 muadili);"Kontak: 3C/O (3C); Bobin: 12 V AC; Kontak akımı: 5 A 240 V AC / 28 V DC (katalog); Muadil tip: MY3";ROLE-MY3-12VAC-5A;HHC68B-3C-12AC;5,0;Üretici görseli var;model;https://www.ncr.hk/a/Products/Relays/PCB_Relays/2015/1029/60.html;https://www.ncr.hk/uploads/allimg/210313/1_0920543161.jpg;Orta;;"Üretici: NICERELAY Co. Ltd. (NCR, Hong Kong; ncr.hk). Satıcı başlığı 'NCR-CLİON' diyor; HHC tip adları Çin standart tip adlarıdır, CLION (NNC Electric, Yueqing) da aynı tipleri üretir. Görsel NCR ürün sayfasından. NCR kataloğunda bobin kodu yalnız DC için '12D=12VDC' biçiminde gösteriliyor; AC bobinin kod yazımı katalogda açık değil, MPN'deki AC kısmı [TEYİT].";https://www.ankaracncmarket.com.tr/endustriyel-otomasyon-roleler/role-my3-12vac-5a-0763be251cc57aeb5117
Röleler ve röle soketleri;NCR;HHC68B-3C-220VAC;;NCR HHC68B-3C minyatür genel amaçlı röle, 3 C/O, bobin 220 V AC, 5 A (MY3 muadili);"Kontak: 3C/O (3C); Bobin: 220 V AC; Kontak akımı: 5 A 240 V AC / 28 V DC (katalog); Muadil tip: MY3";ROLE-MY3-220VAC-5A;HHC68B-3C-220AC;6,0;Üretici görseli var;model;https://www.ncr.hk/a/Products/Relays/PCB_Relays/2015/1029/60.html;https://www.ncr.hk/uploads/allimg/210313/1_0920543161.jpg;Orta;;"Üretici: NICERELAY Co. Ltd. (NCR, Hong Kong; ncr.hk). Satıcı başlığı 'NCR-CLİON' diyor; HHC tip adları Çin standart tip adlarıdır, CLION (NNC Electric, Yueqing) da aynı tipleri üretir. Görsel NCR ürün sayfasından. NCR kataloğunda bobin kodu yalnız DC için '12D=12VDC' biçiminde gösteriliyor; AC bobinin kod yazımı katalogda açık değil, MPN'deki AC kısmı [TEYİT].";https://www.ankaracncmarket.com.tr/endustriyel-otomasyon-roleler/role-my3-220vac-5a-f56cb8550be6317af227
Röleler ve röle soketleri;NCR;HHC68B-3C-24VAC;;NCR HHC68B-3C minyatür genel amaçlı röle, 3 C/O, bobin 24 V AC, 5 A (MY3 muadili);"Kontak: 3C/O (3C); Bobin: 24 V AC; Kontak akımı: 5 A 240 V AC / 28 V DC (katalog); Muadil tip: MY3";NCR-CLİON RÖLE HHC68B - 3C - 24V AC;RL 51;5,0;Üretici görseli var;model;https://www.ncr.hk/a/Products/Relays/PCB_Relays/2015/1029/60.html;https://www.ncr.hk/uploads/allimg/210313/1_0920543161.jpg;Orta;"Site kodu 'RL 51' iç kod; üretici parça numarası değil.";"Üretici: NICERELAY Co. Ltd. (NCR, Hong Kong; ncr.hk). Satıcı başlığı 'NCR-CLİON' diyor; HHC tip adları Çin standart tip adlarıdır, CLION (NNC Electric, Yueqing) da aynı tipleri üretir. Görsel NCR ürün sayfasından. NCR kataloğunda bobin kodu yalnız DC için '12D=12VDC' biçiminde gösteriliyor; AC bobinin kod yazımı katalogda açık değil, MPN'deki AC kısmı [TEYİT].";https://www.ankaracncmarket.com.tr/endustriyel-otomasyon-roleler/ncr-clion-role-hhc68b---3c---24v-ac-d23dc971b8e2ac3849b1
Röleler ve röle soketleri;NCR;HHC68B-3C-24VAC;;NCR HHC68B-3C minyatür genel amaçlı röle, 3 C/O, bobin 24 V AC, 5 A (MY3 muadili);"Kontak: 3C/O (3C); Bobin: 24 V AC; Kontak akımı: 5 A 240 V AC / 28 V DC (katalog); Muadil tip: MY3";ROLE-MY3-24VAC-5A;HHC68B-3C-24AC;5,0;Üretici görseli var;model;https://www.ncr.hk/a/Products/Relays/PCB_Relays/2015/1029/60.html;https://www.ncr.hk/uploads/allimg/210313/1_0920543161.jpg;Orta;;"Üretici: NICERELAY Co. Ltd. (NCR, Hong Kong; ncr.hk). Satıcı başlığı 'NCR-CLİON' diyor; HHC tip adları Çin standart tip adlarıdır, CLION (NNC Electric, Yueqing) da aynı tipleri üretir. Görsel NCR ürün sayfasından. NCR kataloğunda bobin kodu yalnız DC için '12D=12VDC' biçiminde gösteriliyor; AC bobinin kod yazımı katalogda açık değil, MPN'deki AC kısmı [TEYİT].";https://www.ankaracncmarket.com.tr/endustriyel-otomasyon-roleler/role-my3-24vac-5a-6b0301f0c55916ccd7a6
Röleler ve röle soketleri;NCR;HHC68B-3C-48VAC;;NCR HHC68B-3C minyatür genel amaçlı röle, 3 C/O, bobin 48 V AC, 5 A (MY3 muadili);"Kontak: 3C/O (3C); Bobin: 48 V AC; Kontak akımı: 5 A 240 V AC / 28 V DC (katalog); Muadil tip: MY3";NCR-CLİON RÖLE HHC68B - 3C - 48V AC;RL 52;5,0;Üretici görseli var;model;https://www.ncr.hk/a/Products/Relays/PCB_Relays/2015/1029/60.html;https://www.ncr.hk/uploads/allimg/210313/1_0920543161.jpg;Orta;"Site kodu 'RL 52' iç kod; üretici parça numarası değil.";"Üretici: NICERELAY Co. Ltd. (NCR, Hong Kong; ncr.hk). Satıcı başlığı 'NCR-CLİON' diyor; HHC tip adları Çin standart tip adlarıdır, CLION (NNC Electric, Yueqing) da aynı tipleri üretir. Görsel NCR ürün sayfasından. NCR kataloğunda bobin kodu yalnız DC için '12D=12VDC' biçiminde gösteriliyor; AC bobinin kod yazımı katalogda açık değil, MPN'deki AC kısmı [TEYİT].";https://www.ankaracncmarket.com.tr/endustriyel-otomasyon-roleler/ncr-clion-role-hhc68b---3c---48v-ac-b77943871e003e0bf55c
Röleler ve röle soketleri;NCR;HHC68B-3C-48VAC;;NCR HHC68B-3C minyatür genel amaçlı röle, 3 C/O, bobin 48 V AC, 5 A (MY3 muadili);"Kontak: 3C/O (3C); Bobin: 48 V AC; Kontak akımı: 5 A 240 V AC / 28 V DC (katalog); Muadil tip: MY3";ROLE-MY3-48VAC-5A;HHC68B-3C-48AC;5,0;Üretici görseli var;model;https://www.ncr.hk/a/Products/Relays/PCB_Relays/2015/1029/60.html;https://www.ncr.hk/uploads/allimg/210313/1_0920543161.jpg;Orta;;"Üretici: NICERELAY Co. Ltd. (NCR, Hong Kong; ncr.hk). Satıcı başlığı 'NCR-CLİON' diyor; HHC tip adları Çin standart tip adlarıdır, CLION (NNC Electric, Yueqing) da aynı tipleri üretir. Görsel NCR ürün sayfasından. NCR kataloğunda bobin kodu yalnız DC için '12D=12VDC' biçiminde gösteriliyor; AC bobinin kod yazımı katalogda açık değil, MPN'deki AC kısmı [TEYİT].";https://www.ankaracncmarket.com.tr/endustriyel-otomasyon-roleler/role-my3-48vac-5a-1bca39f867f1003b933d
Röleler ve röle soketleri;NCR;HHC68B-4C-12VAC;;NCR HHC68B-4C minyatür genel amaçlı röle, 4 C/O, bobin 12 V AC, 3 A (MY4 muadili);"Kontak: 4C/O (4C); Bobin: 12 V AC; Kontak akımı: 3 A 240 V AC / 28 V DC (katalog); Muadil tip: MY4";ROLE-MY4-12VAC-3A;HHC68B-4C-12AC;5,5;Üretici görseli var;model;https://www.ncr.hk/a/Products/Relays/PCB_Relays/2015/1029/61.html;https://www.ncr.hk/uploads/allimg/210313/1_0956142791.jpg;Orta;;"Üretici: NICERELAY Co. Ltd. (NCR, Hong Kong; ncr.hk). Satıcı başlığı 'NCR-CLİON' diyor; HHC tip adları Çin standart tip adlarıdır, CLION (NNC Electric, Yueqing) da aynı tipleri üretir. Görsel NCR ürün sayfasından. NCR kataloğunda bobin kodu yalnız DC için '12D=12VDC' biçiminde gösteriliyor; AC bobinin kod yazımı katalogda açık değil, MPN'deki AC kısmı [TEYİT].";https://www.ankaracncmarket.com.tr/endustriyel-otomasyon-roleler/role-my4-12vac-3a-16d72849a397c7ee9756
Röleler ve röle soketleri;NCR;HHC68B-4C-48D;;NCR HHC68B-4C minyatür genel amaçlı röle, 4 C/O, bobin 48 V DC, 3 A (MY4 muadili);"Kontak: 4C/O (4C); Bobin: 48 V DC; Kontak akımı: 3 A 240 V AC / 28 V DC (katalog); Muadil tip: MY4";ROLE-MY4-48VDC-3A;HHC68B-4C-48D;5,5;Üretici görseli var;model;https://www.ncr.hk/a/Products/Relays/PCB_Relays/2015/1029/61.html;https://www.ncr.hk/uploads/allimg/210313/1_0956142791.jpg;Yüksek;;"Üretici: NICERELAY Co. Ltd. (NCR, Hong Kong; ncr.hk). Satıcı başlığı 'NCR-CLİON' diyor; HHC tip adları Çin standart tip adlarıdır, CLION (NNC Electric, Yueqing) da aynı tipleri üretir. Görsel NCR ürün sayfasından.";https://www.ankaracncmarket.com.tr/endustriyel-otomasyon-roleler/role-my4-48vdc-3a-a98b63b780602e845a47
Röleler ve röle soketleri;NCR;HHC68B-4C-48VAC;;NCR HHC68B-4C minyatür genel amaçlı röle, 4 C/O, bobin 48 V AC, 3 A (MY4 muadili);"Kontak: 4C/O (4C); Bobin: 48 V AC; Kontak akımı: 3 A 240 V AC / 28 V DC (katalog); Muadil tip: MY4";ROLE-MY4-48VAC-3A;HHC68B-4C-48AC;5,5;Üretici görseli var;model;https://www.ncr.hk/a/Products/Relays/PCB_Relays/2015/1029/61.html;https://www.ncr.hk/uploads/allimg/210313/1_0956142791.jpg;Orta;;"Üretici: NICERELAY Co. Ltd. (NCR, Hong Kong; ncr.hk). Satıcı başlığı 'NCR-CLİON' diyor; HHC tip adları Çin standart tip adlarıdır, CLION (NNC Electric, Yueqing) da aynı tipleri üretir. Görsel NCR ürün sayfasından. NCR kataloğunda bobin kodu yalnız DC için '12D=12VDC' biçiminde gösteriliyor; AC bobinin kod yazımı katalogda açık değil, MPN'deki AC kısmı [TEYİT].";https://www.ankaracncmarket.com.tr/endustriyel-otomasyon-roleler/role-my4-48vac-3a-23b43a3c1e0478fce946
Röleler ve röle soketleri;NCR;HHC69A-1Z-05D-10A;;NCR HHC69A-1Z ince PCB rölesi, 1 C/O, bobin 5 V DC, 10 A (JQX-14FC tipi);"Kontak: 1C/O (1Z); Bobin: 5 V DC; Kontak akımı: 10 A 240 V AC / 28 V DC";ROLE-PCB-5VDC-10A;HHC69A-1C-05D;2,0;Üretici görseli var;seri;https://www.ncr.hk/a/Products/Relays/PCB_Relays/2015/1009/2.html;https://www.ncr.hk/uploads/allimg/210518/1-21051Q04212540.jpg;Yüksek;"Site kodunda kontak '1C/2C' yazılıyor; katalog kodu '1Z/2Z'. Kategori atanmamış.";"Katalog yazımı 'HHC69A-1Z-12D-10A' (1Z/2Z kontak, akım 5/10/16 A). Üretici: NICERELAY Co. Ltd. (NCR, Hong Kong; ncr.hk). Satıcı başlığı 'NCR-CLİON' diyor; HHC tip adları Çin standart tip adlarıdır, CLION (NNC Electric, Yueqing) da aynı tipleri üretir. Görsel NCR ürün sayfasından.";https://www.ankaracncmarket.com.tr/endustriyel-otomasyon-roleler/role-pcb-5vdc-10a-efc61ed946641fea75e6
Röleler ve röle soketleri;NCR;HHC69A-1Z-12D-10A;;NCR HHC69A-1Z ince PCB rölesi, 1 C/O, bobin 12 V DC, 10 A (JQX-14FC tipi);"Kontak: 1C/O (1Z); Bobin: 12 V DC; Kontak akımı: 10 A 240 V AC / 28 V DC";ROLE-PCB-12VDC-10A;HHC69A-1C-12 VDC;1,7;Üretici görseli var;seri;https://www.ncr.hk/a/Products/Relays/PCB_Relays/2015/1009/2.html;https://www.ncr.hk/uploads/allimg/210518/1-21051Q04212540.jpg;Yüksek;"Site kodunda kontak '1C/2C' yazılıyor; katalog kodu '1Z/2Z'.";"Katalog yazımı 'HHC69A-1Z-12D-10A' (1Z/2Z kontak, akım 5/10/16 A). Üretici: NICERELAY Co. Ltd. (NCR, Hong Kong; ncr.hk). Satıcı başlığı 'NCR-CLİON' diyor; HHC tip adları Çin standart tip adlarıdır, CLION (NNC Electric, Yueqing) da aynı tipleri üretir. Görsel NCR ürün sayfasından.";https://www.ankaracncmarket.com.tr/endustriyel-otomasyon-roleler/role-pcb-12vdc-10a-aab45412225203e4185b
Röleler ve röle soketleri;NCR;HHC69A-1Z-12D-16A;;NCR HHC69A-1Z ince PCB rölesi, 1 C/O, bobin 12 V DC, 16 A (JQX-14FC tipi);"Kontak: 1C/O (1Z); Bobin: 12 V DC; Kontak akımı: 16 A 240 V AC / 28 V DC";ROLE-PCB-12VDC-16A;HHC69A-1C-12D-16A;2,0;Üretici görseli var;seri;https://www.ncr.hk/a/Products/Relays/PCB_Relays/2015/1009/2.html;https://www.ncr.hk/uploads/allimg/210518/1-21051Q04212540.jpg;Yüksek;"Site kodunda kontak '1C/2C' yazılıyor; katalog kodu '1Z/2Z'.";"Katalog yazımı 'HHC69A-1Z-12D-10A' (1Z/2Z kontak, akım 5/10/16 A). Üretici: NICERELAY Co. Ltd. (NCR, Hong Kong; ncr.hk). Satıcı başlığı 'NCR-CLİON' diyor; HHC tip adları Çin standart tip adlarıdır, CLION (NNC Electric, Yueqing) da aynı tipleri üretir. Görsel NCR ürün sayfasından.";https://www.ankaracncmarket.com.tr/endustriyel-otomasyon-roleler/role-pcb-12vdc-16a-26252b0eff6c7db68312
Röleler ve röle soketleri;NCR;HHC69A-1Z-220VAC-10A;;NCR HHC69A-1Z ince PCB rölesi, 1 C/O, bobin 220 V AC, 10 A (JQX-14FC tipi);"Kontak: 1C/O (1Z); Bobin: 220 V AC; Kontak akımı: 10 A 240 V AC / 28 V DC";ROLE-PCB-220VAC-10A;HHC69A-1C-220AC;5,0;Üretici görseli var;seri;https://www.ncr.hk/a/Products/Relays/PCB_Relays/2015/1009/2.html;https://www.ncr.hk/uploads/allimg/210518/1-21051Q04212540.jpg;Düşük;"Site kodunda kontak '1C/2C' yazılıyor; katalog kodu '1Z/2Z'. 220 V AC bobin HHC69A kataloğunda yok.";"Katalog yazımı 'HHC69A-1Z-12D-10A' (1Z/2Z kontak, akım 5/10/16 A). Üretici: NICERELAY Co. Ltd. (NCR, Hong Kong; ncr.hk). Satıcı başlığı 'NCR-CLİON' diyor; HHC tip adları Çin standart tip adlarıdır, CLION (NNC Electric, Yueqing) da aynı tipleri üretir. Görsel NCR ürün sayfasından. NCR HHC69A kataloğunda bobin yalnız 3/5/6/9/12/24 V DC; bu bobin gerilimi katalogda yok [TEYİT].";https://www.ankaracncmarket.com.tr/endustriyel-otomasyon-roleler/role-pcb-220vac-10a-763138d550931ca0bdf6
Röleler ve röle soketleri;NCR;HHC69A-1Z-24D-10A;;NCR HHC69A-1Z ince PCB rölesi, 1 C/O, bobin 24 V DC, 10 A (JQX-14FC tipi);"Kontak: 1C/O (1Z); Bobin: 24 V DC; Kontak akımı: 10 A 240 V AC / 28 V DC";ROLE-PCB-24VDC-10A;HHC69A-1C-24D;1,7;Üretici görseli var;seri;https://www.ncr.hk/a/Products/Relays/PCB_Relays/2015/1009/2.html;https://www.ncr.hk/uploads/allimg/210518/1-21051Q04212540.jpg;Yüksek;"Site kodunda kontak '1C/2C' yazılıyor; katalog kodu '1Z/2Z'.";"Katalog yazımı 'HHC69A-1Z-12D-10A' (1Z/2Z kontak, akım 5/10/16 A). Üretici: NICERELAY Co. Ltd. (NCR, Hong Kong; ncr.hk). Satıcı başlığı 'NCR-CLİON' diyor; HHC tip adları Çin standart tip adlarıdır, CLION (NNC Electric, Yueqing) da aynı tipleri üretir. Görsel NCR ürün sayfasından.";https://www.ankaracncmarket.com.tr/endustriyel-otomasyon-roleler/role-pcb-24vdc-10a-ee620b9af23a08953f29
Röleler ve röle soketleri;NCR;HHC69A-1Z-24D-16A;;NCR HHC69A-1Z ince PCB rölesi, 1 C/O, bobin 24 V DC, 16 A (JQX-14FC tipi);"Kontak: 1C/O (1Z); Bobin: 24 V DC; Kontak akımı: 16 A 240 V AC / 28 V DC";ROLE-PCB-24VDC-16A;HHC69A-1C-24D-16A;2,2;Üretici görseli var;seri;https://www.ncr.hk/a/Products/Relays/PCB_Relays/2015/1009/2.html;https://www.ncr.hk/uploads/allimg/210518/1-21051Q04212540.jpg;Yüksek;"Site kodunda kontak '1C/2C' yazılıyor; katalog kodu '1Z/2Z'.";"Katalog yazımı 'HHC69A-1Z-12D-10A' (1Z/2Z kontak, akım 5/10/16 A). Üretici: NICERELAY Co. Ltd. (NCR, Hong Kong; ncr.hk). Satıcı başlığı 'NCR-CLİON' diyor; HHC tip adları Çin standart tip adlarıdır, CLION (NNC Electric, Yueqing) da aynı tipleri üretir. Görsel NCR ürün sayfasından.";https://www.ankaracncmarket.com.tr/endustriyel-otomasyon-roleler/role-pcb-24vdc-16a-1c1d6cc650d4a6664717
Röleler ve röle soketleri;NCR;HHC69A-1Z-48D-10A;;NCR HHC69A-1Z ince PCB rölesi, 1 C/O, bobin 48 V DC, 10 A (JQX-14FC tipi);"Kontak: 1C/O (1Z); Bobin: 48 V DC; Kontak akımı: 10 A 240 V AC / 28 V DC";ROLE-PCB-48VDC-10A;HHC69A-1C-48D;2,0;Üretici görseli var;seri;https://www.ncr.hk/a/Products/Relays/PCB_Relays/2015/1009/2.html;https://www.ncr.hk/uploads/allimg/210518/1-21051Q04212540.jpg;Düşük;"Site kodunda kontak '1C/2C' yazılıyor; katalog kodu '1Z/2Z'. 48 V DC bobin HHC69A kataloğunda yok.";"Katalog yazımı 'HHC69A-1Z-12D-10A' (1Z/2Z kontak, akım 5/10/16 A). Üretici: NICERELAY Co. Ltd. (NCR, Hong Kong; ncr.hk). Satıcı başlığı 'NCR-CLİON' diyor; HHC tip adları Çin standart tip adlarıdır, CLION (NNC Electric, Yueqing) da aynı tipleri üretir. Görsel NCR ürün sayfasından. NCR HHC69A kataloğunda bobin yalnız 3/5/6/9/12/24 V DC; bu bobin gerilimi katalogda yok [TEYİT].";https://www.ankaracncmarket.com.tr/endustriyel-otomasyon-roleler/role-pcb-48vdc-10a-4b8d37bb494742a551ff
Röleler ve röle soketleri;NCR;HHC69A-2Z-05D-5A;;NCR HHC69A-2Z ince PCB rölesi, 2 C/O, bobin 5 V DC, 5 A (JQX-14FC tipi);"Kontak: 2C/O (2Z); Bobin: 5 V DC; Kontak akımı: 5 A 240 V AC / 28 V DC";ROLE-PCB-5VDC-5A;HHC69A-2C-05D;2,2;Üretici görseli var;seri;https://www.ncr.hk/a/Products/Relays/PCB_Relays/2015/1009/2.html;https://www.ncr.hk/uploads/allimg/210518/1-21051Q04212540.jpg;Yüksek;"Site kodunda kontak '1C/2C' yazılıyor; katalog kodu '1Z/2Z'. Kategori atanmamış.";"Katalog yazımı 'HHC69A-1Z-12D-10A' (1Z/2Z kontak, akım 5/10/16 A). Üretici: NICERELAY Co. Ltd. (NCR, Hong Kong; ncr.hk). Satıcı başlığı 'NCR-CLİON' diyor; HHC tip adları Çin standart tip adlarıdır, CLION (NNC Electric, Yueqing) da aynı tipleri üretir. Görsel NCR ürün sayfasından.";https://www.ankaracncmarket.com.tr/endustriyel-otomasyon-roleler/role-pcb-5vdc-5a-dc8a16ad11731346c59d
Röleler ve röle soketleri;NCR;HHC69A-2Z-12D-5A;;NCR HHC69A-2Z ince PCB rölesi, 2 C/O, bobin 12 V DC, 5 A (JQX-14FC tipi);"Kontak: 2C/O (2Z); Bobin: 12 V DC; Kontak akımı: 5 A 240 V AC / 28 V DC";ROLE-PCB-12VDC-5A;HHC69A-2C-12D;1,8;Üretici görseli var;seri;https://www.ncr.hk/a/Products/Relays/PCB_Relays/2015/1009/2.html;https://www.ncr.hk/uploads/allimg/210518/1-21051Q04212540.jpg;Yüksek;"Site kodunda kontak '1C/2C' yazılıyor; katalog kodu '1Z/2Z'.";"Katalog yazımı 'HHC69A-1Z-12D-10A' (1Z/2Z kontak, akım 5/10/16 A). Üretici: NICERELAY Co. Ltd. (NCR, Hong Kong; ncr.hk). Satıcı başlığı 'NCR-CLİON' diyor; HHC tip adları Çin standart tip adlarıdır, CLION (NNC Electric, Yueqing) da aynı tipleri üretir. Görsel NCR ürün sayfasından.";https://www.ankaracncmarket.com.tr/endustriyel-otomasyon-roleler/role-pcb-12vdc-5a-4688b3ac60c22306a14f
Röleler ve röle soketleri;NCR;HHC69A-2Z-220VAC-5A;;NCR HHC69A-2Z ince PCB rölesi, 2 C/O, bobin 220 V AC, 5 A (JQX-14FC tipi);"Kontak: 2C/O (2Z); Bobin: 220 V AC; Kontak akımı: 5 A 240 V AC / 28 V DC";ROLE-PCB-220VA-5A;HHC69A-2C-220AC;5,0;Üretici görseli var;seri;https://www.ncr.hk/a/Products/Relays/PCB_Relays/2015/1009/2.html;https://www.ncr.hk/uploads/allimg/210518/1-21051Q04212540.jpg;Düşük;"Site kodunda kontak '1C/2C' yazılıyor; katalog kodu '1Z/2Z'. 220 V AC bobin HHC69A kataloğunda yok; başlıkta '220VA' yazım hatası.";"Katalog yazımı 'HHC69A-1Z-12D-10A' (1Z/2Z kontak, akım 5/10/16 A). Üretici: NICERELAY Co. Ltd. (NCR, Hong Kong; ncr.hk). Satıcı başlığı 'NCR-CLİON' diyor; HHC tip adları Çin standart tip adlarıdır, CLION (NNC Electric, Yueqing) da aynı tipleri üretir. Görsel NCR ürün sayfasından. NCR HHC69A kataloğunda bobin yalnız 3/5/6/9/12/24 V DC; bu bobin gerilimi katalogda yok [TEYİT].";https://www.ankaracncmarket.com.tr/endustriyel-otomasyon-roleler/role-pcb-220va-5a-592843d12f434299d4bb
Röleler ve röle soketleri;NCR;HHC69A-2Z-48D-5A;;NCR HHC69A-2Z ince PCB rölesi, 2 C/O, bobin 48 V DC, 5 A (JQX-14FC tipi);"Kontak: 2C/O (2Z); Bobin: 48 V DC; Kontak akımı: 5 A 240 V AC / 28 V DC";ROLE-PCB-48VDC-5A;HHC69A-2C-48D;2,25;Üretici görseli var;seri;https://www.ncr.hk/a/Products/Relays/PCB_Relays/2015/1009/2.html;https://www.ncr.hk/uploads/allimg/210518/1-21051Q04212540.jpg;Düşük;"Site kodunda kontak '1C/2C' yazılıyor; katalog kodu '1Z/2Z'. 48 V DC bobin HHC69A kataloğunda yok.";"Katalog yazımı 'HHC69A-1Z-12D-10A' (1Z/2Z kontak, akım 5/10/16 A). Üretici: NICERELAY Co. Ltd. (NCR, Hong Kong; ncr.hk). Satıcı başlığı 'NCR-CLİON' diyor; HHC tip adları Çin standart tip adlarıdır, CLION (NNC Electric, Yueqing) da aynı tipleri üretir. Görsel NCR ürün sayfasından. NCR HHC69A kataloğunda bobin yalnız 3/5/6/9/12/24 V DC; bu bobin gerilimi katalogda yok [TEYİT].";https://www.ankaracncmarket.com.tr/endustriyel-otomasyon-roleler/role-pcb-48vdc-5a-11a8a6c77b21ebda20b6
Röleler ve röle soketleri;NCR;HHC70A-2C-12VAC;;NCR HHC70A-2C genel amaçlı soketli röle, 2 C/O, bobin 12 V AC, 10 A (MK2P muadili);"Kontak: 2C/O (2C); Bobin: 12 V AC; Kontak akımı: 10 A 250 V AC / 30 V DC (katalog); Muadil tip: MK2P / JQX-10F";NCR-CLİON RÖLE HHC70 - 2C - 12V AC;RL 64;6,0;Üretici görseli var;model;https://www.ncr.hk/a/Products/Relays/PCB_Relays/2015/1029/63.html;https://www.ncr.hk/uploads/151029/210312/1-21031210303G29.jpg;Orta;Site kodu 'RL 64' iç kod.;"Üretici: NICERELAY Co. Ltd. (NCR, Hong Kong; ncr.hk). Satıcı başlığı 'NCR-CLİON' diyor; HHC tip adları Çin standart tip adlarıdır, CLION (NNC Electric, Yueqing) da aynı tipleri üretir. Görsel NCR ürün sayfasından. NCR kataloğunda bobin kodu yalnız DC için '12D=12VDC' biçiminde gösteriliyor; AC bobinin kod yazımı katalogda açık değil, MPN'deki AC kısmı [TEYİT]. Başlıkta LED belirtilmediği için HHC70A seçildi; LED'li ise HHC70B [TEYİT].";https://www.ankaracncmarket.com.tr/endustriyel-otomasyon-roleler/ncr-clion-role-hhc70---2c---12v-ac-7350924c9c870a68e708
Röleler ve röle soketleri;NCR;HHC70A-2C-12VAC;;NCR HHC70A-2C genel amaçlı soketli röle, 2 C/O, bobin 12 V AC, 10 A (MK2P muadili);"Kontak: 2C/O (2C); Bobin: 12 V AC; Kontak akımı: 10 A 250 V AC / 30 V DC (katalog); Muadil tip: MK2P / JQX-10F";ROLE-MK2P-12VAC-10A;HHC70-2C-12VAC;6,0;Üretici görseli var;model;https://www.ncr.hk/a/Products/Relays/PCB_Relays/2015/1029/63.html;https://www.ncr.hk/uploads/151029/210312/1-21031210303G29.jpg;Orta;;"Üretici: NICERELAY Co. Ltd. (NCR, Hong Kong; ncr.hk). Satıcı başlığı 'NCR-CLİON' diyor; HHC tip adları Çin standart tip adlarıdır, CLION (NNC Electric, Yueqing) da aynı tipleri üretir. Görsel NCR ürün sayfasından. NCR kataloğunda bobin kodu yalnız DC için '12D=12VDC' biçiminde gösteriliyor; AC bobinin kod yazımı katalogda açık değil, MPN'deki AC kısmı [TEYİT]. Başlıkta LED belirtilmediği için HHC70A seçildi; LED'li ise HHC70B [TEYİT].";https://www.ankaracncmarket.com.tr/endustriyel-otomasyon-roleler/role-mk2p-12vac-10a-228c759c2fe9b3432b82
Röleler ve röle soketleri;NCR;HHC70A-2C-48D;;NCR HHC70A-2C genel amaçlı soketli röle, 2 C/O, bobin 48 V DC, 10 A (MK2P muadili);"Kontak: 2C/O (2C); Bobin: 48 V DC; Kontak akımı: 10 A 250 V AC / 30 V DC (katalog); Muadil tip: MK2P / JQX-10F";ROLE-MK2P-48VDC-10A;HHC70-2C-48D-MK2P;6,0;Üretici görseli var;model;https://www.ncr.hk/a/Products/Relays/PCB_Relays/2015/1029/63.html;https://www.ncr.hk/uploads/151029/210312/1-21031210303G29.jpg;Orta;;"Üretici: NICERELAY Co. Ltd. (NCR, Hong Kong; ncr.hk). Satıcı başlığı 'NCR-CLİON' diyor; HHC tip adları Çin standart tip adlarıdır, CLION (NNC Electric, Yueqing) da aynı tipleri üretir. Görsel NCR ürün sayfasından. Başlıkta LED belirtilmediği için HHC70A seçildi; LED'li ise HHC70B [TEYİT].";https://www.ankaracncmarket.com.tr/endustriyel-otomasyon-roleler/role-mk2p-48vdc-10a-070b2f7efab63f65d083
Röleler ve röle soketleri;NCR;HHC70A-3C-110VAC;;NCR HHC70A-3C genel amaçlı soketli röle, 3 C/O, bobin 110 V AC, 10 A (MK3P muadili);"Kontak: 3C/O (3C); Bobin: 110 V AC; Kontak akımı: 10 A 250 V AC / 30 V DC (katalog); Muadil tip: MK3P / JQX-10F";ROLE-MK3P-110VAC-10A;HHC70-3C-110VAC-MK3P;7,5;Üretici görseli var;model;https://www.ncr.hk/a/Products/Relays/PCB_Relays/2015/1029/64.html;https://www.ncr.hk/uploads/allimg/210312/1_1037511151.jpg;Orta;"NCR HHC70 kataloğunda AC bobin listesi 12/24/48/220 V AC; 110 V AC listede yok [TEYİT].";"Üretici: NICERELAY Co. Ltd. (NCR, Hong Kong; ncr.hk). Satıcı başlığı 'NCR-CLİON' diyor; HHC tip adları Çin standart tip adlarıdır, CLION (NNC Electric, Yueqing) da aynı tipleri üretir. Görsel NCR ürün sayfasından. NCR kataloğunda bobin kodu yalnız DC için '12D=12VDC' biçiminde gösteriliyor; AC bobinin kod yazımı katalogda açık değil, MPN'deki AC kısmı [TEYİT]. Başlıkta LED belirtilmediği için HHC70A seçildi; LED'li ise HHC70B [TEYİT].";https://www.ankaracncmarket.com.tr/endustriyel-otomasyon-roleler/role-mk3p-110vac-10a-73ff0691c28fd4e63732
Röleler ve röle soketleri;NCR;HHC70A-3C-12D;;NCR HHC70A-3C genel amaçlı soketli röle, 3 C/O, bobin 12 V DC, 10 A (MK3P muadili);"Kontak: 3C/O (3C); Bobin: 12 V DC; Kontak akımı: 10 A 250 V AC / 30 V DC (katalog); Muadil tip: MK3P / JQX-10F";ROLE-JTX3T-12VDC-10A REESETLİ;HHC70-3C-12VDC-JQX10F;6,5;Üretici görseli var;model;https://www.ncr.hk/a/Products/Relays/PCB_Relays/2015/1029/64.html;https://www.ncr.hk/uploads/allimg/210312/1_1037511151.jpg;Orta;Başlıkta 'JTX3T' ve 'REESETLİ' yazım hatası.;"Üretici: NICERELAY Co. Ltd. (NCR, Hong Kong; ncr.hk). Satıcı başlığı 'NCR-CLİON' diyor; HHC tip adları Çin standart tip adlarıdır, CLION (NNC Electric, Yueqing) da aynı tipleri üretir. Görsel NCR ürün sayfasından. Başlıkta LED belirtilmediği için HHC70A seçildi; LED'li ise HHC70B [TEYİT].";https://www.ankaracncmarket.com.tr/endustriyel-otomasyon-roleler/role-jtx3t-12vdc-10a-reesetli-58ef909c7b5e0fec9b50
Röleler ve röle soketleri;NCR;HHC70A-3C-12VAC;;NCR HHC70A-3C genel amaçlı soketli röle, 3 C/O, bobin 12 V AC, 10 A (MK3P muadili);"Kontak: 3C/O (3C); Bobin: 12 V AC; Kontak akımı: 10 A 250 V AC / 30 V DC (katalog); Muadil tip: MK3P / JQX-10F";ROLE-JTX3T-12VAC-10A RESETLİ;HHC70-3C-12VAC-JQX10F;6,5;Üretici görseli var;model;https://www.ncr.hk/a/Products/Relays/PCB_Relays/2015/1029/64.html;https://www.ncr.hk/uploads/allimg/210312/1_1037511151.jpg;Orta;"Başlıkta 'JTX3T' muadil adı kullanılmış; HHC70 3C = MK3P / JQX-10F 3Z.";"Üretici: NICERELAY Co. Ltd. (NCR, Hong Kong; ncr.hk). Satıcı başlığı 'NCR-CLİON' diyor; HHC tip adları Çin standart tip adlarıdır, CLION (NNC Electric, Yueqing) da aynı tipleri üretir. Görsel NCR ürün sayfasından. NCR kataloğunda bobin kodu yalnız DC için '12D=12VDC' biçiminde gösteriliyor; AC bobinin kod yazımı katalogda açık değil, MPN'deki AC kısmı [TEYİT]. Başlıkta LED belirtilmediği için HHC70A seçildi; LED'li ise HHC70B [TEYİT].";https://www.ankaracncmarket.com.tr/endustriyel-otomasyon-roleler/role-jtx3t-12vac-10a-resetli-b127806ee0b8191378ba
Röleler ve röle soketleri;NCR;HHC70A-3C-220VAC;;NCR HHC70A-3C genel amaçlı soketli röle, 3 C/O, bobin 220 V AC, 10 A (MK3P muadili);"Kontak: 3C/O (3C); Bobin: 220 V AC; Kontak akımı: 10 A 250 V AC / 30 V DC (katalog); Muadil tip: MK3P / JQX-10F";ROLE-MK3P-220VAC-10A;HHC70-3C-220VAC-MK3P;7,5;Üretici görseli var;model;https://www.ncr.hk/a/Products/Relays/PCB_Relays/2015/1029/64.html;https://www.ncr.hk/uploads/allimg/210312/1_1037511151.jpg;Orta;;"Üretici: NICERELAY Co. Ltd. (NCR, Hong Kong; ncr.hk). Satıcı başlığı 'NCR-CLİON' diyor; HHC tip adları Çin standart tip adlarıdır, CLION (NNC Electric, Yueqing) da aynı tipleri üretir. Görsel NCR ürün sayfasından. NCR kataloğunda bobin kodu yalnız DC için '12D=12VDC' biçiminde gösteriliyor; AC bobinin kod yazımı katalogda açık değil, MPN'deki AC kısmı [TEYİT]. Başlıkta LED belirtilmediği için HHC70A seçildi; LED'li ise HHC70B [TEYİT].";https://www.ankaracncmarket.com.tr/endustriyel-otomasyon-roleler/role-mk3p-220vac-10a-351cca93930b97768ac3
Röleler ve röle soketleri;NCR;HHC70A-3C-48D;;NCR HHC70A-3C genel amaçlı soketli röle, 3 C/O, bobin 48 V DC, 10 A (MK3P muadili);"Kontak: 3C/O (3C); Bobin: 48 V DC; Kontak akımı: 10 A 250 V AC / 30 V DC (katalog); Muadil tip: MK3P / JQX-10F";ROLE-JTX3T-48VDC-10A RESETLİ;HHC70-3C-48VDC-JQX10F;6,5;Üretici görseli var;model;https://www.ncr.hk/a/Products/Relays/PCB_Relays/2015/1029/64.html;https://www.ncr.hk/uploads/allimg/210312/1_1037511151.jpg;Orta;;"Üretici: NICERELAY Co. Ltd. (NCR, Hong Kong; ncr.hk). Satıcı başlığı 'NCR-CLİON' diyor; HHC tip adları Çin standart tip adlarıdır, CLION (NNC Electric, Yueqing) da aynı tipleri üretir. Görsel NCR ürün sayfasından. Başlıkta LED belirtilmediği için HHC70A seçildi; LED'li ise HHC70B [TEYİT].";https://www.ankaracncmarket.com.tr/endustriyel-otomasyon-roleler/role-jtx3t-48vdc-10a-resetli-29fb171cc95e642451ce
Röleler ve röle soketleri;NCR;HHC70A-3C-48VAC;;NCR HHC70A-3C genel amaçlı soketli röle, 3 C/O, bobin 48 V AC, 10 A (MK3P muadili);"Kontak: 3C/O (3C); Bobin: 48 V AC; Kontak akımı: 10 A 250 V AC / 30 V DC (katalog); Muadil tip: MK3P / JQX-10F";ROLE-MK3P-48VAC-10A;HHC70-3C-48VAC-MK3P;6,5;Üretici görseli var;model;https://www.ncr.hk/a/Products/Relays/PCB_Relays/2015/1029/64.html;https://www.ncr.hk/uploads/allimg/210312/1_1037511151.jpg;Orta;;"Üretici: NICERELAY Co. Ltd. (NCR, Hong Kong; ncr.hk). Satıcı başlığı 'NCR-CLİON' diyor; HHC tip adları Çin standart tip adlarıdır, CLION (NNC Electric, Yueqing) da aynı tipleri üretir. Görsel NCR ürün sayfasından. NCR kataloğunda bobin kodu yalnız DC için '12D=12VDC' biçiminde gösteriliyor; AC bobinin kod yazımı katalogda açık değil, MPN'deki AC kısmı [TEYİT]. Başlıkta LED belirtilmediği için HHC70A seçildi; LED'li ise HHC70B [TEYİT].";https://www.ankaracncmarket.com.tr/endustriyel-otomasyon-roleler/role-mk3p-48vac-10a-dedafccda7b7f842015e
Röleler ve röle soketleri;NCR;HHC70B-2C-220VAC-L;;NCR HHC70B-2C genel amaçlı soketli röle, 2 C/O, bobin 220 V AC, 10 A, LED (MK2P muadili);"Kontak: 2C/O (2C); Bobin: 220 V AC; Kontak akımı: 10 A 250 V AC / 30 V DC (katalog); Muadil tip: MK2P / JQX-10F";ROLE-MK2P-220VAC-10A LEDLİ RESETLİ;HHC70-2C-220AC;7,0;Üretici görseli var;model;https://www.ncr.hk/a/Products/Relays/PCB_Relays/2015/1029/65.html;https://www.ncr.hk/uploads/allimg/210312/1_1050027291.jpg;Orta;"Site kodu 'HHC70-…' seri harfini (A/B) belirtmiyor; başlık LED'li diyor.";"Üretici: NICERELAY Co. Ltd. (NCR, Hong Kong; ncr.hk). Satıcı başlığı 'NCR-CLİON' diyor; HHC tip adları Çin standart tip adlarıdır, CLION (NNC Electric, Yueqing) da aynı tipleri üretir. Görsel NCR ürün sayfasından. NCR kataloğunda bobin kodu yalnız DC için '12D=12VDC' biçiminde gösteriliyor; AC bobinin kod yazımı katalogda açık değil, MPN'deki AC kısmı [TEYİT]. Başlıktaki 'LEDLİ' nedeniyle LED'li HHC70B-…-L seçildi (HHC70A katalogda LED seçeneği yok); [TEYİT].";https://www.ankaracncmarket.com.tr/endustriyel-otomasyon-roleler/role-mk2p-220vac-10a-ledli-resetli-76bb684a2aa2ce50558c
Röleler ve röle soketleri;NCR;HHC70B-2C-24D-L;;NCR HHC70B-2C genel amaçlı soketli röle, 2 C/O, bobin 24 V DC, 10 A, LED (MK2P muadili);"Kontak: 2C/O (2C); Bobin: 24 V DC; Kontak akımı: 10 A 250 V AC / 30 V DC (katalog); Muadil tip: MK2P / JQX-10F";ROLE-MK2P-24VDC-10A LEDLİ RESETLİ;HHC70-2C-24VDC;6,0;Üretici görseli var;model;https://www.ncr.hk/a/Products/Relays/PCB_Relays/2015/1029/65.html;https://www.ncr.hk/uploads/allimg/210312/1_1050027291.jpg;Orta;"Site kodu 'HHC70-…' seri harfini (A/B) belirtmiyor; başlık LED'li diyor.";"Üretici: NICERELAY Co. Ltd. (NCR, Hong Kong; ncr.hk). Satıcı başlığı 'NCR-CLİON' diyor; HHC tip adları Çin standart tip adlarıdır, CLION (NNC Electric, Yueqing) da aynı tipleri üretir. Görsel NCR ürün sayfasından. Başlıktaki 'LEDLİ' nedeniyle LED'li HHC70B-…-L seçildi (HHC70A katalogda LED seçeneği yok); [TEYİT].";https://www.ankaracncmarket.com.tr/endustriyel-otomasyon-roleler/role-mk2p-24vdc-10a-ledli-resetli-12afc7daa000d61b9b0a
Röleler ve röle soketleri;NCR;HHC70B-2C-24VAC-L;;NCR HHC70B-2C genel amaçlı soketli röle, 2 C/O, bobin 24 V AC, 10 A, LED (MK2P muadili);"Kontak: 2C/O (2C); Bobin: 24 V AC; Kontak akımı: 10 A 250 V AC / 30 V DC (katalog); Muadil tip: MK2P / JQX-10F";ROLE-MK2P-24VAC-10A LEDLİ RESETLİ;HHC70B-2C-24VAC;6,0;Üretici görseli var;model;https://www.ncr.hk/a/Products/Relays/PCB_Relays/2015/1029/65.html;https://www.ncr.hk/uploads/allimg/210312/1_1050027291.jpg;Orta;;"Üretici: NICERELAY Co. Ltd. (NCR, Hong Kong; ncr.hk). Satıcı başlığı 'NCR-CLİON' diyor; HHC tip adları Çin standart tip adlarıdır, CLION (NNC Electric, Yueqing) da aynı tipleri üretir. Görsel NCR ürün sayfasından. NCR kataloğunda bobin kodu yalnız DC için '12D=12VDC' biçiminde gösteriliyor; AC bobinin kod yazımı katalogda açık değil, MPN'deki AC kısmı [TEYİT]. Başlıktaki 'LEDLİ' nedeniyle LED'li HHC70B-…-L seçildi (HHC70A katalogda LED seçeneği yok); [TEYİT].";https://www.ankaracncmarket.com.tr/endustriyel-otomasyon-roleler/role-mk2p-24vac-10a-ledli-resetli-51bd23b1b734b51fac95
Röleler ve röle soketleri;NCR;HHC70B-2C-48VAC;;NCR HHC70B-2C genel amaçlı soketli röle, 2 C/O, bobin 48 V AC, 10 A (MK2P muadili);"Kontak: 2C/O (2C); Bobin: 48 V AC; Kontak akımı: 10 A 250 V AC / 30 V DC (katalog); Muadil tip: MK2P / JQX-10F";ROLE-MK2P-48VAC-10A;HHC70B-2C-48VAC-MK2P;6,0;Üretici görseli var;model;https://www.ncr.hk/a/Products/Relays/PCB_Relays/2015/1029/65.html;https://www.ncr.hk/uploads/allimg/210312/1_1050027291.jpg;Orta;;"Üretici: NICERELAY Co. Ltd. (NCR, Hong Kong; ncr.hk). Satıcı başlığı 'NCR-CLİON' diyor; HHC tip adları Çin standart tip adlarıdır, CLION (NNC Electric, Yueqing) da aynı tipleri üretir. Görsel NCR ürün sayfasından. NCR kataloğunda bobin kodu yalnız DC için '12D=12VDC' biçiminde gösteriliyor; AC bobinin kod yazımı katalogda açık değil, MPN'deki AC kısmı [TEYİT]. Site kodu HHC70B diyor; başlıkta LED belirtilmemiş, LED'siz HHC70B de olabilir [TEYİT].";https://www.ankaracncmarket.com.tr/endustriyel-otomasyon-roleler/role-mk2p-48vac-10a-8489beb9beb6a33f5dc8
Röleler ve röle soketleri;NCR;HHC70B-3C-24D-L;;NCR HHC70B-3C genel amaçlı soketli röle, 3 C/O, bobin 24 V DC, 10 A, LED (MK3P muadili);"Kontak: 3C/O (3C); Bobin: 24 V DC; Kontak akımı: 10 A 250 V AC / 30 V DC (katalog); Muadil tip: MK3P / JQX-10F";ROLE-JTX3T-24VDC-10A LEDLİ RESETLİ;HHC70-3C-24VDC-JQX10F;6,5;Üretici görseli var;model;https://www.ncr.hk/a/Products/Relays/PCB_Relays/2015/1029/66.html;https://www.ncr.hk/uploads/allimg/210312/1_1105109521.jpg;Orta;;"Üretici: NICERELAY Co. Ltd. (NCR, Hong Kong; ncr.hk). Satıcı başlığı 'NCR-CLİON' diyor; HHC tip adları Çin standart tip adlarıdır, CLION (NNC Electric, Yueqing) da aynı tipleri üretir. Görsel NCR ürün sayfasından. Başlıktaki 'LEDLİ' nedeniyle LED'li HHC70B-…-L seçildi (HHC70A katalogda LED seçeneği yok); [TEYİT].";https://www.ankaracncmarket.com.tr/endustriyel-otomasyon-roleler/role-jtx3t-24vdc-10a-ledli-resetli-f9d1363e072a0d162a42
Röleler ve röle soketleri;NCR;HHC70B-3C-24VAC-L;;NCR HHC70B-3C genel amaçlı soketli röle, 3 C/O, bobin 24 V AC, 10 A, LED (MK3P muadili);"Kontak: 3C/O (3C); Bobin: 24 V AC; Kontak akımı: 10 A 250 V AC / 30 V DC (katalog); Muadil tip: MK3P / JQX-10F";ROLE-JTX3T-24VAC-10A LEDLİ RESETLİ;HHC70-3C-24VAC-JQX10F;6,5;Üretici görseli var;model;https://www.ncr.hk/a/Products/Relays/PCB_Relays/2015/1029/66.html;https://www.ncr.hk/uploads/allimg/210312/1_1105109521.jpg;Orta;;"Üretici: NICERELAY Co. Ltd. (NCR, Hong Kong; ncr.hk). Satıcı başlığı 'NCR-CLİON' diyor; HHC tip adları Çin standart tip adlarıdır, CLION (NNC Electric, Yueqing) da aynı tipleri üretir. Görsel NCR ürün sayfasından. NCR kataloğunda bobin kodu yalnız DC için '12D=12VDC' biçiminde gösteriliyor; AC bobinin kod yazımı katalogda açık değil, MPN'deki AC kısmı [TEYİT]. Başlıktaki 'LEDLİ' nedeniyle LED'li HHC70B-…-L seçildi (HHC70A katalogda LED seçeneği yok); [TEYİT].";https://www.ankaracncmarket.com.tr/endustriyel-otomasyon-roleler/role-jtx3t-24vac-10a-ledli-resetli-22186f2c1c3628c78a86
Röleler ve röle soketleri;NCR;HHC71A-2C-220VAC;;NCR HHC71A-2C yüksek akım rölesi, 2 C/O, bobin 220 V AC, 30 A (JQX-30F muadili);"Kontak: 2C/O; Bobin: 220 V AC; Kontak akımı: 30 A 250 V AC / 28 V DC (katalog); Muadil tip: JQX-30F";ROLE-JQX30F-220VDC-30A;HHC71A-2C-220AC;20,0;Üretici görseli var;seri;https://www.ncr.hk/a/Products/Relays/PCB_Relays/2015/1029/67.html;https://www.ncr.hk/uploads/allimg/210312/1_1113025881.jpg;Orta;"Kod AC (220AC) diyor, başlık 'JQX30F-220VDC'; HHC71A kataloğunda 220 V DC bobin yok (DC: 12/24/48/110 V), 220 V AC seçildi.";"Katalog yazımı 'HHC71A-1C-12D'. Üretici: NICERELAY Co. Ltd. (NCR, Hong Kong; ncr.hk). Satıcı başlığı 'NCR-CLİON' diyor; HHC tip adları Çin standart tip adlarıdır, CLION (NNC Electric, Yueqing) da aynı tipleri üretir. Görsel NCR ürün sayfasından. NCR kataloğunda bobin kodu yalnız DC için '12D=12VDC' biçiminde gösteriliyor; AC bobinin kod yazımı katalogda açık değil, MPN'deki AC kısmı [TEYİT].";https://www.ankaracncmarket.com.tr/endustriyel-otomasyon-roleler/role-jqx30f-220vdc-30a-6292ff5fa72327101b33
Röleler ve röle soketleri;NCR;HHC71A-2C-24D;;NCR HHC71A-2C yüksek akım rölesi, 2 C/O, bobin 24 V DC, 30 A (JQX-30F muadili);"Kontak: 2C/O; Bobin: 24 V DC; Kontak akımı: 30 A 250 V AC / 28 V DC (katalog); Muadil tip: JQX-30F";ROLE-JQX30F-24VDC-30A;HHC71A-2C-24VDC;20,0;Üretici görseli var;seri;https://www.ncr.hk/a/Products/Relays/PCB_Relays/2015/1029/67.html;https://www.ncr.hk/uploads/allimg/210312/1_1113025881.jpg;Yüksek;;"Katalog yazımı 'HHC71A-1C-12D'. Üretici: NICERELAY Co. Ltd. (NCR, Hong Kong; ncr.hk). Satıcı başlığı 'NCR-CLİON' diyor; HHC tip adları Çin standart tip adlarıdır, CLION (NNC Electric, Yueqing) da aynı tipleri üretir. Görsel NCR ürün sayfasından.";https://www.ankaracncmarket.com.tr/endustriyel-otomasyon-roleler/role-jqx30f-24vdc-30a-9d099a4d5f33f848142b
Röleler ve röle soketleri;NCR;NNC68AZL-2C-AC24V;;NCR NNC68AZL-2C genel amaçlı röle, 2 C/O, bobin 24 V AC, 12 A, LED ve döner kilitli test butonlu (LY2 tipi);"Kontak: 2C/O; Bobin: 24 V AC; Kontak akımı: 12 A 240 V AC / 28 V DC; Özellik: LED gösterge (L), döner kilit mekanizması (Z)";ROLE-LY2-24VAC-12A;NNC68AZL-2C-24AC;6,78;Üretici görseli var;model;https://www.ncr.hk/a/Products/Relays/PCB_Relays/2019/0917/323.html;https://www.ncr.hk/uploads/allimg/210313/1_1004218131.jpg;Yüksek;"Kategori 'HHC68A' altında ama ürün NNC68AZL serisi; başlık 'LY2' muadil adını kullanıyor.";"Katalog yazım örneği 'NNC68AZL-2C-DC12V'. NNC öneki CLION/NNC Electric serisine ait; NCR de kendi sitesinde aynı seriyi veri sayfasıyla yayınlıyor. Üretici: NICERELAY Co. Ltd. (NCR, Hong Kong; ncr.hk). Satıcı başlığı 'NCR-CLİON' diyor; HHC tip adları Çin standart tip adlarıdır, CLION (NNC Electric, Yueqing) da aynı tipleri üretir. Görsel NCR ürün sayfasından.";https://www.ankaracncmarket.com.tr/endustriyel-otomasyon-roleler/role-ly2-24vac-12a-fb3837caf0439904f685
Röleler ve röle soketleri;NCR;NNC68BZL-4Z-AC220V;;NCR NNC68BZL-4Z minyatür röle, 4 C/O, bobin 220 V AC, 5 A, LED ve döner kilitli test butonlu (MY4 tipi);"Kontak: 4C/O (4Z); Bobin: 220 V AC; Kontak akımı: maks. 5 A, 240 V AC / 28 V DC (katalog); Özellik: LED gösterge (L), döner kilit mekanizması (Z)";ROLE-MY4-220VAC-10A;NNC68BZL-4C-220AC;6,0;Üretici görseli var;model;https://www.ncr.hk/a/Products/Relays/PCB_Relays/2019/0917/326.html;https://www.ncr.hk/uploads/allimg/210313/1_1017226301.jpg;Yüksek;"Site kodunda '4C' yazılıyor; katalogda kontak kodu '4Z'. Başlıkta 10 A yazıyor; katalogda maks. 5 A.";"Katalog yazım örneği 'NNC68BZL-4Z-DC12V'. NNC öneki CLION/NNC Electric serisine ait; NCR de aynı seriyi kendi sitesinde veri sayfasıyla yayınlıyor. Üretici: NICERELAY Co. Ltd. (NCR, Hong Kong; ncr.hk). Satıcı başlığı 'NCR-CLİON' diyor; HHC tip adları Çin standart tip adlarıdır, CLION (NNC Electric, Yueqing) da aynı tipleri üretir. Görsel NCR ürün sayfasından.";https://www.ankaracncmarket.com.tr/endustriyel-otomasyon-roleler/role-my4-220vac-10a-f874df6405860f9590b4
Röleler ve röle soketleri;NCR;NNC68BZL-4Z-AC24V;;NCR NNC68BZL-4Z minyatür röle, 4 C/O, bobin 24 V AC, 5 A, LED ve döner kilitli test butonlu (MY4 tipi);"Kontak: 4C/O (4Z); Bobin: 24 V AC; Kontak akımı: maks. 5 A, 240 V AC / 28 V DC (katalog); Özellik: LED gösterge (L), döner kilit mekanizması (Z)";ROLE-MY4-24VAC-10A;NNC68BZL-4C-24VAC;4,0;Üretici görseli var;model;https://www.ncr.hk/a/Products/Relays/PCB_Relays/2019/0917/326.html;https://www.ncr.hk/uploads/allimg/210313/1_1017226301.jpg;Yüksek;"Site kodunda '4C' yazılıyor; katalogda kontak kodu '4Z'. Başlıkta 10 A yazıyor; katalogda maks. 5 A.";"Katalog yazım örneği 'NNC68BZL-4Z-DC12V'. NNC öneki CLION/NNC Electric serisine ait; NCR de aynı seriyi kendi sitesinde veri sayfasıyla yayınlıyor. Üretici: NICERELAY Co. Ltd. (NCR, Hong Kong; ncr.hk). Satıcı başlığı 'NCR-CLİON' diyor; HHC tip adları Çin standart tip adlarıdır, CLION (NNC Electric, Yueqing) da aynı tipleri üretir. Görsel NCR ürün sayfasından.";https://www.ankaracncmarket.com.tr/endustriyel-otomasyon-roleler/role-my4-24vac-10a-cc071c92455a94947b42
Röleler ve röle soketleri;NCR;NNC68BZL-4Z-DC12V;;NCR NNC68BZL-4Z minyatür röle, 4 C/O, bobin 12 V DC, 5 A, LED ve döner kilitli test butonlu (MY4 tipi);"Kontak: 4C/O (4Z); Bobin: 12 V DC; Kontak akımı: maks. 5 A, 240 V AC / 28 V DC (katalog); Özellik: LED gösterge (L), döner kilit mekanizması (Z)";ROLE-MY4-12VDC-10A;NNC68BZL-4C-12VDC;4,0;Üretici görseli var;model;https://www.ncr.hk/a/Products/Relays/PCB_Relays/2019/0917/326.html;https://www.ncr.hk/uploads/allimg/210313/1_1017226301.jpg;Yüksek;"Site kodunda '4C' yazılıyor; katalogda kontak kodu '4Z'. Başlıkta 10 A yazıyor; katalogda maks. anahtarlama akımı 5 A.";"Katalog yazım örneği 'NNC68BZL-4Z-DC12V'. NNC öneki CLION/NNC Electric serisine ait; NCR de aynı seriyi kendi sitesinde veri sayfasıyla yayınlıyor. Üretici: NICERELAY Co. Ltd. (NCR, Hong Kong; ncr.hk). Satıcı başlığı 'NCR-CLİON' diyor; HHC tip adları Çin standart tip adlarıdır, CLION (NNC Electric, Yueqing) da aynı tipleri üretir. Görsel NCR ürün sayfasından.";https://www.ankaracncmarket.com.tr/endustriyel-otomasyon-roleler/role-my4-12vdc-10a-54ee1e138e1f06ea00a9
Röleler ve röle soketleri;NCR;NNC68BZL-4Z-DC24V;;NCR NNC68BZL-4Z minyatür röle, 4 C/O, bobin 24 V DC, 5 A, LED ve döner kilitli test butonlu (MY4 tipi);"Kontak: 4C/O (4Z); Bobin: 24 V DC; Kontak akımı: maks. 5 A, 240 V AC / 28 V DC (katalog); Özellik: LED gösterge (L), döner kilit mekanizması (Z)";NNC68BZL- 4C -24V DC;NNC68BZL-4C- 24 VDC;4,0;Üretici görseli var;model;https://www.ncr.hk/a/Products/Relays/PCB_Relays/2019/0917/326.html;https://www.ncr.hk/uploads/allimg/210313/1_1017226301.jpg;Yüksek;"Site kodunda '4C' yazılıyor; katalogda kontak kodu '4Z'.";"Katalog yazım örneği 'NNC68BZL-4Z-DC12V'. NNC öneki CLION/NNC Electric serisine ait; NCR de aynı seriyi kendi sitesinde veri sayfasıyla yayınlıyor. Üretici: NICERELAY Co. Ltd. (NCR, Hong Kong; ncr.hk). Satıcı başlığı 'NCR-CLİON' diyor; HHC tip adları Çin standart tip adlarıdır, CLION (NNC Electric, Yueqing) da aynı tipleri üretir. Görsel NCR ürün sayfasından.";https://www.ankaracncmarket.com.tr/endustriyel-otomasyon-roleler/nnc68bzl--4c--24v-dc-8d2b423b8dd57a2240c5
Röleler ve röle soketleri;NCR;NNC69KTL-1Z-12VDC;;NCR NNC69KTL-1Z minyatür röle, 1 C/O, bobin 12 V DC, test butonlu ve LED'li;"Kontak: 1C/O (1Z); Bobin: 12 V DC; Kontak akımı: NO 15 A / NC 12 A, 277 V AC / 30 V DC; Özellik: Test butonu (T), LED (L)";NNC69KTL-1Z 12 DC;NNC69KTL 1Z 12VDC;4,2;Üretici görseli var;model;https://www.ncr.hk/a/Products/Relays/PCB_Relays/2019/0917/327.html;https://www.ncr.hk/uploads/allimg/210518/1_1056529941.jpg;Yüksek;;"Katalog yazım örneği 'NNC69KTLX-1Z-12VDC' (T=test butonu, L=LED, X=diyot). NNC öneki CLION/NNC Electric serisine ait; NCR de aynı seriyi yayınlıyor. Üretici: NICERELAY Co. Ltd. (NCR, Hong Kong; ncr.hk). Satıcı başlığı 'NCR-CLİON' diyor; HHC tip adları Çin standart tip adlarıdır, CLION (NNC Electric, Yueqing) da aynı tipleri üretir. Görsel NCR ürün sayfasından.";https://www.ankaracncmarket.com.tr/endustriyel-otomasyon-roleler/nnc69ktl-1z-12-dc-b1bd8711076979694bfb
Röleler ve röle soketleri;NCR;NNC69KTL-1Z-220VAC;;NCR NNC69KTL-1Z minyatür röle, 1 C/O, bobin 220 V AC, test butonlu ve LED'li;"Kontak: 1C/O (1Z); Bobin: 220 V AC; Kontak akımı: NO 15 A / NC 12 A, 277 V AC / 30 V DC; Özellik: Test butonu (T), LED (L)";NNC69KTL-1Z 220AC;NNC69KT- 1Z 220 AC;4,5;Üretici görseli var;model;https://www.ncr.hk/a/Products/Relays/PCB_Relays/2019/0917/327.html;https://www.ncr.hk/uploads/allimg/210518/1_1056529941.jpg;Yüksek;"Site kodu 'NNC69KT- 1Z 220 AC' eksik yazılmış ('L' harfi yok); başlık NNC69KTL.";"Katalog yazım örneği 'NNC69KTLX-1Z-12VDC' (T=test butonu, L=LED, X=diyot). NNC öneki CLION/NNC Electric serisine ait; NCR de aynı seriyi yayınlıyor. Üretici: NICERELAY Co. Ltd. (NCR, Hong Kong; ncr.hk). Satıcı başlığı 'NCR-CLİON' diyor; HHC tip adları Çin standart tip adlarıdır, CLION (NNC Electric, Yueqing) da aynı tipleri üretir. Görsel NCR ürün sayfasından.";https://www.ankaracncmarket.com.tr/endustriyel-otomasyon-roleler/nnc69ktl-1z-220ac-057986ec9c0d3a270175
Röleler ve röle soketleri;NCR;NNC69KTL-2Z-12VDC;;NCR NNC69KTL-2Z minyatür röle, 2 C/O, bobin 12 V DC, test butonlu ve LED'li;"Kontak: 2C/O (2Z); Bobin: 12 V DC; Kontak akımı: maks. 8 A, 277 V AC / 30 V DC; Özellik: Test butonu (T), LED (L)";ROLE-PCB-12VDC-8A;NNC69KTL-2Z 12C DC;4,5;Üretici görseli var;model;https://www.ncr.hk/a/Products/Relays/PCB_Relays/2019/0917/328.html;https://www.ncr.hk/uploads/allimg/210518/1_1111512581.jpg;Yüksek;"Başlık 'ROLE-PCB' diyor ama NNC69KTL soketli, test butonlu tip; site kodu '12C DC' hatalı yazım.";"Katalog yazım örneği 'NNC69KTLX-1Z-12VDC' (T=test butonu, L=LED, X=diyot). NNC öneki CLION/NNC Electric serisine ait; NCR de aynı seriyi yayınlıyor. Üretici: NICERELAY Co. Ltd. (NCR, Hong Kong; ncr.hk). Satıcı başlığı 'NCR-CLİON' diyor; HHC tip adları Çin standart tip adlarıdır, CLION (NNC Electric, Yueqing) da aynı tipleri üretir. Görsel NCR ürün sayfasından.";https://www.ankaracncmarket.com.tr/endustriyel-otomasyon-roleler/role-pcb-12vdc-8a-619e826e890dd552b4ec
Röleler ve röle soketleri;NCR;NNC69KTL-2Z-220VAC;;NCR NNC69KTL-2Z minyatür röle, 2 C/O, bobin 220 V AC, test butonlu ve LED'li;"Kontak: 2C/O (2Z); Bobin: 220 V AC; Kontak akımı: maks. 8 A, 277 V AC / 30 V DC; Özellik: Test butonu (T), LED (L)";NNC69KTL-2Z 220V AC;NNC69KTL-2Z;4,8;Üretici görseli var;model;https://www.ncr.hk/a/Products/Relays/PCB_Relays/2019/0917/328.html;https://www.ncr.hk/uploads/allimg/210518/1_1111512581.jpg;Yüksek;;"Katalog yazım örneği 'NNC69KTLX-1Z-12VDC' (T=test butonu, L=LED, X=diyot). NNC öneki CLION/NNC Electric serisine ait; NCR de aynı seriyi yayınlıyor. Üretici: NICERELAY Co. Ltd. (NCR, Hong Kong; ncr.hk). Satıcı başlığı 'NCR-CLİON' diyor; HHC tip adları Çin standart tip adlarıdır, CLION (NNC Electric, Yueqing) da aynı tipleri üretir. Görsel NCR ürün sayfasından.";https://www.ankaracncmarket.com.tr/endustriyel-otomasyon-roleler/nnc69ktl-2z-220v-ac-5e9c21715c8041a103b3
Röleler ve röle soketleri;NCR;NNC69KTL-2Z-24VAC;;NCR NNC69KTL-2Z minyatür röle, 2 C/O, bobin 24 V AC, test butonlu ve LED'li;"Kontak: 2C/O (2Z); Bobin: 24 V AC; Kontak akımı: maks. 8 A, 277 V AC / 30 V DC; Özellik: Test butonu (T), LED (L)";NNC69KTL-2Z 24 AC;NNC69KTL-2Z 24 AC;4,8;Üretici görseli var;model;https://www.ncr.hk/a/Products/Relays/PCB_Relays/2019/0917/328.html;https://www.ncr.hk/uploads/allimg/210518/1_1111512581.jpg;Yüksek;;"Katalog yazım örneği 'NNC69KTLX-1Z-12VDC' (T=test butonu, L=LED, X=diyot). NNC öneki CLION/NNC Electric serisine ait; NCR de aynı seriyi yayınlıyor. Üretici: NICERELAY Co. Ltd. (NCR, Hong Kong; ncr.hk). Satıcı başlığı 'NCR-CLİON' diyor; HHC tip adları Çin standart tip adlarıdır, CLION (NNC Electric, Yueqing) da aynı tipleri üretir. Görsel NCR ürün sayfasından.";https://www.ankaracncmarket.com.tr/endustriyel-otomasyon-roleler/nnc69ktl-2z-24-ac-26fc23a1772f0c43dbc5
Röleler ve röle soketleri;NCR;NNC69KTL-2Z-24VDC;;NCR NNC69KTL-2Z minyatür röle, 2 C/O, bobin 24 V DC, test butonlu ve LED'li;"Kontak: 2C/O (2Z); Bobin: 24 V DC; Kontak akımı: maks. 8 A, 277 V AC / 30 V DC; Özellik: Test butonu (T), LED (L)";NNC69KTL-2Z 24 DC;NNC69KTL- 2Z 24 DC;4,5;Üretici görseli var;model;https://www.ncr.hk/a/Products/Relays/PCB_Relays/2019/0917/328.html;https://www.ncr.hk/uploads/allimg/210518/1_1111512581.jpg;Yüksek;;"Katalog yazım örneği 'NNC69KTLX-1Z-12VDC' (T=test butonu, L=LED, X=diyot). NNC öneki CLION/NNC Electric serisine ait; NCR de aynı seriyi yayınlıyor. Üretici: NICERELAY Co. Ltd. (NCR, Hong Kong; ncr.hk). Satıcı başlığı 'NCR-CLİON' diyor; HHC tip adları Çin standart tip adlarıdır, CLION (NNC Electric, Yueqing) da aynı tipleri üretir. Görsel NCR ürün sayfasından.";https://www.ankaracncmarket.com.tr/endustriyel-otomasyon-roleler/nnc69ktl-2z-24-dc-75b88b6a92ac58fd2c14
Röleler ve röle soketleri;NCR;NNC69KTL-2Z-24VDC;;NCR NNC69KTL-2Z minyatür röle, 2 C/O, bobin 24 V DC, test butonlu ve LED'li;"Kontak: 2C/O (2Z); Bobin: 24 V DC; Kontak akımı: maks. 8 A, 277 V AC / 30 V DC; Özellik: Test butonu (T), LED (L)";ROLE-PCB-24VDC-8A;NNC69KTL-2Z-24D;4,2;Üretici görseli var;model;https://www.ncr.hk/a/Products/Relays/PCB_Relays/2019/0917/328.html;https://www.ncr.hk/uploads/allimg/210518/1_1111512581.jpg;Yüksek;Başlık 'ROLE-PCB' diyor ama NNC69KTL soketli tip. pid 2053 ile aynı ürün (mükerrer kayıt).;"Katalog yazım örneği 'NNC69KTLX-1Z-12VDC' (T=test butonu, L=LED, X=diyot). NNC öneki CLION/NNC Electric serisine ait; NCR de aynı seriyi yayınlıyor. Üretici: NICERELAY Co. Ltd. (NCR, Hong Kong; ncr.hk). Satıcı başlığı 'NCR-CLİON' diyor; HHC tip adları Çin standart tip adlarıdır, CLION (NNC Electric, Yueqing) da aynı tipleri üretir. Görsel NCR ürün sayfasından.";https://www.ankaracncmarket.com.tr/endustriyel-otomasyon-roleler/role-pcb-24vdc-8a-940973a6e8971a76e88e
Röleler ve röle soketleri;NCR;NRA04-C12D;;NCR NRA04-C12D otomotiv rölesi, 1 C/O, bobin 12 V DC, 40 A;"Kontak: 1C/O; Bobin: 12 V DC; Kontak akımı: 40 A (1C NO, 14 V DC)";ROLE-OTO-12VDC-40A;NRA04-C12D;2,5;Üretici görseli var;seri;https://www.ncr.hk/a/Products/Relays/PCB_Relays/2015/1029/37.html;https://www.ncr.hk/uploads/251203/NRA04.jpg;Yüksek;Kayıt 'HHC67G - 40 Amper Röle' kategorisinde ama kod NRA04.;"Katalog yazımı 'NRA-04-A-12D' (C=1C/O, A=NO; flanşlı tip için '-B' eki). Üretici: NICERELAY Co. Ltd. (NCR, Hong Kong; ncr.hk). Satıcı başlığı 'NCR-CLİON' diyor; HHC tip adları Çin standart tip adlarıdır, CLION (NNC Electric, Yueqing) da aynı tipleri üretir. Görsel NCR ürün sayfasından.";https://www.ankaracncmarket.com.tr/endustriyel-otomasyon-roleler/role-oto-12vdc-40a-65009ab29d07f2fbde2a
Röleler ve röle soketleri;NCR;NRA07-C12D;;NCR NRA07-C12D otomotiv rölesi, 1 C/O, bobin 12 V DC, 80 A;"Kontak: 1C/O; Bobin: 12 V DC; Kontak akımı: 80 A (1C NO) / 60 A (NC), 14 V DC";ROLE-OTO-12VDC-70A;NRA07-C12D;5,0;Üretici görseli var;seri;https://www.ncr.hk/a/Products/Relays/PCB_Relays/2015/1029/40.html;https://www.ncr.hk/uploads/251203/NRA07/NRA07.jpg;Yüksek;"Kayıt 'HHC67G - 70 Amper Röle' kategorisinde ama kod NRA07. Başlıkta 70 A; NCR kataloğunda NRA07 1C NO 80 A.";"Katalog yazımı 'NRA-07-A-12D' (C=1C/O, A=NO; flanşlı tip için '-B' eki). Üretici: NICERELAY Co. Ltd. (NCR, Hong Kong; ncr.hk). Satıcı başlığı 'NCR-CLİON' diyor; HHC tip adları Çin standart tip adlarıdır, CLION (NNC Electric, Yueqing) da aynı tipleri üretir. Görsel NCR ürün sayfasından.";https://www.ankaracncmarket.com.tr/endustriyel-otomasyon-roleler/role-oto-12vdc-70a-d0754dd6aafd2277cdad
Röleler ve röle soketleri;NCR;NRA07-C24D;;NCR NRA07-C24D otomotiv rölesi, 1 C/O, bobin 24 V DC, 80 A;"Kontak: 1C/O; Bobin: 24 V DC; Kontak akımı: 80 A (1C NO) / 60 A (NC), 14 V DC";ROLE-OTO-24VDC-70A;NRA07-C24D;5,0;Üretici görseli var;seri;https://www.ncr.hk/a/Products/Relays/PCB_Relays/2015/1029/40.html;https://www.ncr.hk/uploads/251203/NRA07/NRA07.jpg;Yüksek;"Kayıt 'HHC67G - 70 Amper Röle' kategorisinde ama kod NRA07. Başlıkta 70 A; NCR kataloğunda NRA07 1C NO 80 A.";"Katalog yazımı 'NRA-07-A-12D' (C=1C/O, A=NO; flanşlı tip için '-B' eki). Üretici: NICERELAY Co. Ltd. (NCR, Hong Kong; ncr.hk). Satıcı başlığı 'NCR-CLİON' diyor; HHC tip adları Çin standart tip adlarıdır, CLION (NNC Electric, Yueqing) da aynı tipleri üretir. Görsel NCR ürün sayfasından.";https://www.ankaracncmarket.com.tr/endustriyel-otomasyon-roleler/role-oto-24vdc-70a-86a5a6771612ed876e60
Röleler ve röle soketleri;NCR;NRA09-C12D;;NCR NRA09-C12D otomotiv rölesi, 1 C/O, bobin 12 V DC, 30 A;"Kontak: 1C/O; Bobin: 12 V DC; Kontak akımı: 30 A (NO) / 20 A (NC), 14 V DC";ROLE-OTO-12VDC-25A;NRA09-C12D;3,5;Üretici görseli var;seri;https://www.ncr.hk/a/Products/Relays/PCB_Relays/2015/1029/41.html;https://www.ncr.hk/uploads/210526/1-2105261A409414.jpg;Yüksek;"Başlıkta 25 A yazıyor; NCR NRA09 kataloğunda 1C: NO 30 A / NC 20 A.";"Katalog yazımı 'NRA-09-A-12D' (C=1C/O, A=NO; flanşlı tip için '-B' eki). Üretici: NICERELAY Co. Ltd. (NCR, Hong Kong; ncr.hk). Satıcı başlığı 'NCR-CLİON' diyor; HHC tip adları Çin standart tip adlarıdır, CLION (NNC Electric, Yueqing) da aynı tipleri üretir. Görsel NCR ürün sayfasından.";https://www.ankaracncmarket.com.tr/endustriyel-otomasyon-roleler/role-oto-12vdc-25a-96d0a802a24c0b5921f3
Röleler ve röle soketleri;NCR;NRA09-C24D;;NCR NRA09-C24D otomotiv rölesi, 1 C/O, bobin 24 V DC, 30 A;"Kontak: 1C/O; Bobin: 24 V DC; Kontak akımı: 30 A (NO) / 20 A (NC), 14 V DC";ROLE-OTO-24VDC-25A;NRA09-C24D;3,5;Üretici görseli var;seri;https://www.ncr.hk/a/Products/Relays/PCB_Relays/2015/1029/41.html;https://www.ncr.hk/uploads/210526/1-2105261A409414.jpg;Yüksek;"Başlıkta 25 A yazıyor; NCR NRA09 kataloğunda 1C: NO 30 A / NC 20 A.";"Katalog yazımı 'NRA-09-A-12D' (C=1C/O, A=NO; flanşlı tip için '-B' eki). Üretici: NICERELAY Co. Ltd. (NCR, Hong Kong; ncr.hk). Satıcı başlığı 'NCR-CLİON' diyor; HHC tip adları Çin standart tip adlarıdır, CLION (NNC Electric, Yueqing) da aynı tipleri üretir. Görsel NCR ürün sayfasından.";https://www.ankaracncmarket.com.tr/endustriyel-otomasyon-roleler/role-oto-24vdc-25a-0b5ebddef74650e4a955
Röleler ve röle soketleri;NCR;NRP04-C05DH;;NCR NRP04-C05DH telekom (sinyal) rölesi, 2 C/O, bobin 5 V DC, 0,20 W;"Kontak: 2C/O; Bobin: 5 V DC; Bobin gücü: 0,20 W (H); Kontak akımı: maks. 2 A; 1 A 120 V AC / 2 A 24 V DC";ROLE-TELEKOM-05VDC-1A;NRP04-C05DH-2C;1,0;Üretici görseli var;seri;https://www.ncr.hk/a/Products/Relays/PCB_Relays/2015/1028/16.html;https://www.ncr.hk/uploads/251203/PCB%20RELAY/NRP04.png;Yüksek;Site kodundaki '-2C' eki katalog yazımında yok (C zaten 2C/O).;"Katalog yazımı 'NRP04-C12DH' (H=0,20 W bobin).  Üretici: NICERELAY Co. Ltd. (NCR, Hong Kong; ncr.hk). Satıcı başlığı 'NCR-CLİON' diyor; HHC tip adları Çin standart tip adlarıdır, CLION (NNC Electric, Yueqing) da aynı tipleri üretir. Görsel NCR ürün sayfasından.";https://www.ankaracncmarket.com.tr/endustriyel-otomasyon-roleler/role-telekom-05vdc-1a-bfd769efba722da61ccc
Röleler ve röle soketleri;NCR;NRP04-C09DH;;NCR NRP04-C09DH telekom (sinyal) rölesi, 2 C/O, bobin 9 V DC, 0,20 W;"Kontak: 2C/O; Bobin: 9 V DC; Bobin gücü: 0,20 W (H); Kontak akımı: maks. 2 A; 1 A 120 V AC / 2 A 24 V DC";ROLE-TELEKOM-09VDC-1A;NRP04-C09DH-2C;1,0;Üretici görseli var;seri;https://www.ncr.hk/a/Products/Relays/PCB_Relays/2015/1028/16.html;https://www.ncr.hk/uploads/251203/PCB%20RELAY/NRP04.png;Yüksek;Site kodundaki '-2C' eki katalog yazımında yok (C zaten 2C/O).;"Katalog yazımı 'NRP04-C12DH' (H=0,20 W bobin).  Üretici: NICERELAY Co. Ltd. (NCR, Hong Kong; ncr.hk). Satıcı başlığı 'NCR-CLİON' diyor; HHC tip adları Çin standart tip adlarıdır, CLION (NNC Electric, Yueqing) da aynı tipleri üretir. Görsel NCR ürün sayfasından.";https://www.ankaracncmarket.com.tr/endustriyel-otomasyon-roleler/role-telekom-09vdc-1a-ab8408147f19445b8dae
Röleler ve röle soketleri;NCR;NRP04-C12DH;;NCR NRP04-C12DH telekom (sinyal) rölesi, 2 C/O, bobin 12 V DC, 0,20 W;"Kontak: 2C/O; Bobin: 12 V DC; Bobin gücü: 0,20 W (H); Kontak akımı: maks. 2 A; 1 A 120 V AC / 2 A 24 V DC";ROLE-TELEKOM-12VDC-1A;NRP04-C12DH-2C;1,5;Üretici görseli var;seri;https://www.ncr.hk/a/Products/Relays/PCB_Relays/2015/1028/16.html;https://www.ncr.hk/uploads/251203/PCB%20RELAY/NRP04.png;Yüksek;"Site kodundaki '-2C' eki katalog yazımında yok (C zaten 2C/O). Kayıt 'NRP26 - (ALD) Minyatür Röle' kategorisinde; ürün NRP04.";"Katalog yazımı 'NRP04-C12DH' (H=0,20 W bobin).  Üretici: NICERELAY Co. Ltd. (NCR, Hong Kong; ncr.hk). Satıcı başlığı 'NCR-CLİON' diyor; HHC tip adları Çin standart tip adlarıdır, CLION (NNC Electric, Yueqing) da aynı tipleri üretir. Görsel NCR ürün sayfasından.";https://www.ankaracncmarket.com.tr/endustriyel-otomasyon-roleler/role-telekom-12vdc-1a-4214610384772c6bc76d
Röleler ve röle soketleri;NCR;NRP04-C12DH;;NCR NRP04-C12DH telekom (sinyal) rölesi, 2 C/O, bobin 12 V DC, 0,20 W;"Kontak: 2C/O; Bobin: 12 V DC; Bobin gücü: 0,20 W (H); Kontak akımı: maks. 2 A; 1 A 120 V AC / 2 A 24 V DC";Telekom Röle - 12 VDC;RL 3;1,0;Üretici görseli var;seri;https://www.ncr.hk/a/Products/Relays/PCB_Relays/2015/1028/16.html;https://www.ncr.hk/uploads/251203/PCB%20RELAY/NRP04.png;Düşük;"Site kodundaki '-2C' eki katalog yazımında yok (C zaten 2C/O). Site kodu 'RL 3' iç kod; başlıkta model yok. Kategori NRP04 olduğu için NRP04 varsayıldı.";"Katalog yazımı 'NRP04-C12DH' (H=0,20 W bobin). Başlıkta yalnız 'Telekom Röle 12 VDC' yazıyor; NRP04 ve bobin gücü (H) varsayım [TEYİT]. pid 1549 ile aynı ürün olabilir. Üretici: NICERELAY Co. Ltd. (NCR, Hong Kong; ncr.hk). Satıcı başlığı 'NCR-CLİON' diyor; HHC tip adları Çin standart tip adlarıdır, CLION (NNC Electric, Yueqing) da aynı tipleri üretir. Görsel NCR ürün sayfasından.";https://www.ankaracncmarket.com.tr/endustriyel-otomasyon-roleler/telekom-role---12-vdc-14c65447dd5c4cc9160b
Röleler ve röle soketleri;NCR;NRP04-C24DH;;NCR NRP04-C24DH telekom (sinyal) rölesi, 2 C/O, bobin 24 V DC, 0,20 W;"Kontak: 2C/O; Bobin: 24 V DC; Bobin gücü: 0,20 W (H); Kontak akımı: maks. 2 A; 1 A 120 V AC / 2 A 24 V DC";ROLE-TELEKOM-24VDC-1A;NRP04-C24DH-2C;1,5;Üretici görseli var;seri;https://www.ncr.hk/a/Products/Relays/PCB_Relays/2015/1028/16.html;https://www.ncr.hk/uploads/251203/PCB%20RELAY/NRP04.png;Yüksek;"Site kodundaki '-2C' eki katalog yazımında yok (C zaten 2C/O). Kayıt 'NRP26 - (ALD) Minyatür Röle' kategorisinde; ürün NRP04.";"Katalog yazımı 'NRP04-C12DH' (H=0,20 W bobin).  Üretici: NICERELAY Co. Ltd. (NCR, Hong Kong; ncr.hk). Satıcı başlığı 'NCR-CLİON' diyor; HHC tip adları Çin standart tip adlarıdır, CLION (NNC Electric, Yueqing) da aynı tipleri üretir. Görsel NCR ürün sayfasından.";https://www.ankaracncmarket.com.tr/endustriyel-otomasyon-roleler/role-telekom-24vdc-1a-c3fa5c387d2b85cea055
Röleler ve röle soketleri;NCR;NRP04-C24DH;;NCR NRP04-C24DH telekom (sinyal) rölesi, 2 C/O, bobin 24 V DC, 0,20 W;"Kontak: 2C/O; Bobin: 24 V DC; Bobin gücü: 0,20 W (H); Kontak akımı: maks. 2 A; 1 A 120 V AC / 2 A 24 V DC";Telekom Röle - 24 VDC;RL 4;1,0;Üretici görseli var;seri;https://www.ncr.hk/a/Products/Relays/PCB_Relays/2015/1028/16.html;https://www.ncr.hk/uploads/251203/PCB%20RELAY/NRP04.png;Düşük;"Site kodundaki '-2C' eki katalog yazımında yok (C zaten 2C/O). Site kodu 'RL 4' iç kod; başlıkta model yok. Kategori NRP04 olduğu için NRP04 varsayıldı.";"Katalog yazımı 'NRP04-C12DH' (H=0,20 W bobin). Başlıkta yalnız 'Telekom Röle 24 VDC' yazıyor; NRP04 ve bobin gücü (H) varsayım [TEYİT]. pid 1550 ile aynı ürün olabilir. Üretici: NICERELAY Co. Ltd. (NCR, Hong Kong; ncr.hk). Satıcı başlığı 'NCR-CLİON' diyor; HHC tip adları Çin standart tip adlarıdır, CLION (NNC Electric, Yueqing) da aynı tipleri üretir. Görsel NCR ürün sayfasından.";https://www.ankaracncmarket.com.tr/endustriyel-otomasyon-roleler/telekom-role---24-vdc-01d690b3df39c034aecc
Röleler ve röle soketleri;NCR;NRP04-C48DH;;NCR NRP04-C48DH telekom (sinyal) rölesi, 2 C/O, bobin 48 V DC, 0,20 W;"Kontak: 2C/O; Bobin: 48 V DC; Bobin gücü: 0,20 W (H); Kontak akımı: maks. 2 A; 1 A 120 V AC / 2 A 24 V DC";ROLE-TELEKOM-48VDC-1A;NRP04-C48DH-2C;1,0;Üretici görseli var;seri;https://www.ncr.hk/a/Products/Relays/PCB_Relays/2015/1028/16.html;https://www.ncr.hk/uploads/251203/PCB%20RELAY/NRP04.png;Düşük;"Site kodundaki '-2C' eki katalog yazımında yok (C zaten 2C/O). Kayıt 'NRP07 M.Spot Röle' kategorisinde; ürün NRP04. NRP04 kataloğunda 48 V DC bobin yok (3–24 V DC).";"Katalog yazımı 'NRP04-C12DH' (H=0,20 W bobin). 48 V DC bobin katalogda yok; kod gerçek bir üretici kodu olmayabilir [TEYİT]. Üretici: NICERELAY Co. Ltd. (NCR, Hong Kong; ncr.hk). Satıcı başlığı 'NCR-CLİON' diyor; HHC tip adları Çin standart tip adlarıdır, CLION (NNC Electric, Yueqing) da aynı tipleri üretir. Görsel NCR ürün sayfasından.";https://www.ankaracncmarket.com.tr/endustriyel-otomasyon-roleler/role-telekom-48vdc-1a-23d78f50395e19544880
Röleler ve röle soketleri;NCR;NRP07-C05D;;NCR NRP07-C05D minyatür PCB rölesi, 1 C/O, bobin 5 V DC;"Kontak: 1C/O; Bobin: 5 V DC; Kontak akımı: 7 A 240 V AC / 28 V DC (standart), 10 A 277 V AC (yüksek kapasite)";ROLE-M.SPOT-5VDC-12A;NRP07-C05D-1C;0,6;Üretici görseli var;seri;https://www.ncr.hk/a/Products/Relays/PCB_Relays/2015/1009/3.html;https://www.ncr.hk/uploads/251203/PCB%20RELAY/NRP07.png;Orta;"Başlıkta 12 A yazıyor; NCR NRP07 kataloğunda 7 A / 10 A. Site kodundaki '-1C' eki katalog yazımında yok.";"Katalog yazımı 'NRP-07-C-12D' (C=1C/O). 7 A mı 10 A mı olduğu kodda ayrılmıyor; datasheet ile [TEYİT]. Üretici: NICERELAY Co. Ltd. (NCR, Hong Kong; ncr.hk). Satıcı başlığı 'NCR-CLİON' diyor; HHC tip adları Çin standart tip adlarıdır, CLION (NNC Electric, Yueqing) da aynı tipleri üretir. Görsel NCR ürün sayfasından.";https://www.ankaracncmarket.com.tr/endustriyel-otomasyon-roleler/role-m.spot-5vdc-12a-7110c25cf14d71c8ed7a
Röleler ve röle soketleri;NCR;NRP07-C09D;;NCR NRP07-C09D minyatür PCB rölesi, 1 C/O, bobin 9 V DC;"Kontak: 1C/O; Bobin: 9 V DC; Kontak akımı: 7 A 240 V AC / 28 V DC (standart), 10 A 277 V AC (yüksek kapasite)";ROLE-M.SPOT-9VDC-12A;NRP07-C09D-1C;0,6;Üretici görseli var;seri;https://www.ncr.hk/a/Products/Relays/PCB_Relays/2015/1009/3.html;https://www.ncr.hk/uploads/251203/PCB%20RELAY/NRP07.png;Orta;"Başlıkta 12 A yazıyor; NCR NRP07 kataloğunda 7 A / 10 A. Site kodundaki '-1C' eki katalog yazımında yok.";"Katalog yazımı 'NRP-07-C-12D' (C=1C/O). 7 A mı 10 A mı olduğu kodda ayrılmıyor; datasheet ile [TEYİT]. Üretici: NICERELAY Co. Ltd. (NCR, Hong Kong; ncr.hk). Satıcı başlığı 'NCR-CLİON' diyor; HHC tip adları Çin standart tip adlarıdır, CLION (NNC Electric, Yueqing) da aynı tipleri üretir. Görsel NCR ürün sayfasından.";https://www.ankaracncmarket.com.tr/endustriyel-otomasyon-roleler/role-m.spot-9vdc-12a-946b385f682d1459682e
Röleler ve röle soketleri;NCR;NRP07-C48D;;NCR NRP07-C48D minyatür PCB rölesi, 1 C/O, bobin 48 V DC;"Kontak: 1C/O; Bobin: 48 V DC; Kontak akımı: 7 A 240 V AC / 28 V DC (standart), 10 A 277 V AC (yüksek kapasite)";ROLE-M.SPOT-48VDC-12A;NRP07-C48D-1C;1,0;Üretici görseli var;seri;https://www.ncr.hk/a/Products/Relays/PCB_Relays/2015/1009/3.html;https://www.ncr.hk/uploads/251203/PCB%20RELAY/NRP07.png;Orta;"Başlıkta 12 A yazıyor; NCR NRP07 kataloğunda 7 A / 10 A. Site kodundaki '-1C' eki katalog yazımında yok. Kayıt 'NRP04 Telekom Röle' kategorisinde ama kod ve başlık NRP07 (1C, 'M.SPOT').";"Katalog yazımı 'NRP-07-C-12D' (C=1C/O). 7 A mı 10 A mı olduğu kodda ayrılmıyor; datasheet ile [TEYİT]. Üretici: NICERELAY Co. Ltd. (NCR, Hong Kong; ncr.hk). Satıcı başlığı 'NCR-CLİON' diyor; HHC tip adları Çin standart tip adlarıdır, CLION (NNC Electric, Yueqing) da aynı tipleri üretir. Görsel NCR ürün sayfasından.";https://www.ankaracncmarket.com.tr/endustriyel-otomasyon-roleler/role-m.spot-48vdc-12a-dec5f896c243e9f3334a
Röleler ve röle soketleri;NCR;PF083A;;NCR PF083A ray tipi röle soketi, 8 pin (HHC70-2C / MK2P için);"Pin: 8; Uyumlu röle: MK2P / HHC70-2C; Montaj: DIN ray";RÖLE SOKETİ PF083A - 3C - (HHC70);RS 14;3,0;Üretici görseli var;model;https://www.ncr.hk/a/Products/Relays/Sockets_for_Relays/2015/1029/134.html;https://www.ncr.hk/uploads/allimg/210416/1_1427241381.jpg;Orta;"Site kodu 'RS 14' iç kod. Başlık 'PF083A - 3C' diyor ama PF083A 8 pinli MK2 (2C) soketidir; 3C (MK3P) için doğru soket PF113A.";"Başlıktaki model adı (PF083A) esas alındı; ürün gerçekte 3C soketse PF113A olmalı [TEYİT]. Üretici: NICERELAY Co. Ltd. (NCR, Hong Kong; ncr.hk). Satıcı başlığı 'NCR-CLİON' diyor; HHC tip adları Çin standart tip adlarıdır, CLION (NNC Electric, Yueqing) da aynı tipleri üretir. Görsel NCR ürün sayfasından.";https://www.ankaracncmarket.com.tr/role-soketleri/role-soketi-pf083a---3c---hhc70-8c85aea86e676f3fac38
Röleler ve röle soketleri;NCR;PF113A;;NCR PF113A ray tipi röle soketi, 11 pin (HHC70-3C / MK3P için);"Pin: 11; Uyumlu röle: MK3P / HHC70-3C; Montaj: DIN ray";RÖLE SOKETİ PF113A - 3C - (HHC70);PF113A-3C(HHC70-MK3P);2,8;Üretici görseli var;model;https://www.ncr.hk/a/Products/Relays/Sockets_for_Relays/2015/1029/135.html;https://www.ncr.hk/uploads/allimg/210416/1_1447498951.jpg;Yüksek;;"Üretici: NICERELAY Co. Ltd. (NCR, Hong Kong; ncr.hk). Satıcı başlığı 'NCR-CLİON' diyor; HHC tip adları Çin standart tip adlarıdır, CLION (NNC Electric, Yueqing) da aynı tipleri üretir. Görsel NCR ürün sayfasından.";https://www.ankaracncmarket.com.tr/role-soketleri/role-soketi-pf113a---3c---hhc70-64f9d8aec94e4db9bc4b
Röleler ve röle soketleri;NCR;PTF11A;;NCR PTF11A ray tipi röle soketi, 11 pin (HHC68A-3C / LY3 için);"Pin: 11; Uyumlu röle: LY3 / HHC68A-3C; Montaj: DIN ray";RÖLE SOKETİ PTF11A - 3C - (HHC68A);RS 9;3,5;Üretici görseli var;model;https://www.ncr.hk/a/Products/Relays/Sockets_for_Relays/2021/0416/330.html;https://www.ncr.hk/uploads/allimg/210416/1_1500085321.jpg;Yüksek;Site kodu 'RS 9' iç kod.;"Üretici: NICERELAY Co. Ltd. (NCR, Hong Kong; ncr.hk). Satıcı başlığı 'NCR-CLİON' diyor; HHC tip adları Çin standart tip adlarıdır, CLION (NNC Electric, Yueqing) da aynı tipleri üretir. Görsel NCR ürün sayfasından.";https://www.ankaracncmarket.com.tr/role-soketleri/role-soketi-ptf11a---3c---hhc68a-9a25102e65e6e7a30c4d
Röleler ve röle soketleri;NCR;PTF14A;;NCR PTF14A ray tipi röle soketi, 14 pin (HHC68A-4C / LY4 için);"Pin: 14; Uyumlu röle: LY4 / HHC68A-4C; Montaj: DIN ray";ROLE-SOKET-RAY-4C;PTF14A-4C(HHC68A);5,0;Üretici görseli var;model;https://www.ncr.hk/a/Products/Relays/Sockets_for_Relays/2015/1029/119.html;https://www.ncr.hk/uploads/allimg/210416/1-210416154010L5.jpg;Yüksek;;"Üretici: NICERELAY Co. Ltd. (NCR, Hong Kong; ncr.hk). Satıcı başlığı 'NCR-CLİON' diyor; HHC tip adları Çin standart tip adlarıdır, CLION (NNC Electric, Yueqing) da aynı tipleri üretir. Görsel NCR ürün sayfasından.";https://www.ankaracncmarket.com.tr/role-soketleri/role-soket-ray-4c-c1b4664851b2e9e568ce
Röleler ve röle soketleri;NCR;PYF11A;;NCR PYF11A ray tipi röle soketi, 11 pin (HHC68B-3C / MY3 için);"Pin: 11; Uyumlu röle: MY3 / HHC68B-3C; Montaj: DIN ray";ROLE-SOKET-RAY-3C;PYF11A-3C-(HHC68B);2,8;Üretici görseli var;model;https://www.ncr.hk/a/Products/Relays/Sockets_for_Relays/2021/0416/331.html;https://www.ncr.hk/uploads/allimg/210416/1_1550509711.jpg;Yüksek;;"Üretici: NICERELAY Co. Ltd. (NCR, Hong Kong; ncr.hk). Satıcı başlığı 'NCR-CLİON' diyor; HHC tip adları Çin standart tip adlarıdır, CLION (NNC Electric, Yueqing) da aynı tipleri üretir. Görsel NCR ürün sayfasından.";https://www.ankaracncmarket.com.tr/role-soketleri/role-soket-ray-3c-d841ec6498d687723771
Röleler ve röle soketleri;NCR;PYF14A;;NCR PYF14A ray tipi röle soketi, 14 pin (HHC68B-4C / MY4 için);"Pin: 14; Uyumlu röle: MY4 / HHC68B-4C; Montaj: DIN ray";ROLE-SOKET-RAY-4C;PYF14A-4C-(HHC68B);2,8;Üretici görseli var;model;https://www.ncr.hk/a/Products/Relays/Sockets_for_Relays/2015/1029/123.html;https://www.ncr.hk/uploads/allimg/210416/1_1556182941.jpg;Yüksek;;"Üretici: NICERELAY Co. Ltd. (NCR, Hong Kong; ncr.hk). Satıcı başlığı 'NCR-CLİON' diyor; HHC tip adları Çin standart tip adlarıdır, CLION (NNC Electric, Yueqing) da aynı tipleri üretir. Görsel NCR ürün sayfasından.";https://www.ankaracncmarket.com.tr/role-soketleri/role-soket-ray-4c-7c3392d4ed66bf334e04
Röleler ve röle soketleri;NCR;PYF14A-E2;;NCR PYF14A-E2 ray tipi röle soketi, 14 pin (HHC68B-4C / MY4 için);"Pin: 14; Uyumlu röle: MY4 / HHC68B-4C; Montaj: DIN ray";ROLE-SOKET-RAY-4C;PYF14A-E2-4C-(HHC68B);3,5;Üretici görseli var;model;https://www.ncr.hk/a/Products/Relays/Sockets_for_Relays/2015/1029/129.html;https://www.ncr.hk/uploads/allimg/210416/1_1602223271.jpg;Yüksek;;"Üretici: NICERELAY Co. Ltd. (NCR, Hong Kong; ncr.hk). Satıcı başlığı 'NCR-CLİON' diyor; HHC tip adları Çin standart tip adlarıdır, CLION (NNC Electric, Yueqing) da aynı tipleri üretir. Görsel NCR ürün sayfasından.";https://www.ankaracncmarket.com.tr/role-soketleri/role-soket-ray-4c-22758e018a19445cfc6a
Röleler ve röle soketleri;(markasız);13F-2C;;Kart (PCB) tipi röle soketi 13F-2C, 8 pin (HHC68A-2C / LY2 için);"Uyumlu röle: LY2 / HHC68A-2C (JQX-13F); Montaj: PCB, lehimli";ROLE-SOKET-KART-2C;13F-2C(HHC68A-LY);2,5;Marka belirsiz (jenerik);;;;Düşük;"Başlık 'ROLE-SOKET-KART-2C' genel; açıklamada NCR-CLİON markası geçiyor ama NCR/CLION resmi kataloğunda '13F-2C' adlı ürün bulunamadı.";"Standart tip tanımı kullanıldı; üretici doğrulanamadı.";https://www.ankaracncmarket.com.tr/role-soketleri/role-soket-kart-2c-e7b9a2e00ae6491be80a
Röleler ve röle soketleri;(markasız);HH53A-3C;;Kart (PCB) tipi röle soketi HH53A, 11 pin (HHC68B-3C / MY3 için);"Uyumlu röle: MY3 / HHC68B-3C (HH53P); Montaj: PCB, lehimli";ROLE-SOKET-KART-3C;HH53A-3C(HHC68B-MY);2,5;Marka belirsiz (jenerik);;;;Düşük;"Başlık 'ROLE-SOKET-KART-3C' genel; NCR/CLION resmi kataloğunda 'HH53A' adlı soket bulunamadı.";"Standart tip tanımı; üretici doğrulanamadı.";https://www.ankaracncmarket.com.tr/role-soketleri/role-soket-kart-3c-7701896d82a443b98b9e
Röleler ve röle soketleri;(markasız);HH54A-4C;;Kart (PCB) tipi röle soketi HH54A, 14 pin (HHC68B-4C / MY4 için);"Uyumlu röle: MY4 / HHC68B-4C (HH54P); Montaj: PCB, lehimli";ROLE-SOKET-KART-4C;18F4ZA2 HH54A-4C(MY4 RS);2,5;Marka belirsiz (jenerik);;;;Düşük;"Site kodu '18F4ZA2 HH54A-4C(MY4 RS)' iki farklı tanımı birleştiriyor; açıklama HH54A diyor.";"'18F4ZA2' ayrı bir soket kodu olabilir [TEYİT]; üretici doğrulanamadı.";https://www.ankaracncmarket.com.tr/role-soketleri/role-soket-kart-4c-3f1a1a5c96dcdb0e998e
Röleler ve röle soketleri;(markasız);Oto röle soketi, 5 pin (40 A tip, NRA04/HHC67G uyumlu);NRB04 [TEYİT];Oto röle soketi, 5 pin (mini ISO oto röleler için);Pin: 5;ROLE-SOKET-OTO-5C (HHC67G);OTO ROLE SOKETİ;2,5;Marka belirsiz (jenerik);;;;Düşük;"Site kodu 'OTO ROLE SOKETİ' genel tanım; üretici parça numarası yok.";"NCR'nin NRA04 için soketi NRB04'tür (https://www.ncr.hk/a/Products/Relays/Sockets_for_Relays/2015/1029/138.html); bu ürünün NRB04 olduğu doğrulanamadı [TEYİT].";https://www.ankaracncmarket.com.tr/role-soketleri/role-soket-oto-5c-hhc67g-c54605fd821fd92b0fcc
Röleler ve röle soketleri;(markasız);RPML0024;;Röle soketi için LED gösterge modülü RPML0024, 24 V DC;Gerilim: 24 V DC;ROLE-LEDI-24V;RPML0024;1,75;Marka belirsiz (jenerik);;;;Düşük;"Site açıklaması 'CLİON marka' diyor; RPML0024/RPML0730 ise TE Connectivity (Schrack) PT/RT röle soketlerinin LED modülü tip kodudur (Siemens LZX:RPML… olarak da satıldı; yerine PTML… geldi).";"Orijinal TE/Schrack olduğuna dair kanıt yok; muhtemelen CLION üretimi muadil. Bu yüzden TE görseli kullanılmadı [TEYİT].";https://www.ankaracncmarket.com.tr/role-soketleri/role-ledi-24v-b871f3a176d4eb260f8a
Röleler ve röle soketleri;(markasız);RPML0730;;Röle soketi için LED gösterge modülü RPML0730, 220 V AC;Gerilim: 220 V AC;ROLE-LEDI-220V;RPML-0730;1,75;Marka belirsiz (jenerik);;;;Düşük;"Site açıklaması 'CLİON marka' diyor; RPML0024/RPML0730 ise TE Connectivity (Schrack) PT/RT röle soketlerinin LED modülü tip kodudur (Siemens LZX:RPML… olarak da satıldı; yerine PTML… geldi). Site kodu 'RPML-0730' tireli yazılmış.";"Orijinal TE/Schrack olduğuna dair kanıt yok; muhtemelen CLION üretimi muadil. Bu yüzden TE görseli kullanılmadı [TEYİT].";https://www.ankaracncmarket.com.tr/role-soketleri/role-ledi-220v-cf1e9e1c914334b62d85
Röleler ve röle soketleri;(markasız);VW 373 uyumlu oto röle 12 V DC 40 A;;Volkswagen/Audi uyumlu oto rölesi (VW 373 tipi), 12 V DC, 40 A;"Bobin: 12 V DC; Kontak akımı: 40 A";ROLE-OTO-12VDC-40A;VOLSWAGEN VW-373;2,54;Marka belirsiz (jenerik);;;;Düşük;"Site kodu 'VOLSWAGEN VW-373' (yazım hatası: Volkswagen); üretici parça numarası değil. Kategori atanmamış.";"Üretici ve gerçek parça numarası belirlenemedi; '373' VW röle gövdesindeki konum/tip numarası olabilir [TEYİT]. Volkswagen markası taşımayan uyumlu yedek olarak satılmalı.";https://www.ankaracncmarket.com.tr/endustriyel-otomasyon-roleler/role-oto-12vdc-40a-ae372e46cf4be8c6a19e
Sarf malzemeleri;Huntsman;Araldite 2011;;Araldite 2011 iki bileşenli epoksi yapıştırıcı (Turcite kızak kaplama yapıştırma);Tip: İki bileşenli epoksi yapısal yapıştırıcı;ARALDITE 2011 TURCİDE YAPIŞTIRICISI;BCEHKV69;60,0;Resmi görsel bulunamadı;;https://products.huntsman.com/products/araldite-2011-a-b;;Yüksek;"Site kodu (BCEHKV69) rastgele iç kod; üretici parça numarası değil.";"Başlıktaki 'TURCİDE' Turcite (kızak kaplama malzemesi) yazım hatası; Araldite 2011 bu amaçla kullanılır. Ambalaj boyutu kayıtta yok [TEYİT]. Huntsman ürün sayfası JS ile yükleniyor, görsel adresi çıkarılamadı.";https://www.ankaracncmarket.com.tr/mekanik/araldite-2011-turcide-yapistiricisi-127a17244b9f311cf09d
Sarf malzemeleri;Klüber;ISOFLEX NBU 15;;Klüber ISOFLEX NBU 15 iş mili rulman gresi, 50 g tüp;"Ambalaj: 50 g tüp; Baz yağ: Ester + sentetik hidrokarbon + mineral yağ; Kıvamlaştırıcı: Baryum kompleks sabun";KLUBER NBU15 50GR TÜP;370;35,0;Resmi görsel bulunamadı;;https://www.klueber.com/us/en/products-service/products/isoflex-nbu-15/304202/;;Yüksek;"Site kodu (370) rastgele iç kod; üretici parça numarası değil.";"Ürün klueber.com'da doğrulandı; sayfa görsel adresi vermiyor (JS ile yükleniyor). 50 g tüpün Klüber artikel numarası doğrulanmadı.";https://www.ankaracncmarket.com.tr/yaglama/kluber-nbu15-50gr-tup-e424602853e5f8801a48
Sarf malzemeleri;(markasız);BT40 konik temizleme aparatı;;BT40 iş mili konik temizleme aparatı;Konik: BT40;BT40 KONİK TEMİZLEME APARATI;BJQV1259;23,0;Marka belirsiz (jenerik);;;;Orta;"Site kodu (BJQV1259) rastgele iç kod; üretici parça numarası değil.";Markasız.;https://www.ankaracncmarket.com.tr/mekanik/bt40-konik-temizleme-aparati-f121007b326776458fab
Sarf malzemeleri;(markasız);BT50 konik temizleme aparatı;;BT50 iş mili konik temizleme aparatı;Konik: BT50;BT50 KONİK TEMİZLEME APARATI;HLMSY134;26,0;Marka belirsiz (jenerik);;;;Orta;"Site kodu (HLMSY134) rastgele iç kod; üretici parça numarası değil.";Markasız.;https://www.ankaracncmarket.com.tr/mekanik/bt50-konik-temizleme-aparati-4952539380e39fefc793
Sarf malzemeleri;(markasız);Bant tipi yağ ayırıcı (oil skimmer);;Bant tipi yağ ayrıştırıcı (oil skimmer);;BANT TİPİ YAĞ AYRIŞTIRICI;ACEGKMP4;375,0;Marka belirsiz (jenerik);;;;Orta;"Site kodu (ACEGKMP4) rastgele iç kod; üretici parça numarası değil.";"Markasız; bant uzunluğu/motor gerilimi kayıtta yok.";https://www.ankaracncmarket.com.tr/mekanik/bant-tipi-yag-ayristirici-e531abd07399ebbc04e2
Sarf malzemeleri;(markasız);Flanşlı manometre Ø63 mm;;Flanşlı manometre, Ø63 mm;Kadran çapı: 63 mm;ÇAP 63MM FLANŞLI MANOMETRE;FGW12346;38,0;Marka belirsiz (jenerik);;;;Orta;"Site kodu (FGW12346) rastgele iç kod; üretici parça numarası değil.";"Markasız; ölçüm aralığı kayıtta yok [TEYİT].";https://www.ankaracncmarket.com.tr/mekanik/cap-63mm-flansli-manometre-ee6f4698ede283efba46
Servo ve iş mili enkoderleri;Fanuc;A20B-2002-0300;;Fanuc A20B-2002-0300 spindle motor sensör kartı;Tip: Spindle motor sensörü (PLG);A20B-2002-0300;BFGRWZ24;500,0;Üretici görsel yayınlamıyor;;;;Orta;"Site kodu (BFGRWZ24) rastgele iç kod; üretici parça numarası değil. Başlıkta ürün tanımı yok.";Fanuc yedek parça görseli yayınlamıyor. Kaynaklarda spindle motor PLG sensörü / sensör kartı olarak geçiyor.;https://www.ankaracncmarket.com.tr/elektronik/a20b-2002-0300-d067b76fe7ad52ec1195
Servo ve iş mili enkoderleri;Fanuc;A20B-2002-0310;;Fanuc A20B-2002-0310 spindle motor sensör kartı;Tip: Spindle motor sensörü;A20B-2002-0310;DJUZ1368;520,0;Üretici görsel yayınlamıyor;;;;Orta;"Site kodu (DJUZ1368) rastgele iç kod; üretici parça numarası değil. Başlıkta ürün tanımı yok.";Fanuc yedek parça görseli yayınlamıyor. Kaynaklarda spindle motor sensörü olarak geçiyor (A860-2100-V001 sensör ünitesi ile ilişkili).;https://www.ankaracncmarket.com.tr/elektronik/a20b-2002-0310-797cda31f5c454c7b6ea
Servo ve iş mili enkoderleri;Fanuc;A20B-2003-0310;;Fanuc A20B-2003-0310 spindle motor sensör kartı (Mi);Tip: Spindle motor sensörü;A20B-2003-0310;CENQTYZ7;525,0;Üretici görsel yayınlamıyor;;;;Orta;"Site kodu (CENQTYZ7) rastgele iç kod; üretici parça numarası değil. Başlıkta ürün tanımı yok.";Fanuc yedek parça görseli yayınlamıyor. Kaynaklarda A860-2100-V003 Mi sensör ünitesi kartı olarak geçiyor.;https://www.ankaracncmarket.com.tr/elektronik/a20b-2003-0310-0091d259c05e7084fcb5
Servo ve iş mili enkoderleri;Fanuc;A20B-2003-0311;;Fanuc A20B-2003-0311 spindle motor sensör kartı (MZi);Tip: Spindle motor sensörü;A20B-2003-0311;FJLPWXZ5;535,0;Üretici görsel yayınlamıyor;;;;Orta;"Site kodu (FJLPWXZ5) rastgele iç kod; üretici parça numarası değil. Başlıkta ürün tanımı yok.";Fanuc yedek parça görseli yayınlamıyor. Kaynaklarda A860-2110-V001 MZi sensör ünitesi kartı olarak geçiyor.;https://www.ankaracncmarket.com.tr/elektronik/a20b-2003-0311-ad285c12510082da0285
Servo ve iş mili enkoderleri;Fanuc;A860-0309-T302;;Fanuc A860-0309-T302 spindle pozisyon kodlayıcı (position coder);Tip: Spindle position coder;A860-0309-T302 FANUC DEVİR ENCODER;DMUY3579;520,0;Üretici görsel yayınlamıyor;;;;Yüksek;"Site kodu (DMUY3579) rastgele iç kod; üretici parça numarası değil.";Fanuc yedek parça görseli yayınlamıyor.;https://www.ankaracncmarket.com.tr/elektronik/a860-0309-t302-fanuc-devir-encoder-94d0a486be74833b4c4e
Servo ve iş mili enkoderleri;Fanuc;A860-0365-V501;;Fanuc A860-0365-V501 darbe kodlayıcı (αi64, artımsal);Tip: αiI64 (artımsal) pulsecoder [TEYİT];A860-0365-V501;CFGNRT79;550,0;Üretici görsel yayınlamıyor;;;;Orta;;"Başlıkta yalnız Fanuc kodu var; bayi kayıtlarında 'Alpha i64 incremental' olarak geçiyor. Fanuc darbe kodlayıcılar (pulsecoder) için resmi ürün görseli yayınlamıyor.";https://www.ankaracncmarket.com.tr/elektronik/a860-0365-v501-5db9266d39e9953e4640
Servo ve iş mili enkoderleri;Fanuc;A860-2000-T301;;Fanuc A860-2000-T301 darbe kodlayıcı (αiA1000, mutlak);Tip: αiA1000 (mutlak) pulsecoder;A860-2000-T301;CDUW2689;725,0;Üretici görsel yayınlamıyor;;;;Yüksek;;Fanuc darbe kodlayıcılar (pulsecoder) için resmi ürün görseli yayınlamıyor.;https://www.ankaracncmarket.com.tr/elektronik/a860-2000-t301-f694dc4e3eeece5d2f7b
Servo ve iş mili enkoderleri;Fanuc;A860-2005-T301;;Fanuc A860-2005-T301 darbe kodlayıcı (αiI1000, artımsal);Tip: αiI1000 (artımsal) pulsecoder;A860-2005-T301;EHJQ3568;670,0;Üretici görsel yayınlamıyor;;;;Yüksek;;Fanuc darbe kodlayıcılar (pulsecoder) için resmi ürün görseli yayınlamıyor.;https://www.ankaracncmarket.com.tr/elektronik/a860-2005-t301-b2fa64e6bfc4bc0ed07b
Servo ve iş mili enkoderleri;Fanuc;A860-2020-T301;;Fanuc A860-2020-T301 darbe kodlayıcı (βiA128, mutlak);Tip: βiA128 (mutlak) pulsecoder;A860-2020-T301;ADEJKU59;675,0;Üretici görsel yayınlamıyor;;;;Yüksek;;Fanuc darbe kodlayıcılar (pulsecoder) için resmi ürün görseli yayınlamıyor.;https://www.ankaracncmarket.com.tr/elektronik/a860-2020-t301-905a1bee9965e1cbbd2a
Servo ve iş mili enkoderleri;Fanuc;A860-2020-T361;;Fanuc A860-2020-T361 darbe kodlayıcı (βiA128 ailesi, mutlak);Tip: βiA128 ailesi [TEYİT];A860-2020-T361;CFHRV578;850,0;Üretici görsel yayınlamıyor;;;;Orta;;T361 ile T301 farkı (motor/flanş uyumu) doğrulanamadı [TEYİT]. Fanuc darbe kodlayıcılar (pulsecoder) için resmi ürün görseli yayınlamıyor.;https://www.ankaracncmarket.com.tr/elektronik/a860-2020-t361-4d29d4038dada5329209
Servo ve iş mili enkoderleri;Fanuc;A860-2100-V003;A20B-2003-0310;Fanuc A860-2100-V003 Mi spindle sensör ünitesi;Tip: Spindle motor sensörü (Mi);A860-2100-V003 ( A20B-2003-0310 YENİ SERİSİ);HMSWZ567;525,0;Üretici görsel yayınlamıyor;;;;Orta;"Site kodu (HMSWZ567) rastgele iç kod; üretici parça numarası değil.";Fanuc yedek parça görseli yayınlamıyor. Kaynaklarda A20B-2003-0310 kartını içeren Mi sensör ünitesi olarak geçiyor.;https://www.ankaracncmarket.com.tr/elektronik/a860-2100-v003-a20b-2003-0310-yeni-serisi-e29c204e284a513d5c0b
Servo ve iş mili enkoderleri;Fanuc;A860-2109-T302;;Fanuc A860-2109-T302 Alpha i spindle pozisyon kodlayıcı;Tip: Spindle position coder (Alpha i);A860-2109-T302 FANUC DEVİR ENCODER;EKRVZ789;540,0;Üretici görsel yayınlamıyor;;;;Yüksek;"Site kodu (EKRVZ789) rastgele iç kod; üretici parça numarası değil.";Fanuc yedek parça görseli yayınlamıyor.;https://www.ankaracncmarket.com.tr/elektronik/a860-2109-t302-fanuc-devir-encoder-0946f86a611dd0d423d1
Servo ve iş mili enkoderleri;Fanuc;A860-2110-V003;A20B-2003-0311;Fanuc A860-2110-V003 spindle sensör ünitesi;Tip: Spindle motor sensörü;A860-2110-V003 ( A20B-2003-0311 YENİ SERİSİ);CDKQRUW5;525,0;Üretici görsel yayınlamıyor;;;;Orta;"Site kodu (CDKQRUW5) rastgele iç kod; üretici parça numarası değil.";"Fanuc yedek parça görseli yayınlamıyor. A860-2110-V003 spindle motor sensörü olarak satılıyor; A20B-2003-0311 ilişkisi kaynaklarda A860-2110-V001 için belirtiliyor [TEYİT].";https://www.ankaracncmarket.com.tr/elektronik/a860-2110-v003-a20b-2003-0311-yeni-serisi-3b27d6bb3b88f416256b
Servo ve iş mili enkoderleri;Fanuc;A860-2150-V001;;Fanuc A860-2150-V001 αiBZ sensör;Tip: αiBZ sensör kafası;A860-2150-V001 FANUC DEVİR ENCODER iBZ SENSOR;RSTUZ268;1450,0;Üretici görsel yayınlamıyor;;;;Yüksek;"Site kodu (RSTUZ268) rastgele iç kod; üretici parça numarası değil.";Fanuc yedek parça görseli yayınlamıyor.;https://www.ankaracncmarket.com.tr/elektronik/a860-2150-v001-fanuc-devir-encoder-ibz-sensor-0a5c28a12b4af8c59d2d
Servo ve iş mili enkoderleri;Fanuc;A860-2155-V001;;Fanuc A860-2155-V001 αiBZ sensör;Tip: αiBZ sensör kafası;A860-2155-V001 FANUC DEVİR ENCODER iBZ SENSOR;CHJQUW35;1000,0;Üretici görsel yayınlamıyor;;;;Yüksek;"Site kodu (CHJQUW35) rastgele iç kod; üretici parça numarası değil.";Fanuc yedek parça görseli yayınlamıyor.;https://www.ankaracncmarket.com.tr/elektronik/a860-2155-v001-fanuc-devir-encoder-ibz-sensor-4ad2212a8d3e471dcc8c
Servo ve iş mili enkoderleri;Kwangwoo;RAA-001207-2101;;Kwangwoo RAA-001207-2101 taret enkoderi, 12 istasyon (Doosan);İstasyon: 12;KWANGWOO RAA-001207-2101 12 İSTASYON DOOSAN TARET ENCODERİ;CEHPUX37;800,0;Resmi görsel bulunamadı;;https://kwangwo.co.kr/products/?lang=en;;Orta;;"Kwangwoo (Kore) eski seri; üretici sitesi kwangwo.co.kr güncel ürünlerde RAA/RIB serilerini listelemiyor, görsel yok.";https://www.ankaracncmarket.com.tr/elektronik/kwangwoo-raa-001207-2101-12-istasyon-doosan-taret-encoderi-cfe2e67edf3f217fa6a2
Servo ve iş mili enkoderleri;Kwangwoo;RIB-60-1024VLF-A;;Kwangwoo RIB-60-1024VLF-A devir enkoderi, 1024 p/r;"Çözünürlük: 1024 p/r; Gövde: Ø60 mm sınıfı";KWANGWOO RIB-60-1024VLF-A DEVİR ENCODER;BPSW4679;740,0;Resmi görsel bulunamadı;;https://kwangwo.co.kr/products/?lang=en;;Yüksek;;"Kwangwoo (Kore) eski seri; üretici sitesi kwangwo.co.kr güncel ürünlerde RAA/RIB serilerini listelemiyor, görsel yok. Doosan tezgahlarında iş mili devir enkoderi.";https://www.ankaracncmarket.com.tr/elektronik/kwangwoo-rib-60-1024vlf-a-devir-encoder-b3c930e81923160471ca
Servo ve iş mili enkoderleri;Mitsubishi Electric;MBE1024-3-TA;;Mitsubishi MBE1024-3-TA iş mili enkoderi, 1024 p/r;Çözünürlük: 1024 p/r [TEYİT];MITSUBISHI MBE1024-3-TA ENCODER;EPVXY157;1400,0;Üretici görsel yayınlamıyor;;;;Düşük;;Bayi kayıtlarında Tamagawa üretimi olarak geçiyor (asıl üretici Tamagawa Seiki olabilir) [TEYİT]. Mitsubishi Electric bu yedek parçalar için herkese açık ürün görseli yayınlamıyor (FA sitesi ve resmi yedek parça portalında görsel yok/erişilemedi).;https://www.ankaracncmarket.com.tr/elektronik/mitsubishi-mbe1024-3-ta-encoder-788097a6b873f941f3d4
Servo ve iş mili enkoderleri;Mitsubishi Electric;MBE205;MBE205S2;Mitsubishi MBE205 manyetik iş mili enkoderi (manyetik halka + sensör, MBE205S2);Tip: Manyetik iş mili enkoderi;MITSUBISHI MAGNETIC RING MBE205 MBE205S2 ENCODER;ACLMTUX3;350,0;Üretici görsel yayınlamıyor;;;;Orta;;Başlık manyetik halka (MBE205S2) ile birlikte satıldığını belirtiyor. Mitsubishi Electric bu yedek parçalar için herkese açık ürün görseli yayınlamıyor (FA sitesi ve resmi yedek parça portalında görsel yok/erişilemedi).;https://www.ankaracncmarket.com.tr/elektronik/mitsubishi-magnetic-ring-mbe205-mbe205s2-encoder-6d964755c89747e14bbf
Servo ve iş mili enkoderleri;Mitsubishi Electric;MBE205;;Mitsubishi MBE205 iş mili enkoderi;Tip: Manyetik iş mili enkoderi;MITSUBISHI MBE205 ENCODER;ACDFGHSU;1100,0;Üretici görsel yayınlamıyor;;;;Orta;;Mitsubishi Electric bu yedek parçalar için herkese açık ürün görseli yayınlamıyor (FA sitesi ve resmi yedek parça portalında görsel yok/erişilemedi).;https://www.ankaracncmarket.com.tr/elektronik/mitsubishi-mbe205-encoder-daaa3046081645220ad3
Servo ve iş mili enkoderleri;Mitsubishi Electric;OSA104;OSA104S2;Mitsubishi OSA104 mutlak servo motor enkoderi;Tip: Mutlak;MITSUBISHI OSA104 ENCODER;AEJMNW79;725,0;Üretici görsel yayınlamıyor;;;;Orta;;"Resmi yedek parça portalında OSA104S2/A42 (B55026) varyantı listeleniyor; tam sonek ürün etiketinden teyit edilmeli. Mitsubishi Electric bu yedek parçalar için herkese açık ürün görseli yayınlamıyor (FA sitesi ve resmi yedek parça portalında görsel yok/erişilemedi).";https://www.ankaracncmarket.com.tr/elektronik/mitsubishi-osa104-encoder-41a13d1fd925f12af254
Servo ve iş mili enkoderleri;Mitsubishi Electric;OSA105S5;;Mitsubishi OSA105S5 mutlak servo motor enkoderi;Tip: Mutlak;MITSUBISHI OSA105S5 ENCODER;GKPQTW47;700,0;Üretici görsel yayınlamıyor;;;;Orta;;Mitsubishi Electric bu yedek parçalar için herkese açık ürün görseli yayınlamıyor (FA sitesi ve resmi yedek parça portalında görsel yok/erişilemedi).;https://www.ankaracncmarket.com.tr/elektronik/mitsubishi-osa105s5-encoder-902df6b408f2f9d1ab44
Servo ve iş mili enkoderleri;Mitsubishi Electric;OSA105S5A;;Mitsubishi OSA105S5A mutlak servo motor enkoderi (HF motorlar);Tip: Mutlak;MITSUBISHI OSA105S5A ENCODER;DEUZ2589;700,0;Üretici görsel yayınlamıyor;;https://www.shop2-us-mitsubishielectric.com/products/OSA105S5A%20(B55040);;Yüksek;;Resmi yedek parça portalında 'OSA105S5A (B55040)' olarak listeleniyor. Mitsubishi Electric bu yedek parçalar için herkese açık ürün görseli yayınlamıyor (FA sitesi ve resmi yedek parça portalında görsel yok/erişilemedi).;https://www.ankaracncmarket.com.tr/elektronik/mitsubishi-osa105s5a-encoder-a448c072b7f1536b6528
Servo ve iş mili enkoderleri;Mitsubishi Electric;OSA105S5A;;Mitsubishi OSA105S5A mutlak servo motor enkoderi (2. el);"Tip: Mutlak; Durum: 2. el";MITSUBISHI OSA105S5A ENCODER (2.EL);GLRWY256;600,0;Üretici görsel yayınlamıyor;;https://www.shop2-us-mitsubishielectric.com/products/OSA105S5A%20(B55040);;Yüksek;;pid 1199'un ikinci el versiyonu. Mitsubishi Electric bu yedek parçalar için herkese açık ürün görseli yayınlamıyor (FA sitesi ve resmi yedek parça portalında görsel yok/erişilemedi).;https://www.ankaracncmarket.com.tr/elektronik/mitsubishi-osa105s5a-encoder-2.el-dbf3fe343bab3b2372e9
Servo ve iş mili enkoderleri;Mitsubishi Electric;OSA17-060;;Mitsubishi OSA17-060 servo motor enkoderi;Tip: Mutlak [TEYİT];MITSUBISHI OSA17-060 ENCODER;EHJKP168;650,0;Üretici görsel yayınlamıyor;;;;Orta;;Mitsubishi Electric bu yedek parçalar için herkese açık ürün görseli yayınlamıyor (FA sitesi ve resmi yedek parça portalında görsel yok/erişilemedi).;https://www.ankaracncmarket.com.tr/elektronik/mitsubishi-osa17-060-encoder-7d9412ce9993801d91cb
Servo ve iş mili enkoderleri;Mitsubishi Electric;OSA18-100;;Mitsubishi OSA18-100 servo motor enkoderi (MR-J2S / HC-SFS);Tip: Mutlak, 18 bit [TEYİT];MITSUBISHI OSA18-100 ENCODER;BDHJUW35;625,0;Üretici görsel yayınlamıyor;;;;Orta;;Mitsubishi Electric bu yedek parçalar için herkese açık ürün görseli yayınlamıyor (FA sitesi ve resmi yedek parça portalında görsel yok/erişilemedi).;https://www.ankaracncmarket.com.tr/elektronik/mitsubishi-osa18-100-encoder-35208aa2eb534b4244b4
Servo ve iş mili enkoderleri;Mitsubishi Electric;OSA18-130;;Mitsubishi OSA18-130 servo motor enkoderi, 1 kW (HC-SFS102);Motor: HC-SFS102 (1 kW);MITSUBISHI OSA18-130 ENCODER 1kw (HC-SFS102);CHJQS579;675,0;Üretici görsel yayınlamıyor;;;;Orta;;"pid 1228 ile aynı enkoder kodu; motor gücüne göre ayrılmış. Mitsubishi Electric bu yedek parçalar için herkese açık ürün görseli yayınlamıyor (FA sitesi ve resmi yedek parça portalında görsel yok/erişilemedi).";https://www.ankaracncmarket.com.tr/elektronik/mitsubishi-osa18-130-encoder-1kw-hc-sfs102-933baf3b2a89104b6578
Servo ve iş mili enkoderleri;Mitsubishi Electric;OSA18-130;;Mitsubishi OSA18-130 servo motor enkoderi, 3,5 kW (HC-SFS352);Motor: HC-SFS352 (3,5 kW);MITSUBISHI OSA18-130 ENCODER 3.5kw (HC-SFS352);BMNRVY56;675,0;Üretici görsel yayınlamıyor;;;;Orta;;"pid 1111 ile aynı enkoder kodu; motor gücüne göre ayrılmış. Mitsubishi Electric bu yedek parçalar için herkese açık ürün görseli yayınlamıyor (FA sitesi ve resmi yedek parça portalında görsel yok/erişilemedi).";https://www.ankaracncmarket.com.tr/elektronik/mitsubishi-osa18-130-encoder-3.5kw-hc-sfs352-b564ff1ae1079982e0fd
Servo ve iş mili enkoderleri;Mitsubishi Electric;OSA24RS;;Mitsubishi OSA24RS servo motor enkoderi (HG serisi / MR-J4);Tip: Mutlak;MITSUBISHI OSA24RS ENCODER;CDEHJSY9;850,0;Üretici görsel yayınlamıyor;;;;Orta;;Bayi kayıtlarında HG-SR motor enkoder seti olarak geçiyor [TEYİT]. Mitsubishi Electric bu yedek parçalar için herkese açık ürün görseli yayınlamıyor (FA sitesi ve resmi yedek parça portalında görsel yok/erişilemedi).;https://www.ankaracncmarket.com.tr/elektronik/mitsubishi-osa24rs-encoder-9310756d3ea8663a77ce
Servo ve iş mili enkoderleri;Mitsubishi Electric;OSA405S5AS;;Mitsubishi OSA405S5AS mutlak servo motor enkoderi;Tip: Mutlak;MITSUBISHI OSA405S5AS ENCODER;ABMPRXZ6;800,0;Üretici görsel yayınlamıyor;;;;Düşük;;Mitsubishi Electric bu yedek parçalar için herkese açık ürün görseli yayınlamıyor (FA sitesi ve resmi yedek parça portalında görsel yok/erişilemedi).;https://www.ankaracncmarket.com.tr/elektronik/mitsubishi-osa405s5as-encoder-f4c5451279554cb2870f
Servo ve iş mili enkoderleri;Mitsubishi Electric;OSE105S2;;Mitsubishi OSE105S2 artımsal servo motor enkoderi;Tip: Artımsal;MITSUBISHI OSE105S2 ENCODER;FGJKQV16;700,0;Üretici görsel yayınlamıyor;;;;Orta;;Mitsubishi Electric bu yedek parçalar için herkese açık ürün görseli yayınlamıyor (FA sitesi ve resmi yedek parça portalında görsel yok/erişilemedi).;https://www.ankaracncmarket.com.tr/elektronik/mitsubishi-ose105s2-encoder-305c4f3337c6d3c8a58c
Servo ve iş mili enkoderleri;Mitsubishi Electric;OSE253;OSE253S2 [TEYİT];Mitsubishi OSE253 servo motor enkoderi;;MITSUBISHI OSE253 ENCODER;EGNVZ156;700,0;Üretici görsel yayınlamıyor;;;;Düşük;;"Bayi kayıtlarında 'OSE253S2' olarak da geçiyor; sonek ürün etiketinden teyit edilmeli. Mitsubishi Electric bu yedek parçalar için herkese açık ürün görseli yayınlamıyor (FA sitesi ve resmi yedek parça portalında görsel yok/erişilemedi).";https://www.ankaracncmarket.com.tr/elektronik/mitsubishi-ose253-encoder-d495997bbcfd9144e27d
Sigortalar ve termostatlar;Daito;Daito sigorta (Fanuc);;Daito sigorta, Fanuc sürücü ve güç kaynağı kartları için;Seçenekler (sitede): 0,5 A, 1 A, 1,6 A, 2 A, 3,2 A, 5 A, 7,5 A;FANUC DAITO SİGORTA (FUSE);500;10,0;Resmi görsel bulunamadı;;;;Düşük;"Site kodu (500) rastgele iç kod; üretici parça numarası değil.";"Başlıkta seri yok. Fanuc kartlarında yaygın Daito serileri LM (A60L-0001-0290#LMxx) ve alarm sigortaları; 7,5 A seçeneği LM serisinde yok, farklı seri (ör. HM/GP/MP) olabilir. Seri ürün üzerindeki baskıdan belirlenmeli [TEYİT].";https://www.ankaracncmarket.com.tr/elektronik/fanuc-daito-sigorta-fuse-0911811f668af8cc71e3
Sigortalar ve termostatlar;Daito;GP serisi [değer TEYİT];;Daito GP serisi alarm kontaklı sigorta (akım değeri teyit edilmeli);Tip: Alarm göstergeli (GP serisi);DAITO GP TİPİ SİGORTA;AFNRX489;13,0;Resmi görsel bulunamadı;;https://www.daitotusin.co.jp/dcms_media/other/Daito_catalogue.pdf;;Düşük;Başlıkta akım değeri yok (GP032…GP150 arası seçenekler var).;Değer fiziksel üründen okunmalı.;https://www.ankaracncmarket.com.tr/elektronik/daito-gp-tipi-sigorta-f64976f8dddd181449c9
Sigortalar ve termostatlar;Daito;HP50;A60L-0001-0194#5.0 [TEYİT];Daito HP50 alarm kontaklı sigorta, 5 A, 250 V AC;"Akım: 5 A; Gerilim: 250 V AC; Tip: Alarm göstergeli (HP serisi)";DAITO HP50 TİPİ SİGORTA;AHTUXY12;20,0;Resmi görsel bulunamadı;;https://www.daitotusin.co.jp/dcms_media/other/Daito_catalogue.pdf;;Yüksek;;"Fanuc karşılığı A60L-0001-0194#5.0 olarak satılıyor [TEYİT]. Daito kataloğu PDF; ürün görseli yayınlanmış sayfa bulunamadı.";https://www.ankaracncmarket.com.tr/elektronik/daito-hp50-tipi-sigorta-99b2bd040c32b6c25e8e
Sigortalar ve termostatlar;Daito;LM serisi;LM10, LM32, LM50, A60L-0001-0290#LM10, A60L-0001-0290#LM32, A60L-0001-0290#LM50;Daito LM serisi mikro sigorta (Fanuc A60L-0001-0290#LM…);"Seri: LM; Anma gerilimi: 48 V AC/DC; Seçenekler (sitede): 1 A, 3,2 A, 5 A";FANUC LM SİGORTA;CGLRSVY2;10,0;Üretici görseli var;seri;https://www.daitotusin.co.jp/products_en/micro/micro10;https://www.daitotusin.co.jp/dcms_media/image/LM%E9%BB%92.jpg;Orta;"Site kodu (CGLRSVY2) rastgele iç kod; üretici parça numarası değil.";"Daito LM mikro sigortaları Fanuc'ta A60L-0001-0290#LMxx olarak kullanılıyor. Görsel Daito LM ürün sayfasındaki seri görseli (siyah gövde). Ürün tek kayıtta 3 akım seçeneği içeriyor; varyant başına MPN: LM10 (1 A), LM32 (3,2 A), LM50 (5 A).";https://www.ankaracncmarket.com.tr/elektronik/fanuc-lm-sigorta-76a61d0b2cc8f5b294b0
Sigortalar ve termostatlar;E-T-A;E-T-A termik devre kesici 16 A (seri belirsiz);;E-T-A resetlenebilir termik devre kesici (sigorta), 16 A;Anma akımı: 16 A;SG-ETA-16A;ETA-16A;9,5;Resmi görsel bulunamadı;;;;Düşük;Site kodu 'ETA-16A' seri belirtmiyor.;"E-T-A (e-t-a.de) üretimi olduğu satıcı beyanı; seri (ör. 106, 1110, 1170, 1610 vb.) ve tam parça numarası belirlenemedi [TEYİT]. Seri bilinmeden görsel eklenmedi.";https://www.ankaracncmarket.com.tr/termik-sigortalar/sg-eta-16a-4b31b5aa9e5a85dad7c8
Sigortalar ve termostatlar;E-T-A;E-T-A termik devre kesici 20 A (seri belirsiz);;E-T-A resetlenebilir termik devre kesici (sigorta), 20 A;Anma akımı: 20 A;SG-ETA-20A;ETA-20A;9,5;Resmi görsel bulunamadı;;;;Düşük;Site kodu 'ETA-20A' seri belirtmiyor.;"E-T-A (e-t-a.de) üretimi olduğu satıcı beyanı; seri (ör. 106, 1110, 1170, 1610 vb.) ve tam parça numarası belirlenemedi [TEYİT]. Seri bilinmeden görsel eklenmedi.";https://www.ankaracncmarket.com.tr/termik-sigortalar/sg-eta-20a-f652298a2ff35456864e
Sigortalar ve termostatlar;E-T-A;E-T-A termik devre kesici 3 A (seri belirsiz);;E-T-A resetlenebilir termik devre kesici (sigorta), 3 A;Anma akımı: 3 A;ETA SİGORTA 3 AMPER;ETA 3;9,5;Resmi görsel bulunamadı;;;;Düşük;"Site kodu 'ETA 3' iç kod; seri belirtilmemiş.";"E-T-A (e-t-a.de) üretimi olduğu satıcı beyanı; seri (ör. 106, 1110, 1170, 1610 vb.) ve tam parça numarası belirlenemedi [TEYİT]. Seri bilinmeden görsel eklenmedi.";https://www.ankaracncmarket.com.tr/termik-sigortalar/eta-sigorta-3-amper-9b066dc9a8d0793500af
Sigortalar ve termostatlar;(markasız);Resetli termik sigorta 10 A (L1 model);;Resetli termik sigorta (devre kesici), 10 A, L1 model;"Anma akımı: 10 A; Model: L1; Özellik: Bimetal, reset butonlu";RESETLİ TERMİK SİGORTA 10 AMPER (L1 MODEL);L1-10A-TERMİK;4,0;Marka belirsiz (jenerik);;;;Orta;;"Markasız/jenerik ürün; 'L1 model' satıcının gövde tipi ayrımı, üretici parça numarası değil.";https://www.ankaracncmarket.com.tr/termik-sigortalar/resetli-termik-sigorta-10-amper-l1-model-3cc79fe03d5f24a55919
Sigortalar ve termostatlar;(markasız);Resetli termik sigorta 10 A (W model);;Resetli termik sigorta (devre kesici), 10 A, W model;"Anma akımı: 10 A; Model: W; Özellik: Bimetal, reset butonlu";RESETLİ TERMİK SİGORTA 10 AMPER (W MODEL);W-10A-TERMİK;4,0;Marka belirsiz (jenerik);;;;Orta;;"Markasız/jenerik ürün; 'W model' satıcının gövde tipi ayrımı, üretici parça numarası değil.";https://www.ankaracncmarket.com.tr/termik-sigortalar/resetli-termik-sigorta-10-amper-w-model-24488ec3994837898ee8
Sigortalar ve termostatlar;(markasız);Resetli termik sigorta 12 A (L1 model);;Resetli termik sigorta (devre kesici), 12 A, L1 model;"Anma akımı: 12 A; Model: L1; Özellik: Bimetal, reset butonlu";RESETLİ TERMİK SİGORTA 12 AMPER (L1 MODEL);L1-12A-TERMİK;4,0;Marka belirsiz (jenerik);;;;Orta;;"Markasız/jenerik ürün; 'L1 model' satıcının gövde tipi ayrımı, üretici parça numarası değil.";https://www.ankaracncmarket.com.tr/termik-sigortalar/resetli-termik-sigorta-12-amper-l1-model-92bc9a8e1423af89569f
Sigortalar ve termostatlar;(markasız);Resetli termik sigorta 12 A (L2 model);;Resetli termik sigorta (devre kesici), 12 A, L2 model;"Anma akımı: 12 A; Model: L2; Özellik: Bimetal, reset butonlu";RESETLİ TERMİK SİGORTA 12 AMPER (L2 MODEL);TS 25;4,0;Marka belirsiz (jenerik);;;;Orta;Site kodu 'TS 25' iç kod.;"Markasız/jenerik ürün; 'L2 model' satıcının gövde tipi ayrımı, üretici parça numarası değil.";https://www.ankaracncmarket.com.tr/termik-sigortalar/resetli-termik-sigorta-12-amper-l2-model-2d0c515ddc8ffa723e37
Sigortalar ve termostatlar;(markasız);Resetli termik sigorta 12 A (L2 model);;Resetli termik sigorta (devre kesici), 12 A, L2 model;"Anma akımı: 12 A; Model: L2; Özellik: Bimetal, reset butonlu";SG-TERMIK-RESETLİ;L2-12A-TERMİK;4,0;Marka belirsiz (jenerik);;;;Orta;"Başlıkta akım değeri yok ('SG-TERMIK-RESETLİ'); akım koddan alındı. L2 12 A için pid 1500 ile mükerrer kayıt.";"Markasız/jenerik ürün; 'L2 model' satıcının gövde tipi ayrımı, üretici parça numarası değil.";https://www.ankaracncmarket.com.tr/termik-sigortalar/sg-termik-resetli-53df915b9cf422d87b16
Sigortalar ve termostatlar;(markasız);Resetli termik sigorta 12 A (W model);;Resetli termik sigorta (devre kesici), 12 A, W model;"Anma akımı: 12 A; Model: W; Özellik: Bimetal, reset butonlu";RESETLİ TERMİK SİGORTA 12 AMPER (W MODEL);W-12A-TERMİK;4,0;Marka belirsiz (jenerik);;;;Orta;;"Markasız/jenerik ürün; 'W model' satıcının gövde tipi ayrımı, üretici parça numarası değil.";https://www.ankaracncmarket.com.tr/termik-sigortalar/resetli-termik-sigorta-12-amper-w-model-8cb2b953e8d8c1dbb076
Sigortalar ve termostatlar;(markasız);Resetli termik sigorta 13 A (L2 model);;Resetli termik sigorta (devre kesici), 13 A, L2 model;"Anma akımı: 13 A; Model: L2; Özellik: Bimetal, reset butonlu";SG-TERMIK-RESETLİ;L2-13A-TERMİK;4,0;Marka belirsiz (jenerik);;;;Orta;"Başlıkta akım değeri yok ('SG-TERMIK-RESETLİ'); akım koddan alındı.";"Markasız/jenerik ürün; 'L2 model' satıcının gövde tipi ayrımı, üretici parça numarası değil.";https://www.ankaracncmarket.com.tr/termik-sigortalar/sg-termik-resetli-dfe689d42c0541cd05e8
Sigortalar ve termostatlar;(markasız);Resetli termik sigorta 15 A (L1 model);;Resetli termik sigorta (devre kesici), 15 A, L1 model;"Anma akımı: 15 A; Model: L1; Özellik: Bimetal, reset butonlu";RESETLİ TERMİK SİGORTA 15 AMPER (L1 MODEL);L1-15A-TERMİK;4,0;Marka belirsiz (jenerik);;;;Orta;;"Markasız/jenerik ürün; 'L1 model' satıcının gövde tipi ayrımı, üretici parça numarası değil.";https://www.ankaracncmarket.com.tr/termik-sigortalar/resetli-termik-sigorta-15-amper-l1-model-d68177491702eace2821
Sigortalar ve termostatlar;(markasız);Resetli termik sigorta 15 A (L2 model);;Resetli termik sigorta (devre kesici), 15 A, L2 model;"Anma akımı: 15 A; Model: L2; Özellik: Bimetal, reset butonlu";SG-TERMIK-RESETLİ;L2-15A-TERMİK;4,0;Marka belirsiz (jenerik);;;;Orta;"Başlıkta akım değeri yok ('SG-TERMIK-RESETLİ'); akım koddan alındı.";"Markasız/jenerik ürün; 'L2 model' satıcının gövde tipi ayrımı, üretici parça numarası değil.";https://www.ankaracncmarket.com.tr/termik-sigortalar/sg-termik-resetli-8ffc89170cdeca1abda7
Sigortalar ve termostatlar;(markasız);Resetli termik sigorta 15 A (W model);;Resetli termik sigorta (devre kesici), 15 A, W model;"Anma akımı: 15 A; Model: W; Özellik: Bimetal, reset butonlu";RESETLİ TERMİK SİGORTA 15 AMPER (W MODEL);W-15A-TERMİK;4,0;Marka belirsiz (jenerik);;;;Orta;;"Markasız/jenerik ürün; 'W model' satıcının gövde tipi ayrımı, üretici parça numarası değil.";https://www.ankaracncmarket.com.tr/termik-sigortalar/resetli-termik-sigorta-15-amper-w-model-33c83c17a6cbabc84541
Sigortalar ve termostatlar;(markasız);Resetli termik sigorta 20 A (L2 model);;Resetli termik sigorta (devre kesici), 20 A, L2 model;"Anma akımı: 20 A; Model: L2; Özellik: Bimetal, reset butonlu";SG-TERMIK-RESETLİ;L2-20A-TERMİK;4,0;Marka belirsiz (jenerik);;;;Orta;"Başlıkta akım değeri yok ('SG-TERMIK-RESETLİ'); akım koddan alındı.";"Markasız/jenerik ürün; 'L2 model' satıcının gövde tipi ayrımı, üretici parça numarası değil.";https://www.ankaracncmarket.com.tr/termik-sigortalar/sg-termik-resetli-bf85963d92d45832087c
Sigortalar ve termostatlar;(markasız);Resetli termik sigorta 20 A (W model);;Resetli termik sigorta (devre kesici), 20 A, W model;"Anma akımı: 20 A; Model: W; Özellik: Bimetal, reset butonlu";RESETLİ TERMİK SİGORTA 20 AMPER (W MODEL);W-20A-TERMİK;4,0;Marka belirsiz (jenerik);;;;Orta;;"Markasız/jenerik ürün; 'W model' satıcının gövde tipi ayrımı, üretici parça numarası değil.";https://www.ankaracncmarket.com.tr/termik-sigortalar/resetli-termik-sigorta-20-amper-w-model-9be89a322231815344a9
Sigortalar ve termostatlar;(markasız);Resetli termik sigorta 25 A (L1 model);;Resetli termik sigorta (devre kesici), 25 A, L1 model;"Anma akımı: 25 A; Model: L1; Özellik: Bimetal, reset butonlu";RESETLİ TERMİK SİGORTA 25 AMPER (L1 MODEL);L1-25A-TERMİK;4,0;Marka belirsiz (jenerik);;;;Orta;;"Markasız/jenerik ürün; 'L1 model' satıcının gövde tipi ayrımı, üretici parça numarası değil.";https://www.ankaracncmarket.com.tr/termik-sigortalar/resetli-termik-sigorta-25-amper-l1-model-3381a01e19505119e126
Sigortalar ve termostatlar;(markasız);Resetli termik sigorta 3 A (L1 model);;Resetli termik sigorta (devre kesici), 3 A, L1 model;"Anma akımı: 3 A; Model: L1; Özellik: Bimetal, reset butonlu";RESETLİ TERMİK SİGORTA 3 AMPER (L1 MODEL);L1-3A-TERMİK;4,0;Marka belirsiz (jenerik);;;;Orta;;"Markasız/jenerik ürün; 'L1 model' satıcının gövde tipi ayrımı, üretici parça numarası değil.";https://www.ankaracncmarket.com.tr/termik-sigortalar/resetli-termik-sigorta-3-amper-l1-model-61581b57931768f79979
Sigortalar ve termostatlar;(markasız);Resetli termik sigorta 3 A (L2 model);;Resetli termik sigorta (devre kesici), 3 A, L2 model;"Anma akımı: 3 A; Model: L2; Özellik: Bimetal, reset butonlu";SG-TERMIK-RESETLİ;L2-3A-TERMİK;4,0;Marka belirsiz (jenerik);;;;Orta;"Başlıkta akım değeri yok ('SG-TERMIK-RESETLİ'); akım koddan alındı.";"Markasız/jenerik ürün; 'L2 model' satıcının gövde tipi ayrımı, üretici parça numarası değil.";https://www.ankaracncmarket.com.tr/termik-sigortalar/sg-termik-resetli-7fc6fdcd6c902a45b2a3
Sigortalar ve termostatlar;(markasız);Resetli termik sigorta 3 A (W model);;Resetli termik sigorta (devre kesici), 3 A, W model;"Anma akımı: 3 A; Model: W; Özellik: Bimetal, reset butonlu";RESETLİ TERMİK SİGORTA 3 AMPER (W MODEL);W-3A-TERMİK;4,0;Marka belirsiz (jenerik);;;;Orta;;"Markasız/jenerik ürün; 'W model' satıcının gövde tipi ayrımı, üretici parça numarası değil.";https://www.ankaracncmarket.com.tr/termik-sigortalar/resetli-termik-sigorta-3-amper-w-model-ac00551c236f66eca5c2
Sigortalar ve termostatlar;(markasız);Resetli termik sigorta 30 A (L1 model);;Resetli termik sigorta (devre kesici), 30 A, L1 model;"Anma akımı: 30 A; Model: L1; Özellik: Bimetal, reset butonlu";RESETLİ TERMİK SİGORTA 30 AMPER (L1 MODEL);L1-30A-TERMİK;5,0;Marka belirsiz (jenerik);;;;Orta;;"Markasız/jenerik ürün; 'L1 model' satıcının gövde tipi ayrımı, üretici parça numarası değil.";https://www.ankaracncmarket.com.tr/termik-sigortalar/resetli-termik-sigorta-30-amper-l1-model-3b55705d7c486b632933
Sigortalar ve termostatlar;(markasız);Resetli termik sigorta 35 A (L1 model);;Resetli termik sigorta (devre kesici), 35 A, L1 model;"Anma akımı: 35 A; Model: L1; Özellik: Bimetal, reset butonlu";RESETLİ TERMİK SİGORTA 35 AMPER (L1 MODEL);L1-35A-TERMİK;5,0;Marka belirsiz (jenerik);;;;Orta;;"Markasız/jenerik ürün; 'L1 model' satıcının gövde tipi ayrımı, üretici parça numarası değil.";https://www.ankaracncmarket.com.tr/termik-sigortalar/resetli-termik-sigorta-35-amper-l1-model-91c20be7bde06a1c2318
Sigortalar ve termostatlar;(markasız);Resetli termik sigorta 4 A (L1 model);;Resetli termik sigorta (devre kesici), 4 A, L1 model;"Anma akımı: 4 A; Model: L1; Özellik: Bimetal, reset butonlu";RESETLİ TERMİK SİGORTA 4 AMPER (L1 MODEL);L1-4A-TERMİK;4,0;Marka belirsiz (jenerik);;;;Orta;;"Markasız/jenerik ürün; 'L1 model' satıcının gövde tipi ayrımı, üretici parça numarası değil.";https://www.ankaracncmarket.com.tr/termik-sigortalar/resetli-termik-sigorta-4-amper-l1-model-92e64119f4019644dbbb
Sigortalar ve termostatlar;(markasız);Resetli termik sigorta 4 A (L2 model);;Resetli termik sigorta (devre kesici), 4 A, L2 model;"Anma akımı: 4 A; Model: L2; Özellik: Bimetal, reset butonlu";SG-TERMIK-RESETLİ;L2-4A-TERMİK;4,0;Marka belirsiz (jenerik);;;;Orta;"Başlıkta akım değeri yok ('SG-TERMIK-RESETLİ'); akım koddan alındı.";"Markasız/jenerik ürün; 'L2 model' satıcının gövde tipi ayrımı, üretici parça numarası değil.";https://www.ankaracncmarket.com.tr/termik-sigortalar/sg-termik-resetli-b2dcebf306c741cb45a1
Sigortalar ve termostatlar;(markasız);Resetli termik sigorta 4 A (W model);;Resetli termik sigorta (devre kesici), 4 A, W model;"Anma akımı: 4 A; Model: W; Özellik: Bimetal, reset butonlu";RESETLİ TERMİK SİGORTA 4 AMPER (W MODEL);W-4A-TERMİK;4,0;Marka belirsiz (jenerik);;;;Orta;;"Markasız/jenerik ürün; 'W model' satıcının gövde tipi ayrımı, üretici parça numarası değil.";https://www.ankaracncmarket.com.tr/termik-sigortalar/resetli-termik-sigorta-4-amper-w-model-42e3f840eea3d208e6d6
Sigortalar ve termostatlar;(markasız);Resetli termik sigorta 40 A (L1 model);;Resetli termik sigorta (devre kesici), 40 A, L1 model;"Anma akımı: 40 A; Model: L1; Özellik: Bimetal, reset butonlu";RESETLİ TERMİK SİGORTA 40 AMPER (L1 MODEL);L1-40A-TERMİK;5,0;Marka belirsiz (jenerik);;;;Orta;;"Markasız/jenerik ürün; 'L1 model' satıcının gövde tipi ayrımı, üretici parça numarası değil.";https://www.ankaracncmarket.com.tr/termik-sigortalar/resetli-termik-sigorta-40-amper-l1-model-1afbff6915121cd3c909
Sigortalar ve termostatlar;(markasız);Resetli termik sigorta 45 A (L1 model);;Resetli termik sigorta (devre kesici), 45 A, L1 model;"Anma akımı: 45 A; Model: L1; Özellik: Bimetal, reset butonlu";RESETLİ TERMİK SİGORTA 45 AMPER (L1 MODEL);L1-45A-TERMİK;5,0;Marka belirsiz (jenerik);;;;Orta;;"Markasız/jenerik ürün; 'L1 model' satıcının gövde tipi ayrımı, üretici parça numarası değil.";https://www.ankaracncmarket.com.tr/termik-sigortalar/resetli-termik-sigorta-45-amper-l1-model-f9c7c87abeefe0298682
Sigortalar ve termostatlar;(markasız);Resetli termik sigorta 5 A (L1 model);;Resetli termik sigorta (devre kesici), 5 A, L1 model;"Anma akımı: 5 A; Model: L1; Özellik: Bimetal, reset butonlu";RESETLİ TERMİK SİGORTA 5 AMPER (L1 MODEL);L1-5A-TERMİK;4,0;Marka belirsiz (jenerik);;;;Orta;;"Markasız/jenerik ürün; 'L1 model' satıcının gövde tipi ayrımı, üretici parça numarası değil.";https://www.ankaracncmarket.com.tr/termik-sigortalar/resetli-termik-sigorta-5-amper-l1-model-fda671c295a2a1cd5b28
Sigortalar ve termostatlar;(markasız);Resetli termik sigorta 5 A (L2 model);;Resetli termik sigorta (devre kesici), 5 A, L2 model;"Anma akımı: 5 A; Model: L2; Özellik: Bimetal, reset butonlu";SG-TERMIK-RESETLİ;L2-5A-TERMİK;4,0;Marka belirsiz (jenerik);;;;Orta;"Başlıkta akım değeri yok ('SG-TERMIK-RESETLİ'); akım koddan alındı.";"Markasız/jenerik ürün; 'L2 model' satıcının gövde tipi ayrımı, üretici parça numarası değil.";https://www.ankaracncmarket.com.tr/termik-sigortalar/sg-termik-resetli-ad3e97c98301baa1ce3a
Sigortalar ve termostatlar;(markasız);Resetli termik sigorta 5 A (W model);;Resetli termik sigorta (devre kesici), 5 A, W model;"Anma akımı: 5 A; Model: W; Özellik: Bimetal, reset butonlu";SG-TERMIK-RESETLİ;W-5A-TERMIK;4,0;Marka belirsiz (jenerik);;;;Orta;"Başlıkta akım değeri yok ('SG-TERMIK-RESETLİ'); akım koddan alındı.";"Markasız/jenerik ürün; 'W model' satıcının gövde tipi ayrımı, üretici parça numarası değil.";https://www.ankaracncmarket.com.tr/termik-sigortalar/sg-termik-resetli-b47cc299d5a1da6c9ef8
Sigortalar ve termostatlar;(markasız);Resetli termik sigorta 50 A (L1 model);;Resetli termik sigorta (devre kesici), 50 A, L1 model;"Anma akımı: 50 A; Model: L1; Özellik: Bimetal, reset butonlu";RESETLİ TERMİK SİGORTA 50 AMPER (L1 MODEL);L1-50A-TERMİK;5,0;Marka belirsiz (jenerik);;;;Orta;;"Markasız/jenerik ürün; 'L1 model' satıcının gövde tipi ayrımı, üretici parça numarası değil.";https://www.ankaracncmarket.com.tr/termik-sigortalar/resetli-termik-sigorta-50-amper-l1-model-6633f7e11e351a692e50
Sigortalar ve termostatlar;(markasız);Resetli termik sigorta 6 A (L1 model);;Resetli termik sigorta (devre kesici), 6 A, L1 model;"Anma akımı: 6 A; Model: L1; Özellik: Bimetal, reset butonlu";RESETLİ TERMİK SİGORTA 6 AMPER (L1 MODEL);L1-6A-TERMİK;4,0;Marka belirsiz (jenerik);;;;Orta;;"Markasız/jenerik ürün; 'L1 model' satıcının gövde tipi ayrımı, üretici parça numarası değil.";https://www.ankaracncmarket.com.tr/termik-sigortalar/resetli-termik-sigorta-6-amper-l1-model-2f0b27cb1904d9f8359a
Sigortalar ve termostatlar;(markasız);Resetli termik sigorta 7 A (L1 model);;Resetli termik sigorta (devre kesici), 7 A, L1 model;"Anma akımı: 7 A; Model: L1; Özellik: Bimetal, reset butonlu";RESETLİ TERMİK SİGORTA 7 AMPER (L1 MODEL);L1-7A-TERMİK;4,0;Marka belirsiz (jenerik);;;;Orta;;"Markasız/jenerik ürün; 'L1 model' satıcının gövde tipi ayrımı, üretici parça numarası değil.";https://www.ankaracncmarket.com.tr/termik-sigortalar/resetli-termik-sigorta-7-amper-l1-model-1422bf14364498bb0136
Sigortalar ve termostatlar;(markasız);Resetli termik sigorta 7 A (L2 model);;Resetli termik sigorta (devre kesici), 7 A, L2 model;"Anma akımı: 7 A; Model: L2; Özellik: Bimetal, reset butonlu";SG-TERMIK-RESETLİ;L2-7A-TERMİK;4,0;Marka belirsiz (jenerik);;;;Orta;"Başlıkta akım değeri yok ('SG-TERMIK-RESETLİ'); akım koddan alındı.";"Markasız/jenerik ürün; 'L2 model' satıcının gövde tipi ayrımı, üretici parça numarası değil.";https://www.ankaracncmarket.com.tr/termik-sigortalar/sg-termik-resetli-a6cff8b2c167766b3805
Sigortalar ve termostatlar;(markasız);Resetli termik sigorta 7 A (W model);;Resetli termik sigorta (devre kesici), 7 A, W model;"Anma akımı: 7 A; Model: W; Özellik: Bimetal, reset butonlu";RESETLİ TERMİK SİGORTA 7 AMPER (W MODEL);W-7A-TERMİK;4,0;Marka belirsiz (jenerik);;;;Orta;;"Markasız/jenerik ürün; 'W model' satıcının gövde tipi ayrımı, üretici parça numarası değil.";https://www.ankaracncmarket.com.tr/termik-sigortalar/resetli-termik-sigorta-7-amper-w-model-824b2062dd1388d3f8e3
Sigortalar ve termostatlar;(markasız);Resetli termik sigorta 8 A (L1 model);;Resetli termik sigorta (devre kesici), 8 A, L1 model;"Anma akımı: 8 A; Model: L1; Özellik: Bimetal, reset butonlu";RESETLİ TERMİK SİGORTA 8 AMPER (L1 MODEL);L1-8A-TERMİK;4,0;Marka belirsiz (jenerik);;;;Orta;;"Markasız/jenerik ürün; 'L1 model' satıcının gövde tipi ayrımı, üretici parça numarası değil.";https://www.ankaracncmarket.com.tr/termik-sigortalar/resetli-termik-sigorta-8-amper-l1-model-d078b8b1a6d33ef3b4f5
Sigortalar ve termostatlar;(markasız);Resetli termik sigorta 8 A (L2 model);;Resetli termik sigorta (devre kesici), 8 A, L2 model;"Anma akımı: 8 A; Model: L2; Özellik: Bimetal, reset butonlu";SG-TERMIK-RESETLİ;L2-8A-TERMİK;4,0;Marka belirsiz (jenerik);;;;Orta;"Başlıkta akım değeri yok ('SG-TERMIK-RESETLİ'); akım koddan alındı.";"Markasız/jenerik ürün; 'L2 model' satıcının gövde tipi ayrımı, üretici parça numarası değil.";https://www.ankaracncmarket.com.tr/termik-sigortalar/sg-termik-resetli-654899cf1ee928c120cd
Sigortalar ve termostatlar;(markasız);Resetli termik sigorta 8 A (W model);;Resetli termik sigorta (devre kesici), 8 A, W model;"Anma akımı: 8 A; Model: W; Özellik: Bimetal, reset butonlu";RESETLİ TERMİK SİGORTA 8 AMPER (W MODEL);W-8A-TERMİK;4,0;Marka belirsiz (jenerik);;;;Orta;;"Markasız/jenerik ürün; 'W model' satıcının gövde tipi ayrımı, üretici parça numarası değil.";https://www.ankaracncmarket.com.tr/termik-sigortalar/resetli-termik-sigorta-8-amper-w-model-a0b7a031a0aff2240699
Sigortalar ve termostatlar;(markasız);Resetli termik sigorta 9 A (L1 model);;Resetli termik sigorta (devre kesici), 9 A, L1 model;"Anma akımı: 9 A; Model: L1; Özellik: Bimetal, reset butonlu";SG-TERMIK-RESETLİ;L1-9A-TERMIK;4,0;Marka belirsiz (jenerik);;;;Orta;"Başlıkta akım değeri yok ('SG-TERMIK-RESETLİ'); akım koddan alındı.";"Markasız/jenerik ürün; 'L1 model' satıcının gövde tipi ayrımı, üretici parça numarası değil.";https://www.ankaracncmarket.com.tr/termik-sigortalar/sg-termik-resetli-fa45fd999fe884db5c20
Sigortalar ve termostatlar;(markasız);Resetli termik sigorta 9 A (W model);;Resetli termik sigorta (devre kesici), 9 A, W model;"Anma akımı: 9 A; Model: W; Özellik: Bimetal, reset butonlu";RESETLİ TERMİK SİGORTA 9 AMPER (W MODEL);W-9A-TERMİK;4,0;Marka belirsiz (jenerik);;;;Orta;;"Markasız/jenerik ürün; 'W model' satıcının gövde tipi ayrımı, üretici parça numarası değil.";https://www.ankaracncmarket.com.tr/termik-sigortalar/resetli-termik-sigorta-9-amper-w-model-4bdb18092133c0a312cf
Sigortalar ve termostatlar;(markasız);STG-1140 (KTO 011 tipi);;Pano ısıtıcı kontrol termostatı (NC kontak, KTO 011 tipi), 60×33×43 mm;"Ölçü: 60×33×43 mm; İşlev: Isıtıcı/rezistans kontrolü (NC); Koruma: IP20";TERMOSTAT-PANO-ISITMA;STG-1140;5,0;Marka belirsiz (jenerik);;;;Düşük;;"STEGO KTO 011 (ısıtıcı kontrol, NC) ile aynı işlev/ölçü; muadil olabilir [TEYİT]. Satıcıların bir kısmı 'Dossy' markasıyla satıyor. Orijinal STEGO ürünü olduğuna dair kanıt yok ('STG' öneki satıcının kısaltması); STEGO görseli kullanılmadı.";https://www.ankaracncmarket.com.tr/termostatlar/termostat-pano-isitma-8be29c275ae70539fbbd
Sigortalar ve termostatlar;(markasız);STG-1141 (KTS 011 tipi);;Pano fan kontrol termostatı (NO kontak, KTS 011 tipi), 60×33×43 mm;"Ölçü: 60×33×43 mm; İşlev: Fan/soğutma kontrolü (NO)";TERMOSTAT-PANO-FAN;STG-1141;4,0;Marka belirsiz (jenerik);;;;Düşük;;"STEGO KTS 011 (fan kontrol, NO) ile aynı işlev/ölçü; muadil olabilir [TEYİT]. Satıcıların bir kısmı 'Dossy' markasıyla satıyor. Orijinal STEGO ürünü olduğuna dair kanıt yok ('STG' öneki satıcının kısaltması); STEGO görseli kullanılmadı.";https://www.ankaracncmarket.com.tr/termostatlar/termostat-pano-fan-7a7bedcd749f5e7821a7
Sigortalar ve termostatlar;(markasız);STG-MFR012 (MFR 012 tipi);;Pano mekanik higrostatı (nem kontrol, MFR 012 tipi);İşlev: Nem (bağıl nem) kontrolü;TERMOSTAT-PANO-ISITMA;STG-MFR012;35,0;Marka belirsiz (jenerik);;;;Düşük;"Başlık 'TERMOSTAT-PANO-ISITMA' diyor; MFR 012 tipi bir termostat değil, mekanik higrostattır (nem kontrol).";"STEGO MFR 012 (01220.0-00) tipine karşılık gelen ürün; orijinal STEGO olup olmadığı belirsiz [TEYİT]. Orijinal STEGO ürünü olduğuna dair kanıt yok ('STG' öneki satıcının kısaltması); STEGO görseli kullanılmadı.";https://www.ankaracncmarket.com.tr/termostatlar/termostat-pano-isitma-c4b98833885a2e2daf4f
Sigortalar ve termostatlar;(markasız);STG-ZR011 (ZR 011 tipi);;Pano ikili termostatı (ısıtma NC + soğutma NO, ZR 011 tipi);İşlev: İkili: ısıtma (NC) ve fan/soğutma (NO);TERMOSTAT-PANO-ISITMA;STG-ZR011;11,0;Marka belirsiz (jenerik);;;;Düşük;"Başlık yalnız 'ISITMA' diyor; ZR 011 tipi ısıtma ve soğutma için iki kontaklı ikili termostattır.";"STEGO ZR 011 tipine karşılık gelen ürün; orijinal STEGO olup olmadığı belirsiz [TEYİT]. Orijinal STEGO ürünü olduğuna dair kanıt yok ('STG' öneki satıcının kısaltması); STEGO görseli kullanılmadı.";https://www.ankaracncmarket.com.tr/termostatlar/termostat-pano-isitma-bbf2c8695388376f0c46
Sigortalar ve termostatlar;(markasız);Termik sigorta koruma kılıfı (yassı);;Resetli termik sigorta için yassı koruma kılıfı (başlık);Tip: yassı;Termik Sigorta Kılıfı Yassı;TS 42;2,0;Marka belirsiz (jenerik);;;;Orta;Site kodu 'TS 42' iç kod.;Jenerik aksesuar.;https://www.ankaracncmarket.com.tr/termik-sigortalar/termik-sigorta-kilifi-yassi-4af61e8d3e9b1062e7cb
Sigortalar ve termostatlar;(markasız);Termik sigorta koruma kılıfı (yuvarlak);;Resetli termik sigorta için yuvarlak koruma kılıfı (başlık);Tip: yuvarlak;Termik Sigorta Kılıfı Yuvarlak;TS 41;2,0;Marka belirsiz (jenerik);;;;Orta;Site kodu 'TS 41' iç kod.;Jenerik aksesuar.;https://www.ankaracncmarket.com.tr/termik-sigortalar/termik-sigorta-kilifi-yuvarlak-604c73d2cbc96ce980e8
Solid State Röleler (SSR);NCR;HHG1-1/032F-38 25A;;NCR HHG1-1 tek fazlı katı hal rölesi (SSR), 25 A, kontrol 3–32 V DC, yük 40–440 V AC;"Kontrol: 3–32 V DC; Yük gerilimi: 40–440 V AC; Yük akımı: 25 A";ROLE-SSR-MONOFAZE-25A;HHG1-1/032F-38-25A;13,25;Üretici görseli var;seri;https://www.ncr.hk/a/Products/Relays/Solid_Sate_Relays/2015/1029/96.html;https://www.ncr.hk/uploads/151029/1-15102916125I21.jpg;Orta;"Kayıt 'HHG2-1/032F-38 Monofaze SSR' kategorisinde ama kod HHG1-1; doğru seri HHG1-1.";"Yazım örneği 'HHG1-1/032F-38 25A' biçiminde (032F = 3–32 V DC kontrol, 38 = 40–440 V AC yük). Üretici: NICERELAY Co. Ltd. (NCR, Hong Kong; ncr.hk). Satıcı başlığı 'NCR-CLİON' diyor; HHC tip adları Çin standart tip adlarıdır, CLION (NNC Electric, Yueqing) da aynı tipleri üretir. Görsel NCR ürün sayfasından.";https://www.ankaracncmarket.com.tr/solid-state-rolelerssr/role-ssr-monofaze-25a-b312a9ea21bc1d36474a
Solid State Röleler (SSR);NCR;HHG1-1/032F-38 3A;;NCR HHG1-1 tek fazlı (masa tipi) katı hal rölesi (SSR), 3 A, kontrol 3–32 V DC, yük 40–440 V AC;"Kontrol: 3–32 V DC; Yük gerilimi: 40–440 V AC; Yük akımı: 3 A";ROLE-SSR-MASA-3A;HHG1-1/032F-38-3A;10,0;Üretici görseli var;seri;https://www.ncr.hk/a/Products/Relays/Solid_Sate_Relays/2015/1029/96.html;https://www.ncr.hk/uploads/151029/1-15102916125I21.jpg;Düşük;;"NCR HHG1-1 veri sayfasında akım seçenekleri 10–80 A; 3 A HHG1-1 katalogda görünmüyor (3–4 A için HHG1D-1 var) [TEYİT]. Üretici: NICERELAY Co. Ltd. (NCR, Hong Kong; ncr.hk). Satıcı başlığı 'NCR-CLİON' diyor; HHC tip adları Çin standart tip adlarıdır, CLION (NNC Electric, Yueqing) da aynı tipleri üretir. Görsel NCR ürün sayfasından.";https://www.ankaracncmarket.com.tr/solid-state-rolelerssr/role-ssr-masa-3a-3d641885e98d93089564
Solid State Röleler (SSR);NCR;HHG1-1/032F-38 40A;;NCR HHG1-1 tek fazlı katı hal rölesi (SSR), 40 A, kontrol 3–32 V DC, yük 40–440 V AC;"Kontrol: 3–32 V DC; Yük gerilimi: 40–440 V AC; Yük akımı: 40 A";ROLE-SSR-MONOFAZE-40A;HHG1-1/032F-38-40A;15,25;Üretici görseli var;seri;https://www.ncr.hk/a/Products/Relays/Solid_Sate_Relays/2015/1029/96.html;https://www.ncr.hk/uploads/151029/1-15102916125I21.jpg;Orta;Kayıt 'HHG2-1/032F-38 Monofaze SSR' kategorisinde ama kod HHG1-1.;"Üretici: NICERELAY Co. Ltd. (NCR, Hong Kong; ncr.hk). Satıcı başlığı 'NCR-CLİON' diyor; HHC tip adları Çin standart tip adlarıdır, CLION (NNC Electric, Yueqing) da aynı tipleri üretir. Görsel NCR ürün sayfasından.";https://www.ankaracncmarket.com.tr/solid-state-rolelerssr/role-ssr-monofaze-40a-ecb56ce1c5e8b604a860
Solid State Röleler (SSR);NCR;HHG1-1/032F-38 4A;;NCR HHG1-1 tek fazlı (masa tipi) katı hal rölesi (SSR), 4 A, kontrol 3–32 V DC, yük 40–440 V AC;"Kontrol: 3–32 V DC; Yük gerilimi: 40–440 V AC; Yük akımı: 4 A";ROLE-SSR-MASA-4A;HHG1-1/032F-38-4A;12,0;Üretici görseli var;seri;https://www.ncr.hk/a/Products/Relays/Solid_Sate_Relays/2015/1029/96.html;https://www.ncr.hk/uploads/151029/1-15102916125I21.jpg;Düşük;;"NCR HHG1-1 veri sayfasında akım seçenekleri 10–80 A; 4 A HHG1-1 katalogda görünmüyor [TEYİT]. Üretici: NICERELAY Co. Ltd. (NCR, Hong Kong; ncr.hk). Satıcı başlığı 'NCR-CLİON' diyor; HHC tip adları Çin standart tip adlarıdır, CLION (NNC Electric, Yueqing) da aynı tipleri üretir. Görsel NCR ürün sayfasından.";https://www.ankaracncmarket.com.tr/solid-state-rolelerssr/role-ssr-masa-4a-58ed4fa73994a96263fd
Solid State Röleler (SSR);NCR;HHG1-1/032F-38 5A;;NCR HHG1-1 tek fazlı (masa tipi) katı hal rölesi (SSR), 5 A, kontrol 3–32 V DC, yük 40–440 V AC;"Kontrol: 3–32 V DC; Yük gerilimi: 40–440 V AC; Yük akımı: 5 A";ROLE-SSR-MASA-5A;HHG1-1/032F-38-5A;13,0;Üretici görseli var;seri;https://www.ncr.hk/a/Products/Relays/Solid_Sate_Relays/2015/1029/96.html;https://www.ncr.hk/uploads/151029/1-15102916125I21.jpg;Düşük;;"NCR HHG1-1 veri sayfasında akım seçenekleri 10–80 A; 5 A HHG1-1 katalogda görünmüyor [TEYİT]. Üretici: NICERELAY Co. Ltd. (NCR, Hong Kong; ncr.hk). Satıcı başlığı 'NCR-CLİON' diyor; HHC tip adları Çin standart tip adlarıdır, CLION (NNC Electric, Yueqing) da aynı tipleri üretir. Görsel NCR ürün sayfasından.";https://www.ankaracncmarket.com.tr/solid-state-rolelerssr/role-ssr-masa-5a-441b405d0d31703bc79f
Solid State Röleler (SSR);NCR;HHG1-1/250F-38 60A;;NCR HHG1-1 tek fazlı katı hal rölesi (SSR), 60 A, kontrol 90–250 V AC, yük 40–440 V AC;"Kontrol: 90–250 V AC; Yük gerilimi: 40–440 V AC; Yük akımı: 60 A";ROLE-SSR-MONOFAZE-60A;HHG1-1/250-38-60A;23,0;Üretici görseli var;seri;https://www.ncr.hk/a/Products/Relays/Solid_Sate_Relays/2015/1029/96.html;https://www.ncr.hk/uploads/151029/1-15102916125I21.jpg;Orta;"Kayıt HHG2 kategorisinde ama kod HHG1-1. Site kodu '250' yazıyor; katalog kodu '250F' (90–250 V AC kontrol).";"AC kontrollü (250F) sürüm. Üretici: NICERELAY Co. Ltd. (NCR, Hong Kong; ncr.hk). Satıcı başlığı 'NCR-CLİON' diyor; HHC tip adları Çin standart tip adlarıdır, CLION (NNC Electric, Yueqing) da aynı tipleri üretir. Görsel NCR ürün sayfasından.";https://www.ankaracncmarket.com.tr/solid-state-rolelerssr/role-ssr-monofaze-60a-c3e8fb01af21cf96eb93
Solid State Röleler (SSR);NCR;HHG1-3/032F-38 100A;;NCR HHG1-3 üç fazlı katı hal rölesi (SSR), 100 A, kontrol 3–32 V DC, yük 40–440 V AC;"Kontrol: 3–32 V DC (032F); Yük gerilimi: 40–440 V AC (38); Yük akımı: 100 A";ROLE-SSR-TRIFAZE-100A;HHG1-3/032F-38-100A;116,6;Üretici görseli var;seri;https://www.ncr.hk/a/Products/Relays/Solid_Sate_Relays/2015/1029/98.html;https://www.ncr.hk/uploads/151029/1-151029161H02O.jpg;Orta;"Kategori adında '32F' yazılmış; doğru kod '032F'.";"NCR HHG1-3 veri sayfası 'HHG1-3/250F-38 10A' (AC kontrol) örneğini gösteriyor; akım seçenekleri 10–120 A. DC kontrollü 032F sürümünün kod yazımı HHG1 serisine göre çıkarıldı [TEYİT]. Üretici: NICERELAY Co. Ltd. (NCR, Hong Kong; ncr.hk). Satıcı başlığı 'NCR-CLİON' diyor; HHC tip adları Çin standart tip adlarıdır, CLION (NNC Electric, Yueqing) da aynı tipleri üretir. Görsel NCR ürün sayfasından.";https://www.ankaracncmarket.com.tr/solid-state-rolelerssr/role-ssr-trifaze-100a-b3f0dd8f7fe1d4737418
Solid State Röleler (SSR);NCR;HHG1-3/032F-38 120A;;NCR HHG1-3 üç fazlı katı hal rölesi (SSR), 120 A, kontrol 3–32 V DC, yük 40–440 V AC;"Kontrol: 3–32 V DC (032F); Yük gerilimi: 40–440 V AC (38); Yük akımı: 120 A";ROLE-SSR-TRIFAZE-120A;HHG1-3/032F-38-120A;116,6;Üretici görseli var;seri;https://www.ncr.hk/a/Products/Relays/Solid_Sate_Relays/2015/1029/98.html;https://www.ncr.hk/uploads/151029/1-151029161H02O.jpg;Orta;"Kategori adında '32F' yazılmış; doğru kod '032F'.";"NCR HHG1-3 veri sayfası 'HHG1-3/250F-38 10A' (AC kontrol) örneğini gösteriyor; akım seçenekleri 10–120 A. DC kontrollü 032F sürümünün kod yazımı HHG1 serisine göre çıkarıldı [TEYİT]. Üretici: NICERELAY Co. Ltd. (NCR, Hong Kong; ncr.hk). Satıcı başlığı 'NCR-CLİON' diyor; HHC tip adları Çin standart tip adlarıdır, CLION (NNC Electric, Yueqing) da aynı tipleri üretir. Görsel NCR ürün sayfasından.";https://www.ankaracncmarket.com.tr/solid-state-rolelerssr/role-ssr-trifaze-120a-246718ed739816b1d9bb
Solid State Röleler (SSR);NCR;HHG1-3/032F-38 40A;;NCR HHG1-3 üç fazlı katı hal rölesi (SSR), 40 A, kontrol 3–32 V DC, yük 40–440 V AC;"Kontrol: 3–32 V DC (032F); Yük gerilimi: 40–440 V AC (38); Yük akımı: 40 A";ROLE-SSR-TRIFAZE-40A;HHG1-3/032F-38-40A;42,9;Üretici görseli var;seri;https://www.ncr.hk/a/Products/Relays/Solid_Sate_Relays/2015/1029/98.html;https://www.ncr.hk/uploads/151029/1-151029161H02O.jpg;Orta;"Kategori adında '32F' yazılmış; doğru kod '032F'.";"NCR HHG1-3 veri sayfası 'HHG1-3/250F-38 10A' (AC kontrol) örneğini gösteriyor; akım seçenekleri 10–120 A. DC kontrollü 032F sürümünün kod yazımı HHG1 serisine göre çıkarıldı [TEYİT]. Üretici: NICERELAY Co. Ltd. (NCR, Hong Kong; ncr.hk). Satıcı başlığı 'NCR-CLİON' diyor; HHC tip adları Çin standart tip adlarıdır, CLION (NNC Electric, Yueqing) da aynı tipleri üretir. Görsel NCR ürün sayfasından.";https://www.ankaracncmarket.com.tr/solid-state-rolelerssr/role-ssr-trifaze-40a-535f53d7753197bea34b
Solid State Röleler (SSR);NCR;HHG1-3/032F-38 80A;;NCR HHG1-3 üç fazlı katı hal rölesi (SSR), 80 A, kontrol 3–32 V DC, yük 40–440 V AC;"Kontrol: 3–32 V DC (032F); Yük gerilimi: 40–440 V AC (38); Yük akımı: 80 A";ROLE-SSR-TRIFAZE-80A;HHG1-3/032F-38-80A;71,5;Üretici görseli var;seri;https://www.ncr.hk/a/Products/Relays/Solid_Sate_Relays/2015/1029/98.html;https://www.ncr.hk/uploads/151029/1-151029161H02O.jpg;Orta;"Kategori adında '32F' yazılmış; doğru kod '032F'.";"NCR HHG1-3 veri sayfası 'HHG1-3/250F-38 10A' (AC kontrol) örneğini gösteriyor; akım seçenekleri 10–120 A. DC kontrollü 032F sürümünün kod yazımı HHG1 serisine göre çıkarıldı [TEYİT]. Üretici: NICERELAY Co. Ltd. (NCR, Hong Kong; ncr.hk). Satıcı başlığı 'NCR-CLİON' diyor; HHC tip adları Çin standart tip adlarıdır, CLION (NNC Electric, Yueqing) da aynı tipleri üretir. Görsel NCR ürün sayfasından.";https://www.ankaracncmarket.com.tr/solid-state-rolelerssr/role-ssr-trifaze-80a-04142f86b9dd4b15f929
Solid State Röleler (SSR);NCR;HHG1D-1/032F-38 3A;;NCR HHG1D-1 tarak (PCB) tipi SSR, 3 A, kontrol 3–32 V DC, yük 40–440 V AC;"Kontrol: 3–32 V DC (032); Yük gerilimi: 40–440 V AC (38); Yük akımı: 3 A; Ölçü: 43×34×12 mm";ROLE-SSR-TARAK-3A;HHG1D-1/032F-38-3A;10,0;Üretici görseli var;seri;https://www.ncr.hk/a/Products/Relays/Solid_Sate_Relays/2015/1029/90.html;https://www.ncr.hk/uploads/allimg/210518/1_1535131221.jpg;Orta;;"Katalog yazım örneği 'HHG1D-1/032F-22 1A'. Üretici: NICERELAY Co. Ltd. (NCR, Hong Kong; ncr.hk). Satıcı başlığı 'NCR-CLİON' diyor; HHC tip adları Çin standart tip adlarıdır, CLION (NNC Electric, Yueqing) da aynı tipleri üretir. Görsel NCR ürün sayfasından.";https://www.ankaracncmarket.com.tr/solid-state-rolelerssr/role-ssr-tarak-3a-aff387fcf8f394c443bf
Solid State Röleler (SSR);NCR;HHG1D-1/032F-38 4A;;NCR HHG1D-1 tarak (PCB) tipi SSR, 4 A, kontrol 3–32 V DC, yük 40–440 V AC;"Kontrol: 3–32 V DC (032); Yük gerilimi: 40–440 V AC (38); Yük akımı: 4 A; Ölçü: 43×34×12 mm";ROLE-SSR-TARAK-4A;HHG1D-1/032F-38-4A;12,0;Üretici görseli var;seri;https://www.ncr.hk/a/Products/Relays/Solid_Sate_Relays/2015/1029/90.html;https://www.ncr.hk/uploads/allimg/210518/1_1535131221.jpg;Orta;;"Katalog yazım örneği 'HHG1D-1/032F-22 1A'. Üretici: NICERELAY Co. Ltd. (NCR, Hong Kong; ncr.hk). Satıcı başlığı 'NCR-CLİON' diyor; HHC tip adları Çin standart tip adlarıdır, CLION (NNC Electric, Yueqing) da aynı tipleri üretir. Görsel NCR ürün sayfasından.";https://www.ankaracncmarket.com.tr/solid-state-rolelerssr/role-ssr-tarak-4a-2faac1f27a1c387efee6
Solid State Röleler (SSR);NCR;HHG1D-1/032F-38 5A;;NCR HHG1D-1 tarak (PCB) tipi SSR, 5 A, kontrol 3–32 V DC, yük 40–440 V AC;"Kontrol: 3–32 V DC (032); Yük gerilimi: 40–440 V AC (38); Yük akımı: 5 A; Ölçü: 43×34×12 mm";ROLE-SSR-TARAK-5A;HHG1D-1/032F-38-5A;13,0;Üretici görseli var;seri;https://www.ncr.hk/a/Products/Relays/Solid_Sate_Relays/2015/1029/90.html;https://www.ncr.hk/uploads/allimg/210518/1_1535131221.jpg;Düşük;"NCR HHG1D-1 veri sayfasında akım seçenekleri 1/2/3/4 A; 5 A listede yok.";"Katalog yazım örneği 'HHG1D-1/032F-22 1A'. Üretici: NICERELAY Co. Ltd. (NCR, Hong Kong; ncr.hk). Satıcı başlığı 'NCR-CLİON' diyor; HHC tip adları Çin standart tip adlarıdır, CLION (NNC Electric, Yueqing) da aynı tipleri üretir. Görsel NCR ürün sayfasından.";https://www.ankaracncmarket.com.tr/solid-state-rolelerssr/role-ssr-tarak-5a-d184a3760906661682be
Solid State Röleler (SSR);NCR;HHG2-1/032F-38 60A;;NCR HHG2-1 tek fazlı katı hal rölesi (SSR), 60 A, kontrol 3–32 V DC, yük 40–440 V AC;"Kontrol: 3–32 V DC; Yük gerilimi: 40–440 V AC; Yük akımı: 60 A";ROLE-SSR-MONOFAZE-60A;HHG2-1/032F-38-60A;24,0;Üretici görseli var;seri;https://www.ncr.hk/a/Products/Relays/Solid_Sate_Relays/2015/1029/93.html;https://www.ncr.hk/uploads/151029/1-151029161011919.jpg;Düşük;"NCR HHG2-1 veri sayfasına göre HHG2-1 AC kontrollüdür (250F, 90–250 V AC); '032F' (DC kontrol) bu seride yok. Ürün büyük olasılıkla HHG1-1/032F-38 60A.";"Seri/kod çelişkili [TEYİT]. Üretici: NICERELAY Co. Ltd. (NCR, Hong Kong; ncr.hk). Satıcı başlığı 'NCR-CLİON' diyor; HHC tip adları Çin standart tip adlarıdır, CLION (NNC Electric, Yueqing) da aynı tipleri üretir. Görsel NCR ürün sayfasından.";https://www.ankaracncmarket.com.tr/solid-state-rolelerssr/role-ssr-monofaze-60a-2d5867d7dbc7aa47b4d9
Solid State Röleler (SSR);NCR;HHT1-R/38 10A;;NCR HHT1-R/38 potansiyometre ile ayarlanan tek fazlı gerilim regülatörü SSR, 10 A, 380 V AC;"Kontrol: Harici potansiyometre 2 W 470–560 kΩ; Yük gerilimi: 38: 10–440 V AC ayar aralığı; Yük akımı: 10 A";ROLE-SSR-POTANSLI-10A;HHT1-R/38-10A;13,5;Üretici görseli var;seri;https://www.ncr.hk/a/Products/Relays/Solid_Sate_Relays/2015/1029/97.html;https://www.ncr.hk/uploads/151029/1-15102916135H03.jpg;Orta;;"Katalog yazım örneği 'HHT1-R/22 2W470-560KΩ 10A'. Üretici: NICERELAY Co. Ltd. (NCR, Hong Kong; ncr.hk). Satıcı başlığı 'NCR-CLİON' diyor; HHC tip adları Çin standart tip adlarıdır, CLION (NNC Electric, Yueqing) da aynı tipleri üretir. Görsel NCR ürün sayfasından.";https://www.ankaracncmarket.com.tr/solid-state-rolelerssr/role-ssr-potansli-10a-cc13c3a67c43ff7d35ed
Solid State Röleler (SSR);NCR;HHT1-R/38 25A;;NCR HHT1-R/38 potansiyometre ile ayarlanan tek fazlı gerilim regülatörü SSR, 25 A, 380 V AC;"Kontrol: Harici potansiyometre 2 W 470–560 kΩ; Yük gerilimi: 38: 10–440 V AC ayar aralığı; Yük akımı: 25 A";ROLE-SSR-POTANSLI-25A;HHT1-R/38-25A;14,5;Üretici görseli var;seri;https://www.ncr.hk/a/Products/Relays/Solid_Sate_Relays/2015/1029/97.html;https://www.ncr.hk/uploads/151029/1-15102916135H03.jpg;Orta;;"Katalog yazım örneği 'HHT1-R/22 2W470-560KΩ 10A'. Üretici: NICERELAY Co. Ltd. (NCR, Hong Kong; ncr.hk). Satıcı başlığı 'NCR-CLİON' diyor; HHC tip adları Çin standart tip adlarıdır, CLION (NNC Electric, Yueqing) da aynı tipleri üretir. Görsel NCR ürün sayfasından.";https://www.ankaracncmarket.com.tr/solid-state-rolelerssr/role-ssr-potansli-25a-d8f31b6bc8ac2d615eb2
Solid State Röleler (SSR);NCR;HHT1-R/38 40A;;NCR HHT1-R/38 potansiyometre ile ayarlanan tek fazlı gerilim regülatörü SSR, 40 A, 380 V AC;"Kontrol: Harici potansiyometre 2 W 470–560 kΩ; Yük gerilimi: 38: 10–440 V AC ayar aralığı; Yük akımı: 40 A";ROLE-SSR-POTANSLI-40A;HHT1-R/38-40A;15,5;Üretici görseli var;seri;https://www.ncr.hk/a/Products/Relays/Solid_Sate_Relays/2015/1029/97.html;https://www.ncr.hk/uploads/151029/1-15102916135H03.jpg;Orta;;"Katalog yazım örneği 'HHT1-R/22 2W470-560KΩ 10A'. Üretici: NICERELAY Co. Ltd. (NCR, Hong Kong; ncr.hk). Satıcı başlığı 'NCR-CLİON' diyor; HHC tip adları Çin standart tip adlarıdır, CLION (NNC Electric, Yueqing) da aynı tipleri üretir. Görsel NCR ürün sayfasından.";https://www.ankaracncmarket.com.tr/solid-state-rolelerssr/role-ssr-potansli-40a-1b97e5fa9cc1af5b10da
Sviç, sensör ve butonlar;Azbil;SL1-A;;Azbil SL1-A kompakt yatay limit sviç, makaralı pim;"Aktüatör: Makaralı pim (roller plunger); Kontak: SPDT; Çalışma kuvveti: maks. 11,8 N";AZBİL SL1-A SWITCH;ABJNPUV1;90,0;Üretici görseli var;model;https://orderazbil.com/products/compact-horizontal-limit-switch;https://orderazbil.com/cdn/shop/files/SL1-A_f6bdb656-320b-4294-a485-4c0ae0561bb5.jpg?v=1771514683;Yüksek;;Görsel ve sayfa Azbil'in resmi Kuzey Amerika mağazası orderazbil.com'dan (AZBIL CORPORATION IBD işletiyor).;https://www.ankaracncmarket.com.tr/elektronik/azbil-sl1-a-switch-891079b0ac7cb82d0f88
Sviç, sensör ve butonlar;Azbil;SL1-D;;Azbil SL1-D kompakt yatay limit sviç, çapraz makaralı pim;"Aktüatör: Çapraz makaralı pim (cross roller plunger); Kontak: SPDT; Çalışma kuvveti: maks. 11,8 N";AZBİL SL1-D SWITCH;GKNUX479;90,0;Üretici görseli var;model;https://orderazbil.com/products/sl1-d-compact-horizontal-limit-switch-1;https://orderazbil.com/cdn/shop/files/SL1-D_29310264-82a6-4f94-90de-a40d973a1f8f.jpg?v=1743193515;Yüksek;;Görsel ve sayfa Azbil'in resmi Kuzey Amerika mağazası orderazbil.com'dan (AZBIL CORPORATION IBD işletiyor).;https://www.ankaracncmarket.com.tr/elektronik/azbil-sl1-d-switch-b3b15053e15a0c2f7dc1
Sviç, sensör ve butonlar;Azbil;SL1-EK;;Azbil SL1-EK kompakt yatay limit sviç, uzun makaralı pim, soğuğa/hava koşullarına dayanıklı;"Aktüatör: Uzun makaralı pim (long roller plunger); Kontak: SPDT; Çalışma kuvveti: maks. 11,8 N";AZBİL SL1-EK SWITCH;CGNSVXZ7;95,0;Üretici görseli var;seri;https://orderazbil.com/products/sl1-ek-compact-horizontal-limit-switch-1;https://orderazbil.com/cdn/shop/files/SL1-E_b3b1fde5-7f6e-4929-8624-04ea3311ad60.jpg?v=1743193553;Yüksek;;Görsel ve sayfa Azbil'in resmi Kuzey Amerika mağazası orderazbil.com'dan (AZBIL CORPORATION IBD işletiyor). K soneki = soğuğa ve hava koşullarına dayanıklı. Görsel SL1-E serisine ait.;https://www.ankaracncmarket.com.tr/elektronik/azbil-sl1-ek-switch-febc92e9344d105a1469
Sviç, sensör ve butonlar;Balluff;BES 516-300-S205-D-PU-01 [TEYİT];BES 516-300-S205-D-PU-03 (BHS0028), BES 516-300-S205-D-PU-05 (BHS0029);Balluff BES 516-300-S205-D-PU basınca dayanıklı endüktif sensör, M12, 1,5 mm, PNP NO, 10-30 V DC;"Gövde: Ø12×37 mm; Algılama mesafesi: 1,5 mm; Çıkış: PNP NO; Gerilim: 10-30 V DC; Basınç: maks. 350 bar";BALLUFF BES 516-300-S205-D-PU-01 SENSÖR;AGKLMNT5;150,0;Üretici görseli var;seri;https://www.balluff.com/en-us/products/BHS0028;https://assets.balluff.com/webp_1000x1000/40550_00_P_00_00_00.webp;Düşük;"'-PU-01' sonekli kod Balluff sitesinde bulunamadı; Balluff yalnız -PU-03 (BHS0028, 3 m kablo) ve -PU-05 (BHS0029, 5 m kablo) listeliyor.";Kablo boyu fiziksel üründen teyit edilmeli. Özellikler ve görsel BHS0028'den (aynı sensör, kablo boyu farklı).;https://www.ankaracncmarket.com.tr/elektronik/balluff-bes-516-300-s205-d-pu-01-sensor-569d327c9674b162062f
Sviç, sensör ve butonlar;Balluff;BNS 819-B02-D08-46-3B;BNS01P7;Balluff BNS 819-B02-D08-46-3B (BNS01P7) 2 konumlu mekanik limit sviç, keski pim, 8 mm aralık;"Konum: 2 (keski pim); Konum aralığı: 8 mm; Bağlantı: Vidalı klemens; Koruma: IP67";BALLUFF BNS 819-B02-D08-46-3B LİMİT SWITCH;AELMRUWX;250,0;Üretici görseli var;model;https://www.balluff.com/en-de/products/BNS01P7;https://assets.balluff.com/webp_1000x1000/52725_00_P_00_00_00.webp;Yüksek;;Balluff sipariş kodu BNS01P7.;https://www.ankaracncmarket.com.tr/elektronik/balluff-bns-819-b02-d08-46-3b-limit-switch-1dc45143e39148a0f5a9
Sviç, sensör ve butonlar;Balluff;BNS 819-B02-D12-… [TEYİT];BNS 819-B02-D12-61-12-10 (BNS026R), BNS 819-B02-D12-61-12-3B (BNS0271);Balluff BNS 819-B02-D12 serisi 2 konumlu mekanik limit sviç, keski pim, 12 mm aralık;"Konum: 2 (keski pim); Konum aralığı: 12 mm";BALLUFF BNS 819-B02-D12 LİMİT SWITCH;DGJN2468;250,0;Üretici görseli var;seri;https://www.balluff.com/en-us/products/BNS026R;https://assets.balluff.com/webp_1000x1000/40133_00_P_00_00_00.webp;Düşük;"Başlıktaki kod eksik ('BNS 819-B02-D12'); tam kodda gövde/kontak soneki olmalı (ör. -61-12-10 = BNS026R veya -61-12-3B = BNS0271).";"Tam kod fiziksel üründen teyit edilmeli; görsel seri görseli (BNS026R/BNS0271 ortak).";https://www.ankaracncmarket.com.tr/elektronik/balluff-bns-819-b02-d12-limit-switch-6e1c5c7409b87834a424
Sviç, sensör ve butonlar;Balluff;BNS 819-B02-R08-40-10;BNS01R3;Balluff BNS 819-B02-R08-40-10 (BNS01R3) 2 konumlu mekanik limit sviç, makaralı pim, 8 mm aralık;"Konum: 2 (makaralı pim); Konum aralığı: 8 mm; Bağlantı: Lehim; Akım: 5 A; Gerilim: 250 V AC; Koruma: IP67";BALLUFF BNS 819-B02-R08-40-10 LİMİT SWITCH;DFGHPSY9;275,0;Üretici görseli var;model;https://www.balluff.com/en-us/products/BNS01R3;https://assets.balluff.com/webp_1000x1000/54136_00_P_00_00_00.webp;Yüksek;;Balluff sipariş kodu BNS01R3.;https://www.ankaracncmarket.com.tr/elektronik/balluff-bns-819-b02-r08-40-10-limit-switch-01051b8c3a1b8251da62
Sviç, sensör ve butonlar;Balluff;BNS 819-B03-D12-61-12-10 [TEYİT];BNS0287;Balluff BNS 819-B03-D12 serisi 3 konumlu mekanik limit sviç, keski pim, 12 mm aralık;"Konum: 3 (keski pim); Konum aralığı: 12 mm";BALLUFF BNS 819-B03-D12 LİMİT SWITCH;FHPSUW24;220,0;Üretici görseli var;seri;https://www.balluff.com/en-us/products/BNS0287;https://assets.balluff.com/webp_1000x1000/40133_00_P_00_00_00.webp;Düşük;"Başlıktaki kod eksik ('BNS 819-B03-D12'); en yaygın tam kod BNS 819-B03-D12-61-12-10 (BNS0287).";Tam kod fiziksel üründen teyit edilmeli.;https://www.ankaracncmarket.com.tr/elektronik/balluff-bns-819-b03-d12-limit-switch-20914e230b9de30c9967
Sviç, sensör ve butonlar;Balluff;BNS 819-B03-R08-40-10;BNS01U1;Balluff BNS 819-B03-R08-40-10 (BNS01U1) 3 konumlu mekanik limit sviç, makaralı pim, 8 mm aralık;"Konum: 3 (makaralı pim); Konum aralığı: 8 mm; Bağlantı: Lehim; Akım: 5 A; Gerilim: 250 V AC; Koruma: IP67";BALLUFF BNS 819-B03-R08-40-10 LİMİT SWITCH;BCEWX568;215,0;Üretici görseli var;seri;https://www.balluff.com/en-us/products/BNS01U1;https://assets.balluff.com/webp_1000x1000/54136_00_P_00_00_00.webp;Yüksek;;Balluff sipariş kodu BNS01U1. Balluff aynı görseli 2 ve 3 konumlu modelde kullanıyor.;https://www.ankaracncmarket.com.tr/elektronik/balluff-bns-819-b03-r08-40-10-limit-switch-27fe92f9de9f6f43cfe5
Sviç, sensör ve butonlar;Balluff;BNS 819-D02-D12-100-10;BNS00A1;Balluff BNS 819-D02-D12-100-10 (BNS00A1) 2 konumlu mekanik limit sviç, keski pim, 12 mm aralık;"Konum: 2 (keski pim); Konum aralığı: 12 mm; Bağlantı: Vidalı klemens; Akım: 6 A; Gerilim: 250 V AC; Koruma: IP67";BALLUFF BNS 819-D02-D12-100-10 LİMİT SWITCH;CDFMSUV2;250,0;Üretici görseli var;model;https://www.balluff.com/en-us/products/BNS00A1;https://assets.balluff.com/webp_1000x1000/BNS_819-D02-D12-100-10.webp;Yüksek;;Balluff sipariş kodu BNS00A1.;https://www.ankaracncmarket.com.tr/elektronik/balluff-bns-819-d02-d12-100-10-limit-switch-f41488091f6126f951c6
Sviç, sensör ve butonlar;Euchner;SN02D12-502-M;082165;Euchner SN02D12-502-M 2 konumlu hassas limit sviç, keski pim, 12 mm aralık;"Konum: 2 (keski pim); Konum aralığı: 12 mm; Kontak: 2× ES 502 E (1NC+1NO); Koruma: IP67";EUCHNER SN02D12-502-M LİMİT SWITCH;GKMNPQ38;145,0;Üretici görseli var;model;https://www.euchner.com/en-us/a/082165/;https://cdn.euchner.com/assets/files/01/99/ast_730199_xl.webp;Yüksek;;Euchner sipariş no. 082165.;https://www.ankaracncmarket.com.tr/elektronik/euchner-sn02d12-502-m-limit-switch-8985812af182c1239830
Sviç, sensör ve butonlar;Future Life;NDS-01H;;Future Life NDS-01H dijital kodlu döner mod anahtarı;Seri: NDS;FUTURE MOD ANAHTARI 01H;ADEJUW29;120,0;Resmi görsel bulunamadı;;;;Orta;;"'FUTURE' = Future Life Technology (Tayvan) NDS serisi dijital kodlu döner (mod/band) anahtar; ankaracncmarket yalnız '01H' gibi son ekleri yazmış. Harf soneki: H/J/N = soket/kod varyantı (N = soketsiz). Üreticinin resmi sitesi bulunamadı. [TEYİT: NDS- öneki]";https://www.ankaracncmarket.com.tr/elektronik/future-mod-anahtari-01h-fd0a636abddd3de44c0f
Sviç, sensör ve butonlar;Future Life;NDS-01J;;Future Life NDS-01J dijital kodlu döner mod anahtarı;Seri: NDS;FUTURE MOD ANAHTARI 01J;BNPTUW67;120,0;Resmi görsel bulunamadı;;;;Orta;;"'FUTURE' = Future Life Technology (Tayvan) NDS serisi dijital kodlu döner (mod/band) anahtar; ankaracncmarket yalnız '01H' gibi son ekleri yazmış. Harf soneki: H/J/N = soket/kod varyantı (N = soketsiz). Üreticinin resmi sitesi bulunamadı. [TEYİT: NDS- öneki]";https://www.ankaracncmarket.com.tr/elektronik/future-mod-anahtari-01j-4a76b5b5aa24421276e7
Sviç, sensör ve butonlar;Future Life;NDS-01N;;Future Life NDS-01N dijital kodlu döner mod anahtarı;Seri: NDS;FUTURE MOD ANAHTARI 01N;HPQRT389;120,0;Resmi görsel bulunamadı;;;;Orta;;"'FUTURE' = Future Life Technology (Tayvan) NDS serisi dijital kodlu döner (mod/band) anahtar; ankaracncmarket yalnız '01H' gibi son ekleri yazmış. Harf soneki: H/J/N = soket/kod varyantı (N = soketsiz). Üreticinin resmi sitesi bulunamadı. [TEYİT: NDS- öneki]";https://www.ankaracncmarket.com.tr/elektronik/future-mod-anahtari-01n-2f0ca4642368f3c7ab21
Sviç, sensör ve butonlar;Future Life;NDS-02H;;Future Life NDS-02H dijital kodlu döner mod anahtarı;Seri: NDS;FUTURE MOD ANAHTARI 02H;ABDRVX12;120,0;Resmi görsel bulunamadı;;;;Orta;;"'FUTURE' = Future Life Technology (Tayvan) NDS serisi dijital kodlu döner (mod/band) anahtar; ankaracncmarket yalnız '01H' gibi son ekleri yazmış. Harf soneki: H/J/N = soket/kod varyantı (N = soketsiz). Üreticinin resmi sitesi bulunamadı. [TEYİT: NDS- öneki]";https://www.ankaracncmarket.com.tr/elektronik/future-mod-anahtari-02h-dcbc982233c01f1e6342
Sviç, sensör ve butonlar;Future Life;NDS-02J;;Future Life NDS-02J dijital kodlu döner mod anahtarı;Seri: NDS;FUTURE MOD ANAHTARI 02J;FHLQR258;120,0;Resmi görsel bulunamadı;;;;Orta;;"'FUTURE' = Future Life Technology (Tayvan) NDS serisi dijital kodlu döner (mod/band) anahtar; ankaracncmarket yalnız '01H' gibi son ekleri yazmış. Harf soneki: H/J/N = soket/kod varyantı (N = soketsiz). Üreticinin resmi sitesi bulunamadı. [TEYİT: NDS- öneki]";https://www.ankaracncmarket.com.tr/elektronik/future-mod-anahtari-02j-2394bb6f019f8b3a8f19
Sviç, sensör ve butonlar;Future Life;NDS-02N;;Future Life NDS-02N dijital kodlu döner mod anahtarı;Seri: NDS;FUTURE MOD ANAHTARI 02N;HJLMTZ48;120,0;Resmi görsel bulunamadı;;;;Orta;;"'FUTURE' = Future Life Technology (Tayvan) NDS serisi dijital kodlu döner (mod/band) anahtar; ankaracncmarket yalnız '01H' gibi son ekleri yazmış. Harf soneki: H/J/N = soket/kod varyantı (N = soketsiz). Üreticinin resmi sitesi bulunamadı. [TEYİT: NDS- öneki]";https://www.ankaracncmarket.com.tr/elektronik/future-mod-anahtari-02n-3ec25e83654c32a42ae7
Sviç, sensör ve butonlar;Future Life;NDS-03H;;Future Life NDS-03H dijital kodlu döner mod anahtarı;Seri: NDS;FUTURE MOD ANAHTARI 03H;BDGJMTX2;120,0;Resmi görsel bulunamadı;;;;Orta;;"'FUTURE' = Future Life Technology (Tayvan) NDS serisi dijital kodlu döner (mod/band) anahtar; ankaracncmarket yalnız '01H' gibi son ekleri yazmış. Harf soneki: H/J/N = soket/kod varyantı (N = soketsiz). Üreticinin resmi sitesi bulunamadı. [TEYİT: NDS- öneki]";https://www.ankaracncmarket.com.tr/elektronik/future-mod-anahtari-03h-82575cb25845e7936389
Sviç, sensör ve butonlar;Future Life;NDS-03J;;Future Life NDS-03J dijital kodlu döner mod anahtarı;Seri: NDS;FUTURE MOD ANAHTARI 03J;ACGXY467;120,0;Resmi görsel bulunamadı;;;;Orta;;"'FUTURE' = Future Life Technology (Tayvan) NDS serisi dijital kodlu döner (mod/band) anahtar; ankaracncmarket yalnız '01H' gibi son ekleri yazmış. Harf soneki: H/J/N = soket/kod varyantı (N = soketsiz). Üreticinin resmi sitesi bulunamadı. [TEYİT: NDS- öneki]";https://www.ankaracncmarket.com.tr/elektronik/future-mod-anahtari-03j-0e916d655e743078a55e
Sviç, sensör ve butonlar;Future Life;NDS-03N;;Future Life NDS-03N dijital kodlu döner mod anahtarı;Seri: NDS;FUTURE MOD ANAHTARI 03N;DNTX1457;120,0;Resmi görsel bulunamadı;;;;Orta;;"'FUTURE' = Future Life Technology (Tayvan) NDS serisi dijital kodlu döner (mod/band) anahtar; ankaracncmarket yalnız '01H' gibi son ekleri yazmış. Harf soneki: H/J/N = soket/kod varyantı (N = soketsiz). Üreticinin resmi sitesi bulunamadı. [TEYİT: NDS- öneki]";https://www.ankaracncmarket.com.tr/elektronik/future-mod-anahtari-03n-975af697092413720022
Sviç, sensör ve butonlar;Future Life;NDS-04N;;Future Life NDS-04N dijital kodlu döner mod anahtarı;Seri: NDS;FUTURE MOD ANAHTARI 04N;HLRTXY16;120,0;Resmi görsel bulunamadı;;;;Orta;;"'FUTURE' = Future Life Technology (Tayvan) NDS serisi dijital kodlu döner (mod/band) anahtar; ankaracncmarket yalnız '01H' gibi son ekleri yazmış. Harf soneki: H/J/N = soket/kod varyantı (N = soketsiz). Üreticinin resmi sitesi bulunamadı. [TEYİT: NDS- öneki]";https://www.ankaracncmarket.com.tr/elektronik/future-mod-anahtari-04n-1bb8df4347df772a34f9
Sviç, sensör ve butonlar;Omron;SHL-Q2155;;Omron SHL-Q2155 limit sviç, panel montaj çapraz makaralı pim;"Aktüatör: Panel montaj çapraz makaralı pim; Akım: 10 A (125/250 V AC)";OMRON SHL-Q2155 LİMİT SWITCH;ACDENZ48;75,0;Üretici görseli var;model;https://www.ia.omron.com/products/family/331/lineup.html;https://www.ia.omron.com/Images/331_lu_1_413-290662.gif;Yüksek;;Görsel Omron IA lineup tablosundaki model küçük resmi. Akım değeri SHL serisi ortak değeri.;https://www.ankaracncmarket.com.tr/elektronik/omron-shl-q2155-limit-switch-4d37c31b59e879d9e4e3
Sviç, sensör ve butonlar;Omron;SHL-Q2255;;Omron SHL-Q2255 limit sviç, panel montaj makaralı pim;"Aktüatör: Panel montaj makaralı pim; Akım: 10 A (125/250 V AC)";OMRON SHL-Q2255 LİMİT SWITCH;510;75,0;Üretici görseli var;model;https://www.ia.omron.com/product/item/11096/;https://www.ia.omron.com/Images/331_lu_1_713-290665.gif;Yüksek;;Görsel Omron IA lineup tablosundaki model küçük resmi.;https://www.ankaracncmarket.com.tr/elektronik/omron-shl-q2255-limit-switch-3c053ac3ade8001d08c8
Sviç, sensör ve butonlar;Omron;VB-2121;;Omron VB-2121 çoklu limit sviç, 2 konik pim, flanşlı;"Pim: 2 × konik (bevel); Kablo girişi: 4; Akım: 10 A";OMRON VB-2121 LIMIT SWITCH;HJTZ5678;250,0;Üretici görseli var;seri;https://www.ia.omron.com/products/family/338/lineup.html;https://www.ia.omron.com/tab/family/338/img/338_lu_1_4.gif;Yüksek;;"Omron VB çoklu limit sviç; kod: 1. hane pim sayısı, 2. hane 1=konik (bevel) / 2=makaralı pim, 3. hane 2=flanşlı 4 kablo girişli, 4. hane 1=NBR sıyırıcı. Görsel lineup'taki pim tipi çizimi.";https://www.ankaracncmarket.com.tr/elektronik/omron-vb-2121-limit-switch-a754bbda28a476bda78a
Sviç, sensör ve butonlar;Omron;VB-3121;;Omron VB-3121 çoklu limit sviç, 3 konik pim, flanşlı;"Pim: 3 × konik (bevel); Kablo girişi: 4; Akım: 10 A";OMRON VB-3121 LIMIT SWITCH;ACDHQTY3;250,0;Üretici görseli var;seri;https://www.ia.omron.com/products/family/338/lineup.html;https://www.ia.omron.com/tab/family/338/img/338_lu_1_4.gif;Yüksek;;"Omron VB çoklu limit sviç; kod: 1. hane pim sayısı, 2. hane 1=konik (bevel) / 2=makaralı pim, 3. hane 2=flanşlı 4 kablo girişli, 4. hane 1=NBR sıyırıcı. Görsel lineup'taki pim tipi çizimi.";https://www.ankaracncmarket.com.tr/elektronik/omron-vb-3121-limit-switch-812b661338182ed858d0
Sviç, sensör ve butonlar;Omron;VB-3221;;Omron VB-3221 çoklu limit sviç, 3 makaralı pim, flanşlı;"Pim: 3 × makaralı; Kablo girişi: 4; Akım: 10 A";OMRON VB-3221 LIMIT SWITCH;BEFKLX68;250,0;Üretici görseli var;seri;https://www.ia.omron.com/products/family/338/lineup.html;https://www.ia.omron.com/tab/family/338/img/338_lu_1_3.gif;Yüksek;;"Omron VB çoklu limit sviç; kod: 1. hane pim sayısı, 2. hane 1=konik (bevel) / 2=makaralı pim, 3. hane 2=flanşlı 4 kablo girişli, 4. hane 1=NBR sıyırıcı. Görsel lineup'taki pim tipi çizimi.";https://www.ankaracncmarket.com.tr/elektronik/omron-vb-3221-limit-switch-5079426d9cee5714bb47
Sviç, sensör ve butonlar;U-Chain;04G S S02 G;;U-Chain 04G S S02 G dijital kodlu döner mod anahtarı;;U-CHAIN 04G S S02 G MOD ANAHTARI;CGJNRS36;120,0;Resmi görsel bulunamadı;;;;Orta;;"U-Chain (Tayvan, 友乾) CNC panel döner anahtarı; resmi üretici sitesi bulunamadı, yalnız bayi kayıtları var (ör. '04G S S02N').";https://www.ankaracncmarket.com.tr/elektronik/u-chain-04g-s-s02-g-mod-anahtari-d1d9fa651d6d38f15484
Sviç, sensör ve butonlar;(markasız);16 mm anahtarlı buton 0-1 kalıcı;;16 mm anahtarlı buton, 0-1 kalıcı konumlu;"Montaj çapı: 16 mm; Konum: 0-1 kalıcı";16MM ANAHTARLI 0-1 KALICI BUTON;50;25,0;Marka belirsiz (jenerik);;;;Orta;;"Markasız/jenerik ürün; ankaracncmarket kodu ('50') iç koddur.";https://www.ankaracncmarket.com.tr/elektronik/16mm-anahtarli-0-1-kalici-buton-8b8d2ae9c9dd813c8c7f
Sviç, sensör ve butonlar;(markasız);16 mm dikdörtgen buton;;16 mm dikdörtgen buton;"Montaj çapı: 16 mm; Biçim: Dikdörtgen";16MM DİKDÖRTGEN BUTON;90;25,0;Marka belirsiz (jenerik);;;;Orta;;"Markasız/jenerik ürün; ankaracncmarket kodu ('90') iç koddur.";https://www.ankaracncmarket.com.tr/elektronik/16mm-dikdortgen-buton-4b99f49ed3eaa14a4f66
Sviç, sensör ve butonlar;(markasız);16 mm dikdörtgen buton, kırmızı;;16 mm dikdörtgen buton, kırmızı;"Montaj çapı: 16 mm; Biçim: Dikdörtgen; Renk: Kırmızı";16MM DİKDÖRTGEN BUTON KIRMIZI;HKMQTX36;25,0;Marka belirsiz (jenerik);;;;Orta;;"Markasız/jenerik ürün; ankaracncmarket kodu ('HKMQTX36') iç koddur.";https://www.ankaracncmarket.com.tr/elektronik/16mm-dikdortgen-buton-kirmizi-2d3c8bfc2007ed8f5329
Sviç, sensör ve butonlar;(markasız);16 mm dikdörtgen buton, yeşil;;16 mm dikdörtgen buton, yeşil;"Montaj çapı: 16 mm; Biçim: Dikdörtgen; Renk: Yeşil";16MM DİKDÖRTGEN BUTON YEŞİL;CHJKQTZ3;25,0;Marka belirsiz (jenerik);;;;Orta;;"Markasız/jenerik ürün; ankaracncmarket kodu ('CHJKQTZ3') iç koddur.";https://www.ankaracncmarket.com.tr/elektronik/16mm-dikdortgen-buton-yesil-5e1f61f87d453d857100
Sviç, sensör ve butonlar;(markasız);16 mm yuvarlak ışıklı buton;;16 mm yuvarlak ışıklı buton;"Montaj çapı: 16 mm; Biçim: Yuvarlak; Işık: Var";16MM YUVRLAK IŞIKLI BUTON;70;25,0;Marka belirsiz (jenerik);;;;Orta;Başlıkta yazım hatası: 'YUVRLAK' → 'YUVARLAK'.;"Markasız/jenerik ürün; ankaracncmarket kodu ('70') iç koddur.";https://www.ankaracncmarket.com.tr/elektronik/16mm-yuvrlak-isikli-buton-d12583541d58ee3da173
Sviç, sensör ve butonlar;(markasız);22 mm ışıklı buton;;22 mm ışıklı buton;"Montaj çapı: 22 mm; Işık: Var";22MM IŞIKLI BUTON;80;20,0;Marka belirsiz (jenerik);;;;Orta;;"Markasız/jenerik ürün; ankaracncmarket kodu ('80') iç koddur.";https://www.ankaracncmarket.com.tr/elektronik/22mm-isikli-buton-9b51fa36e51609c7d303
Sviç, sensör ve butonlar;(markasız);CNC torna ayak pedalı;;CNC torna ayak pedalı;;CNC TORNA AYAK PEDALI;BCFHM368;45,0;Marka belirsiz (jenerik);;;;Orta;;"Markasız/jenerik ürün; ankaracncmarket kodu ('BCFHM368') iç koddur.";https://www.ankaracncmarket.com.tr/elektronik/cnc-torna-ayak-pedali-09563a263230ef05db9c
Sviç, sensör ve butonlar;(markasız);CNC torna ikili ayak pedalı;;CNC torna ikili ayak pedalı;Pedal sayısı: 2;CNC TORNA 2Lİ AYAK PEDALI;DEKMRTW6;65,0;Marka belirsiz (jenerik);;;;Orta;;"Markasız/jenerik ürün; ankaracncmarket kodu ('DEKMRTW6') iç koddur.";https://www.ankaracncmarket.com.tr/elektronik/cnc-torna-2li-ayak-pedali-ef98ff1d14062e6f1429
Sviç, sensör ve butonlar;(markasız);Clamp/unclamp piston sviçi;;Clamp/unclamp (bağlama/çözme) piston sviçi;;CLUMP-UNCLUMP PİSTON SWITCH;CFKLPS59;10,0;Marka belirsiz (jenerik);;;;Düşük;Başlıkta yazım hatası: 'CLUMP-UNCLUMP' → 'CLAMP-UNCLAMP'.;"Markasız/jenerik ürün; ankaracncmarket kodu ('CFKLPS59') iç koddur. Başlıktaki 'CLUMP-UNCLUMP' doğru yazımı 'CLAMP-UNCLAMP'. Üretici ve tip belirsiz; Mitsubishi değil.";https://www.ankaracncmarket.com.tr/elektronik/clump-unclump-piston-switch-41ddf92cb194548eb914
Sviç, sensör ve butonlar;(markasız);Korumalı ayak pedalı;;Korumalı (kapaklı) ayak pedalı;;KORUMALI AYAK PEDALI;60;43,0;Marka belirsiz (jenerik);;;;Orta;;"Markasız/jenerik ürün; ankaracncmarket kodu ('60') iç koddur.";https://www.ankaracncmarket.com.tr/elektronik/korumali-ayak-pedali-2fc988629b39e2050ccc
Sviç, sensör ve butonlar;(markasız);Toggle anahtar ON/OFF, 3 pin;;Toggle anahtar ON/OFF, 3 pin;"Kontak: ON/OFF; Pin: 3";SW-TOGGLE-ON/OFF-3P;IN-137;0,9;Marka belirsiz (jenerik);;;;Düşük;Site kodu 'IN-137' iç kod.;"Jenerik ürün; akım/gerilim değeri kayıtta yok.";https://www.ankaracncmarket.com.tr/buton-anahtar-switch/sw-toggle-on-off-3p-eb508eaace96e6de541b
Sviç, sensör ve butonlar;(markasız);İkili ışıklı ON/OFF anahtar, 6 pin;;İkili ışıklı ON/OFF klavye (rocker) anahtar, 6 pin;"Kontak: ON/OFF, ikili; Pin: 6; Işık: Var";AN-IKILI-ISIKLI-ON/OFF-6P;IN-101-İKİLİ IŞIKLI BLT;2,0;Marka belirsiz (jenerik);;;;Düşük;Site kodu 'IN-101-İKİLİ IŞIKLI BLT' iç kod.;"Jenerik ürün; ölçü, akım ve lamba gerilimi kayıtta yok.";https://www.ankaracncmarket.com.tr/buton-anahtar-switch/an-ikili-isikli-on-off-6p-89fb436f0949a51ee2ca
Takım bağlama ve ATC parçaları;Acrow;Acrow BT30 45° iş mili collet'i;;Acrow BT30 45° iş mili pull stud collet'i (gripper);Bağlantı: BT30, 45° pull stud;BT30 45 DERECE COLLET ACROW TAYWAN;CEFHLVX4;250,0;Resmi görsel bulunamadı;;https://www.acrow-tools.com.tw/EN/products/En7/En7-3/;;Orta;"Site kodu (CEFHLVX4) rastgele iç kod; üretici parça numarası değil.";"Acrow Machinery (Tayvan) iş mili gripper üretiyor; tam Acrow model kodu (ör. 9106H-xx) doğrulanamadı, mpn başlıktan türetildi. Acrow 'Spindle Grippers' sayfası ürün görsellerini sunucudan okunabilir biçimde vermiyor.";https://www.ankaracncmarket.com.tr/mekanik/bt30-45-derece-collet-acrow-taywan-7daf39a0d8d64cebd10b
Takım bağlama ve ATC parçaları;Acrow;Acrow BT30 OTT 45° iş mili collet'i;;Acrow BT30 OTT 45° iş mili pull stud collet'i (gripper);Bağlantı: BT30, OTT tipi, 45° pull stud;BT30 OTT 45 DERECE COLLET ACROW TAYWAN;BDGKQRU9;275,0;Resmi görsel bulunamadı;;https://www.acrow-tools.com.tw/EN/products/En7/En7-3/;;Orta;"Site kodu (BDGKQRU9) rastgele iç kod; üretici parça numarası değil.";"Acrow Machinery (Tayvan) iş mili gripper üretiyor; tam Acrow model kodu (ör. 9106H-xx) doğrulanamadı, mpn başlıktan türetildi. Acrow 'Spindle Grippers' sayfası ürün görsellerini sunucudan okunabilir biçimde vermiyor.";https://www.ankaracncmarket.com.tr/mekanik/bt30-ott-45-derece-collet-acrow-taywan-fe99d85537a3fb3902e0
Takım bağlama ve ATC parçaları;Acrow;Acrow BT40 45° iş mili collet'i;;Acrow BT40 45° iş mili pull stud collet'i (gripper);Bağlantı: BT40, 45° pull stud;BT40 45 DERECE COLLET ACROW TAYWAN;30;300,0;Resmi görsel bulunamadı;;https://www.acrow-tools.com.tw/EN/products/En7/En7-3/;;Orta;"Site kodu (30) rastgele iç kod; üretici parça numarası değil.";"Acrow Machinery (Tayvan) iş mili gripper üretiyor; tam Acrow model kodu (ör. 9106H-xx) doğrulanamadı, mpn başlıktan türetildi. Acrow 'Spindle Grippers' sayfası ürün görsellerini sunucudan okunabilir biçimde vermiyor.";https://www.ankaracncmarket.com.tr/mekanik/bt40-45-derece-collet-acrow-taywan-60e4e152975dd8bb8dc0
Takım bağlama ve ATC parçaları;Acrow;Acrow BT40 OTT 45° iş mili collet'i;;Acrow BT40 OTT 45° iş mili pull stud collet'i (gripper);Bağlantı: BT40, OTT tipi, 45° pull stud;BT40 OTT45 DERECE COLLET ACROW TAYWAN;BGKMRY58;360,0;Resmi görsel bulunamadı;;https://www.acrow-tools.com.tw/EN/products/En7/En7-3/;;Orta;"Site kodu (BGKMRY58) rastgele iç kod; üretici parça numarası değil.";"Acrow Machinery (Tayvan) iş mili gripper üretiyor; tam Acrow model kodu (ör. 9106H-xx) doğrulanamadı, mpn başlıktan türetildi. Acrow 'Spindle Grippers' sayfası ürün görsellerini sunucudan okunabilir biçimde vermiyor.";https://www.ankaracncmarket.com.tr/mekanik/bt40-ott45-derece-collet-acrow-taywan-8563e0e5603229ccb025
Takım bağlama ve ATC parçaları;Acrow;Acrow BT50 45° iş mili collet'i;;Acrow BT50 45° iş mili pull stud collet'i (gripper);Bağlantı: BT50, 45° pull stud;BT50 45 DERECE COLLET ACROW TAYWAN;ACDKP347;500,0;Resmi görsel bulunamadı;;https://www.acrow-tools.com.tw/EN/products/En7/En7-3/;;Orta;"Site kodu (ACDKP347) rastgele iç kod; üretici parça numarası değil.";"Acrow Machinery (Tayvan) iş mili gripper üretiyor; tam Acrow model kodu (ör. 9106H-xx) doğrulanamadı, mpn başlıktan türetildi. Acrow 'Spindle Grippers' sayfası ürün görsellerini sunucudan okunabilir biçimde vermiyor.";https://www.ankaracncmarket.com.tr/mekanik/bt50-45-derece-collet-acrow-taywan-696e5ef219ed75226d47
Takım bağlama ve ATC parçaları;Acrow;Acrow BT50 OTT 45° iş mili collet'i;;Acrow BT50 OTT 45° iş mili pull stud collet'i (gripper);Bağlantı: BT50, OTT tipi, 45° pull stud;BT50 OTT45 DERECE COLLET ACROW TAYWAN;ACKQSVZ8;550,0;Resmi görsel bulunamadı;;https://www.acrow-tools.com.tw/EN/products/En7/En7-3/;;Orta;"Site kodu (ACKQSVZ8) rastgele iç kod; üretici parça numarası değil.";"Acrow Machinery (Tayvan) iş mili gripper üretiyor; tam Acrow model kodu (ör. 9106H-xx) doğrulanamadı, mpn başlıktan türetildi. Acrow 'Spindle Grippers' sayfası ürün görsellerini sunucudan okunabilir biçimde vermiyor.";https://www.ankaracncmarket.com.tr/mekanik/bt50-ott45-derece-collet-acrow-taywan-8bd44fc18a00df878125
Takım bağlama ve ATC parçaları;Acrow;Acrow CAT40 OTT iş mili collet'i;;Acrow CAT40 OTT iş mili pull stud collet'i (gripper);Bağlantı: CAT40, OTT tipi;CAT40 OTT COLLET ACROW TAYWAN;ABHJNTY3;400,0;Resmi görsel bulunamadı;;https://www.acrow-tools.com.tw/EN/products/En7/En7-3/;;Orta;"Site kodu (ABHJNTY3) rastgele iç kod; üretici parça numarası değil.";"Acrow Machinery (Tayvan) iş mili gripper üretiyor; tam Acrow model kodu (ör. 9106H-xx) doğrulanamadı, mpn başlıktan türetildi. Acrow 'Spindle Grippers' sayfası ürün görsellerini sunucudan okunabilir biçimde vermiyor.";https://www.ankaracncmarket.com.tr/mekanik/cat40-ott-collet-acrow-taywan-f33cb47dd1196362bbb3
Takım bağlama ve ATC parçaları;Acrow;Acrow CAT40 iş mili collet'i;;Acrow CAT40 iş mili pull stud collet'i (gripper);Bağlantı: CAT40;CAT40 COLLET ACROW TAYWAN;GPQU4578;350,0;Resmi görsel bulunamadı;;https://www.acrow-tools.com.tw/EN/products/En7/En7-3/;;Orta;"Site kodu (GPQU4578) rastgele iç kod; üretici parça numarası değil.";"Acrow Machinery (Tayvan) iş mili gripper üretiyor; tam Acrow model kodu (ör. 9106H-xx) doğrulanamadı, mpn başlıktan türetildi. Acrow 'Spindle Grippers' sayfası ürün görsellerini sunucudan okunabilir biçimde vermiyor.";https://www.ankaracncmarket.com.tr/mekanik/cat40-collet-acrow-taywan-0424953c4db0a52ca3c9
Takım bağlama ve ATC parçaları;Acrow;Acrow CAT40-04D iş mili collet'i;;Acrow CAT40-04D iş mili pull stud collet'i (gripper);Bağlantı: CAT40 (Quaser için);ACROW CAT40-04D QUASER COLLET;AFHQRSW6;500,0;Resmi görsel bulunamadı;;https://www.acrow-tools.com.tw/EN/products/En7/En7-3/;;Orta;"Site kodu (AFHQRSW6) rastgele iç kod; üretici parça numarası değil.";"Acrow Machinery (Tayvan) iş mili gripper üretiyor; tam Acrow model kodu (ör. 9106H-xx) doğrulanamadı, mpn başlıktan türetildi. Acrow 'Spindle Grippers' sayfası ürün görsellerini sunucudan okunabilir biçimde vermiyor. Başlıkta 'ACROW CAT40-04D QUASER'; CAT40-04D kodu Acrow kataloğunda doğrulanamadı [TEYİT].";https://www.ankaracncmarket.com.tr/mekanik/acrow-cat40-04d-quaser-collet-33fc2d5ca006ca08b92e
Takım bağlama ve ATC parçaları;Acrow;Acrow DIN40 OTT iş mili collet'i;;Acrow DIN40 OTT iş mili pull stud collet'i (gripper);Bağlantı: DIN 40, OTT tipi;DIN40 OTT COLLET ACROW TAYWAN;FMUVX246;400,0;Resmi görsel bulunamadı;;https://www.acrow-tools.com.tw/EN/products/En7/En7-3/;;Orta;"Site kodu (FMUVX246) rastgele iç kod; üretici parça numarası değil.";"Acrow Machinery (Tayvan) iş mili gripper üretiyor; tam Acrow model kodu (ör. 9106H-xx) doğrulanamadı, mpn başlıktan türetildi. Acrow 'Spindle Grippers' sayfası ürün görsellerini sunucudan okunabilir biçimde vermiyor.";https://www.ankaracncmarket.com.tr/mekanik/din40-ott-collet-acrow-taywan-17934912d7573b33914f
Takım bağlama ve ATC parçaları;Acrow;Acrow DIN40 iş mili collet'i;;Acrow DIN40 iş mili pull stud collet'i (gripper);Bağlantı: DIN 40 (DIN 69872);DIN40 COLLET ACROW TAYWAN;EHLWZ367;350,0;Resmi görsel bulunamadı;;https://www.acrow-tools.com.tw/EN/products/En7/En7-3/;;Orta;"Site kodu (EHLWZ367) rastgele iç kod; üretici parça numarası değil.";"Acrow Machinery (Tayvan) iş mili gripper üretiyor; tam Acrow model kodu (ör. 9106H-xx) doğrulanamadı, mpn başlıktan türetildi. Acrow 'Spindle Grippers' sayfası ürün görsellerini sunucudan okunabilir biçimde vermiyor.";https://www.ankaracncmarket.com.tr/mekanik/din40-collet-acrow-taywan-9bc3be0d9e58b6a2611b
Takım bağlama ve ATC parçaları;Acrow;Acrow DIN50 iş mili collet'i;;Acrow DIN50 iş mili pull stud collet'i (gripper);Bağlantı: DIN 50 (DIN 69872);DIN50 COLLET ACROW TAYWAN;ALSTU146;600,0;Resmi görsel bulunamadı;;https://www.acrow-tools.com.tw/EN/products/En7/En7-3/;;Orta;"Site kodu (ALSTU146) rastgele iç kod; üretici parça numarası değil.";"Acrow Machinery (Tayvan) iş mili gripper üretiyor; tam Acrow model kodu (ör. 9106H-xx) doğrulanamadı, mpn başlıktan türetildi. Acrow 'Spindle Grippers' sayfası ürün görsellerini sunucudan okunabilir biçimde vermiyor.";https://www.ankaracncmarket.com.tr/mekanik/din50-collet-acrow-taywan-ecd99467b2f1eb6282d1
Takım bağlama ve ATC parçaları;Bright;BP40DIN;;Bright BP40DIN kuvvet yükseltmeli iş mili pull stud collet'i (DIN 69872);"Bağlantı: DIN 40 (DIN 69872 pull stud); Seri: BP (kuvvet yükseltmeli)";BP40 DIN BRIGHT PULLSTUD COLLET TAYWAN;AEPUVZ69;600,0;Üretici görseli var;seri;https://en.bmgroup.com.tw/buy/main_products.php?pid=13;https://ae3.okweb.asia/wolong15732/images/product/images/15627267984_16793601546_.jpg;Orta;"Site kodu (AEPUVZ69) rastgele iç kod; üretici parça numarası değil.";"Bright (精勤精機, Tayvan) BP serisinde BP40DIN modeli listelenir; erkek/dişi diş varyantı kayıtta belli değil [TEYİT]. Görsel üreticinin sitesinin barındırma alanı (ae3.okweb.asia) üzerinden, seri ortak görseli.";https://www.ankaracncmarket.com.tr/mekanik/bp40-din-bright-pullstud-collet-taywan-bccddb357ca02f43c121
Takım bağlama ve ATC parçaları;Bright;BT40M45;;Bright BT40M45 iş mili collet'i (MAS 403 BT40, 45° pull stud);"Bağlantı: MAS 403 BT40; Pull stud açısı: 45°";BT40 45 DERECE COLLET BRIGHT TAYWAN;CDEJSVX7;250,0;Üretici görseli var;seri;https://en.bmgroup.com.tw/buy/main_products.php?pid=1;https://ae3.okweb.asia/wolong15732/images/product/images/15622307592_15629173105_.jpg;Orta;"Site kodu (CDEJSVX7) rastgele iç kod; üretici parça numarası değil.";"Bright 'Spindle Gripper (MAS 403 BT)' serisinde BT40M45 listelenir; eşleştirme başlıktan [TEYİT]. Görsel üreticinin sitesinin barındırma alanı (ae3.okweb.asia), seri ortak görseli.";https://www.ankaracncmarket.com.tr/mekanik/bt40-45-derece-collet-bright-taywan-ca29377b8baa0e8a8923
Takım bağlama ve ATC parçaları;Doosan;850412-00052C;850412-00052;Doosan 850412-00052C iş mili collet takımı (DIN40);Bağlantı: DIN40 [TEYİT];DOOSAN COLLET 850412-00052C;CEHMZ789;600,0;Üretici görsel yayınlamıyor;;;;Orta;"Site kodu (CEHMZ789) rastgele iç kod; üretici parça numarası değil.";"Doosan (DN Solutions) yedek parça numarası; DIN40 conik için collet takımı olduğu bayi kaynaklarından [TEYİT]. Üretici yedek parça görseli yayınlamıyor.";https://www.ankaracncmarket.com.tr/mekanik/doosan-collet-850412-00052c-fbc8fe2e0c4924a60954
Takım bağlama ve ATC parçaları;Doosan;850412-00308C;;Doosan 850412-00308C iş mili collet'i (uzun tip);;DOOSAN COLLET 850412-00308C ( UZUN TİP);BCJSZ267;650,0;Üretici görsel yayınlamıyor;;;;Düşük;"Site kodu (BCJSZ267) rastgele iç kod; üretici parça numarası değil.";"Doosan parça numarası başlıktan; uygulama/konik tipi hiçbir kaynakta doğrulanamadı [TEYİT].";https://www.ankaracncmarket.com.tr/mekanik/doosan-collet-850412-00308c-uzun-tip-adae4a2d19966b9ed9cc
Takım bağlama ve ATC parçaları;Hartford;Hartford BT40 iş mili collet'i;;Hartford BT40 iş mili pull stud collet'i (yedek parça);Bağlantı: BT40;HARTFORD BT40 COLLET;ABHRVY69;460,0;Üretici görsel yayınlamıyor;;;;Düşük;"Site kodu (ABHRVY69) rastgele iç kod; üretici parça numarası değil.";"Hartford (Tayvanlı tezgah üreticisi) yedek parçası olarak satılıyor; orijinal Hartford parça numarası ve görseli bulunamadı. Orijinal mi muadil mi belli değil [TEYİT].";https://www.ankaracncmarket.com.tr/mekanik/hartford-bt40-collet-afc99fac7230f1fecd31
Takım bağlama ve ATC parçaları;Hartford;Hartford BT50 iş mili collet'i;;Hartford BT50 iş mili pull stud collet'i (yedek parça);Bağlantı: BT50;HARTFORD BT50 COLLET;EKPQSZ59;500,0;Üretici görsel yayınlamıyor;;;;Düşük;"Site kodu (EKPQSZ59) rastgele iç kod; üretici parça numarası değil.";"Hartford (Tayvanlı tezgah üreticisi) yedek parçası olarak satılıyor; orijinal Hartford parça numarası ve görseli bulunamadı. Orijinal mi muadil mi belli değil [TEYİT].";https://www.ankaracncmarket.com.tr/mekanik/hartford-bt50-collet-aa67c4f7e94f91ffb6b1
Takım bağlama ve ATC parçaları;Hinaka;BPT-10U5S45S13M;;Hinaka BPT-10U5S45S13M takım çözme (unclamp) güç yükseltici silindir, 13 mm strok;"Strok: 13 mm [TEYİT]; Seri: BPT (hava/yağ güç yükseltici)";HINAKA BPT-10U5S45S13M CLUMP-UNCLUMP PİSTON;DEFK3467;1550,0;Üretici görseli var;seri;https://www.hinakaorg.com/en-US/pfilter4_17-tool-change-boosting-unclamping-cylinder-bpt-series;https://www.hinakaorg.com/eimages/2021HINAKA_p1125092755726_349795_255527_7269311.png;Orta;"Site kodu (DEFK3467) rastgele iç kod; üretici parça numarası değil.";"Hinaka sitesinde BPT serisi (BPT-10U5S35/45 P13/15/17M) listeleniyor; tam BPT-10U5S45S13M kodu sitede yok (yakın: BPT-10U5S45P13M, ayrıca bayilerde BPT-10U5S45L13M). Model kodundaki 'S' harfi ve 13M=13 mm strok varsayım [TEYİT]. Görsel BPT serisi ürün görseli.";https://www.ankaracncmarket.com.tr/mekanik/hinaka-bpt-10u5s45s13m-clump-unclump-piston-4589e71208c74429d583
Takım bağlama ve ATC parçaları;Hinaka;HNS523S-3B-TW;;Hinaka HNS523S-3B-TW 5/2 solenoid valf;Tip: 5 yollu 2 konumlu solenoid valf;HINAKA HNS523S-3BTW VALF;AEFQRSZ3;170,0;Resmi görsel bulunamadı;;;;Orta;"Başlıktaki 'HNS523S-3BTW' kodunda tire eksik; üretici yazımı HNS523S-3B-TW.";"Hinaka (Tayvan) pnömatik valf; resmi üretici sitesi/görseli bulunamadı. Bobin gerilimi (DC24V / AC110V / AC220V) başlıkta yok.";https://www.ankaracncmarket.com.tr/elektronik/hinaka-hns523s-3btw-valf-b7f7941e701a1d1ae6f1
Takım bağlama ve ATC parçaları;Hinaka;HPS523S [tam kod TEYİT];;Hinaka HPS523S 5/2 solenoid valf;Tip: 5 yollu 2 konumlu solenoid valf;HINAKA HPS523S VALF;AFLQRVWZ;170,0;Resmi görsel bulunamadı;;;;Düşük;"Başlıktaki kod eksik; tam kodda gövde ve bobin soneki olmalı (ör. HPS523S-3B-DC24V).";"Hinaka (Tayvan) pnömatik valf; resmi üretici sitesi/görseli bulunamadı.";https://www.ankaracncmarket.com.tr/elektronik/hinaka-hps523s-valf-2e8d2fffb5fb06e053bd
Takım bağlama ve ATC parçaları;Hinaka;Hinaka BPT serisi unclamp silindiri [TEYİT];;Hinaka takım çözme (clamp/unclamp) güç yükseltici silindir;;HINAKA CLUMP-UNCLUMP PİSTON;GHMNTV57;1550,0;Üretici görseli var;seri;https://www.hinakaorg.com/en-US/pfilter4_17-tool-change-boosting-unclamping-cylinder-bpt-series;https://www.hinakaorg.com/eimages/2021HINAKA_p1125092755726_349795_255527_7269311.png;Düşük;"Site kodu (GHMNTV57) rastgele iç kod; üretici parça numarası değil.";"Kayıtta model belirtilmemiş; BPT serisi varsayıldı [TEYİT]. Tam model kodu öğrenilmeli.";https://www.ankaracncmarket.com.tr/mekanik/hinaka-clump-unclump-piston-465e51bd6a4abd7056bb
Takım bağlama ve ATC parçaları;Talons;CB4;;Talons CB4 iş mili pull stud collet'i (gripper);;TALONS CB4 PULLSTUD COLLET;BGLQUWY7;500,0;Resmi görsel bulunamadı;;;;Düşük;"Site kodu (BGLQUWY7) rastgele iç kod; üretici parça numarası değil.";"Talons markalı Tayvan iş mili gripper'ı; resmi üretici sitesi bulunamadı. Bayi kaynaklarına göre CB4 = BT40 45° dış dişli [TEYİT]; CR4 bağlantı tipi doğrulanmadı.";https://www.ankaracncmarket.com.tr/mekanik/talons-cb4-pullstud-collet-9df0d82c691260c0a8ce
Takım bağlama ve ATC parçaları;Talons;CR4;;Talons CR4 iş mili pull stud collet'i (gripper);;TALONS CR4 PULLSTUD COLLET;ABQRZ149;500,0;Resmi görsel bulunamadı;;;;Düşük;"Site kodu (ABQRZ149) rastgele iç kod; üretici parça numarası değil.";"Talons markalı Tayvan iş mili gripper'ı; resmi üretici sitesi bulunamadı. Bayi kaynaklarına göre CB4 = BT40 45° dış dişli [TEYİT]; CR4 bağlantı tipi doğrulanmadı.";https://www.ankaracncmarket.com.tr/mekanik/talons-cr4-pullstud-collet-4ab6bd35cba5620a3429
Takım bağlama ve ATC parçaları;(markasız);850412-00052C muadili;;Doosan 850412-00052C muadili iş mili collet'i (DIN40, kopya);Bağlantı: DIN40 [TEYİT];DOOSAN COLLET 850412-00052C (HIGHCOPY);BGJRVW67;400,0;Marka belirsiz (jenerik);;;;Orta;"Site kodu (BGJRVW67) rastgele iç kod; üretici parça numarası değil.";"Başlıktaki 'HIGHCOPY' bunun orijinal değil muadil/kopya ürün olduğunu gösteriyor; üreticisi belirsiz.";https://www.ankaracncmarket.com.tr/mekanik/doosan-collet-850412-00052c-highcopy-dd6e443d2b562a8b9134
Takım bağlama ve ATC parçaları;(markasız);BT40 ATC kol çenesi;;BT40 ATC kolu çenesi;Konik: BT40;BT40 ATC KOLU ÇENESİ;BGHLMSVZ;100,0;Marka belirsiz (jenerik);;;;Orta;"Site kodu (BGHLMSVZ) rastgele iç kod; üretici parça numarası değil.";Marka/tezgah tipi belirtilmemiş.;https://www.ankaracncmarket.com.tr/mekanik/bt40-atc-kolu-cenesi-f59d78bda943493b70e9
Takım bağlama ve ATC parçaları;(markasız);BT40 ATC kol çenesi (Mori Seiki tipi);;BT40 ATC kolu çenesi, Mori Seiki tipi;Konik: BT40;MORI SEIKI BT40 ATC KOLU ÇENESİ;BCJNR278;100,0;Marka belirsiz (jenerik);;;;Orta;"Site kodu (BCJNR278) rastgele iç kod; üretici parça numarası değil.";"Mori Seiki uyumlu; orijinal Mori Seiki/DMG Mori parçası olduğuna dair kanıt yok.";https://www.ankaracncmarket.com.tr/mekanik/mori-seiki-bt40-atc-kolu-cenesi-1fd90a86980ac39b9673
Takım bağlama ve ATC parçaları;(markasız);BT40 ATC kol çenesi (Quaser tipi);;BT40 ATC kolu çenesi, Quaser tipi;Konik: BT40;QUASER BT40 ATC KOLU ÇENESİ;AEFSU159;100,0;Marka belirsiz (jenerik);;;;Orta;"Site kodu (AEFSU159) rastgele iç kod; üretici parça numarası değil.";"Quaser uyumlu; orijinal Quaser parçası olduğuna dair kanıt yok.";https://www.ankaracncmarket.com.tr/mekanik/quaser-bt40-atc-kolu-cenesi-c5372e5928033b622347
Takım bağlama ve ATC parçaları;(markasız);BT40 ATC potu;;BT40 ATC takım potu;Konik: BT40;BT 40 ATC POTU;BCELVY59;150,0;Marka belirsiz (jenerik);;;;Orta;"Site kodu (BCELVY59) rastgele iç kod; üretici parça numarası değil.";Marka belirtilmemiş.;https://www.ankaracncmarket.com.tr/mekanik/bt-40-atc-potu-cce3ba219fdec82215ff
Takım bağlama ve ATC parçaları;(markasız);BT40 ATC potu;;BT40 ATC takım potu;Konik: BT40;BT 40 ATC POTU;AFHMRX23;150,0;Marka belirsiz (jenerik);;;;Orta;"Site kodu (AFHMRX23) rastgele iç kod; üretici parça numarası değil.";"Marka belirtilmemiş; pid 1194 ile aynı başlık, fark kayıttan anlaşılmıyor [TEYİT].";https://www.ankaracncmarket.com.tr/mekanik/bt-40-atc-potu-debb49f613f20898865e
Takım bağlama ve ATC parçaları;(markasız);BT40 ATC potu (Akira Seiki tipi);;BT40 ATC takım potu, Akira Seiki tezgahlar için;Konik: BT40;BT 40 AKIRA SEIKI ATC POTU;FGKMQX45;150,0;Marka belirsiz (jenerik);;;;Orta;"Site kodu (FGKMQX45) rastgele iç kod; üretici parça numarası değil.";"Akira Seiki uyumlu; orijinal Akira Seiki parçası olduğuna dair kanıt yok.";https://www.ankaracncmarket.com.tr/mekanik/bt-40-akira-seiki-atc-potu-e339b0670d930aaeb9b0
Takım bağlama ve ATC parçaları;(markasız);BT40 ATC potu (Leadwell tipi);;BT40 ATC takım potu, Leadwell tipi;Konik: BT40;BT 40 ATC POTU (LEADWELL TİP);HKNW5789;150,0;Marka belirsiz (jenerik);;;;Orta;"Site kodu (HKNW5789) rastgele iç kod; üretici parça numarası değil.";"Leadwell uyumlu; orijinal olduğuna dair kanıt yok.";https://www.ankaracncmarket.com.tr/mekanik/bt-40-atc-potu-leadwell-tip-5f320750f17a6fc4137c
Takım bağlama ve ATC parçaları;(markasız);BT40 ATC potu (Okada tipi);;BT40 ATC takım potu, Okada tipi;Konik: BT40;BT 40 OKADA ATC POTU;ACFHMW36;150,0;Marka belirsiz (jenerik);;;;Orta;"Site kodu (ACFHMW36) rastgele iç kod; üretici parça numarası değil.";"Okada uyumlu; orijinal olduğuna dair kanıt yok.";https://www.ankaracncmarket.com.tr/mekanik/bt-40-okada-atc-potu-90e7174e7474562e3ebc
Takım bağlama ve ATC parçaları;(markasız);BT40 clamp/unclamp pistonu;;BT40 iş mili clamp/unclamp (takım çözme) pistonu;;BT40 CLUMP-UNCLUMP PİSTON;EPRSY578;1600,0;Marka belirsiz (jenerik);;;;Düşük;"Site kodu (EPRSY578) rastgele iç kod; üretici parça numarası değil.";Marka/model belirtilmemiş.;https://www.ankaracncmarket.com.tr/mekanik/bt40-clump-unclump-piston-89dad11f08c4730f31ea
Takım bağlama ve ATC parçaları;(markasız);BT40 şemsiye magazin istasyonu;;BT40 şemsiye tip takım magazini istasyonu;Konik: BT40;BT 40 ŞEMSİYE MAGAZİN İSTASYONU;AGPQSTU1;55,0;Marka belirsiz (jenerik);;;;Orta;"Site kodu (AGPQSTU1) rastgele iç kod; üretici parça numarası değil.";Marka belirtilmemiş.;https://www.ankaracncmarket.com.tr/mekanik/bt-40-semsiye-magazin-istasyonu-87531575d246c8cded56
Takım bağlama ve ATC parçaları;(markasız);BT40 şemsiye magazin kaması;;BT40 şemsiye tip magazin kaması;Konik: BT40;BT 40 ŞEMSİYE MAGAZİN KAMASI;AJKMPQZ7;10,0;Marka belirsiz (jenerik);;;;Orta;"Site kodu (AJKMPQZ7) rastgele iç kod; üretici parça numarası değil.";Marka belirtilmemiş.;https://www.ankaracncmarket.com.tr/mekanik/bt-40-semsiye-magazin-kamasi-ba98e5cadd6ccc55a6ad
Takım bağlama ve ATC parçaları;(markasız);BT40 şemsiye magazin çenesi;;BT40 şemsiye tip magazin çenesi;Konik: BT40;BT40 ŞEMSİYE ÇENESİ;GLMUVWY2;35,0;Marka belirsiz (jenerik);;;;Orta;"Site kodu (GLMUVWY2) rastgele iç kod; üretici parça numarası değil.";Markasız.;https://www.ankaracncmarket.com.tr/mekanik/bt40-semsiye-cenesi-d9150f02e667ba880817
Takım bağlama ve ATC parçaları;(markasız);HSK63 şemsiye magazin çenesi;;HSK63 şemsiye tip magazin çenesi;Konik: HSK63;HSK63 ŞEMSİYE ÇENESİ;BCGLMTW2;110,0;Marka belirsiz (jenerik);;;;Orta;"Site kodu (BCGLMTW2) rastgele iç kod; üretici parça numarası değil.";Markasız.;https://www.ankaracncmarket.com.tr/mekanik/hsk63-semsiye-cenesi-51a38a7a8a5f6b1119b9
Veri aktarımı;(markasız);CF kart (CompactFlash);;CF (CompactFlash) hafıza kartı;;CF KART;120;25,0;Marka belirsiz (jenerik);;;;Orta;;"Markasız/jenerik ürün; ankaracncmarket kodu ('120') iç koddur. Kapasite başlıkta yok.";https://www.ankaracncmarket.com.tr/program-ve-veri-aktarimi/cf-kart-8aa6857b0158ef8fdf41
Veri aktarımı;(markasız);CF kart – PCMCIA adaptörü (Mitsubishi CNC için);;CF kart – PCMCIA adaptörü (Mitsubishi CNC uyumlu);;MITSUBISHI CF KART ADAPTÖRÜ;BCEGMN26;30,0;Marka belirsiz (jenerik);;;;Düşük;;"Mitsubishi'nin kendi parçası olduğu doğrulanamadı; büyük olasılıkla jenerik CF→PC Card adaptörü (Mitsubishi CNC ön kart yuvasında kullanılır) [TEYİT].";https://www.ankaracncmarket.com.tr/program-ve-veri-aktarimi/mitsubishi-cf-kart-adaptoru-e84e2d31c29e4a288d25
Veri aktarımı;(markasız);CNC data server (veri aktarım cihazı);;CNC data server veri aktarım cihazı;;CNC DATA SERVER AKTARIM CİHAZI;550;250,0;Marka belirsiz (jenerik);;;;Düşük;;"Markasız/jenerik ürün; ankaracncmarket kodu ('550') iç koddur. Marka/model belirtilmemiş.";https://www.ankaracncmarket.com.tr/program-ve-veri-aktarimi/cnc-data-server-aktarim-cihazi-7d0a95ca59b55ab9dc50
Veri aktarımı;(markasız);CNC kart seti;;CNC kart seti;;KART SETİ;160;65,0;Marka belirsiz (jenerik);;;;Düşük;;"Markasız/jenerik ürün; ankaracncmarket kodu ('160') iç koddur. Başlık ('KART SETİ') içeriği belirtmiyor; set içeriği fiziksel üründen teyit edilmeli.";https://www.ankaracncmarket.com.tr/program-ve-veri-aktarimi/kart-seti-fff624cacfd4871c228e
Veri aktarımı;(markasız);Hepsi bir arada (all-in-one) kart okuyucu;;Hepsi bir arada (all-in-one) USB kart okuyucu;;ALL IN ONE KART OKUYUCU;130;25,0;Marka belirsiz (jenerik);;;;Orta;;"Markasız/jenerik ürün; ankaracncmarket kodu ('130') iç koddur.";https://www.ankaracncmarket.com.tr/program-ve-veri-aktarimi/all-in-one-kart-okuyucu-f69c0dbd1aed3edba31d
Veri aktarımı;(markasız);PCMCIA – CF kart adaptörü;;PCMCIA (PC Card) – CF kart adaptörü;;PCMCIA ADAPTOR;140;25,0;Marka belirsiz (jenerik);;;;Düşük;;"Markasız/jenerik ürün; ankaracncmarket kodu ('140') iç koddur. Başlık yalnız 'PCMCIA ADAPTOR'; CF→PCMCIA adaptörü olduğu varsayıldı [TEYİT].";https://www.ankaracncmarket.com.tr/program-ve-veri-aktarimi/pcmcia-adaptor-ae65096cfe1395d23456
Veri aktarımı;(markasız);SD kart;;SD hafıza kartı;;SD KART;HJQX1279;15,0;Marka belirsiz (jenerik);;;;Orta;;"Markasız/jenerik ürün; ankaracncmarket kodu ('HJQX1279') iç koddur. Kapasite başlıkta yok.";https://www.ankaracncmarket.com.tr/program-ve-veri-aktarimi/sd-kart-04d0dc5c570fdcf0cf65
Veri aktarımı;(markasız);USB CF kart okuyucu;;USB CF (CompactFlash) kart okuyucu;;USB CF KART OKUYUCU;150;15,0;Marka belirsiz (jenerik);;;;Orta;;"Markasız/jenerik ürün; ankaracncmarket kodu ('150') iç koddur.";https://www.ankaracncmarket.com.tr/program-ve-veri-aktarimi/usb-cf-kart-okuyucu-69b55c24a89f67edca1e
Ölçme ve kalibrasyon;(markasız);BT30 test bar;;BT30 test barı (iş mili salgı kontrol mastarı);Konik: BT30;BT30 TEST BAR;520;240,0;Marka belirsiz (jenerik);;;;Orta;"Site kodu (520) rastgele iç kod; üretici parça numarası değil.";"Markasız; ölçüleri kayıtta yok.";https://www.ankaracncmarket.com.tr/mekanik/bt30-test-bar-c7ad19de3d901ab1f22c
Ölçme ve kalibrasyon;(markasız);BT30 çekme kuvveti test aparatı;;BT30 iş mili çekme kuvveti test aparatı;Konik: BT30;BT30 ÇEKME KUVVETİ TESTİ;AFKPWZ49;610,0;Marka belirsiz (jenerik);;;;Orta;"Site kodu (AFKPWZ49) rastgele iç kod; üretici parça numarası değil.";Markasız ölçme aparatı.;https://www.ankaracncmarket.com.tr/mekanik/bt30-cekme-kuvveti-testi-2f207e6ce8a5a3bf8a66
Ölçme ve kalibrasyon;(markasız);BT40 ATC kalibrasyon mastarı;;BT40 ATC kalibrasyon mastarı;Konik: BT40;BT40 ATC KALİBRASYON MASTARI;10;350,0;Marka belirsiz (jenerik);;;;Orta;"Site kodu (10) rastgele iç kod; üretici parça numarası değil.";Markasız.;https://www.ankaracncmarket.com.tr/mekanik/bt40-atc-kalibrasyon-mastari-015373b94d7d9a4c2c84
Ölçme ve kalibrasyon;(markasız);BT40 test bar;;BT40 test barı (iş mili salgı kontrol mastarı);Konik: BT40;BT40 TEST BAR;530;270,0;Marka belirsiz (jenerik);;;;Orta;"Site kodu (530) rastgele iç kod; üretici parça numarası değil.";Markasız.;https://www.ankaracncmarket.com.tr/mekanik/bt40-test-bar-55c8987e2306a04bdf47
Ölçme ve kalibrasyon;(markasız);BT40 çekme kuvveti test aparatı;;BT40 iş mili çekme kuvveti test aparatı;Konik: BT40;BT40 ÇEKME KUVVETİ TESTİ;170;700,0;Marka belirsiz (jenerik);;;;Orta;"Site kodu (170) rastgele iç kod; üretici parça numarası değil.";Markasız.;https://www.ankaracncmarket.com.tr/mekanik/bt40-cekme-kuvveti-testi-5a01a7c488317bff8f6f
Ölçme ve kalibrasyon;(markasız);BT50 ATC kalibrasyon mastarı;;BT50 ATC kalibrasyon mastarı;Konik: BT50;BT50 ATC KALİBRASYON MASTARI;20;400,0;Marka belirsiz (jenerik);;;;Orta;"Site kodu (20) rastgele iç kod; üretici parça numarası değil.";Markasız.;https://www.ankaracncmarket.com.tr/mekanik/bt50-atc-kalibrasyon-mastari-1bd75ee5d1db4c9dc07c
Ölçme ve kalibrasyon;(markasız);BT50 test bar;;BT50 test barı (iş mili salgı kontrol mastarı);Konik: BT50;BT50 TEST BAR;540;400,0;Marka belirsiz (jenerik);;;;Orta;"Site kodu (540) rastgele iç kod; üretici parça numarası değil.";Markasız.;https://www.ankaracncmarket.com.tr/mekanik/bt50-test-bar-9ea55a68f6fa911f23c9
Ölçme ve kalibrasyon;(markasız);BT50 çekme kuvveti test aparatı;;BT50 iş mili çekme kuvveti test aparatı;Konik: BT50;BT50 ÇEKME KUVVETİ TESTİ;BKPRUV27;800,0;Marka belirsiz (jenerik);;;;Orta;"Site kodu (BKPRUV27) rastgele iç kod; üretici parça numarası değil.";Markasız.;https://www.ankaracncmarket.com.tr/mekanik/bt50-cekme-kuvveti-testi-bb5f31d22fcf594fa953
Ölçme ve kalibrasyon;(markasız);Granit pleyt 300×300×50 mm, kare;;Kare granit pleyt (ölçü/kontrol plakası), 300×300×50 mm;"Ölçü: 300×300×50 mm; Form: Kare";300x300x50mm KARE GRANİT PLEYT;EFHNRUZ4;650,0;Marka belirsiz (jenerik);;;;Orta;"Site kodu (EFHNRUZ4) rastgele iç kod; üretici parça numarası değil.";"Markasız granit ölçme pleyti; hassasiyet sınıfı (DIN 876 vb.) kayıtta belirtilmemiş [TEYİT].";https://www.ankaracncmarket.com.tr/mekanik/300x300x50mm-kare-granit-pleyt-a91a439abc5f84db3967
Ölçme ve kalibrasyon;(markasız);Granit pleyt 300×300×50 mm, üçgen;;Üçgen granit pleyt (ölçü/kontrol plakası), 300×300×50 mm;"Ölçü: 300×300×50 mm; Form: Üçgen";300x300x50mm ÜÇGEN GRANİT PLEYT;GJMSTXYZ;650,0;Marka belirsiz (jenerik);;;;Orta;"Site kodu (GJMSTXYZ) rastgele iç kod; üretici parça numarası değil.";"Markasız granit ölçme pleyti; hassasiyet sınıfı (DIN 876 vb.) kayıtta belirtilmemiş [TEYİT].";https://www.ankaracncmarket.com.tr/mekanik/300x300x50mm-ucgen-granit-pleyt-4c29c59b9c7235f375fc
Ölçme ve kalibrasyon;(markasız);Granit pleyt 400×400×50 mm, kare;;Kare granit pleyt (ölçü/kontrol plakası), 400×400×50 mm;"Ölçü: 400×400×50 mm; Form: Kare";400x400x50mm KARE GRANİT PLEYT;DGNSV349;820,0;Marka belirsiz (jenerik);;;;Orta;"Site kodu (DGNSV349) rastgele iç kod; üretici parça numarası değil.";"Markasız granit ölçme pleyti; hassasiyet sınıfı (DIN 876 vb.) kayıtta belirtilmemiş [TEYİT].";https://www.ankaracncmarket.com.tr/mekanik/400x400x50mm-kare-granit-pleyt-3897258186548e0b41c2
Ölçme ve kalibrasyon;(markasız);Granit pleyt 500×500×50 mm, kare;;Kare granit pleyt (ölçü/kontrol plakası), 500×500×50 mm;"Ölçü: 500×500×50 mm; Form: Kare";500x500x50mm KARE GRANİT PLEYT;CEHUWX24;970,0;Marka belirsiz (jenerik);;;;Orta;"Site kodu (CEHUWX24) rastgele iç kod; üretici parça numarası değil.";"Markasız granit ölçme pleyti; hassasiyet sınıfı (DIN 876 vb.) kayıtta belirtilmemiş [TEYİT].";https://www.ankaracncmarket.com.tr/mekanik/500x500x50mm-kare-granit-pleyt-94094bbd9c3e4205a896
Ölçme ve kalibrasyon;(markasız);HSK100 ATC kalibrasyon mastarı;;HSK100 ATC kalibrasyon mastarı;Konik: HSK-A100;HSK100 ATC KALİBRASYON MASTARI;BFGKMR49;1000,0;Marka belirsiz (jenerik);;;;Orta;"Site kodu (BFGKMR49) rastgele iç kod; üretici parça numarası değil.";Markasız.;https://www.ankaracncmarket.com.tr/mekanik/hsk100-atc-kalibrasyon-mastari-497459d4a8bc0d116f7e
Ölçme ve kalibrasyon;(markasız);HSK63 ATC kalibrasyon mastarı;;HSK63 ATC kalibrasyon mastarı;Konik: HSK-A63;HSK63 ATC KALİBRASYON MASTARI;ABDTY458;700,0;Marka belirsiz (jenerik);;;;Orta;"Site kodu (ABDTY458) rastgele iç kod; üretici parça numarası değil.";Markasız.;https://www.ankaracncmarket.com.tr/mekanik/hsk63-atc-kalibrasyon-mastari-952b02a9b0dd73abe5c0
Ölçme ve kalibrasyon;(markasız);HSK63 ATC kalibrasyon mastarı (yeni tip);;HSK63 ATC kalibrasyon mastarı, yeni tip;Konik: HSK-A63;HSK63 ATC KALİBRASYON MASTARI (YENİ TİP);BJLNST56;700,0;Marka belirsiz (jenerik);;;;Orta;"Site kodu (BJLNST56) rastgele iç kod; üretici parça numarası değil.";"Markasız; 'yeni tip' farkı kayıtta açıklanmıyor.";https://www.ankaracncmarket.com.tr/mekanik/hsk63-atc-kalibrasyon-mastari-yeni-tip-09dfeab89fb8a59111ec
Ölçme ve kalibrasyon;(markasız);HSK63 test bar;;HSK63 test barı (iş mili salgı kontrol mastarı);Konik: HSK63;HSK63 TEST BAR;BJKPST29;700,0;Marka belirsiz (jenerik);;;;Orta;"Site kodu (BJKPST29) rastgele iç kod; üretici parça numarası değil.";Markasız.;https://www.ankaracncmarket.com.tr/mekanik/hsk63-test-bar-a72700a12dedb7f6bf0f
Ölçme ve kalibrasyon;(markasız);SK50 ATC kalibrasyon mastarı;;SK50 ATC kalibrasyon mastarı;Konik: SK50;SK50 ATC KALİBRASYON MASTARI;CDFNPRU7;450,0;Marka belirsiz (jenerik);;;;Orta;"Site kodu (CDFNPRU7) rastgele iç kod; üretici parça numarası değil.";Markasız.;https://www.ankaracncmarket.com.tr/mekanik/sk50-atc-kalibrasyon-mastari-e609cdd097cf697bcb66
