Ana kategori;Kategori yolu;Ürün adı;Marka;Site kodu (SKU);Fiyat (TL, KDV dahil);Stok;Fotoğraf sayısı;Açıklama uzunluğu (karakter);Adres
Elektronik;Elektronik > AC Trafolar > 48 Volt Trafolar;48 Volt 2 Çıkış AC Trafo;D-Trafo;T164;3.025,44;Var;3;1088;https://www.cncdunyasi.com/urun/48-volt-2-cikis-ac-trafo-48x2
Elektronik;Elektronik > AC Trafolar > 48 Volt Trafolar;48 Volt 3 Çıkış AC Trafo;D-Trafo;T165;3.942,24;Var;2;1088;https://www.cncdunyasi.com/urun/48-volt-3-cikis-ac-trafo-48x3
Elektronik;Elektronik > AC Trafolar > 48 Volt Trafolar;48 Volt 4 Çıkış AC Trafo;D-Trafo;T166;4.950,72;Var;2;1088;https://www.cncdunyasi.com/urun/48-volt-4-cikis-ac-trafo-48x4
Elektronik;Elektronik > AC Trafolar > 48 Volt Trafolar;48 Volt Tek Çıkış AC Trafo;D-Trafo;T163;1.925,28;Var;1;1090;https://www.cncdunyasi.com/urun/48-volt-tek-cikis-ac-trafo-48x1
Elektronik;Elektronik > AC Trafolar > 60 Volt Trafolar;60 Volt 2 Çıkış AC Trafo;D-Trafo;T169;3.392,16;Var;1;1088;https://www.cncdunyasi.com/urun/60-volt-2-cikis-ac-trafo-60x2
Elektronik;Elektronik > AC Trafolar > 60 Volt Trafolar;60 Volt 3 Çıkış AC Trafo;D-Trafo;T170;4.950,72;Var;2;1088;https://www.cncdunyasi.com/urun/60-volt-3-cikis-ac-trafo-60x3
Elektronik;Elektronik > AC Trafolar > 60 Volt Trafolar;60 Volt 4 Çıkış AC Trafo;D-Trafo;T171;5.867,52;Var;1;1088;https://www.cncdunyasi.com/urun/60-volt-4-cikis-ac-trafo-60x4
Elektronik;Elektronik > AC Trafolar > 60 Volt Trafolar;60 Volt Tek Çıkış AC Trafo;D-Trafo;T167;2.108,64;Var;3;1090;https://www.cncdunyasi.com/urun/60-volt-tek-cikis-ac-trafo-60x1
Elektronik;Elektronik > CNC Mod Anahtarları;DCRS-01J Dijital Mod Anahtarı;CNCDunyasi;T420;1.980,00;Yok;2;1225;https://www.cncdunyasi.com/urun/dcrs-01j-dijital-mod-anahtari
Elektronik;Elektronik > CNC Mod Anahtarları;DCRS-01N Dijital Mod Anahtarı;CNCDunyasi;T387;1.680,00;Var;2;1140;https://www.cncdunyasi.com/urun/dcrs-01n-dijital-mod-anahtari
Elektronik;Elektronik > CNC Mod Anahtarları;DCRS-02N Dijital Mod Anahtarı;CNCDunyasi;T386;1.680,00;Var;2;1775;https://www.cncdunyasi.com/urun/dcrs-02n-dijital-mod-anahtari
Elektronik;Elektronik > DC Güç Kaynakları > 12 Volt Güç Kaynakları;12 Volt 17 Amper 200W Güç Kaynağı;Meanwell;T207;1.320,19;Var;1;252;https://www.cncdunyasi.com/urun/12-volt-17-amper-200w-guc-kaynagi-lrs-200-12
Elektronik;Elektronik > DC Güç Kaynakları > 12 Volt Güç Kaynakları;12 Volt 3 Amper 35W Güç Kaynağı;Meanwell;T202;495,07;Var;1;251;https://www.cncdunyasi.com/urun/12-volt-3-amper-35w-guc-kaynagi-lrs-35-12
Elektronik;Elektronik > DC Güç Kaynakları > 12 Volt Güç Kaynakları;12 Volt 4.2 Amper 50W Güç Kaynağı;Meanwell;T203;536,33;Var;1;253;https://www.cncdunyasi.com/urun/12-volt-4-2-amper-50w-guc-kaynagi-lrs-50-12
Elektronik;Elektronik > DC Güç Kaynakları > 12 Volt Güç Kaynakları;12 Volt 6 Amper 75W Güç Kaynağı;Meanwell;T204;660,10;Var;1;251;https://www.cncdunyasi.com/urun/12-volt-6-amper-75w-guc-kaynagi-lrs-75-12
Elektronik;Elektronik > DC Güç Kaynakları > 12 Volt Güç Kaynakları;12 Volt 8.5 Amper 100W Güç Kaynağı;Meanwell;T205;783,86;Var;1;253;https://www.cncdunyasi.com/urun/12-volt-8-5-amper-100w-guc-kaynagi-lrs-100-12
Elektronik;Elektronik > DC Güç Kaynakları > 12 Volt Güç Kaynakları;12 Volt Delta 12.5 Amper 150W Güç Kaynağı;Meanwell;T206;990,14;Var;1;254;https://www.cncdunyasi.com/urun/12-volt-12-amper-150w-guc-kaynagi-lrs-150-12
Elektronik;Elektronik > DC Güç Kaynakları > 24 Volt Güç Kaynakları;24 Volt 1.5 Amper 35W Güç Kaynağı;Delta;T340;495,07;Var;1;1064;https://www.cncdunyasi.com/urun/24-volt-1-5-amper-35w-guc-kaynagi-pmt-24v35w2ba
Elektronik;Elektronik > DC Güç Kaynakları > 24 Volt Güç Kaynakları;24 Volt 14.6 Amper 350W Güç Kaynağı;Delta;T346;1.650,24;Var;1;836;https://www.cncdunyasi.com/urun/24-volt-14-6-amper-350w-guc-kaynagi-pmt-24v350w2br
Elektronik;Elektronik > DC Güç Kaynakları > 24 Volt Güç Kaynakları;24 Volt 2.2 Amper 50W Güç Kaynağı;Delta;T341;536,33;Var;1;1065;https://www.cncdunyasi.com/urun/24-volt-2-2-amper-50w-guc-kaynagi-pmt-24v50w2ba
Elektronik;Elektronik > DC Güç Kaynakları > 24 Volt Güç Kaynakları;24 Volt 3.2 Amper 75W Güç Kaynağı;Delta;T342;618,84;Yok;1;990;https://www.cncdunyasi.com/urun/24-volt-3-2-amper-75w-guc-kaynagi-pmt-24v75w2ba
Elektronik;Elektronik > DC Güç Kaynakları > 24 Volt Güç Kaynakları;24 Volt 4.5 Amper 100W Güç Kaynağı;Delta;T343;742,61;Var;1;1063;https://www.cncdunyasi.com/urun/24-volt-4-5-amper-100w-guc-kaynagi-pmt-24v100w2ba
Elektronik;Elektronik > DC Güç Kaynakları > 24 Volt Güç Kaynakları;24 Volt 6.3 Amper 150W Güç Kaynağı;Delta;T344;948,89;Var;1;1254;https://www.cncdunyasi.com/urun/24-volt-6-3-amper-150w-guc-kaynagi-pmt-24v150w2ba
Elektronik;Elektronik > DC Güç Kaynakları > 24 Volt Güç Kaynakları;24 Volt 8.8 Amper 200W Güç Kaynağı;Delta;T345;1.237,68;Var;1;668;https://www.cncdunyasi.com/urun/24-volt-8-8-amper-200w-guc-kaynagi-pmt-24v200w2br
Elektronik;Elektronik > DC Güç Kaynakları > 48 Volt Güç Kaynakları;48 Volt 0.8 Amper 35W Güç Kaynağı Delta;Delta;T347;577,58;Yok;1;1062;https://www.cncdunyasi.com/urun/48-volt-0-8-amper-35w-guc-kaynagi-pmt-48v35w2ba
Elektronik;Elektronik > DC Güç Kaynakları > 48 Volt Güç Kaynakları;48 Volt 1.1 Amper 50W Güç Kaynağı Delta;Delta;T348;660,10;Yok;1;1077;https://www.cncdunyasi.com/urun/48-volt-1-1-amper-50w-guc-kaynagi-pmt-48v50w2ba
Elektronik;Elektronik > DC Güç Kaynakları > 48 Volt Güç Kaynakları;48 Volt 1.6 Amper 75W Güç Kaynağı Delta;Delta;T349;742,61;Yok;1;1068;https://www.cncdunyasi.com/urun/48-volt-1-6-amper-75w-guc-kaynagi-pmt-48v75w2ba
Elektronik;Elektronik > DC Güç Kaynakları > 48 Volt Güç Kaynakları;48 Volt 2.3 Amper 100W Güç Kaynağı Delta;Delta;T350;866,38;Yok;1;1192;https://www.cncdunyasi.com/urun/48-volt-2-3-amper-100w-guc-kaynagi-pmt-48v100w2ba
Elektronik;Elektronik > DC Güç Kaynakları > 48 Volt Güç Kaynakları;48 Volt 3.3 Amper 150W Güç Kaynağı Delta;Delta;T351;1.113,91;Yok;1;1201;https://www.cncdunyasi.com/urun/48-volt-3-3-amper-150w-guc-kaynagi-pmt-48v150w2ba
Elektronik;Elektronik > DC Güç Kaynakları > 48 Volt Güç Kaynakları;48 Volt 4.4 Amper 200W Güç Kaynağı Delta;Delta;T352;1.485,22;Yok;1;1205;https://www.cncdunyasi.com/urun/48-volt-4-4-amper-200w-guc-kaynagi-pmt-48v200w2br
Elektronik;Elektronik > DC Güç Kaynakları > 48 Volt Güç Kaynakları;48 Volt 7.3 Amper 350W Güç Kaynağı Delta;Delta;T353;2.104,06;Var;1;1205;https://www.cncdunyasi.com/urun/48-volt-7-3-amper-350w-guc-kaynagi-pmt-48v350w2br
Elektronik;Elektronik > Enkoderler;E50S8-100-3-T-1 5-24VDC Artımlı Enkoder;Autonics;T191;3.839,10;Var;4;1455;https://www.cncdunyasi.com/urun/autonics-e50s8-100-3-t-1-5-24vdc-artimli-enkoder
Elektronik;Elektronik > Enkoderler;E50S8-1000-3-T-1 5-24VDC Artımlı Enkoder;Autonics;T194;4.790,28;Var;4;378;https://www.cncdunyasi.com/urun/autonics-e50s8-1000-3-t-1-5-24vdc-artimli-enkoder
Elektronik;Elektronik > Enkoderler;E50S8-1024-3-T-1 5-24VDC Artımlı Enkoder;Autonics;T195;4.790,28;Var;4;378;https://www.cncdunyasi.com/urun/autonics-e50s8-1024-3-t-1-5-24vdc-artimli-enkoder
Elektronik;Elektronik > Enkoderler;E50S8-2000-3-T-1 5-24VDC Artımlı Enkoder;Autonics;T196;4.790,28;Var;4;378;https://www.cncdunyasi.com/urun/autonics-e50s8-2000-3-t-1-5-24vdc-artimli-enkoder
Elektronik;Elektronik > Enkoderler;E50S8-360-3-T-1 5-24VDC Artımlı Enkoder;Autonics;T192;3.839,10;Var;4;376;https://www.cncdunyasi.com/urun/autonics-e50s8-360-3-t-1-5-24vdc-artimli-enkoder
Elektronik;Elektronik > Enkoderler;E50S8-3600-3-T-1 5-24VDC Artımlı Enkoder;Autonics;T197;5.748,34;Var;4;378;https://www.cncdunyasi.com/urun/autonics-e50s8-3600-3-t-1-5-24vdc-artimli-enkoder
Elektronik;Elektronik > Enkoderler;E50S8-500-3-T-1 5-24VDC Artımlı Enkoder;Autonics;T193;3.839,10;Var;4;376;https://www.cncdunyasi.com/urun/autonics-e50s8-500-3-t-1-5-24vdc-artimli-enkoder
Elektronik;Elektronik > Kontrol Panelleri;5 Eksen CNC Kontrol Ünitesi SMC5;SMC;T388;37.680,00;Var;4;2168;https://www.cncdunyasi.com/urun/smc5-5-n-n-5-eksen-kontrol-unitesi
Elektronik;Elektronik > Kontrol Panelleri;DSP Kontrol Sistemi 0501;DSP;T102;14.100,00;Var;4;715;https://www.cncdunyasi.com/urun/dsp-el-terminali-0501
Elektronik;Elektronik > Kontrol Panelleri;M002-16A-16B 4 Eksen Kontrol Ünitesi;SMC;T125;15.000,00;Yok;3;1373;https://www.cncdunyasi.com/urun/m002-16a-16b-4-eksen-kontrol-unitesi
Elektronik;Elektronik > Kontrol Panelleri;M002-16A-16B 4 Eksen Kontrol Ünitesi (El Çarklı);SMC;T124;16.620,00;Var;6;1384;https://www.cncdunyasi.com/urun/m002-16a-16b-4-eksen-kontrol-unitesi-el-carkli
Elektronik;Elektronik > Kontrol Panelleri;RichAuto Dsp Cnc Kontrol Paneli A11;DSP;T174;27.504,00;Yok;3;691;https://www.cncdunyasi.com/urun/richauto-dsp-cnc-kontrol-paneli-a11
Elektronik;Elektronik > Kontrol Panelleri;SMC 4-4-16A16B CNC Kontrol Paneli;SMC;T100;11.160,00;Yok;1;1096;https://www.cncdunyasi.com/urun/smc-4-4-16a16b-cnc-kontrol-paneli-smc-4-4-16a16b
Elektronik;Elektronik > Mach3 Kontrol Kartları;3 Eksen AKZ 250-USB3-NPN Mach3 Kontrol Kartı;AKZ250;T101;5.760,00;Yok;3;1051;https://www.cncdunyasi.com/urun/mach3-akz250-usb3-npn-3-eksen
Elektronik;Elektronik > Mach3 Kontrol Kartları;3 Eksen USB Mach3 Kontrol Kartı;XHC;T31;8.340,00;Yok;3;1146;https://www.cncdunyasi.com/urun/3-eksen-xhc-usb-mach3-kontrol-karti
Elektronik;Elektronik > Mach3 Kontrol Kartları;4 Eksen USB Mach3 Kontrol Kartı;CNCDunyasi;T30;876,00;Var;4;956;https://www.cncdunyasi.com/urun/4-eksen-usb-mach3-kontrol-karti
Elektronik;Elektronik > Mach3 Kontrol Kartları;4 Eksen USB Mach3 Kontrol Kartı;XHC;T32;14.040,00;Var;3;1235;https://www.cncdunyasi.com/urun/4-eksen-xhc-usb-mach3-kontrol-karti
Elektronik;Elektronik > Mach3 Kontrol Kartları;Cnc Takım Sıfırlama Probu;CNCDunyasi;T173;2.820,00;Var;1;1449;https://www.cncdunyasi.com/urun/cnc-takim-sifirlama-probu
Elektronik;Elektronik > Raspberry Pi Modelleri;Raspberry Pi 4 Model B - 2GB;Raspberry;T188;3.540,00;Yok;4;1653;https://www.cncdunyasi.com/urun/raspberry-pi-4-model-b-2gb
Elektronik;Elektronik > Raspberry Pi Modelleri;Raspberry Pi 4 Model B - 4GB;Raspberry;T189;8.040,00;Yok;4;1653;https://www.cncdunyasi.com/urun/raspberry-pi-4-model-b-4gb
Elektronik;Elektronik > Raspberry Pi Modelleri;Raspberry Pi 4 Model B - 8GB;Raspberry;T190;14.280,00;Var;4;1654;https://www.cncdunyasi.com/urun/raspberry-pi-4-model-b-8gb
Elektronik;Elektronik > Sensörler > NPN Sensörler;12mm NPN 12~36 Volt Işıklı Sensör;CNCDunyasi;T268;156,00;Var;1;1214;https://www.cncdunyasi.com/urun/npn-12-36-volt-isikli-sensor
Elektronik;Elektronik > Sensörler > PNP Sensörler;12mm PNP 12~36 Volt Işıklı Sensör;CNCDunyasi;T269;156,00;Yok;1;1214;https://www.cncdunyasi.com/urun/pnp-12-36-volt-isikli-sensor
Elektronik;Elektronik > Vakum Pompaları;0,75 Kw 145 Metre3 Vakum Motoru;VP;T672;13.440,00;Yok;2;330;https://www.cncdunyasi.com/urun/0-75-kw-145-m3-blower-vakum-pompa-motoru
Elektronik;Elektronik > Vakum Pompaları;1,3 Kw 145 Metre3 Vakum Motoru;VP;T675;18.720,00;Var;2;328;https://www.cncdunyasi.com/urun/1-3-kw-145-m3-blower-vakum-pompa-motoru
Elektronik;Elektronik > Vakum Pompaları;1,5 Kw 210 Metre3 Vakum Motoru;VP;T673;21.720,00;Var;2;328;https://www.cncdunyasi.com/urun/1-5-kw-210-m3-blower-vakum-pompa-motoru
Elektronik;Elektronik > Vakum Pompaları;1,5 Kw 210 Metre3 Vakum Motoru;VP;T676;22.440,00;Var;2;328;https://www.cncdunyasi.com/urun/1-5-kw-210-m3-blower-vakum-pompa-motoru-380
Elektronik;Elektronik > Vakum Pompaları;2,2 Kw 270 Metre3 Vakum Motoru;VP;T677;17.400,00;Var;2;328;https://www.cncdunyasi.com/urun/2-2-kw-270-m3-blower-vakum-pompa-motoru-380
Elektronik;Elektronik > Vakum Pompaları;4 Kw 318 Metre3 Vakum Motoru;VP;T678;34.200,00;Var;2;324;https://www.cncdunyasi.com/urun/4-kw-318-m3-blower-vakum-pompa-motoru-380
Elektronik;Elektronik > Vakum Pompaları;7,5 Kw 520 Metre3 Vakum Motoru;VP;T679;45.840,00;Yok;2;328;https://www.cncdunyasi.com/urun/7-5-kw-520-m3-blower-vakum-pompa-motoru-380
Elektronik;Elektronik > Ölçü ve Test Aletleri;DT-830D Dijital Multimetre - Sarı;Marxlow;T406;252,00;Var;1;1205;https://www.cncdunyasi.com/urun/dt-830d-dijital-multimetre-sari
Elektronik;Elektronik > Ölçü ve Test Aletleri;DT-830D Dijital Multimetre - Siyah;Marxlow;T404;252,00;Var;1;1205;https://www.cncdunyasi.com/urun/dt-830d-dijital-multimetre-siyah
Elektronik;Elektronik > Ölçü ve Test Aletleri;Dijital Kontrol Kalemi;CNCDunyasi;T397;168,00;Yok;3;1223;https://www.cncdunyasi.com/urun/dijital-kontrol-kalemi
Elektronik;Elektronik > Ölçü ve Test Aletleri;MAS 830L Dijital Multimetre;Marxlow;T398;396,00;Var;1;1087;https://www.cncdunyasi.com/urun/mas-830l-dijital-multimetre
Elektronik;Elektronik > Ölçü ve Test Aletleri;PROSKIT Dijital Multimetre - MT-1233D;Proskit;T405;924,00;Yok;3;1318;https://www.cncdunyasi.com/urun/proskit-dijital-multimetre-mt-1233d
Elektronik;Elektronik > Ölçü ve Test Aletleri;Proskit MT-1236 Dijital Multimetre;Proskit;T403;1.680,00;Yok;1;1866;https://www.cncdunyasi.com/urun/proskit-mt-1236-dijital-multimetre
Elektronik;Elektronik > Şalt Ürünleri > Kablo Bağlantı Ekipmanları > İzoleli Kablo Yüsükleri;0,34 mm İzoleli Kablo Yüksüğü (1000 Adet);Zeybek;T539;811,20;Var;1;2723;https://www.cncdunyasi.com/urun/0-34-mm-izoleli-kablo-yuksugu
Elektronik;Elektronik > Şalt Ürünleri > Kablo Bağlantı Ekipmanları > İzoleli Kablo Yüsükleri;0,50 mm İzoleli Kablo Yüksüğü (1000 Adet);Zeybek;T538;358,80;Var;1;2723;https://www.cncdunyasi.com/urun/0-50-mm-izoleli-kablo-yuksugu
Elektronik;Elektronik > Şalt Ürünleri > Kablo Bağlantı Ekipmanları > İzoleli Kablo Yüsükleri;0,75 mm İzoleli Kablo Yüksüğü (1000 Adet);Zeybek;T540;358,80;Var;1;2723;https://www.cncdunyasi.com/urun/0-75-mm-izoleli-kablo-yuksugu
Elektronik;Elektronik > Şalt Ürünleri > Kablo Bağlantı Ekipmanları > İzoleli Kablo Yüsükleri;1 mm İzoleli Kablo Yüksüğü (1000 Adet);Zeybek;T541;374,40;Var;1;2717;https://www.cncdunyasi.com/urun/1-mm-izoleli-kablo-yuksugu
Elektronik;Elektronik > Şalt Ürünleri > Kablo Bağlantı Ekipmanları > İzoleli Kablo Yüsükleri;1,5 mm İzoleli Kablo Yüksüğü (1000 Adet);Zeybek;T542;405,60;Var;1;2721;https://www.cncdunyasi.com/urun/1-5-mm-izoleli-kablo-yuksugu
Elektronik;Elektronik > Şalt Ürünleri > Kablo Bağlantı Ekipmanları > İzoleli Kablo Yüsükleri;2,5 mm İzoleli Kablo Yüksüğü (500 Adet);Zeybek;T543;257,40;Var;1;2721;https://www.cncdunyasi.com/urun/2-5-mm-izoleli-kablo-yuksugu
Elektronik;Elektronik > Şalt Ürünleri > Kontaktörler;Siemens Sirius 12A Kontaktör 5,5Kw;Siemens;T468;1.488,00;Var;1;1392;https://www.cncdunyasi.com/urun/siemens-sirius-12a-kontaktor-5-5-kw
Elektronik;Elektronik > Şalt Ürünleri > Kontaktörler;Siemens Sirius 16A Kontaktör 7,5Kw;Siemens;T469;1.932,00;Var;1;1392;https://www.cncdunyasi.com/urun/siemens-sirius-16a-kontaktor-7-5-kw
Elektronik;Elektronik > Şalt Ürünleri > Kontaktörler;Siemens Sirius 25A Kontaktör 11Kw;Siemens;T470;2.652,00;Var;1;1391;https://www.cncdunyasi.com/urun/siemens-sirius-25a-kontaktor-11-kw
Elektronik;Elektronik > Şalt Ürünleri > Kontaktörler;Siemens Sirius 32A Kontaktör 15Kw;Siemens;T471;3.936,00;Var;1;1391;https://www.cncdunyasi.com/urun/siemens-sirius-32a-kontaktor-15-kw
Elektronik;Elektronik > Şalt Ürünleri > Kontaktörler;Siemens Sirius 40A Kontaktör 18,5Kw;Siemens;T472;4.668,00;Var;1;1393;https://www.cncdunyasi.com/urun/siemens-sirius-40a-kontaktor-18-5-kw
Elektronik;Elektronik > Şalt Ürünleri > Kontaktörler;Siemens Sirius 50A Kontaktör 22Kw;Siemens;T473;6.036,00;Var;1;1391;https://www.cncdunyasi.com/urun/siemens-sirius-50a-kontaktor-22-kw
Elektronik;Elektronik > Şalt Ürünleri > Kontaktörler;Siemens Sirius 65A Kontaktör 30Kw;Siemens;T474;8.580,00;Var;1;1391;https://www.cncdunyasi.com/urun/siemens-sirius-65a-kontaktor-30-kw
Elektronik;Elektronik > Şalt Ürünleri > Kontaktörler;Siemens Sirius 80A Kontaktör 37Kw;Siemens;T475;9.444,00;Var;1;1391;https://www.cncdunyasi.com/urun/siemens-sirius-80a-kontaktor-37-kw
Elektronik;Elektronik > Şalt Ürünleri > Kontaktörler;Siemens Sirius 95A Kontaktör 45Kw;Siemens;T476;12.780,00;Yok;1;1391;https://www.cncdunyasi.com/urun/siemens-sirius-95a-kontaktor-45-kw
Elektronik;Elektronik > Şalt Ürünleri > Kontaktörler;Siemens Sirius 9A Kontaktör 4Kw;Siemens;T467;1.320,00;Var;1;1389;https://www.cncdunyasi.com/urun/siemens-sirius-9a-kontaktor-4kw
Elektronik;Elektronik > Şalt Ürünleri > Motor Koruma Röleleri;Siemens 1,4-2 100Ka S00 Sirius Motor Koruma Şalteri;Siemens;T478;2.160,00;Var;1;122;https://www.cncdunyasi.com/urun/siemens-1-4-2-100ka-s00-sirius-motor-koruma-salteri
Elektronik;Elektronik > Şalt Ürünleri > Motor Koruma Röleleri;Siemens 1,8-2,5 100Ka S00 Sirius Motor Koruma Şalteri;Siemens;T480;2.160,00;Var;1;124;https://www.cncdunyasi.com/urun/siemens-1-8-2-5-100ka-s00-sirius-motor-koruma-salteri
Elektronik;Elektronik > Şalt Ürünleri > Motor Koruma Röleleri;Siemens 14-20 55 Ka S0 Motor Koruma Şalteri;Siemens;T485;2.712,00;Var;1;120;https://www.cncdunyasi.com/urun/siemens-14-20-50ka-s0-sirius-motor-koruma-salteri
Elektronik;Elektronik > Şalt Ürünleri > Motor Koruma Röleleri;Siemens 17-22 55 Ka S0 Motor Koruma Şalteri;Siemens;T486;2.808,00;Var;1;120;https://www.cncdunyasi.com/urun/siemens-17-22-50ka-s0-sirius-motor-koruma-salteri
Elektronik;Elektronik > Şalt Ürünleri > Motor Koruma Röleleri;Siemens 2,8-4 100Ka S00 Sirius Motor Koruma Şalteri;Siemens;T479;2.160,00;Var;1;122;https://www.cncdunyasi.com/urun/siemens-2-8-4-100ka-s00-sirius-motor-koruma-salteri
Elektronik;Elektronik > Şalt Ürünleri > Motor Koruma Röleleri;Siemens 20-25 100 Ka S0 Motor Koruma Şalteri;Siemens;T487;3.120,00;Var;1;121;https://www.cncdunyasi.com/urun/siemens-20-25-100ka-s0-sirius-motor-koruma-salteri
Elektronik;Elektronik > Şalt Ürünleri > Motor Koruma Röleleri;Siemens 27-32 100 Ka S0 Motor Koruma Şalteri;Siemens;T488;4.620,00;Var;2;121;https://www.cncdunyasi.com/urun/siemens-27-32-100ka-s0-sirius-motor-koruma-salteri
Elektronik;Elektronik > Şalt Ürünleri > Motor Koruma Röleleri;Siemens 3,5-5 100Ka S00 Sirius Motor Koruma Şalteri;Siemens;T481;2.160,00;Var;1;122;https://www.cncdunyasi.com/urun/siemens-3-5-5-100ka-s00-sirius-motor-koruma-salteri
Elektronik;Elektronik > Şalt Ürünleri > Motor Koruma Röleleri;Siemens 34-40 20Ka S2 Sirius Motor Koruma Şalteri;Siemens;T489;7.380,00;Var;1;120;https://www.cncdunyasi.com/urun/siemens-34-40-10ka-s2-sirius-motor-koruma-salteri
Elektronik;Elektronik > Şalt Ürünleri > Motor Koruma Röleleri;Siemens 4,5-6,3 100Ka S00 Sirius Motor Koruma Şalteri;Siemens;T482;2.160,00;Var;1;124;https://www.cncdunyasi.com/urun/siemens-4-5-6-3-100ka-s00-sirius-motor-koruma-salteri
Elektronik;Elektronik > Şalt Ürünleri > Motor Koruma Röleleri;Siemens 45-63 100 Ka S2 Motor Koruma Şalteri;Siemens;T490;9.396,00;Var;1;121;https://www.cncdunyasi.com/urun/siemens-45-63-100ka-s2-sirius-motor-koruma-salteri
Elektronik;Elektronik > Şalt Ürünleri > Motor Koruma Röleleri;Siemens 5,5-8 100Ka S00 Sirius Motor Koruma Şalteri;Siemens;T483;2.160,00;Var;1;122;https://www.cncdunyasi.com/urun/siemens-5-5-8-100ka-s00-sirius-motor-koruma-salteri
Elektronik;Elektronik > Şalt Ürünleri > Motor Koruma Röleleri;Siemens 9-12,5 100Ka S00 Sirius Motor Koruma Şalteri;Siemens;T484;2.400,00;Var;1;123;https://www.cncdunyasi.com/urun/siemens-9-12-5-100ka-s00-sirius-motor-koruma-salteri
Elektronik;Elektronik > Şalt Ürünleri > Motor Koruma Röleleri;Siemens Motor Koruma Aksesuarı;Siemens;T477;348,00;Var;2;256;https://www.cncdunyasi.com/urun/siemens-motor-koruma-aksesuari
Elektronik;Elektronik > Şalt Ürünleri > Pako Şalterler;Opaş 1*10 2 Kademe Pako Şalter;Opaş;T532;420,00;Var;1;1199;https://www.cncdunyasi.com/urun/opas-1-10-2-kademe-pako-salter
Elektronik;Elektronik > Şalt Ürünleri > Pako Şalterler;Opaş 1*10 Açma Kapama Şalteri (Kilitli);Opaş;T527;336,00;Var;1;1208;https://www.cncdunyasi.com/urun/opas-1-10-acma-kapama-pako-salter-kilitli
Elektronik;Elektronik > Şalt Ürünleri > Pako Şalterler;Opaş 1*10 Açma Kapama Şalteri (Normal);Opaş;T528;336,00;Var;1;1198;https://www.cncdunyasi.com/urun/opas-1-10-acma-kapama-pako-salter
Elektronik;Elektronik > Şalt Ürünleri > Pako Şalterler;Opaş 1*10 Kutup Değiştirici Pako Şalter;Opaş;T531;420,00;Var;1;1208;https://www.cncdunyasi.com/urun/opas-1-10-kutup-degistirici-pako-salter
Elektronik;Elektronik > Şalt Ürünleri > Pako Şalterler;Opaş 1*16 2 Kademe Pako Şalter;Opaş;T533;432,00;Var;1;1199;https://www.cncdunyasi.com/urun/opas-1-16-2-kademe-pako-salter
Elektronik;Elektronik > Şalt Ürünleri > Pako Şalterler;Opaş 1*16 Açma Kapama Şalteri (Kilitli);Opaş;T529;360,00;Var;1;1208;https://www.cncdunyasi.com/urun/opas-1-16-acma-kapama-pako-salter-kilitli
Elektronik;Elektronik > Şalt Ürünleri > Pako Şalterler;Opaş 1*16 Açma Kapama Şalteri (Normal);Opaş;T530;360,00;Var;1;1198;https://www.cncdunyasi.com/urun/opas-1-16-acma-kapama-pako-salter
Elektronik;Elektronik > Şalt Ürünleri > Pako Şalterler;Opaş 3*10 Açma Kapama Şalteri (Kilitli);Opaş;T534;468,00;Var;1;1208;https://www.cncdunyasi.com/urun/opas-3-10-acma-kapama-pako-salter-kilitli
Elektronik;Elektronik > Şalt Ürünleri > Pako Şalterler;Opaş 3*10 Açma Kapama Şalteri (Normal);Opaş;T535;468,00;Var;1;1198;https://www.cncdunyasi.com/urun/opas-3-10-acma-kapama-pako-salter
Elektronik;Elektronik > Şalt Ürünleri > Plastik Panolar;30*40*17 ABS Pano;Zeybek;T519;1.116,00;Var;1;8;https://www.cncdunyasi.com/urun/30-40-17-abs-pano
Elektronik;Elektronik > Şalt Ürünleri > Plastik Panolar;30*40*22 ABS Pano;Zeybek;T520;1.296,00;Var;1;8;https://www.cncdunyasi.com/urun/30-40-22-abs-pano
Elektronik;Elektronik > Şalt Ürünleri > Plastik Panolar;25*35*15 ABS Pano;Zeybek;T518;876,00;Var;1;8;https://www.cncdunyasi.com/urun/25-35-15-abs-pano
Elektronik;Elektronik > Şalt Ürünleri > Plastik Panolar;35*50*19 ABS Pano;Zeybek;T521;1.620,00;Var;1;8;https://www.cncdunyasi.com/urun/35-50-19-abs-pano
Elektronik;Elektronik > Şalt Ürünleri > Plastik Panolar;40*50*18 ABS Pano;Zeybek;T522;1.812,00;Var;1;8;https://www.cncdunyasi.com/urun/40-50-18-abs-pano
Elektronik;Elektronik > Şalt Ürünleri > Plastik Panolar;40*50*24 ABS Pano;Zeybek;T523;1.992,00;Var;1;8;https://www.cncdunyasi.com/urun/40-50-24-abs-pano
Elektronik;Elektronik > Şalt Ürünleri > Plastik Panolar;40*60*20 ABS Pano;Zeybek;T524;2.136,00;Var;1;8;https://www.cncdunyasi.com/urun/40-60-20-abs-pano
Elektronik;Elektronik > Şalt Ürünleri > Plastik Panolar;50*70*25 ABS Pano;Zeybek;T525;3.528,00;Var;1;8;https://www.cncdunyasi.com/urun/50-70-25-abs-pano
Elektronik;Elektronik > Şalt Ürünleri > Plastik Panolar;60*80*26 Abs Pano;Zeybek;T526;5.412,00;Var;1;8;https://www.cncdunyasi.com/urun/60-80-26-abs-pano
Elektronik;Elektronik > Şalt Ürünleri > Sigortalar;Siemens 1*10 W Otomat B Tipi 6Ka;Siemens;T491;192,00;Var;1;96;https://www.cncdunyasi.com/urun/siemens-1-10-w-otomat-b-tipi-6-ka-sigorta
Elektronik;Elektronik > Şalt Ürünleri > Sigortalar;Siemens 1*10 W Otomat C Tipi 6Ka;Siemens;T495;216,00;Var;1;96;https://www.cncdunyasi.com/urun/siemens-1-10-w-otomat-c-tipi-6-ka-sigorta
Elektronik;Elektronik > Şalt Ürünleri > Sigortalar;Siemens 1*16 W Otomat B Tipi 6Ka;Siemens;T492;192,00;Var;1;96;https://www.cncdunyasi.com/urun/siemens-1-16-w-otomat-b-tipi-6-ka-sigorta
Elektronik;Elektronik > Şalt Ürünleri > Sigortalar;Siemens 1*16 W Otomat C Tipi 6Ka;Siemens;T496;216,00;Var;1;96;https://www.cncdunyasi.com/urun/siemens-1-16-w-otomat-c-tipi-6-ka-sigorta
Elektronik;Elektronik > Şalt Ürünleri > Sigortalar;Siemens 1*20 W Otomat B Tipi 6Ka;Siemens;T493;192,00;Var;1;96;https://www.cncdunyasi.com/urun/siemens-1-20-w-otomat-b-tipi-6-ka-sigorta
Elektronik;Elektronik > Şalt Ürünleri > Sigortalar;Siemens 1*20 W Otomat C Tipi 6Ka;Siemens;T497;216,00;Var;1;96;https://www.cncdunyasi.com/urun/siemens-1-20-w-otomat-c-tipi-6-ka-sigorta
Elektronik;Elektronik > Şalt Ürünleri > Sigortalar;Siemens 1*25 W Otomat B Tipi 6Ka;Siemens;T494;192,00;Var;1;96;https://www.cncdunyasi.com/urun/siemens-1-25-w-otomat-b-tipi-6-ka-sigorta
Elektronik;Elektronik > Şalt Ürünleri > Sigortalar;Siemens 1*25 W Otomat C Tipi 6Ka;Siemens;T498;216,00;Var;1;96;https://www.cncdunyasi.com/urun/siemens-1-25-w-otomat-c-tipi-6-ka-sigorta
Elektronik;Elektronik > Şalt Ürünleri > Sigortalar;Siemens 1*32 W Otomat B Tipi 6Ka;Siemens;T499;228,00;Var;1;96;https://www.cncdunyasi.com/urun/siemens-1-32-w-otomat-b-tipi-6-ka-sigorta
Elektronik;Elektronik > Şalt Ürünleri > Sigortalar;Siemens 1*32 W Otomat C Tipi 6Ka;Siemens;T501;228,00;Var;1;96;https://www.cncdunyasi.com/urun/siemens-1-32-w-otomat-c-tipi-6-ka-sigorta
Elektronik;Elektronik > Şalt Ürünleri > Sigortalar;Siemens 1*40 W Otomat B Tipi 6Ka;Siemens;T500;252,00;Var;1;96;https://www.cncdunyasi.com/urun/siemens-1-40-w-otomat-b-tipi-6-ka-sigorta
Elektronik;Elektronik > Şalt Ürünleri > Sigortalar;Siemens 1*40 W Otomat C Tipi 6Ka;Siemens;T502;276,00;Var;1;96;https://www.cncdunyasi.com/urun/siemens-1-40-w-otomat-c-tipi-6-ka-sigorta
Elektronik;Elektronik > Şalt Ürünleri > Sigortalar;Siemens 1*50 W Otomat C Tipi 6Ka;Siemens;T503;384,00;Var;1;96;https://www.cncdunyasi.com/urun/siemens-1-50-w-otomat-c-tipi-6-ka-sigorta
Elektronik;Elektronik > Şalt Ürünleri > Sigortalar;Siemens 1*63 W Otomat C Tipi 6Ka;Siemens;T504;480,00;Var;1;96;https://www.cncdunyasi.com/urun/siemens-1-63-w-otomat-c-tipi-6-ka-sigorta
Elektronik;Elektronik > Şalt Ürünleri > Sigortalar;Siemens 3*10 W Otomat C Tipi 6Ka;Siemens;T505;852,00;Var;1;96;https://www.cncdunyasi.com/urun/siemens-3-10-w-otomat-c-tipi-6-ka-sigorta
Elektronik;Elektronik > Şalt Ürünleri > Sigortalar;Siemens 3*16 W Otomat C Tipi 6Ka;Siemens;T506;852,00;Var;1;96;https://www.cncdunyasi.com/urun/siemens-3-16-w-otomat-c-tipi-6-ka-sigorta
Elektronik;Elektronik > Şalt Ürünleri > Sigortalar;Siemens 3*20 W Otomat C Tipi 6Ka;Siemens;T507;852,00;Var;1;96;https://www.cncdunyasi.com/urun/siemens-3-20-w-otomat-c-tipi-6-ka-sigorta
Elektronik;Elektronik > Şalt Ürünleri > Sigortalar;Siemens 3*25 W Otomat C Tipi 6Ka;Siemens;T508;852,00;Var;1;96;https://www.cncdunyasi.com/urun/siemens-3-25-w-otomat-c-tipi-6-ka-sigorta
Elektronik;Elektronik > Şalt Ürünleri > Sigortalar;Siemens 3*32 W Otomat C Tipi 6Ka;Siemens;T509;888,00;Var;1;96;https://www.cncdunyasi.com/urun/siemens-3-32-w-otomat-c-tipi-6-ka-sigorta
Elektronik;Elektronik > Şalt Ürünleri > Sigortalar;Siemens 3*40 W Otomat C Tipi 6Ka;Siemens;T510;912,00;Var;1;96;https://www.cncdunyasi.com/urun/siemens-3-40-w-otomat-c-tipi-6-ka-sigorta
Elektronik;Elektronik > Şalt Ürünleri > Sigortalar;Siemens 3*50 W Otomat C Tipi 6Ka;Siemens;T511;1.296,00;Var;1;96;https://www.cncdunyasi.com/urun/siemens-3-50-w-otomat-c-tipi-6-ka-sigorta
Elektronik;Elektronik > Şalt Ürünleri > Sigortalar;Siemens 3*63 W Otomat C Tipi 6Ka;Siemens;T512;1.476,00;Var;1;96;https://www.cncdunyasi.com/urun/siemens-3-63-w-otomat-c-tipi-6-ka-sigorta
Elektronik;Elektronik > Şalt Ürünleri > Termik Koruma Röleleri;Siemens Sirius 11-16A Termik Röle;Siemens;T515;1.968,00;Var;1;93;https://www.cncdunyasi.com/urun/siemens-sirius-11-16-a-termik-role
Elektronik;Elektronik > Şalt Ürünleri > Termik Koruma Röleleri;Siemens Sirius 17-22A Termik Röle;Siemens;T516;2.256,00;Var;1;93;https://www.cncdunyasi.com/urun/siemens-sirius-17-22-a-termik-role
Elektronik;Elektronik > Şalt Ürünleri > Termik Koruma Röleleri;Siemens Sirius 27-32A Termik Röle;Siemens;T517;3.060,00;Var;1;93;https://www.cncdunyasi.com/urun/siemens-sirius-27-32-a-termik-role
Elektronik;Elektronik > Şalt Ürünleri > Termik Koruma Röleleri;Siemens Sirius 4,5-6,3A Termik Röle;Siemens;T513;1.968,00;Var;1;95;https://www.cncdunyasi.com/urun/siemens-sirius-4-5-6-3-a-termik-role
Elektronik;Elektronik > Şalt Ürünleri > Termik Koruma Röleleri;Siemens Sirius 9-12A Termik Röle;Siemens;T514;1.968,00;Var;1;92;https://www.cncdunyasi.com/urun/siemens-sirius-9-12-a-termik-role
Hız Kontrol Cihazları;Hız Kontrol Cihazları > Delta Hız Kontrol Cihazları > VFD-E Serisi;Delta 0.75 Kw VFD-E Serisi Motor Sürücü - 220 V;Delta;T354;8.766,90;Var;1;1062;https://www.cncdunyasi.com/urun/delta-0-75-kw-vfd-e-serisi-motor-surucu-vfd007e21t
Hız Kontrol Cihazları;Hız Kontrol Cihazları > Delta Hız Kontrol Cihazları > VFD-E Serisi;Delta 0.75 Kw VFD-E Serisi Motor Sürücü - 380 V;Delta;T357;10.715,10;Var;2;1062;https://www.cncdunyasi.com/urun/delta-0-75-kw-vfd-e-serisi-motor-surucu-vfd007e43t
Hız Kontrol Cihazları;Hız Kontrol Cihazları > Delta Hız Kontrol Cihazları > VFD-E Serisi;Delta 1.5 Kw VFD-E Serisi Motor Sürücü - 220 V;Delta;T355;10.130,64;Var;1;1061;https://www.cncdunyasi.com/urun/delta-1-5-kw-vfd-e-serisi-motor-surucu-vfd015e21a
Hız Kontrol Cihazları;Hız Kontrol Cihazları > Delta Hız Kontrol Cihazları > VFD-E Serisi;Delta 1.5 Kw VFD-E Serisi Motor Sürücü - 380 V;Delta;T358;11.884,02;Var;2;1061;https://www.cncdunyasi.com/urun/delta-1-5-kw-vfd-e-serisi-motor-surucu-vfd015e43t
Hız Kontrol Cihazları;Hız Kontrol Cihazları > Delta Hız Kontrol Cihazları > VFD-E Serisi;Delta 2.2 Kw VFD-E Serisi Motor Sürücü - 220 V;Delta;T356;13.247,76;Var;1;1061;https://www.cncdunyasi.com/urun/delta-2-2-kw-vfd-e-serisi-motor-surucu-vfd022e21a
Hız Kontrol Cihazları;Hız Kontrol Cihazları > Delta Hız Kontrol Cihazları > VFD-E Serisi;Delta 2.2 Kw VFD-E Serisi Motor Sürücü - 380 V;Delta;T359;14.027,04;Var;1;1061;https://www.cncdunyasi.com/urun/delta-2-2-kw-vfd-e-serisi-motor-surucu-vfd022e43a
Hız Kontrol Cihazları;Hız Kontrol Cihazları > Delta Hız Kontrol Cihazları > VFD-E Serisi;Delta 3.7 Kw VFD-E Serisi Motor Sürücü - 380 V;Delta;T360;15.585,60;Var;1;1061;https://www.cncdunyasi.com/urun/delta-3-7-kw-vfd-e-serisi-motor-surucu-vfd037e43a
Hız Kontrol Cihazları;Hız Kontrol Cihazları > Delta Hız Kontrol Cihazları > VFD-E Serisi;Delta 5.5 Kw VFD-E Serisi Motor Sürücü - 380 V;Delta;T361;20.066,46;Var;1;1061;https://www.cncdunyasi.com/urun/delta-5-5-kw-vfd-e-serisi-motor-surucu-vfd055e43a
Hız Kontrol Cihazları;Hız Kontrol Cihazları > Delta Hız Kontrol Cihazları > VFD-E Serisi;Delta 7.5 Kw VFD-E Serisi Motor Sürücü - 380 V;Delta;T362;24.157,68;Var;1;1061;https://www.cncdunyasi.com/urun/delta-7-5-kw-vfd-e-serisi-motor-surucu-vfd075e43a
Hız Kontrol Cihazları;Hız Kontrol Cihazları > Delta Hız Kontrol Cihazları > VFD-EL Serisi;Delta 0.40 Kw VFD-EL Serisi Motor Sürücü - 220 V;Delta;T222;5.649,78;Var;1;981;https://www.cncdunyasi.com/urun/delta-0-40-kw-vfd-el-serisi-motor-surucu-vfd004el21a
Hız Kontrol Cihazları;Hız Kontrol Cihazları > Delta Hız Kontrol Cihazları > VFD-EL Serisi;Delta 0.40 Kw VFD-EL Serisi Motor Sürücü - 380 V;Delta;T226;8.182,44;Var;1;981;https://www.cncdunyasi.com/urun/delta-0-40-kw-vfd-el-serisi-motor-surucu-vfd004el43a
Hız Kontrol Cihazları;Hız Kontrol Cihazları > Delta Hız Kontrol Cihazları > VFD-EL Serisi;Delta 0.75 Kw VFD-EL Serisi Motor Sürücü - 220 V;Delta;T223;6.234,24;Var;1;981;https://www.cncdunyasi.com/urun/delta-0-75-kw-vfd-el-serisi-motor-surucu-vfd007el21a
Hız Kontrol Cihazları;Hız Kontrol Cihazları > Delta Hız Kontrol Cihazları > VFD-EL Serisi;Delta 0.75 Kw VFD-EL Serisi Motor Sürücü - 380 V;Delta;T227;8.961,72;Var;1;981;https://www.cncdunyasi.com/urun/delta-0-75-kw-vfd-el-serisi-motor-surucu-vfd007el43a
Hız Kontrol Cihazları;Hız Kontrol Cihazları > Delta Hız Kontrol Cihazları > VFD-EL Serisi;Delta 1.5 Kw VFD-EL Serisi Motor Sürücü - 220 V;Delta;T224;7.792,80;Var;1;980;https://www.cncdunyasi.com/urun/delta-1-5-kw-vfd-el-serisi-motor-surucu-vfd015el21a
Hız Kontrol Cihazları;Hız Kontrol Cihazları > Delta Hız Kontrol Cihazları > VFD-EL Serisi;Delta 1.5 Kw VFD-EL Serisi Motor Sürücü - 380 V;Delta;T228;9.546,18;Var;1;980;https://www.cncdunyasi.com/urun/delta-1-5-kw-vfd-el-serisi-motor-surucu-vfd015el43a
Hız Kontrol Cihazları;Hız Kontrol Cihazları > Delta Hız Kontrol Cihazları > VFD-EL Serisi;Delta 2.2 Kw VFD-EL Serisi Motor Sürücü - 220 V;Delta;T225;10.325,46;Var;2;980;https://www.cncdunyasi.com/urun/delta-2-2-kw-vfd-el-serisi-motor-surucu-vfd022el21a
Hız Kontrol Cihazları;Hız Kontrol Cihazları > Delta Hız Kontrol Cihazları > VFD-EL Serisi;Delta 2.2 Kw VFD-EL Serisi Motor Sürücü - 380 V;Delta;T229;10.909,92;Var;2;980;https://www.cncdunyasi.com/urun/delta-2-2-kw-vfd-el-serisi-motor-surucu-vfd022el43a
Hız Kontrol Cihazları;Hız Kontrol Cihazları > Delta Hız Kontrol Cihazları > VFD-EL Serisi;Delta 3.7 Kw VFD-EL Serisi Motor Sürücü - 380 V;Delta;T230;12.078,84;Var;2;980;https://www.cncdunyasi.com/urun/delta-3-7-kw-vfd-el-serisi-motor-surucu-vfd037el43a
Hız Kontrol Cihazları;Hız Kontrol Cihazları > Delta Hız Kontrol Cihazları > VFD-EL-W Serisi;Delta 0.40 Kw VFD-EL-W Serisi Motor Sürücü - 220 V;Delta;T214;4.091,22;Var;1;1831;https://www.cncdunyasi.com/urun/delta-0-40-kw-vfd-el-w-serisi-motor-surucu-vfd004el21w-1
Hız Kontrol Cihazları;Hız Kontrol Cihazları > Delta Hız Kontrol Cihazları > VFD-EL-W Serisi;Delta 0.75 Kw VFD-EL-W Serisi Motor Sürücü - 220 V;Delta;T215;4.480,86;Var;1;1782;https://www.cncdunyasi.com/urun/delta-0-75-kw-vfd-el-w-serisi-motor-surucu-vfd007el21w-1
Hız Kontrol Cihazları;Hız Kontrol Cihazları > Delta Hız Kontrol Cihazları > VFD-EL-W Serisi;Delta 0.75 Kw VFD-EL-W Serisi Motor Sürücü - 380 V;Delta;T218;6.429,06;Var;1;1728;https://www.cncdunyasi.com/urun/delta-0-75-kw-vfd-el-w-serisi-motor-surucu-vfd007el43w-1
Hız Kontrol Cihazları;Hız Kontrol Cihazları > Delta Hız Kontrol Cihazları > VFD-EL-W Serisi;Delta 1.5 Kw VFD-EL-W Serisi Motor Sürücü - 220 V;Delta;T216;5.649,78;Var;1;1703;https://www.cncdunyasi.com/urun/delta-1-5-kw-vfd-el-w-serisi-motor-surucu-vfd015el21w-1
Hız Kontrol Cihazları;Hız Kontrol Cihazları > Delta Hız Kontrol Cihazları > VFD-EL-W Serisi;Delta 1.5 Kw VFD-EL-W Serisi Motor Sürücü - 380 V;Delta;T219;7.208,34;Var;1;1725;https://www.cncdunyasi.com/urun/delta-1-5-kw-vfd-el-w-serisi-motor-surucu-vfd015el43w-1
Hız Kontrol Cihazları;Hız Kontrol Cihazları > Delta Hız Kontrol Cihazları > VFD-EL-W Serisi;Delta 2.2 Kw VFD-EL-W Serisi Motor Sürücü - 220 V;Delta;T217;8.182,44;Var;1;1733;https://www.cncdunyasi.com/urun/delta-2-2-kw-vfd-el-w-serisi-motor-surucu-vfd022el21w-1
Hız Kontrol Cihazları;Hız Kontrol Cihazları > Delta Hız Kontrol Cihazları > VFD-EL-W Serisi;Delta 2.2 Kw VFD-EL-W Serisi Motor Sürücü - 380 V;Delta;T364;8.766,90;Var;1;1725;https://www.cncdunyasi.com/urun/delta-2-2-kw-vfd-el-w-serisi-motor-surucu-vfd022el43w-1
Hız Kontrol Cihazları;Hız Kontrol Cihazları > Delta Hız Kontrol Cihazları > VFD-EL-W Serisi;Delta 4 Kw VFD-EL-W Serisi Motor Sürücü - 380 V;Delta;T220;9.935,82;Var;1;1719;https://www.cncdunyasi.com/urun/delta-4-kw-vfd-el-w-serisi-motor-surucu-vfd040el43w-1
Hız Kontrol Cihazları;Hız Kontrol Cihazları > Delta Hız Kontrol Cihazları > VFD-EL-W Serisi;Delta 5.5 Kw VFD-EL-W Serisi Motor Sürücü - 380 V;Delta;T221;12.663,30;Var;1;1725;https://www.cncdunyasi.com/urun/delta-5-5-kw-vfd-el-w-serisi-motor-surucu-vfd055el43w-1
Hız Kontrol Cihazları;Hız Kontrol Cihazları > Shihlin Hız Kontrol Cihazları > SC3 Serisi;Shihlin 0.4 Kw SC3 Serisi Motor Sürücü - 220 V;Shihlin;T365;5.026,36;Var;1;1875;https://www.cncdunyasi.com/urun/shihlin-0-4-kw-sc3-serisi-motor-surucu-sc3-021-0-4-k
Hız Kontrol Cihazları;Hız Kontrol Cihazları > Shihlin Hız Kontrol Cihazları > SC3 Serisi;Shihlin 0.75 Kw SC3 Serisi Motor Sürücü - 220 V;Shihlin;T366;5.260,14;Var;1;1877;https://www.cncdunyasi.com/urun/shihlin-0-75-kw-sc3-serisi-motor-surucu-sc3-021-0-75-k
Hız Kontrol Cihazları;Hız Kontrol Cihazları > Shihlin Hız Kontrol Cihazları > SC3 Serisi;Shihlin 0.75 Kw SC3 Serisi Motor Sürücü - 380 V;Shihlin;T369;6.935,59;Var;1;1877;https://www.cncdunyasi.com/urun/shihlin-0-75-kw-sc3-serisi-motor-surucu-sc3-043-0-75-k
Hız Kontrol Cihazları;Hız Kontrol Cihazları > Shihlin Hız Kontrol Cihazları > SC3 Serisi;Shihlin 1.5 Kw SC3 Serisi Motor Sürücü - 220 V;Shihlin;T367;7.013,52;Var;1;1875;https://www.cncdunyasi.com/urun/shihlin-1-5-kw-sc3-serisi-motor-surucu-sc3-021-1-5-k
Hız Kontrol Cihazları;Hız Kontrol Cihazları > Shihlin Hız Kontrol Cihazları > SC3 Serisi;Shihlin 1.5 Kw SC3 Serisi Motor Sürücü - 380 V;Shihlin;T370;7.325,23;Var;1;1875;https://www.cncdunyasi.com/urun/shihlin-1-5-kw-sc3-serisi-motor-surucu-sc3-043-1-5-k
Hız Kontrol Cihazları;Hız Kontrol Cihazları > Shihlin Hız Kontrol Cihazları > SC3 Serisi;Shihlin 2.2 Kw SC3 Serisi Motor Sürücü - 220 V;Shihlin;T368;9.078,61;Var;1;1875;https://www.cncdunyasi.com/urun/shihlin-2-2-kw-sc3-serisi-motor-surucu-sc3-021-2-2-k
Hız Kontrol Cihazları;Hız Kontrol Cihazları > Shihlin Hız Kontrol Cihazları > SC3 Serisi;Shihlin 2.2 Kw SC3 Serisi Motor Sürücü - 380 V;Shihlin;T371;8.883,79;Var;1;1875;https://www.cncdunyasi.com/urun/shihlin-2-2-kw-sc3-serisi-motor-surucu-sc3-043-2-2-k
Hız Kontrol Cihazları;Hız Kontrol Cihazları > Shihlin Hız Kontrol Cihazları > SC3 Serisi;Shihlin 3.7 Kw SC3 Serisi Motor Sürücü - 380 V;Shihlin;T372;9.624,11;Var;1;1875;https://www.cncdunyasi.com/urun/shihlin-3-7-kw-sc3-serisi-motor-surucu-sc3-043-3-7-k
Hız Kontrol Cihazları;Hız Kontrol Cihazları > Shihlin Hız Kontrol Cihazları > SC3 Serisi;Shihlin 5.5 Kw SC3 Serisi Motor Sürücü - 380 V;Shihlin;T373;12.858,12;Var;1;1875;https://www.cncdunyasi.com/urun/shihlin-5-5-kw-sc3-serisi-motor-surucu-sc3-043-5-5-k
Hız Kontrol Cihazları;Hız Kontrol Cihazları > Shihlin Hız Kontrol Cihazları > SE3 Serisi;Shihlin 0.75 Kw SE3 Serisi Motor Sürücü - 220 V;Shihlin;T374;10.676,14;Var;1;1877;https://www.cncdunyasi.com/urun/shihlin-0-75-kw-se3-serisi-motor-surucu-se3-021-0-7-5-k
Hız Kontrol Cihazları;Hız Kontrol Cihazları > Shihlin Hız Kontrol Cihazları > SE3 Serisi;Shihlin 1.5 Kw SE3 Serisi Motor Sürücü - 220 V;Shihlin;T375;12.468,48;Var;1;1875;https://www.cncdunyasi.com/urun/shihlin-1-5-kw-se3-serisi-motor-surucu-se3-021-1-5-k
Hız Kontrol Cihazları;Hız Kontrol Cihazları > Shihlin Hız Kontrol Cihazları > SE3 Serisi;Shihlin 1.5 Kw SE3 Serisi Motor Sürücü - 380 V;Shihlin;T377;11.416,45;Var;1;1875;https://www.cncdunyasi.com/urun/shihlin-1-5-kw-se3-serisi-motor-surucu-se3-043-1-5-k
Hız Kontrol Cihazları;Hız Kontrol Cihazları > Shihlin Hız Kontrol Cihazları > SE3 Serisi;Shihlin 11 Kw SE3 Serisi Motor Sürücü - 380 V;Shihlin;T382;21.469,16;Var;2;1873;https://www.cncdunyasi.com/urun/shihlin-11-kw-se3-serisi-motor-surucu-se3-043-11-k
Hız Kontrol Cihazları;Hız Kontrol Cihazları > Shihlin Hız Kontrol Cihazları > SE3 Serisi;Shihlin 15 Kw SE3 Serisi Motor Sürücü - 380 V;Shihlin;T383;27.002,05;Var;2;1873;https://www.cncdunyasi.com/urun/shihlin-15-kw-se3-serisi-motor-surucu-se3-043-15-k
Hız Kontrol Cihazları;Hız Kontrol Cihazları > Shihlin Hız Kontrol Cihazları > SE3 Serisi;Shihlin 2.2 Kw SE3 Serisi Motor Sürücü - 220 V;Shihlin;T376;13.676,36;Var;1;1875;https://www.cncdunyasi.com/urun/shihlin-2-2-kw-se3-serisi-motor-surucu-se3-021-2-2-k
Hız Kontrol Cihazları;Hız Kontrol Cihazları > Shihlin Hız Kontrol Cihazları > SE3 Serisi;Shihlin 2.2 Kw SE3 Serisi Motor Sürücü - 380 V;Shihlin;T378;12.819,16;Var;1;1875;https://www.cncdunyasi.com/urun/shihlin-2-2-kw-se3-serisi-motor-surucu-se3-043-2-2-k
Hız Kontrol Cihazları;Hız Kontrol Cihazları > Shihlin Hız Kontrol Cihazları > SE3 Serisi;Shihlin 3.7 Kw SE3 Serisi Motor Sürücü - 380 V;Shihlin;T379;14.767,36;Var;1;1875;https://www.cncdunyasi.com/urun/shihlin-3-7-kw-se3-serisi-motor-surucu-se3-043-3-7-k
Hız Kontrol Cihazları;Hız Kontrol Cihazları > Shihlin Hız Kontrol Cihazları > SE3 Serisi;Shihlin 5.5 Kw SE3 Serisi Motor Sürücü - 380 V;Shihlin;T380;18.975,47;Var;2;1875;https://www.cncdunyasi.com/urun/shihlin-5-5-kw-se3-serisi-motor-surucu-se3-043-5-5-k
Hız Kontrol Cihazları;Hız Kontrol Cihazları > Shihlin Hız Kontrol Cihazları > SE3 Serisi;Shihlin 7.5 Kw SE3 Serisi Motor Sürücü - 380 V;Shihlin;T381;19.832,68;Var;2;1875;https://www.cncdunyasi.com/urun/shihlin-7-5-kw-se3-serisi-motor-surucu-se3-043-7-5-k
Hız Kontrol Cihazları;Hız Kontrol Cihazları > Shihlin Hız Kontrol Cihazları > SL3 Serisi;Shihlin 0.4 Kw SL3 Serisi Motor Sürücü;Shihlin;T75;3.970,89;Var;2;1483;https://www.cncdunyasi.com/urun/shihlin-0-4-kw-sl3-serisi-motor-surucu-sl3-021-04k
Hız Kontrol Cihazları;Hız Kontrol Cihazları > Shihlin Hız Kontrol Cihazları > SL3 Serisi;Shihlin 0.75 Kw SL3 Serisi Motor Sürücü;Shihlin;T211;4.371,99;Var;2;1486;https://www.cncdunyasi.com/urun/shihlin-0-75-kw-sl3-serisi-motor-surucu-sl3-021-075k
Hız Kontrol Cihazları;Hız Kontrol Cihazları > Shihlin Hız Kontrol Cihazları > SL3 Serisi;Shihlin 1.5 Kw SL3 Serisi Motor Sürücü;Shihlin;T212;5.535,18;Var;2;1484;https://www.cncdunyasi.com/urun/shihlin-1-5-kw-sl3-serisi-motor-surucu-sl3-021-1-5k
Hız Kontrol Cihazları;Hız Kontrol Cihazları > Shihlin Hız Kontrol Cihazları > SL3 Serisi;Shihlin 2.2 Kw SL3 Serisi Motor Sürücü;Shihlin;T213;7.420,35;Var;2;1484;https://www.cncdunyasi.com/urun/shihlin-2-2-kw-sl3-serisi-motor-surucu-sl3-021-2-2k
Hız Kontrol Cihazları;Hız Kontrol Cihazları > Siemens Hız Kontrol Cihazları > V20 Serisi;0.12 Kw Siemens Hız Kontrol Cihazı;Siemens;T132;4.534,92;Var;1;53;https://www.cncdunyasi.com/urun/0-12-kw-siemens-v20-hiz-kontrol-cihazi
Hız Kontrol Cihazları;Hız Kontrol Cihazları > Siemens Hız Kontrol Cihazları > V20 Serisi;0.25 Kw Siemens Hız Kontrol Cihazı;Siemens;T133;4.813,38;Var;1;53;https://www.cncdunyasi.com/urun/0-25-kw-siemens-v20-hiz-kontrol-cihazi
Hız Kontrol Cihazları;Hız Kontrol Cihazları > Siemens Hız Kontrol Cihazları > V20 Serisi;0.37 Kw Siemens Hız Kontrol Cihazı;Siemens;T134;5.131,62;Yok;1;53;https://www.cncdunyasi.com/urun/0-37-kw-siemens-v20-hiz-kontrol-cihazi
Hız Kontrol Cihazları;Hız Kontrol Cihazları > Siemens Hız Kontrol Cihazları > V20 Serisi;0.55 Kw Siemens Hız Kontrol Cihazı;Siemens;T135;5.569,20;Yok;1;53;https://www.cncdunyasi.com/urun/0-55-kw-siemens-v20-hiz-kontrol-cihazi
Hız Kontrol Cihazları;Hız Kontrol Cihazları > Siemens Hız Kontrol Cihazları > V20 Serisi;0.75 Kw Siemens Hız Kontrol Cihazı;Siemens;T136;6.026,67;Var;1;53;https://www.cncdunyasi.com/urun/0-75-kw-siemens-v20-hiz-kontrol-cihazi
Hız Kontrol Cihazları;Hız Kontrol Cihazları > Siemens Hız Kontrol Cihazları > V20 Serisi;1.1 Kw Siemens Hız Kontrol Cihazı;Siemens;T137;6.762,60;Yok;1;52;https://www.cncdunyasi.com/urun/1-1-kw-siemens-v20-hiz-kontrol-cihazi
Hız Kontrol Cihazları;Hız Kontrol Cihazları > Siemens Hız Kontrol Cihazları > V20 Serisi;1.5 Kw Siemens Hız Kontrol Cihazı;Siemens;T138;7.677,54;Var;1;52;https://www.cncdunyasi.com/urun/1-5-kw-siemens-v20-hiz-kontrol-cihazi
Hız Kontrol Cihazları;Hız Kontrol Cihazları > Siemens Hız Kontrol Cihazları > V20 Serisi;11 Kw Siemens Hız Kontrol Cihazı;Siemens;T144;35.961,12;Yok;1;52;https://www.cncdunyasi.com/urun/11-kw-siemens-v20-hiz-kontrol-cihazi
Hız Kontrol Cihazları;Hız Kontrol Cihazları > Siemens Hız Kontrol Cihazları > V20 Serisi;15 Kw Siemens Hız Kontrol Cihazı;Siemens;T145;43.777,89;Yok;1;51;https://www.cncdunyasi.com/urun/15-kw-siemens-v20-hiz-kontrol-cihazi
Hız Kontrol Cihazları;Hız Kontrol Cihazları > Siemens Hız Kontrol Cihazları > V20 Serisi;2.2 Kw Siemens Hız Kontrol Cihazı;Siemens;T139;9.328,41;Yok;1;52;https://www.cncdunyasi.com/urun/2-2-kw-siemens-v20-hiz-kontrol-cihazi
Hız Kontrol Cihazları;Hız Kontrol Cihazları > Siemens Hız Kontrol Cihazları > V20 Serisi;3 Kw Siemens Hız Kontrol Cihazı;Siemens;T140;10.840,05;Yok;1;50;https://www.cncdunyasi.com/urun/3-kw-siemens-v20-hiz-kontrol-cihazi
Hız Kontrol Cihazları;Hız Kontrol Cihazları > Siemens Hız Kontrol Cihazları > V20 Serisi;4 Kw Siemens Hız Kontrol Cihazı;Siemens;T141;18.040,23;Yok;1;50;https://www.cncdunyasi.com/urun/4-kw-siemens-v20-hiz-kontrol-cihazi
Hız Kontrol Cihazları;Hız Kontrol Cihazları > Siemens Hız Kontrol Cihazları > V20 Serisi;5.5 Kw Siemens Hız Kontrol Cihazı;Siemens;T142;22.137,57;Yok;1;52;https://www.cncdunyasi.com/urun/5-5-kw-siemens-v20-hiz-kontrol-cihazi
Hız Kontrol Cihazları;Hız Kontrol Cihazları > Siemens Hız Kontrol Cihazları > V20 Serisi;7.5 Kw Siemens Hız Kontrol Cihazı;Siemens;T143;27.965,34;Yok;1;52;https://www.cncdunyasi.com/urun/7-5-kw-siemens-v20-hiz-kontrol-cihazi
Makine Satış;Makine Satış > CNC Router > Masaüstü CNC Router;Mekaform Klişe CNC Router;Mekaform;T244;294.000,00;Var;1;571;https://www.cncdunyasi.com/urun/mekaform-klise-cnc-router
Makine Satış;Makine Satış > CNC Router > Mermer CNC Router;Mermer İşleme CNC Router MKF1530;Mekaform;T242;2.208.000,00;Var;1;1036;https://www.cncdunyasi.com/urun/mkf1530-cnc-mermer-isleme-router-makinasi
Makine Satış;Makine Satış > CNC Router > Mermer CNC Router;Mermer İşleme CNC Router MKF2030;Mekaform;T243;2.688.000,00;Var;1;1036;https://www.cncdunyasi.com/urun/mkf2030-cnc-mermer-isleme-router-makinasi
Makine Satış;Makine Satış > Fiber Markalama;30 Watt Fiber Markalama;Raycus;T123;223.470,00;Var;1;427;https://www.cncdunyasi.com/urun/30-watt-fiber-markalama
Makine Satış;Makine Satış > Fiber Markalama;50 Watt Fiber Markalama;Raycus;T127;292.230,00;Var;1;427;https://www.cncdunyasi.com/urun/50-watt-fiber-markalama
Mekanik;Mekanik > Lineer Hareket Sistemleri > Kaplinler;GS09 Kaplin;MKA;T22;240,00;Var;1;962;https://www.cncdunyasi.com/urun/bosluksuz-gs-09-kaplin
Mekanik;Mekanik > Lineer Hareket Sistemleri > Kaplinler;GS12 Kaplin;MKA;T23;264,00;Var;2;962;https://www.cncdunyasi.com/urun/bosluksuz-gs-12-kaplin
Mekanik;Mekanik > Lineer Hareket Sistemleri > Kaplinler;GS14 Kaplin;MKA;T24;300,00;Var;2;962;https://www.cncdunyasi.com/urun/bosluksuz-gs-14-kaplin
Mekanik;Mekanik > Lineer Hareket Sistemleri > Kaplinler;GS19 Kaplin;MKA;T25;456,00;Var;2;962;https://www.cncdunyasi.com/urun/bosluksuz-gs-19-kaplin
Mekanik;Mekanik > Lineer Hareket Sistemleri > Kaplinler;GS24 Kaplin;MKA;T26;996,00;Var;3;962;https://www.cncdunyasi.com/urun/bosluksuz-gs-24-kaplin
Mekanik;Mekanik > Lineer Hareket Sistemleri > Kaplinler;GS28 Kaplin;MKA;T27;1.380,00;Var;2;962;https://www.cncdunyasi.com/urun/bosluksuz-gs-28-kaplin
Mekanik;Mekanik > Lineer Hareket Sistemleri > Kaplinler;GS38 Kaplin;MKA;T394;2.640,00;Var;3;963;https://www.cncdunyasi.com/urun/bosluksuz-gs-38-kaplin
Mekanik;Mekanik > Lineer Hareket Sistemleri > Kaplinler;GS42 Kaplin;MKA;T395;4.380,00;Var;1;963;https://www.cncdunyasi.com/urun/bosluksuz-gs-42-kaplin
Mekanik;Mekanik > Lineer Hareket Sistemleri > Kaplinler;GS48 Kaplin;MKA;T396;5.220,00;Var;1;964;https://www.cncdunyasi.com/urun/bosluksuz-gs-48-kaplin
Mekanik;Mekanik > Lineer Hareket Sistemleri > Kremayer ve Pinyon Dişliler > Düz Kremayer;Modül 1 Düz Kremayer (15X15);MKA;T263;420,00;Yok;1;1243;https://www.cncdunyasi.com/urun/modul-1-duz-kremayer-disli
Mekanik;Mekanik > Lineer Hareket Sistemleri > Kremayer ve Pinyon Dişliler > Düz Kremayer;Modül 1.5 Düz Kremayer (17X17);MKA;T264;588,00;Var;1;1247;https://www.cncdunyasi.com/urun/modul-1-5-duz-kremayer-disli
Mekanik;Mekanik > Lineer Hareket Sistemleri > Kremayer ve Pinyon Dişliler > Düz Kremayer;Modül 2 Düz Kremayer (20X20);MKA;T265;660,00;Var;1;1243;https://www.cncdunyasi.com/urun/modul-2-duz-kremayer-disli
Mekanik;Mekanik > Lineer Hareket Sistemleri > Kremayer ve Pinyon Dişliler > Düz Kremayer;Modül 2.5 Düz Kremayer (25X25);MKA;T266;1.044,00;Var;1;1247;https://www.cncdunyasi.com/urun/modul-2-5-duz-kremayer-disli
Mekanik;Mekanik > Lineer Hareket Sistemleri > Kremayer ve Pinyon Dişliler > Düz Kremayer;Modül 3 Düz Kremayer (30X30);MKA;T267;1.188,00;Yok;1;1243;https://www.cncdunyasi.com/urun/modul-3-duz-kremayer-disli
Mekanik;Mekanik > Lineer Hareket Sistemleri > Kremayer ve Pinyon Dişliler > Düz Pinyon Dişli > 1 Modül Düz Pinyon Dişli;1 Modül Z18 Düz Pinyon Dişli;MKA;T407;108,00;Yok;1;2245;https://www.cncdunyasi.com/urun/1-modul-18-dis-duz-pinyon-disli
Mekanik;Mekanik > Lineer Hareket Sistemleri > Kremayer ve Pinyon Dişliler > Düz Pinyon Dişli > 1 Modül Düz Pinyon Dişli;1 Modül Z20 Düz Pinyon Dişli;MKA;T408;108,00;Var;1;2245;https://www.cncdunyasi.com/urun/1-modul-20-dis-duz-pinyon-disli
Mekanik;Mekanik > Lineer Hareket Sistemleri > Kremayer ve Pinyon Dişliler > Düz Pinyon Dişli > 1 Modül Düz Pinyon Dişli;1 Modül Z22 Düz Pinyon Dişli;MKA;T409;132,00;Var;1;2245;https://www.cncdunyasi.com/urun/1-modul-22-dis-duz-pinyon-disli
Mekanik;Mekanik > Lineer Hareket Sistemleri > Kremayer ve Pinyon Dişliler > Düz Pinyon Dişli > 1 Modül Düz Pinyon Dişli;1 Modül Z25 Düz Pinyon Dişli;MKA;T410;132,00;Var;1;2245;https://www.cncdunyasi.com/urun/1-modul-25-dis-duz-pinyon-disli
Mekanik;Mekanik > Lineer Hareket Sistemleri > Kremayer ve Pinyon Dişliler > Düz Pinyon Dişli > 1 Modül Düz Pinyon Dişli;1 Modül Z30 Düz Pinyon Dişli;MKA;T411;144,00;Var;1;2245;https://www.cncdunyasi.com/urun/1-modul-30-dis-duz-pinyon-disli
Mekanik;Mekanik > Lineer Hareket Sistemleri > Kremayer ve Pinyon Dişliler > Düz Pinyon Dişli > 1 Modül Düz Pinyon Dişli;1 Modül Z40 Düz Pinyon Dişli;MKA;T412;216,00;Var;1;2245;https://www.cncdunyasi.com/urun/1-modul-40-dis-duz-pinyon-disli
Mekanik;Mekanik > Lineer Hareket Sistemleri > Kremayer ve Pinyon Dişliler > Düz Pinyon Dişli > 1.5 Modül Düz Pinyon Dişli;1.5 Modül Z20 Düz Pinyon Dişli;MKA;T413;132,00;Var;1;2251;https://www.cncdunyasi.com/urun/1-5-modul-20-dis-duz-pinyon-disli
Mekanik;Mekanik > Lineer Hareket Sistemleri > Kremayer ve Pinyon Dişliler > Düz Pinyon Dişli > 1.5 Modül Düz Pinyon Dişli;1.5 Modül Z22 Düz Pinyon Dişli;MKA;T414;156,00;Var;1;2251;https://www.cncdunyasi.com/urun/1-5-modul-22-dis-duz-pinyon-disli
Mekanik;Mekanik > Lineer Hareket Sistemleri > Kremayer ve Pinyon Dişliler > Düz Pinyon Dişli > 1.5 Modül Düz Pinyon Dişli;1.5 Modül Z25 Düz Pinyon Dişli;MKA;T415;144,00;Var;1;2251;https://www.cncdunyasi.com/urun/1-5-modul-25-dis-duz-pinyon-disli
Mekanik;Mekanik > Lineer Hareket Sistemleri > Kremayer ve Pinyon Dişliler > Düz Pinyon Dişli > 1.5 Modül Düz Pinyon Dişli;1.5 Modül Z30 Düz Pinyon Dişli;MKA;T416;156,00;Var;1;2251;https://www.cncdunyasi.com/urun/1-5-modul-30-dis-duz-pinyon-disli
Mekanik;Mekanik > Lineer Hareket Sistemleri > Kremayer ve Pinyon Dişliler > Düz Pinyon Dişli > 1.5 Modül Düz Pinyon Dişli;1.5 Modül Z32 Düz Pinyon Dişli;MKA;T417;240,00;Var;1;2251;https://www.cncdunyasi.com/urun/1-5-modul-32-dis-duz-pinyon-disli
Mekanik;Mekanik > Lineer Hareket Sistemleri > Kremayer ve Pinyon Dişliler > Düz Pinyon Dişli > 1.5 Modül Düz Pinyon Dişli;1.5 Modül Z40 Düz Pinyon Dişli;MKA;T418;312,00;Var;1;2251;https://www.cncdunyasi.com/urun/1-5-modul-40-dis-duz-pinyon-disli
Mekanik;Mekanik > Lineer Hareket Sistemleri > Kremayer ve Pinyon Dişliler > Düz Pinyon Dişli > 1.5 Modül Düz Pinyon Dişli;1.5 Modül Z42 Düz Pinyon Dişli;MKA;T419;324,00;Yok;1;2251;https://www.cncdunyasi.com/urun/1-5-modul-42-dis-duz-pinyon-disli
Mekanik;Mekanik > Lineer Hareket Sistemleri > Kremayer ve Pinyon Dişliler > Düz Pinyon Dişli > 2 Modül Düz Pinyon Dişli ;2 Modül Z16 Düz Pinyon Dişli;MKA;T680;144,00;Var;1;2245;https://www.cncdunyasi.com/urun/2-modul-16-dis-duz-pinyon-disli
Mekanik;Mekanik > Lineer Hareket Sistemleri > Kremayer ve Pinyon Dişliler > Düz Pinyon Dişli > 2 Modül Düz Pinyon Dişli ;2 Modül Z18 Düz Pinyon Dişli;MKA;T421;108,00;Var;1;2245;https://www.cncdunyasi.com/urun/2-modul-18-dis-duz-pinyon-disli
Mekanik;Mekanik > Lineer Hareket Sistemleri > Kremayer ve Pinyon Dişliler > Düz Pinyon Dişli > 2 Modül Düz Pinyon Dişli ;2 Modül Z20 Düz Pinyon Dişli;MKA;T422;144,00;Yok;1;2245;https://www.cncdunyasi.com/urun/2-modul-20-dis-duz-pinyon-disli
Mekanik;Mekanik > Lineer Hareket Sistemleri > Kremayer ve Pinyon Dişliler > Düz Pinyon Dişli > 2 Modül Düz Pinyon Dişli ;2 Modül Z22 Düz Pinyon Dişli;MKA;T423;156,00;Var;1;2245;https://www.cncdunyasi.com/urun/2-modul-22-dis-duz-pinyon-disli
Mekanik;Mekanik > Lineer Hareket Sistemleri > Kremayer ve Pinyon Dişliler > Düz Pinyon Dişli > 2 Modül Düz Pinyon Dişli ;2 Modül Z25 Düz Pinyon Dişli;MKA;T424;192,00;Var;1;2245;https://www.cncdunyasi.com/urun/2-modul-25-dis-duz-pinyon-disli
Mekanik;Mekanik > Lineer Hareket Sistemleri > Kremayer ve Pinyon Dişliler > Düz Pinyon Dişli > 2 Modül Düz Pinyon Dişli ;2 Modül Z28 Düz Pinyon Dişli;MKA;T425;216,00;Var;1;2245;https://www.cncdunyasi.com/urun/2-modul-28-dis-duz-pinyon-disli
Mekanik;Mekanik > Lineer Hareket Sistemleri > Kremayer ve Pinyon Dişliler > Düz Pinyon Dişli > 2 Modül Düz Pinyon Dişli ;2 Modül Z30 Düz Pinyon Dişli;MKA;T426;228,00;Yok;1;2245;https://www.cncdunyasi.com/urun/2-modul-30-dis-duz-pinyon-disli
Mekanik;Mekanik > Lineer Hareket Sistemleri > Kremayer ve Pinyon Dişliler > Düz Pinyon Dişli > 2 Modül Düz Pinyon Dişli ;2 Modül Z32 Düz Pinyon Dişli;MKA;T427;228,00;Var;1;2245;https://www.cncdunyasi.com/urun/2-modul-32-dis-duz-pinyon-disli
Mekanik;Mekanik > Lineer Hareket Sistemleri > Kremayer ve Pinyon Dişliler > Düz Pinyon Dişli > 2 Modül Düz Pinyon Dişli ;2 Modül Z34 Düz Pinyon Dişli;MKA;T428;264,00;Var;1;2245;https://www.cncdunyasi.com/urun/2-modul-34-dis-duz-pinyon-disli
Mekanik;Mekanik > Lineer Hareket Sistemleri > Kremayer ve Pinyon Dişliler > Düz Pinyon Dişli > 2 Modül Düz Pinyon Dişli ;2 Modül Z36 Düz Pinyon Dişli;MKA;T429;240,00;Yok;1;2245;https://www.cncdunyasi.com/urun/2-modul-36-dis-duz-pinyon-disli
Mekanik;Mekanik > Lineer Hareket Sistemleri > Kremayer ve Pinyon Dişliler > Düz Pinyon Dişli > 2 Modül Düz Pinyon Dişli ;2 Modül Z38 Düz Pinyon Dişli;MKA;T430;312,00;Yok;1;2245;https://www.cncdunyasi.com/urun/2-modul-38-dis-duz-pinyon-disli
Mekanik;Mekanik > Lineer Hareket Sistemleri > Kremayer ve Pinyon Dişliler > Düz Pinyon Dişli > 2 Modül Düz Pinyon Dişli ;2 Modül Z40 Düz Pinyon Dişli;MKA;T431;336,00;Yok;1;2245;https://www.cncdunyasi.com/urun/2-modul-40-dis-duz-pinyon-disli
Mekanik;Mekanik > Lineer Hareket Sistemleri > Kremayer ve Pinyon Dişliler > Düz Pinyon Dişli > 2 Modül Düz Pinyon Dişli ;2 Modül Z42 Düz Pinyon Dişli;MKA;T432;360,00;Yok;2;2245;https://www.cncdunyasi.com/urun/2-modul-42-dis-duz-pinyon-disli
Mekanik;Mekanik > Lineer Hareket Sistemleri > Kremayer ve Pinyon Dişliler > Düz Pinyon Dişli > 2 Modül Düz Pinyon Dişli ;2 Modül Z44 Düz Pinyon Dişli;MKA;T433;372,00;Var;1;2245;https://www.cncdunyasi.com/urun/2-modul-44-dis-duz-pinyon-disli
Mekanik;Mekanik > Lineer Hareket Sistemleri > Kremayer ve Pinyon Dişliler > Düz Pinyon Dişli > 2 Modül Düz Pinyon Dişli ;2 Modül Z46 Düz Pinyon Dişli;MKA;T434;396,00;Var;1;2245;https://www.cncdunyasi.com/urun/2-modul-46-dis-duz-pinyon-disli
Mekanik;Mekanik > Lineer Hareket Sistemleri > Kremayer ve Pinyon Dişliler > Düz Pinyon Dişli > 2 Modül Düz Pinyon Dişli ;2 Modül Z50 Düz Pinyon Dişli;MKA;T435;468,00;Var;1;2245;https://www.cncdunyasi.com/urun/2-modul-50-dis-duz-pinyon-disli
Mekanik;Mekanik > Lineer Hareket Sistemleri > Kremayer ve Pinyon Dişliler > Düz Pinyon Dişli > 2.5 Modül Düz Pinyon Dişli ;2.5 Modül Z18 Düz Pinyon Dişli;MKA;T436;192,00;Yok;1;2251;https://www.cncdunyasi.com/urun/2-5-modul-18-dis-duz-pinyon-disli
Mekanik;Mekanik > Lineer Hareket Sistemleri > Kremayer ve Pinyon Dişliler > Düz Pinyon Dişli > 2.5 Modül Düz Pinyon Dişli ;2.5 Modül Z20 Düz Pinyon Dişli;MKA;T437;216,00;Var;1;2251;https://www.cncdunyasi.com/urun/2-5-modul-20-dis-duz-pinyon-disli
Mekanik;Mekanik > Lineer Hareket Sistemleri > Kremayer ve Pinyon Dişliler > Düz Pinyon Dişli > 2.5 Modül Düz Pinyon Dişli ;2.5 Modül Z22 Düz Pinyon Dişli;MKA;T438;252,00;Yok;1;2251;https://www.cncdunyasi.com/urun/2-5-modul-22-dis-duz-pinyon-disli
Mekanik;Mekanik > Lineer Hareket Sistemleri > Kremayer ve Pinyon Dişliler > Düz Pinyon Dişli > 2.5 Modül Düz Pinyon Dişli ;2.5 Modül Z25 Düz Pinyon Dişli;MKA;T439;288,00;Yok;1;2251;https://www.cncdunyasi.com/urun/2-5-modul-25-dis-duz-pinyon-disli
Mekanik;Mekanik > Lineer Hareket Sistemleri > Kremayer ve Pinyon Dişliler > Düz Pinyon Dişli > 2.5 Modül Düz Pinyon Dişli ;2.5 Modül Z26 Düz Pinyon Dişli;MKA;T440;300,00;Var;1;2251;https://www.cncdunyasi.com/urun/2-5-modul-26-dis-duz-pinyon-disli
Mekanik;Mekanik > Lineer Hareket Sistemleri > Kremayer ve Pinyon Dişliler > Düz Pinyon Dişli > 2.5 Modül Düz Pinyon Dişli ;2.5 Modül Z28 Düz Pinyon Dişli;MKA;T441;312,00;Yok;1;2251;https://www.cncdunyasi.com/urun/2-5-modul-28-dis-duz-pinyon-disli
Mekanik;Mekanik > Lineer Hareket Sistemleri > Kremayer ve Pinyon Dişliler > Düz Pinyon Dişli > 2.5 Modül Düz Pinyon Dişli ;2.5 Modül Z30 Düz Pinyon Dişli;MKA;T442;360,00;Var;1;2251;https://www.cncdunyasi.com/urun/2-5-modul-30-dis-duz-pinyon-disli
Mekanik;Mekanik > Lineer Hareket Sistemleri > Kremayer ve Pinyon Dişliler > Düz Pinyon Dişli > 2.5 Modül Düz Pinyon Dişli ;2.5 Modül Z32 Düz Pinyon Dişli;MKA;T443;432,00;Var;1;2251;https://www.cncdunyasi.com/urun/2-5-modul-32-dis-duz-pinyon-disli
Mekanik;Mekanik > Lineer Hareket Sistemleri > Kremayer ve Pinyon Dişliler > Düz Pinyon Dişli > 2.5 Modül Düz Pinyon Dişli ;2.5 Modül Z34 Düz Pinyon Dişli;MKA;T444;396,00;Yok;1;2251;https://www.cncdunyasi.com/urun/2-5-modul-34-dis-duz-pinyon-disli
Mekanik;Mekanik > Lineer Hareket Sistemleri > Kremayer ve Pinyon Dişliler > Düz Pinyon Dişli > 2.5 Modül Düz Pinyon Dişli ;2.5 Modül Z38 Düz Pinyon Dişli;MKA;T445;528,00;Var;1;2251;https://www.cncdunyasi.com/urun/2-5-modul-38-dis-duz-pinyon-disli
Mekanik;Mekanik > Lineer Hareket Sistemleri > Kremayer ve Pinyon Dişliler > Düz Pinyon Dişli > 2.5 Modül Düz Pinyon Dişli ;2.5 Modül Z40 Düz Pinyon Dişli;MKA;T446;552,00;Yok;1;2251;https://www.cncdunyasi.com/urun/2-5-modul-40-dis-duz-pinyon-disli
Mekanik;Mekanik > Lineer Hareket Sistemleri > Kremayer ve Pinyon Dişliler > Düz Pinyon Dişli > 2.5 Modül Düz Pinyon Dişli ;2.5 Modül Z42 Düz Pinyon Dişli;MKA;T447;576,00;Var;1;2251;https://www.cncdunyasi.com/urun/2-5-modul-42-dis-duz-pinyon-disli
Mekanik;Mekanik > Lineer Hareket Sistemleri > Kremayer ve Pinyon Dişliler > Düz Pinyon Dişli > 2.5 Modül Düz Pinyon Dişli ;2.5 Modül Z48 Düz Pinyon Dişli;MKA;T448;756,00;Var;1;2251;https://www.cncdunyasi.com/urun/2-5-modul-48-dis-duz-pinyon-disli
Mekanik;Mekanik > Lineer Hareket Sistemleri > Kremayer ve Pinyon Dişliler > Düz Pinyon Dişli > 2.5 Modül Düz Pinyon Dişli ;2.5 Modül Z50 Düz Pinyon Dişli;MKA;T449;996,00;Var;1;2251;https://www.cncdunyasi.com/urun/2-5-modul-50-dis-duz-pinyon-disli
Mekanik;Mekanik > Lineer Hareket Sistemleri > Kremayer ve Pinyon Dişliler > Helis Kremayer;Modül 1.5 Helis Kremayer (17x17);MKA;T198;756,00;Var;1;54;https://www.cncdunyasi.com/urun/modul-1-5-helis-kremayer
Mekanik;Mekanik > Lineer Hareket Sistemleri > Kremayer ve Pinyon Dişliler > Helis Kremayer;Modül 2 Helis Kremayer (20x20);MKA;T399;852,00;Var;1;52;https://www.cncdunyasi.com/urun/modul-2-helis-kremayer-20x20
Mekanik;Mekanik > Lineer Hareket Sistemleri > Kremayer ve Pinyon Dişliler > Helis Kremayer;Modül 2 Helis Kremayer (24x25) (Montaj Delikli);MKA;T199;1.440,00;Yok;2;451;https://www.cncdunyasi.com/urun/modul-2-helis-kremayer
Mekanik;Mekanik > Lineer Hareket Sistemleri > Kremayer ve Pinyon Dişliler > Helis Kremayer;Modül 2.5 Helis Kremayer (25x25);MKA;T201;1.068,00;Var;1;54;https://www.cncdunyasi.com/urun/modul-2-5-helis-kremayer
Mekanik;Mekanik > Lineer Hareket Sistemleri > Kremayer ve Pinyon Dişliler > Helis Kremayer;Modül 3 Helis Kremayer (30x30);MKA;T400;1.440,00;Yok;1;52;https://www.cncdunyasi.com/urun/modul-3-helis-kremayer
Mekanik;Mekanik > Lineer Hareket Sistemleri > Kremayer ve Pinyon Dişliler > Helis Pinyon Dişli > 1 Modül Helis Pinyon Dişli ;1 Modül Z16 Helis Pinyon Dişli;MKA;T450;216,00;Var;1;2420;https://www.cncdunyasi.com/urun/1-modul-16-dis-helis-pinyon-disli
Mekanik;Mekanik > Lineer Hareket Sistemleri > Kremayer ve Pinyon Dişliler > Helis Pinyon Dişli > 1 Modül Helis Pinyon Dişli ;1 Modül Z18 Helis Pinyon Dişli;MKA;T451;228,00;Var;1;2420;https://www.cncdunyasi.com/urun/1-modul-18-dis-helis-pinyon-disli
Mekanik;Mekanik > Lineer Hareket Sistemleri > Kremayer ve Pinyon Dişliler > Helis Pinyon Dişli > 1 Modül Helis Pinyon Dişli ;1 Modül Z20 Helis Pinyon Dişli;MKA;T452;228,00;Yok;1;2420;https://www.cncdunyasi.com/urun/1-modul-20-dis-helis-pinyon-disli
Mekanik;Mekanik > Lineer Hareket Sistemleri > Kremayer ve Pinyon Dişliler > Helis Pinyon Dişli > 1 Modül Helis Pinyon Dişli ;1 Modül Z22 Helis Pinyon Dişli;MKA;T453;240,00;Var;1;2420;https://www.cncdunyasi.com/urun/1-modul-22-dis-helis-pinyon-disli
Mekanik;Mekanik > Lineer Hareket Sistemleri > Kremayer ve Pinyon Dişliler > Helis Pinyon Dişli > 1,5 Modül Helis Pinyon Dişli ;1,5 Modül Z20 Helis Pinyon Dişli;MKA;T454;264,00;Var;1;2428;https://www.cncdunyasi.com/urun/1-5-modul-20-dis-helis-pinyon-disli
Mekanik;Mekanik > Lineer Hareket Sistemleri > Kremayer ve Pinyon Dişliler > Helis Pinyon Dişli > 1,5 Modül Helis Pinyon Dişli ;1,5 Modül Z22 Helis Pinyon Dişli;MKA;T455;264,00;Var;1;2428;https://www.cncdunyasi.com/urun/1-5-modul-22-dis-helis-pinyon-disli
Mekanik;Mekanik > Lineer Hareket Sistemleri > Kremayer ve Pinyon Dişliler > Helis Pinyon Dişli > 1,5 Modül Helis Pinyon Dişli ;1,5 Modül Z25 Helis Pinyon Dişli;MKA;T456;288,00;Yok;1;2428;https://www.cncdunyasi.com/urun/1-5-modul-25-dis-helis-pinyon-disli
Mekanik;Mekanik > Lineer Hareket Sistemleri > Kremayer ve Pinyon Dişliler > Helis Pinyon Dişli > 1,5 Modül Helis Pinyon Dişli ;1,5 Modül Z30 Helis Pinyon Dişli;MKA;T457;312,00;Var;1;2428;https://www.cncdunyasi.com/urun/1-5-modul-30-dis-helis-pinyon-disli
Mekanik;Mekanik > Lineer Hareket Sistemleri > Kremayer ve Pinyon Dişliler > Helis Pinyon Dişli > 2 Modül Helis Pinyon Dişli ;2 Modül Z20 Helis Pinyon Dişli;MKA;T458;420,00;Yok;1;2420;https://www.cncdunyasi.com/urun/2-modul-20-dis-helis-pinyon-disli
Mekanik;Mekanik > Lineer Hareket Sistemleri > Kremayer ve Pinyon Dişliler > Helis Pinyon Dişli > 2 Modül Helis Pinyon Dişli ;2 Modül Z22 Helis Pinyon Dişli;MKA;T459;432,00;Yok;1;2420;https://www.cncdunyasi.com/urun/2-modul-22-dis-helis-pinyon-disli
Mekanik;Mekanik > Lineer Hareket Sistemleri > Kremayer ve Pinyon Dişliler > Helis Pinyon Dişli > 2 Modül Helis Pinyon Dişli ;2 Modül Z25 Helis Pinyon Dişli;MKA;T460;468,00;Var;1;2420;https://www.cncdunyasi.com/urun/2-modul-25-dis-helis-pinyon-disli
Mekanik;Mekanik > Lineer Hareket Sistemleri > Kremayer ve Pinyon Dişliler > Helis Pinyon Dişli > 2 Modül Helis Pinyon Dişli ;2 Modül Z30 Helis Pinyon Dişli;MKA;T461;516,00;Yok;1;2420;https://www.cncdunyasi.com/urun/2-modul-30-dis-helis-pinyon-disli
Mekanik;Mekanik > Lineer Hareket Sistemleri > Kremayer ve Pinyon Dişliler > Helis Pinyon Dişli > 2,5 Modül Helis Pinyon Dişli ;2,5 Modül Z20 Helis Pinyon Dişli;MKA;T462;468,00;Var;1;2428;https://www.cncdunyasi.com/urun/2-5-modul-20-dis-helis-pinyon-disli
Mekanik;Mekanik > Lineer Hareket Sistemleri > Kremayer ve Pinyon Dişliler > Helis Pinyon Dişli > 2,5 Modül Helis Pinyon Dişli ;2,5 Modül Z22 Helis Pinyon Dişli;MKA;T463;492,00;Var;1;2428;https://www.cncdunyasi.com/urun/2-5-modul-22-dis-helis-pinyon-disli
Mekanik;Mekanik > Lineer Hareket Sistemleri > Kremayer ve Pinyon Dişliler > Helis Pinyon Dişli > 2,5 Modül Helis Pinyon Dişli ;2,5 Modül Z25 Helis Pinyon Dişli;MKA;T464;564,00;Var;1;2428;https://www.cncdunyasi.com/urun/2-5-modul-25-dis-helis-pinyon-disli
Mekanik;Mekanik > Lineer Hareket Sistemleri > Kremayer ve Pinyon Dişliler > Helis Pinyon Dişli > 2,5 Modül Helis Pinyon Dişli ;2,5 Modül Z30 Helis Pinyon Dişli;MKA;T465;600,00;Var;1;2428;https://www.cncdunyasi.com/urun/2-5-modul-30-dis-helis-pinyon-disli
Mekanik;Mekanik > Lineer Hareket Sistemleri > Lineer Ray ve Arabalar > Lineer Arabalar;15 mm Dar Lineer Araba - HGH15CA;KBL;T254;446,94;Var;2;880;https://www.cncdunyasi.com/urun/15-mm-dar-lineer-kizak-araba-hgh15ca
Mekanik;Mekanik > Lineer Hareket Sistemleri > Lineer Ray ve Arabalar > Lineer Arabalar;15 mm Geniş Lineer Araba - HGW15CC;KBL;T259;458,40;Var;2;1056;https://www.cncdunyasi.com/urun/https://www.cncdunyasi.com/15-mm-genis-lineer-araba-hgw15cc
Mekanik;Mekanik > Lineer Hareket Sistemleri > Lineer Ray ve Arabalar > Lineer Arabalar;20 mm Dar Lineer Araba - HGH20CA;KBL;T255;465,28;Var;2;935;https://www.cncdunyasi.com/urun/20-mm-dar-lineer-kizak-araba-hgh20ca
Mekanik;Mekanik > Lineer Hareket Sistemleri > Lineer Ray ve Arabalar > Lineer Arabalar;20 mm Geniş Lineer Araba - HGW20CC;KBL;T260;495,07;Var;2;1056;https://www.cncdunyasi.com/urun/https://www.cncdunyasi.com/20-mm-genis-lineer-araba-hgw20cc
Mekanik;Mekanik > Lineer Hareket Sistemleri > Lineer Ray ve Arabalar > Lineer Arabalar;25 mm Dar Lineer Araba - HGH25CA;KBL;T256;733,44;Var;2;961;https://www.cncdunyasi.com/urun/https://www.cncdunyasi.com/25-mm-dar-lineer-araba-hgh25ca
Mekanik;Mekanik > Lineer Hareket Sistemleri > Lineer Ray ve Arabalar > Lineer Arabalar;25 mm Geniş Lineer Araba - HGW25CC;KBL;T261;825,12;Var;2;1056;https://www.cncdunyasi.com/urun/https://www.cncdunyasi.com/25-mm-genis-lineer-araba-hgw25cc
Mekanik;Mekanik > Lineer Hareket Sistemleri > Lineer Ray ve Arabalar > Lineer Arabalar;30 mm Dar Lineer Araba - HGH30CA;KBL;T257;1.155,17;Var;2;963;https://www.cncdunyasi.com/urun/https://www.cncdunyasi.com/30-mm-dar-lineer-araba-hgh30ca
Mekanik;Mekanik > Lineer Hareket Sistemleri > Lineer Ray ve Arabalar > Lineer Arabalar;30 mm Geniş Lineer Araba - HGW30CC;KBL;T401;1.184,96;Var;2;1056;https://www.cncdunyasi.com/urun/https://www.cncdunyasi.com/30-mm-genis-lineer-araba-hgw30cc
Mekanik;Mekanik > Lineer Hareket Sistemleri > Lineer Ray ve Arabalar > Lineer Arabalar;35 mm Dar Lineer Araba - HGH35CA;KBL;T258;1.677,74;Var;2;1066;https://www.cncdunyasi.com/urun/https://www.cncdunyasi.com/35-mm-dar-lineer-araba-hgh35ca
Mekanik;Mekanik > Lineer Hareket Sistemleri > Lineer Ray ve Arabalar > Lineer Arabalar;35 mm Geniş Lineer Araba - HGW35CC;KBL;T402;1.696,08;Var;2;1056;https://www.cncdunyasi.com/urun/https://www.cncdunyasi.com/35-mm-genis-lineer-araba-hgw35cc
Mekanik;Mekanik > Lineer Hareket Sistemleri > Lineer Ray ve Arabalar > Lineer Raylar;15 mm Lineer Ray;KBL;T231;819,62;Var;1;1180;https://www.cncdunyasi.com/urun/lineer-ray-kizak-15-mm
Mekanik;Mekanik > Lineer Hareket Sistemleri > Lineer Ray ve Arabalar > Lineer Raylar;20 mm Lineer Ray;KBL;T232;1.008,48;Var;1;1180;https://www.cncdunyasi.com/urun/lineer-ray-kizak-20-mm
Mekanik;Mekanik > Lineer Hareket Sistemleri > Lineer Ray ve Arabalar > Lineer Raylar;25 mm Lineer Ray;KBL;T233;1.180,38;Var;1;1180;https://www.cncdunyasi.com/urun/lineer-ray-kizak-25-mm
Mekanik;Mekanik > Lineer Hareket Sistemleri > Lineer Ray ve Arabalar > Lineer Raylar;30 mm Lineer Ray;KBL;T234;1.564,29;Var;1;1180;https://www.cncdunyasi.com/urun/lineer-ray-kizak-30-mm
Mekanik;Mekanik > Lineer Hareket Sistemleri > Lineer Ray ve Arabalar > Lineer Raylar;35 mm Lineer Ray;KBL;T235;2.049,05;Var;1;1180;https://www.cncdunyasi.com/urun/lineer-ray-kizak-35-mm
Mekanik;Mekanik > Lineer Hareket Sistemleri > Vidalı Mil Uç Yatakları > BF Uç Yatakları;BF10 Vidalı Mil Uç Yatağı;MKA;T39;252,00;Var;3;1053;https://www.cncdunyasi.com/urun/bf10-vidali-mil-uc-yataklari
Mekanik;Mekanik > Lineer Hareket Sistemleri > Vidalı Mil Uç Yatakları > BF Uç Yatakları;BF12 Vidalı Mil Uç Yatağı;MKA;T40;264,00;Var;3;1053;https://www.cncdunyasi.com/urun/bf12-vidali-mil-uc-yataklari
Mekanik;Mekanik > Lineer Hareket Sistemleri > Vidalı Mil Uç Yatakları > BF Uç Yatakları;BF15 Vidalı Mil Uç Yatağı;MKA;T41;300,00;Var;3;1053;https://www.cncdunyasi.com/urun/bf15-vidali-mil-uc-yataklari
Mekanik;Mekanik > Lineer Hareket Sistemleri > Vidalı Mil Uç Yatakları > BF Uç Yatakları;BF17 Vidalı Mil Uç Yatağı;MKA;T42;480,00;Var;3;1053;https://www.cncdunyasi.com/urun/bf17-vidali-mil-uc-yataklari
Mekanik;Mekanik > Lineer Hareket Sistemleri > Vidalı Mil Uç Yatakları > BF Uç Yatakları;BF20 Vidalı Mil Uç Yatağı;MKA;T43;600,00;Var;3;1053;https://www.cncdunyasi.com/urun/bf20-vidali-mil-uc-yataklari
Mekanik;Mekanik > Lineer Hareket Sistemleri > Vidalı Mil Uç Yatakları > BF Uç Yatakları;BF25 Vidalı Mil Uç Yatağı;MKA;T44;792,00;Var;3;1053;https://www.cncdunyasi.com/urun/bf25-vidali-mil-uc-yataklari
Mekanik;Mekanik > Lineer Hareket Sistemleri > Vidalı Mil Uç Yatakları > BF Uç Yatakları;BF30 Vidalı Mil Uç Yatağı;MKA;T45;1.140,00;Var;3;1053;https://www.cncdunyasi.com/urun/bf30-vidali-mil-uc-yataklari
Mekanik;Mekanik > Lineer Hareket Sistemleri > Vidalı Mil Uç Yatakları > BF Uç Yatakları;BF35 Vidalı Mil Uç Yatağı;MKA;T46;1.500,00;Var;3;1053;https://www.cncdunyasi.com/urun/bf35-vidali-mil-uc-yataklari
Mekanik;Mekanik > Lineer Hareket Sistemleri > Vidalı Mil Uç Yatakları > BK Uç Yatakları;BK10 Vidalı Mil Uç Yatağı;MKA;T21;456,00;Var;3;1076;https://www.cncdunyasi.com/urun/bk10-vidali-mil-uc-yataklari
Mekanik;Mekanik > Lineer Hareket Sistemleri > Vidalı Mil Uç Yatakları > BK Uç Yatakları;BK12 Vidalı Mil Uç Yatağı;MKA;T29;468,00;Var;3;1111;https://www.cncdunyasi.com/urun/bk12-vidali-mil-uc-yataklari
Mekanik;Mekanik > Lineer Hareket Sistemleri > Vidalı Mil Uç Yatakları > BK Uç Yatakları;BK15 Vidalı Mil Uç Yatağı;MKA;T33;588,00;Var;3;1111;https://www.cncdunyasi.com/urun/bk15-vidali-mil-uc-yataklari
Mekanik;Mekanik > Lineer Hareket Sistemleri > Vidalı Mil Uç Yatakları > BK Uç Yatakları;BK17 Vidalı Mil Uç Yatağı;MKA;T34;1.008,00;Var;3;1111;https://www.cncdunyasi.com/urun/bk17-vidali-mil-uc-yataklari
Mekanik;Mekanik > Lineer Hareket Sistemleri > Vidalı Mil Uç Yatakları > BK Uç Yatakları;BK20 Vidalı Mil Uç Yatağı;MKA;T35;1.044,00;Var;3;1111;https://www.cncdunyasi.com/urun/bk20-vidali-mil-uc-yataklari
Mekanik;Mekanik > Lineer Hareket Sistemleri > Vidalı Mil Uç Yatakları > BK Uç Yatakları;BK25 Vidalı Mil Uç Yatağı;MKA;T36;1.560,00;Var;3;1111;https://www.cncdunyasi.com/urun/bk25-vidali-mil-uc-yataklari
Mekanik;Mekanik > Lineer Hareket Sistemleri > Vidalı Mil Uç Yatakları > BK Uç Yatakları;BK30 Vidalı Mil Uç Yatağı;MKA;T37;2.100,00;Var;3;1111;https://www.cncdunyasi.com/urun/bk30-vidali-mil-uc-yataklari
Mekanik;Mekanik > Lineer Hareket Sistemleri > Vidalı Mil Uç Yatakları > BK Uç Yatakları;BK35 Vidalı Mil Uç Yatağı;MKA;T38;2.520,00;Var;3;1111;https://www.cncdunyasi.com/urun/bk35-vidali-mil-uc-yataklari
Mekanik;Mekanik > Lineer Hareket Sistemleri > Vidalı Mil Uç Yatakları > FF Uç Yatakları;FF10 Vidalı Mil Uç Yatağı;MKA;T47;180,00;Var;1;362;https://www.cncdunyasi.com/urun/ff10-vidali-mil-uc-yataklari
Mekanik;Mekanik > Lineer Hareket Sistemleri > Vidalı Mil Uç Yatakları > FF Uç Yatakları;FF12 Vidalı Mil Uç Yatağı;MKA;T48;216,00;Var;1;362;https://www.cncdunyasi.com/urun/ff12-vidali-mil-uc-yataklari
Mekanik;Mekanik > Lineer Hareket Sistemleri > Vidalı Mil Uç Yatakları > FF Uç Yatakları;FF15 Vidalı Mil Uç Yatağı;MKA;T49;264,00;Var;1;362;https://www.cncdunyasi.com/urun/ff15-vidali-mil-uc-yataklari
Mekanik;Mekanik > Lineer Hareket Sistemleri > Vidalı Mil Uç Yatakları > FF Uç Yatakları;FF17 Vidalı Mil Uç Yatağı;MKA;T50;372,00;Var;1;362;https://www.cncdunyasi.com/urun/ff17-vidali-mil-uc-yataklari
Mekanik;Mekanik > Lineer Hareket Sistemleri > Vidalı Mil Uç Yatakları > FF Uç Yatakları;FF20 Vidalı Mil Uç Yatağı;MKA;T51;372,00;Var;1;362;https://www.cncdunyasi.com/urun/ff20-vidali-mil-uc-yataklari
Mekanik;Mekanik > Lineer Hareket Sistemleri > Vidalı Mil Uç Yatakları > FF Uç Yatakları;FF25 Vidalı Mil Uç Yatağı;MKA;T52;552,00;Var;1;362;https://www.cncdunyasi.com/urun/ff25-vidali-mil-uc-yataklari
Mekanik;Mekanik > Lineer Hareket Sistemleri > Vidalı Mil Uç Yatakları > FF Uç Yatakları;FF30 Vidalı Mil Uç Yatağı;MKA;T53;960,00;Var;1;362;https://www.cncdunyasi.com/urun/ff30-vidali-mil-uc-yataklari
Mekanik;Mekanik > Lineer Hareket Sistemleri > Vidalı Mil Uç Yatakları > FK Uç Yatakları;FK10 Vidalı Mil Uç Yatağı;MKA;T54;468,00;Var;1;362;https://www.cncdunyasi.com/urun/fk10-vidali-mil-uc-yataklari
Mekanik;Mekanik > Lineer Hareket Sistemleri > Vidalı Mil Uç Yatakları > FK Uç Yatakları;FK12 Vidalı Mil Uç Yatağı;MKA;T55;528,00;Var;1;362;https://www.cncdunyasi.com/urun/fk12-vidali-mil-uc-yataklari
Mekanik;Mekanik > Lineer Hareket Sistemleri > Vidalı Mil Uç Yatakları > FK Uç Yatakları;FK15 Vidalı Mil Uç Yatağı;MKA;T56;612,00;Var;1;362;https://www.cncdunyasi.com/urun/fk15-vidali-mil-uc-yataklari
Mekanik;Mekanik > Lineer Hareket Sistemleri > Vidalı Mil Uç Yatakları > FK Uç Yatakları;FK17 Vidalı Mil Uç Yatağı;MKA;T57;1.056,00;Var;1;362;https://www.cncdunyasi.com/urun/fk17-vidali-mil-uc-yataklari
Mekanik;Mekanik > Lineer Hareket Sistemleri > Vidalı Mil Uç Yatakları > FK Uç Yatakları;FK20 Vidalı Mil Uç Yatağı;MKA;T58;1.104,00;Var;1;362;https://www.cncdunyasi.com/urun/fk20-vidali-mil-uc-yataklari
Mekanik;Mekanik > Lineer Hareket Sistemleri > Vidalı Mil Uç Yatakları > FK Uç Yatakları;FK25 Vidalı Mil Uç Yatağı;MKA;T59;1.680,00;Var;1;362;https://www.cncdunyasi.com/urun/fk25-vidali-mil-uc-yataklari
Mekanik;Mekanik > Lineer Hareket Sistemleri > Vidalı Mil Uç Yatakları > FK Uç Yatakları;FK30 Vidalı Mil Uç Yatağı;MKA;T60;2.280,00;Var;1;362;https://www.cncdunyasi.com/urun/fk30-vidali-mil-uc-yataklari
Mekanik;Mekanik > Lineer Hareket Sistemleri > Vidalı Mil ve Somunlar > Vidalı Mil Somun Gövdeleri;DSG16 Vidalı Mil Somun Gövdesi;MKA;T85;192,00;Var;1;1086;https://www.cncdunyasi.com/urun/dsg-16-vidali-mil-somun-govdesi
Mekanik;Mekanik > Lineer Hareket Sistemleri > Vidalı Mil ve Somunlar > Vidalı Mil Somun Gövdeleri;DSG20 Vidalı Mil Somun Gövdesi;MKA;T86;228,00;Var;1;1086;https://www.cncdunyasi.com/urun/dsg-20-vidali-mil-somun-govdesi
Mekanik;Mekanik > Lineer Hareket Sistemleri > Vidalı Mil ve Somunlar > Vidalı Mil Somun Gövdeleri;DSG25 Vidalı Mil Somun Gövdesi;MKA;T87;264,00;Var;1;1086;https://www.cncdunyasi.com/urun/dsg-25-vidali-mil-somun-govdesi
Mekanik;Mekanik > Lineer Hareket Sistemleri > Vidalı Mil ve Somunlar > Vidalı Mil Somun Gövdeleri;DSG32 Vidalı Mil Somun Gövdesi;MKA;T88;432,00;Var;1;1086;https://www.cncdunyasi.com/urun/dsg-32-vidali-mil-somun-govdesi
Mekanik;Mekanik > Lineer Hareket Sistemleri > Vidalı Mil ve Somunlar > Vidalı Mil Somun Gövdeleri;DSG40 Vidalı Mil Somun Gövdesi;MKA;T718;1.440,00;Var;1;1086;https://www.cncdunyasi.com/urun/dsg-40-vidali-mil-somun-govdesi
Mekanik;Mekanik > Lineer Hareket Sistemleri > Vidalı Mil ve Somunlar > Vidalı Mil Somunları;1605 Vidalı Mil Somunu;KBL;T282;781,57;Var;1;1246;https://www.cncdunyasi.com/urun/vidali-mil-somunu-1605-sfur
Mekanik;Mekanik > Lineer Hareket Sistemleri > Vidalı Mil ve Somunlar > Vidalı Mil Somunları;1610 Vidalı Mil Somunu;KBL;T281;1.155,17;Var;1;1248;https://www.cncdunyasi.com/urun/vidali-mil-somunu-1610-sfur
Mekanik;Mekanik > Lineer Hareket Sistemleri > Vidalı Mil ve Somunlar > Vidalı Mil Somunları;2005 Vidalı Mil Somunu;KBL;T283;1.375,20;Var;1;1245;https://www.cncdunyasi.com/urun/vidali-mil-somunu-2005-sfur
Mekanik;Mekanik > Lineer Hareket Sistemleri > Vidalı Mil ve Somunlar > Vidalı Mil Somunları;2010 Vidalı Mil Somunu;KBL;T284;1.247,76;Var;1;1248;https://www.cncdunyasi.com/urun/vidali-mil-somunu-2010-sfur
Mekanik;Mekanik > Lineer Hareket Sistemleri > Vidalı Mil ve Somunlar > Vidalı Mil Somunları;2505 Vidalı Mil Somunu;KBL;T285;1.081,82;Var;1;1245;https://www.cncdunyasi.com/urun/vidali-mil-somunu-2505-sfur
Mekanik;Mekanik > Lineer Hareket Sistemleri > Vidalı Mil ve Somunlar > Vidalı Mil Somunları;2510 Vidalı Mil Somunu;KBL;T286;1.512,72;Var;1;1248;https://www.cncdunyasi.com/urun/vidali-mil-somunu-2510-sfur
Mekanik;Mekanik > Lineer Hareket Sistemleri > Vidalı Mil ve Somunlar > Vidalı Mil Somunları;3205 Vidalı Mil Somunu;KBL;T288;1.650,24;Var;1;1244;https://www.cncdunyasi.com/urun/vidali-mil-somunu-3205-sfur
Mekanik;Mekanik > Lineer Hareket Sistemleri > Vidalı Mil ve Somunlar > Vidalı Mil Somunları;3210 Vidalı Mil Somunu;KBL;T289;2.292,00;Var;1;1247;https://www.cncdunyasi.com/urun/vidali-mil-somunu-3210-sfur
Mekanik;Mekanik > Lineer Hareket Sistemleri > Vidalı Mil ve Somunlar > Vidalı Miller;1605 Vidalı Mil;KBL;T209;857,21;Var;1;1673;https://www.cncdunyasi.com/urun/vidali-mil-1605-sfr
Mekanik;Mekanik > Lineer Hareket Sistemleri > Vidalı Mil ve Somunlar > Vidalı Miller;1610 Vidalı Mil;KBL;T272;1.191,84;Var;1;1540;https://www.cncdunyasi.com/urun/vidali-mil-1610-sfr
Mekanik;Mekanik > Lineer Hareket Sistemleri > Vidalı Mil ve Somunlar > Vidalı Miller;2005 Vidalı Mil;KBL;T273;971,81;Var;1;1538;https://www.cncdunyasi.com/urun/vidali-mil-2005-sfr
Mekanik;Mekanik > Lineer Hareket Sistemleri > Vidalı Mil ve Somunlar > Vidalı Miller;2010 Vidalı Mil;KBL;T274;1.340,82;Var;1;1540;https://www.cncdunyasi.com/urun/vidali-mil-2010-sfr
Mekanik;Mekanik > Lineer Hareket Sistemleri > Vidalı Mil ve Somunlar > Vidalı Miller;2505 Vidalı Mil;KBL;T275;1.265,18;Var;1;1537;https://www.cncdunyasi.com/urun/vidali-mil-2505-sfr
Mekanik;Mekanik > Lineer Hareket Sistemleri > Vidalı Mil ve Somunlar > Vidalı Miller;2510 Vidalı Mil;KBL;T276;1.340,82;Var;1;1540;https://www.cncdunyasi.com/urun/vidali-mil-2510-sfr
Mekanik;Mekanik > Lineer Hareket Sistemleri > Vidalı Mil ve Somunlar > Vidalı Miller;3205 Vidalı Mil;KBL;T277;2.292,00;Var;1;1537;https://www.cncdunyasi.com/urun/vidali-mil-3205-sfr
Mekanik;Mekanik > Lineer Hareket Sistemleri > Vidalı Mil ve Somunlar > Vidalı Miller;3210 Vidalı Mil;KBL;T278;2.429,52;Var;1;1540;https://www.cncdunyasi.com/urun/vidali-mil-3210-sfr
Mekanik;Mekanik > Pens-Somun-Anahtar > Pens Montaj Aparatı;BT30 Montaj Aparatı;ERIC;T295;2.521,20;Var;1;855;https://www.cncdunyasi.com/urun/bt30-montaj-aparati
Mekanik;Mekanik > Pens-Somun-Anahtar > Pens Montaj Aparatı;BT40 Montaj Aparatı;ERIC;T296;2.750,40;Var;1;855;https://www.cncdunyasi.com/urun/bt40-montaj-aparati
Mekanik;Mekanik > Pens-Somun-Anahtar > Pens Montaj Aparatı;BT50 Montaj Aparatı;ERIC;T297;6.761,40;Var;1;855;https://www.cncdunyasi.com/urun/bt50-montaj-aparati
Mekanik;Mekanik > Pens-Somun-Anahtar > Pens Setleri;ER11 Pens Seti;ERIC;T117;1.776,30;Var;1;59;https://www.cncdunyasi.com/urun/er11-pens-seti
Mekanik;Mekanik > Pens-Somun-Anahtar > Pens Setleri;ER16 Pens Seti;ERIC;T118;2.062,80;Var;1;66;https://www.cncdunyasi.com/urun/er16-pens-seti
Mekanik;Mekanik > Pens-Somun-Anahtar > Pens Setleri;ER20 Pens Seti;ERIC;T119;2.865,00;Var;1;76;https://www.cncdunyasi.com/urun/er20-pens-seti
Mekanik;Mekanik > Pens-Somun-Anahtar > Pens Setleri;ER25 Pens Seti;ERIC;T120;4.240,20;Var;1;87;https://www.cncdunyasi.com/urun/er25-pens-seti
Mekanik;Mekanik > Pens-Somun-Anahtar > Pens Setleri;ER32 Pens Seti;ERIC;T121;4.240,20;Var;1;97;https://www.cncdunyasi.com/urun/er32-pens-seti
Mekanik;Mekanik > Pens-Somun-Anahtar > Pens Setleri;ER40 Pens Seti;ERIC;T122;9.168,00;Var;1;113;https://www.cncdunyasi.com/urun/er40-pens-seti
Mekanik;Mekanik > Pens-Somun-Anahtar > Pens Somunları;ER16 Pens Somunu;ERIC;T109;275,04;Var;1;16;https://www.cncdunyasi.com/urun/er16-pens-somunu
Mekanik;Mekanik > Pens-Somun-Anahtar > Pens Somunları;ER20 Pens Somunu;ERIC;T110;286,50;Var;1;16;https://www.cncdunyasi.com/urun/er20-pens-somunu
Mekanik;Mekanik > Pens-Somun-Anahtar > Pens Somunları;ER25 Pens Somunu;ERIC;T111;332,34;Var;1;16;https://www.cncdunyasi.com/urun/er25-pens-somunu
Mekanik;Mekanik > Pens-Somun-Anahtar > Pens Somunları;ER32 Pens Somunu;ERIC;T112;387,35;Var;1;16;https://www.cncdunyasi.com/urun/er32-pens-somunu
Mekanik;Mekanik > Pens-Somun-Anahtar > Pens Somunları;ER40 Pens Somunu;ERIC;T113;452,44;Var;1;16;https://www.cncdunyasi.com/urun/er40-pens-somunu
Mekanik;Mekanik > Pens-Somun-Anahtar > Pens Çeşitleri;ER11 Pens;ERIC;T105;240,66;Var;1;44;https://www.cncdunyasi.com/urun/er11-pens-cesitleri
Mekanik;Mekanik > Pens-Somun-Anahtar > Pens Çeşitleri;ER16 Pens;ERIC;T103;201,70;Var;1;44;https://www.cncdunyasi.com/urun/er16-pens-cesitleri
Mekanik;Mekanik > Pens-Somun-Anahtar > Pens Çeşitleri;ER20 Pens;ERIC;T104;213,16;Var;1;44;https://www.cncdunyasi.com/urun/er20-pens-cesitleri
Mekanik;Mekanik > Pens-Somun-Anahtar > Pens Çeşitleri;ER25 Pens;ERIC;T106;229,20;Var;1;44;https://www.cncdunyasi.com/urun/er25-pens-cesitleri
Mekanik;Mekanik > Pens-Somun-Anahtar > Pens Çeşitleri;ER32 Pens;ERIC;T107;275,04;Var;1;44;https://www.cncdunyasi.com/urun/er32-pens-cesitleri
Mekanik;Mekanik > Pens-Somun-Anahtar > Pens Çeşitleri;ER40 Pens;ERIC;T108;378,18;Var;1;44;https://www.cncdunyasi.com/urun/er40-pens-cesitleri
Mekanik;Mekanik > Pens-Somun-Anahtar > Somun Anahtarları;ER16 Pens Somun Anahtarı;ERIC;T290;286,50;Var;1;1013;https://www.cncdunyasi.com/urun/er16-pens-somun-anahtari
Mekanik;Mekanik > Pens-Somun-Anahtar > Somun Anahtarları;ER20 Pens Somun Anahtarı;ERIC;T291;297,96;Var;1;1013;https://www.cncdunyasi.com/urun/er20-pens-somun-anahtari
Mekanik;Mekanik > Pens-Somun-Anahtar > Somun Anahtarları;ER25 Pens Somun Anahtarı;ERIC;T292;309,42;Var;1;1013;https://www.cncdunyasi.com/urun/er25-pens-somun-anahtari
Mekanik;Mekanik > Pens-Somun-Anahtar > Somun Anahtarları;ER32 Pens Somun Anahtarı;ERIC;T293;343,80;Var;1;1013;https://www.cncdunyasi.com/urun/er32-pens-somun-anahtari
Mekanik;Mekanik > Pens-Somun-Anahtar > Somun Anahtarları;ER40 Pens Somun Anahtarı;ERIC;T294;401,10;Var;1;1013;https://www.cncdunyasi.com/urun/er40-pens-somun-anahtari
Mekanik;Mekanik > Pens-Somun-Anahtar > Takım Tutucu;HSK F63 Takım Tutucu Çatal;CNCDunyasi;T326;573,00;Var;4;34;https://www.cncdunyasi.com/urun/hsk-f-63-takim-tutucu-catal
Mekanik;Mekanik > Pens-Somun-Anahtar > Takım Tutucu;İso30 Er32 Takım Tutucu;CNCDunyasi;T692;1.800,00;Yok;2;637;https://www.cncdunyasi.com/urun/iso30-er32-takim-tutucu
Mekanik;Mekanik > Pens-Somun-Anahtar > Takım Tutucu;İso30 Takım Tutucu Çatal;CNCDunyasi;T325;429,75;Var;3;37;https://www.cncdunyasi.com/urun/iso30-takim-tutucu-catal
Mekanik;Mekanik > Planet Redüktör > Jkon-Tek Redüktörler;Nema23 Step Motor Planet Redüktör 1/10;Jkon-tek;T391;4.469,40;Var;3;1036;https://www.cncdunyasi.com/urun/step-motor-planet-reduktor-nema-23-1-10
Mekanik;Mekanik > Planet Redüktör > Jkon-Tek Redüktörler;Nema23 Step Motor Planet Redüktör 1/3;Jkon-tek;T390;4.469,40;Var;3;1034;https://www.cncdunyasi.com/urun/step-motor-planet-reduktor-nema-23-1-3
Mekanik;Mekanik > Planet Redüktör > Jkon-Tek Redüktörler;Nema34 Step Motor Planet Redüktör 1/10;Jkon-tek;T393;6.145,43;Var;3;1036;https://www.cncdunyasi.com/urun/step-motor-planet-reduktor-nema-34-1-10
Mekanik;Mekanik > Planet Redüktör > Jkon-Tek Redüktörler;Nema34 Step Motor Planet Redüktör 1/3;Jkon-tek;T392;6.145,43;Var;3;1034;https://www.cncdunyasi.com/urun/step-motor-planet-reduktor-nema-34-1-3
Mekanik;Mekanik > Planet Redüktör > Kofon Redüktör;Kofon 120 Gövde Redüktör;KOFON;T116;22.776,75;Var;3;324;https://www.cncdunyasi.com/urun/120-govde-kofon-reduktor-kpe120
Mekanik;Mekanik > Planet Redüktör > Kofon Redüktör;Kofon 70 Gövde Redüktör;KOFON;T114;11.345,40;Var;3;324;https://www.cncdunyasi.com/urun/70-govde-kofon-reduktor-kpe70
Mekanik;Mekanik > Planet Redüktör > Kofon Redüktör;Kofon 90 Gövde Redüktör;KOFON;T115;12.634,65;Var;3;324;https://www.cncdunyasi.com/urun/90-govde-kofon-reduktor-kpe90
Mekanik;Mekanik > Rulmanlar > CNC Tezgah Rulmanları;20TAC47 CDDGSUHPN7C VİDALI MİL EĞİK BİLYALI EKSENEL RULMANI;NSK;T685;2.100,00;Var;1;1475;https://www.cncdunyasi.com/urun/nsk-20tac47-cddgsuhpn7c-eksen-rulmani
Mekanik;Mekanik > Rulmanlar > CNC Tezgah Rulmanları;20TAC47 CSUHPN7C VİDALI MİL EĞİK BİLYALI EKSENEL RULMANI;NSK;T686;2.040,00;Var;1;1453;https://www.cncdunyasi.com/urun/nsk-20tac47-csuhpn7c-eksen-rulmani
Mekanik;Mekanik > Rulmanlar > CNC Tezgah Rulmanları;25TAC62 CDDGSUHPN7C VİDALI MİL EĞİK BİLYALI EKSENEL RULMANI;NSK;T687;2.220,00;Var;1;1501;https://www.cncdunyasi.com/urun/nsk-25tac62-cddgsuhpn7c-eksen-rulmani
Mekanik;Mekanik > Torna Aynaları > 3 Ayaklı Torna Aynaları;100 mm Torna Aynası;SANOU;T65;3.609,90;Var;2;772;https://www.cncdunyasi.com/urun/100-mm-torna-aynasi-k11-100-3
Mekanik;Mekanik > Torna Aynaları > 3 Ayaklı Torna Aynaları;125 mm Torna Aynası;SANOU;T66;4.039,65;Var;2;772;https://www.cncdunyasi.com/urun/125-mm-torna-aynasi-k11-125-3
Mekanik;Mekanik > Torna Aynaları > 3 Ayaklı Torna Aynaları;160 mm Torna Aynası;SANOU;T67;5.930,55;Var;2;772;https://www.cncdunyasi.com/urun/160-mm-torna-aynasi-k11-160-3
Mekanik;Mekanik > Torna Aynaları > 3 Ayaklı Torna Aynaları;200 mm Torna Aynası;SANOU;T68;8.294,18;Var;2;772;https://www.cncdunyasi.com/urun/200-mm-torna-aynasi-k11-200-3
Mekanik;Mekanik > Torna Aynaları > 3 Ayaklı Torna Aynaları;250 mm Torna Aynası;SANOU;T69;11.173,50;Var;2;772;https://www.cncdunyasi.com/urun/250-mm-torna-aynasi-k11-250-3
Mekanik;Mekanik > Torna Aynaları > 3 Ayaklı Torna Aynaları;315 mm Torna Aynası;SANOU;T70;22.561,88;Var;2;772;https://www.cncdunyasi.com/urun/315-mm-torna-aynasi-k11-315-3
Mekanik;Mekanik > Torna Aynaları > 3 Ayaklı Torna Aynaları;400 mm Torna Aynası;SANOU;T71;35.454,38;Var;2;772;https://www.cncdunyasi.com/urun/400-mm-torna-aynasi-k11-400-3
Mekanik;Mekanik > Torna Aynaları > 3 Ayaklı Torna Aynaları;50 mm Torna Aynası;SANOU;T62;3.309,08;Var;2;770;https://www.cncdunyasi.com/urun/50-mm-torna-aynasi-k11-50-3
Mekanik;Mekanik > Torna Aynaları > 3 Ayaklı Torna Aynaları;500 mm Torna Aynası;SANOU;T72;66.611,25;Var;2;772;https://www.cncdunyasi.com/urun/500-mm-torna-aynasi-k11-500-3
Mekanik;Mekanik > Torna Aynaları > 3 Ayaklı Torna Aynaları;63 mm Torna Aynası;SANOU;T63;3.867,75;Var;2;770;https://www.cncdunyasi.com/urun/63-mm-torna-aynasi-k11-63-3
Mekanik;Mekanik > Torna Aynaları > 3 Ayaklı Torna Aynaları;80 mm Torna Aynası;SANOU;T64;3.266,10;Var;2;770;https://www.cncdunyasi.com/urun/80-mm-torna-aynasi-k11-80-3
Mekanik;Mekanik > Torna Aynaları > 4 Ayaklı Torna Aynaları;100 mm Torna Aynası;SANOU;T302;4.899,15;Var;1;772;https://www.cncdunyasi.com/urun/100-mm-4-ayakli-torna-aynasi
Mekanik;Mekanik > Torna Aynaları > 4 Ayaklı Torna Aynaları;125 mm Torna Aynası;SANOU;T303;5.157,00;Var;1;772;https://www.cncdunyasi.com/urun/125-mm-4-ayakli-torna-aynasi
Mekanik;Mekanik > Torna Aynaları > 4 Ayaklı Torna Aynaları;160 mm Torna Aynası;SANOU;T304;7.391,70;Var;1;772;https://www.cncdunyasi.com/urun/160-mm-4-ayakli-torna-aynasi
Mekanik;Mekanik > Torna Aynaları > 4 Ayaklı Torna Aynaları;200 mm Torna Aynası;SANOU;T305;9.884,25;Var;1;772;https://www.cncdunyasi.com/urun/200-mm-4-ayakli-torna-aynasi
Mekanik;Mekanik > Torna Aynaları > 4 Ayaklı Torna Aynaları;250 mm Torna Aynası;SANOU;T306;13.966,88;Var;1;772;https://www.cncdunyasi.com/urun/250-mm-4-ayakli-torna-aynasi
Mekanik;Mekanik > Torna Aynaları > 4 Ayaklı Torna Aynaları;315 mm Torna Aynası;SANOU;T307;26.214,75;Var;1;772;https://www.cncdunyasi.com/urun/315-mm-4-ayakli-torna-aynasi
Mekanik;Mekanik > Torna Aynaları > 4 Ayaklı Torna Aynaları;400 mm Torna Aynası;SANOU;T308;41.256,00;Var;1;772;https://www.cncdunyasi.com/urun/400-mm-4-ayakli-torna-aynasi
Mekanik;Mekanik > Torna Aynaları > 4 Ayaklı Torna Aynaları;50 mm Torna Aynası;SANOU;T298;5.414,85;Yok;1;770;https://www.cncdunyasi.com/urun/50-mm-4-ayakli-torna-aynasi
Mekanik;Mekanik > Torna Aynaları > 4 Ayaklı Torna Aynaları;500 mm Torna Aynası;SANOU;T309;79.074,00;Var;1;772;https://www.cncdunyasi.com/urun/500-mm-4-ayakli-torna-aynasi
Mekanik;Mekanik > Torna Aynaları > 4 Ayaklı Torna Aynaları;63 mm Torna Aynası;SANOU;T299;5.844,60;Yok;1;770;https://www.cncdunyasi.com/urun/63-mm-4-ayakli-torna-aynasi
Mekanik;Mekanik > Torna Aynaları > 4 Ayaklı Torna Aynaları;80 mm Torna Aynası;SANOU;T301;4.813,20;Var;1;770;https://www.cncdunyasi.com/urun/80-mm-4-ayakli-torna-aynasi
Mekanik;Mekanik > Toz Emme Hortumu;102 mm Toz Emme Hortumu;Flex;T655;6.205,68;Var;2;107;https://www.cncdunyasi.com/urun/102-mm-toz-emme-hortumu
Mekanik;Mekanik > Toz Emme Hortumu;110 mm Toz Emme Hortumu;Flex;T656;6.417,84;Var;2;107;https://www.cncdunyasi.com/urun/110-mm-toz-emme-hortumu
Mekanik;Mekanik > Toz Emme Hortumu;120 mm Toz Emme Hortumu;Flex;T657;6.842,16;Var;2;107;https://www.cncdunyasi.com/urun/120-mm-toz-emme-hortumu
Mekanik;Mekanik > Toz Emme Hortumu;127 mm Toz Emme Hortumu;Flex;T658;7.266,48;Var;2;107;https://www.cncdunyasi.com/urun/127-mm-toz-emme-hortumu
Mekanik;Mekanik > Toz Emme Hortumu;130 mm Toz Emme Hortumu;Flex;T659;7.902,96;Var;2;107;https://www.cncdunyasi.com/urun/130-mm-toz-emme-hortumu
Mekanik;Mekanik > Toz Emme Hortumu;140 mm Toz Emme Hortumu;Flex;T660;8.857,68;Var;2;107;https://www.cncdunyasi.com/urun/140-mm-toz-emme-hortumu
Mekanik;Mekanik > Toz Emme Hortumu;152 mm Toz Emme Hortumu;Flex;T661;9.335,04;Var;2;107;https://www.cncdunyasi.com/urun/152-mm-toz-emme-hortumu-1762431652661
Mekanik;Mekanik > Toz Emme Hortumu;160 mm Toz Emme Hortumu;Flex;T662;10.077,60;Var;2;107;https://www.cncdunyasi.com/urun/160-mm-toz-emme-hortumu
Mekanik;Mekanik > Toz Emme Hortumu;175 mm Toz Emme Hortumu;Flex;T663;10.926,24;Var;2;107;https://www.cncdunyasi.com/urun/175-mm-toz-emme-hortumu
Mekanik;Mekanik > Toz Emme Hortumu;180 mm Toz Emme Hortumu;Flex;T664;11.297,52;Var;2;107;https://www.cncdunyasi.com/urun/180-mm-toz-emme-hortumu
Mekanik;Mekanik > Toz Emme Hortumu;203 mm Toz Emme Hortumu;Flex;T665;12.729,60;Var;2;107;https://www.cncdunyasi.com/urun/203-mm-toz-emme-hortumu
Mekanik;Mekanik > Toz Emme Hortumu;225 mm Toz Emme Hortumu;Flex;T666;15.275,52;Var;2;107;https://www.cncdunyasi.com/urun/225-mm-toz-emme-hortumu
Mekanik;Mekanik > Toz Emme Hortumu;250 mm Toz Emme Hortumu;Flex;T667;16.972,80;Var;2;107;https://www.cncdunyasi.com/urun/250-mm-toz-emme-hortumu
Mekanik;Mekanik > Toz Emme Hortumu;275 mm Toz Emme Hortumu;Flex;T668;19.730,88;Var;2;107;https://www.cncdunyasi.com/urun/275-mm-toz-emme-hortumu
Mekanik;Mekanik > Toz Emme Hortumu;305 mm Toz Emme Hortumu;Flex;T669;24.186,24;Var;2;107;https://www.cncdunyasi.com/urun/305-mm-toz-emme-hortumu
Mekanik;Mekanik > Toz Emme Hortumu;350 mm Toz Emme Hortumu;Flex;T670;29.012,88;Var;2;107;https://www.cncdunyasi.com/urun/350-mm-toz-emme-hortumu
Mekanik;Mekanik > Toz Emme Hortumu;40 mm Toz Emme Hortumu;Flex;T647;3.978,00;Var;2;107;https://www.cncdunyasi.com/urun/40-mm-toz-emme-hortumu
Mekanik;Mekanik > Toz Emme Hortumu;400 mm Toz Emme Hortumu;Flex;T671;34.635,12;Var;2;107;https://www.cncdunyasi.com/urun/400-mm-toz-emme-hortumu
Mekanik;Mekanik > Toz Emme Hortumu;52 mm Toz Emme Hortumu;Flex;T648;4.031,04;Var;2;107;https://www.cncdunyasi.com/urun/52-mm-toz-emme-hortumu
Mekanik;Mekanik > Toz Emme Hortumu;60 mm Toz Emme Hortumu;Flex;T649;4.084,08;Var;2;107;https://www.cncdunyasi.com/urun/60-mm-toz-emme-hortumu
Mekanik;Mekanik > Toz Emme Hortumu;63 mm Toz Emme Hortumu;Flex;T650;4.190,16;Var;2;107;https://www.cncdunyasi.com/urun/63-mm-toz-emme-hortumu
Mekanik;Mekanik > Toz Emme Hortumu;70 mm Toz Emme Hortumu;Flex;T651;4.402,32;Var;2;107;https://www.cncdunyasi.com/urun/70-mm-toz-emme-hortumu
Mekanik;Mekanik > Toz Emme Hortumu;76 mm Toz Emme Hortumu;Flex;T652;4.826,64;Var;2;107;https://www.cncdunyasi.com/urun/76-mm-toz-emme-hortumu
Mekanik;Mekanik > Toz Emme Hortumu;80 mm Toz Emme Hortumu;Flex;T653;5.250,96;Var;2;107;https://www.cncdunyasi.com/urun/80-mm-toz-emme-hortumu
Mekanik;Mekanik > Toz Emme Hortumu;90 mm Toz Emme Hortumu;Flex;T654;5.463,12;Var;2;107;https://www.cncdunyasi.com/urun/90-mm-toz-emme-hortumu
Mekanik;Mekanik > Triger Dişli Kasnaklar > T10 Triger Dişli Kasnakları;T10 16-12 F-AL Triger Dişli Kasnak;MKA;T611;240,00;Var;1;34;https://www.cncdunyasi.com/urun/t10-16-12-f-al-triger-disli-kasnak
Mekanik;Mekanik > Triger Dişli Kasnaklar > T10 Triger Dişli Kasnakları;T10 16-14 F-AL Triger Dişli Kasnak;MKA;T612;288,00;Var;1;34;https://www.cncdunyasi.com/urun/t10-16-14-f-al-triger-disli-kasnak
Mekanik;Mekanik > Triger Dişli Kasnaklar > T10 Triger Dişli Kasnakları;T10 16-16 F-AL Triger Dişli Kasnak;MKA;T613;348,00;Var;1;34;https://www.cncdunyasi.com/urun/t10-16-16-f-al-triger-disli-kasnak
Mekanik;Mekanik > Triger Dişli Kasnaklar > T10 Triger Dişli Kasnakları;T10 16-18 F-AL Triger Dişli Kasnak;MKA;T614;396,00;Yok;1;34;https://www.cncdunyasi.com/urun/t10-16-18-f-al-triger-disli-kasnak
Mekanik;Mekanik > Triger Dişli Kasnaklar > T10 Triger Dişli Kasnakları;T10 16-20 F-AL Triger Dişli Kasnak;MKA;T615;456,00;Yok;1;34;https://www.cncdunyasi.com/urun/t10-16-20-f-al-triger-disli-kasnak
Mekanik;Mekanik > Triger Dişli Kasnaklar > T10 Triger Dişli Kasnakları;T10 16-22 F-AL Triger Dişli Kasnak;MKA;T616;588,00;Var;1;34;https://www.cncdunyasi.com/urun/t10-16-22-f-al-triger-disli-kasnak
Mekanik;Mekanik > Triger Dişli Kasnaklar > T10 Triger Dişli Kasnakları;T10 16-24 F-AL Triger Dişli Kasnak;MKA;T617;672,00;Var;1;34;https://www.cncdunyasi.com/urun/t10-16-24-f-al-triger-disli-kasnak
Mekanik;Mekanik > Triger Dişli Kasnaklar > T10 Triger Dişli Kasnakları;T10 16-26 F-AL Triger Dişli Kasnak;MKA;T618;768,00;Var;1;34;https://www.cncdunyasi.com/urun/t10-16-26-f-al-triger-disli-kasnak
Mekanik;Mekanik > Triger Dişli Kasnaklar > T10 Triger Dişli Kasnakları;T10 16-28 F-AL Triger Dişli Kasnak;MKA;T619;828,00;Var;1;34;https://www.cncdunyasi.com/urun/t10-16-28-f-al-triger-disli-kasnak
Mekanik;Mekanik > Triger Dişli Kasnaklar > T10 Triger Dişli Kasnakları;T10 16-30 F-AL Triger Dişli Kasnak;MKA;T620;972,00;Var;1;34;https://www.cncdunyasi.com/urun/t10-16-30-f-al-triger-disli-kasnak
Mekanik;Mekanik > Triger Dişli Kasnaklar > T10 Triger Dişli Kasnakları;T10 16-32 F-AL Triger Dişli Kasnak;MKA;T621;1.092,00;Var;1;34;https://www.cncdunyasi.com/urun/t10-16-32-f-al-triger-disli-kasnak
Mekanik;Mekanik > Triger Dişli Kasnaklar > T10 Triger Dişli Kasnakları;T10 16-36 F-AL Triger Dişli Kasnak;MKA;T622;1.380,00;Var;1;34;https://www.cncdunyasi.com/urun/t10-16-36-f-al-triger-disli-kasnak
Mekanik;Mekanik > Triger Dişli Kasnaklar > T10 Triger Dişli Kasnakları;T10 16-40 F-AL Triger Dişli Kasnak;MKA;T623;1.680,00;Var;1;34;https://www.cncdunyasi.com/urun/t10-16-40-f-al-triger-disli-kasnak
Mekanik;Mekanik > Triger Dişli Kasnaklar > T10 Triger Dişli Kasnakları;T10 25-12 F-AL Triger Dişli Kasnak;MKA;T624;276,00;Var;1;34;https://www.cncdunyasi.com/urun/t10-25-12-f-al-triger-disli-kasnak
Mekanik;Mekanik > Triger Dişli Kasnaklar > T10 Triger Dişli Kasnakları;T10 25-14 F-AL Triger Dişli Kasnak;MKA;T625;300,00;Var;1;34;https://www.cncdunyasi.com/urun/t10-25-14-f-al-triger-disli-kasnak
Mekanik;Mekanik > Triger Dişli Kasnaklar > T10 Triger Dişli Kasnakları;T10 25-16 F-AL Triger Dişli Kasnak;MKA;T626;408,00;Var;1;34;https://www.cncdunyasi.com/urun/t10-25-16-f-al-triger-disli-kasnak
Mekanik;Mekanik > Triger Dişli Kasnaklar > T10 Triger Dişli Kasnakları;T10 25-18 F-AL Triger Dişli Kasnak;MKA;T627;492,00;Var;1;34;https://www.cncdunyasi.com/urun/t10-25-18-f-al-triger-disli-kasnak
Mekanik;Mekanik > Triger Dişli Kasnaklar > T10 Triger Dişli Kasnakları;T10 25-20 F-AL Triger Dişli Kasnak;MKA;T628;576,00;Var;1;34;https://www.cncdunyasi.com/urun/t10-25-20-f-al-triger-disli-kasnak
Mekanik;Mekanik > Triger Dişli Kasnaklar > T10 Triger Dişli Kasnakları;T10 25-22 F-AL Triger Dişli Kasnak;MKA;T629;624,00;Var;1;34;https://www.cncdunyasi.com/urun/t10-25-22-f-al-triger-disli-kasnak
Mekanik;Mekanik > Triger Dişli Kasnaklar > T10 Triger Dişli Kasnakları;T10 25-24 F-AL Triger Dişli Kasnak;MKA;T630;744,00;Var;1;34;https://www.cncdunyasi.com/urun/t10-25-24-f-al-triger-disli-kasnak
Mekanik;Mekanik > Triger Dişli Kasnaklar > T10 Triger Dişli Kasnakları;T10 25-26 F-AL Triger Dişli Kasnak;MKA;T631;900,00;Var;1;34;https://www.cncdunyasi.com/urun/t10-25-26-f-al-triger-disli-kasnak
Mekanik;Mekanik > Triger Dişli Kasnaklar > T10 Triger Dişli Kasnakları;T10 25-28 F-AL Triger Dişli Kasnak;MKA;T632;996,00;Yok;1;34;https://www.cncdunyasi.com/urun/t10-25-28-f-al-triger-disli-kasnak
Mekanik;Mekanik > Triger Dişli Kasnaklar > T10 Triger Dişli Kasnakları;T10 25-30 F-AL Triger Dişli Kasnak;MKA;T633;1.188,00;Var;1;34;https://www.cncdunyasi.com/urun/t10-25-30-f-al-triger-disli-kasnak
Mekanik;Mekanik > Triger Dişli Kasnaklar > T10 Triger Dişli Kasnakları;T10 25-32 F-AL Triger Dişli Kasnak;MKA;T634;1.500,00;Var;1;34;https://www.cncdunyasi.com/urun/t10-25-32-f-al-triger-disli-kasnak
Mekanik;Mekanik > Triger Dişli Kasnaklar > T10 Triger Dişli Kasnakları;T10 25-36 F-AL Triger Dişli Kasnak;MKA;T635;1.680,00;Var;1;34;https://www.cncdunyasi.com/urun/t10-25-36-f-al-triger-disli-kasnak
Mekanik;Mekanik > Triger Dişli Kasnaklar > T10 Triger Dişli Kasnakları;T10 25-40 F-AL Triger Dişli Kasnak;MKA;T636;1.680,00;Var;1;34;https://www.cncdunyasi.com/urun/t10-25-40-f-al-triger-disli-kasnak
Mekanik;Mekanik > Triger Dişli Kasnaklar > T10 Triger Dişli Kasnakları;T10 32-18 F-AL Triger Dişli Kasnak;MKA;T637;552,00;Var;1;34;https://www.cncdunyasi.com/urun/t10-32-18-f-al-triger-disli-kasnak
Mekanik;Mekanik > Triger Dişli Kasnaklar > T10 Triger Dişli Kasnakları;T10 32-20 F-AL Triger Dişli Kasnak;MKA;T638;732,00;Var;1;34;https://www.cncdunyasi.com/urun/t10-32-20-f-al-triger-disli-kasnak
Mekanik;Mekanik > Triger Dişli Kasnaklar > T10 Triger Dişli Kasnakları;T10 32-22 F-AL Triger Dişli Kasnak;MKA;T639;792,00;Var;1;34;https://www.cncdunyasi.com/urun/t10-32-22-f-al-triger-disli-kasnak
Mekanik;Mekanik > Triger Dişli Kasnaklar > T10 Triger Dişli Kasnakları;T10 32-24 F-AL Triger Dişli Kasnak;MKA;T640;900,00;Var;1;34;https://www.cncdunyasi.com/urun/t10-32-24-f-al-triger-disli-kasnak
Mekanik;Mekanik > Triger Dişli Kasnaklar > T10 Triger Dişli Kasnakları;T10 32-26 F-AL Triger Dişli Kasnak;MKA;T641;1.056,00;Yok;1;34;https://www.cncdunyasi.com/urun/t10-32-26-f-al-triger-disli-kasnak
Mekanik;Mekanik > Triger Dişli Kasnaklar > T10 Triger Dişli Kasnakları;T10 32-28 F-AL Triger Dişli Kasnak;MKA;T642;1.320,00;Var;1;34;https://www.cncdunyasi.com/urun/t10-32-28-f-al-triger-disli-kasnak
Mekanik;Mekanik > Triger Dişli Kasnaklar > T10 Triger Dişli Kasnakları;T10 32-30 F-AL Triger Dişli Kasnak;MKA;T643;1.440,00;Var;1;34;https://www.cncdunyasi.com/urun/t10-32-30-f-al-triger-disli-kasnak
Mekanik;Mekanik > Triger Dişli Kasnaklar > T10 Triger Dişli Kasnakları;T10 32-32 F-AL Triger Dişli Kasnak;MKA;T644;1.560,00;Var;1;34;https://www.cncdunyasi.com/urun/t10-32-32-f-al-triger-disli-kasnak
Mekanik;Mekanik > Triger Dişli Kasnaklar > T10 Triger Dişli Kasnakları;T10 32-36 F-AL Triger Dişli Kasnak;MKA;T645;1.920,00;Var;1;34;https://www.cncdunyasi.com/urun/t10-32-36-f-al-triger-disli-kasnak
Mekanik;Mekanik > Triger Dişli Kasnaklar > T10 Triger Dişli Kasnakları;T10 32-40 F-AL Triger Dişli Kasnak;MKA;T646;2.460,00;Var;1;34;https://www.cncdunyasi.com/urun/t10-32-40-f-al-triger-disli-kasnak
Mekanik;Mekanik > Triger Dişli Kasnaklar > T5 Triger Dişli Kasnakları;T5 10-10 F-AL Triger Dişli Kasnak;MKA;T466;108,00;Var;1;33;https://www.cncdunyasi.com/urun/t5-10-10-f-al-triger-disli-kasnak
Mekanik;Mekanik > Triger Dişli Kasnaklar > T5 Triger Dişli Kasnakları;T5 10-12 F-AL Triger Dişli Kasnak;MKA;T566;120,00;Var;1;33;https://www.cncdunyasi.com/urun/t5-10-12-f-al-triger-disli-kasnak
Mekanik;Mekanik > Triger Dişli Kasnaklar > T5 Triger Dişli Kasnakları;T5 10-14 F-AL Triger Dişli Kasnak;MKA;T567;132,00;Var;1;33;https://www.cncdunyasi.com/urun/t5-10-14-f-al-triger-disli-kasnak
Mekanik;Mekanik > Triger Dişli Kasnaklar > T5 Triger Dişli Kasnakları;T5 10-16 F-AL Triger Dişli Kasnak;MKA;T568;156,00;Var;1;33;https://www.cncdunyasi.com/urun/t5-10-16-f-al-triger-disli-kasnak
Mekanik;Mekanik > Triger Dişli Kasnaklar > T5 Triger Dişli Kasnakları;T5 10-18 F-AL Triger Dişli Kasnak;MKA;T569;156,00;Var;1;33;https://www.cncdunyasi.com/urun/t5-10-18-f-al-triger-disli-kasnak
Mekanik;Mekanik > Triger Dişli Kasnaklar > T5 Triger Dişli Kasnakları;T5 10-20 F-AL Triger Dişli Kasnak;MKA;T570;180,00;Var;1;33;https://www.cncdunyasi.com/urun/t5-10-20-f-al-triger-disli-kasnak
Mekanik;Mekanik > Triger Dişli Kasnaklar > T5 Triger Dişli Kasnakları;T5 10-22 F-AL Triger Dişli Kasnak;MKA;T571;204,00;Var;1;33;https://www.cncdunyasi.com/urun/t5-10-22-f-al-triger-disli-kasnak
Mekanik;Mekanik > Triger Dişli Kasnaklar > T5 Triger Dişli Kasnakları;T5 10-24 F-AL Triger Dişli Kasnak;MKA;T572;216,00;Var;1;33;https://www.cncdunyasi.com/urun/t5-10-24-f-al-triger-disli-kasnak
Mekanik;Mekanik > Triger Dişli Kasnaklar > T5 Triger Dişli Kasnakları;T5 10-25 F-AL Triger Dişli Kasnak;MKA;T573;228,00;Yok;1;33;https://www.cncdunyasi.com/urun/t5-10-25-f-al-triger-disli-kasnak
Mekanik;Mekanik > Triger Dişli Kasnaklar > T5 Triger Dişli Kasnakları;T5 10-26 F-AL Triger Dişli Kasnak;MKA;T574;252,00;Var;1;33;https://www.cncdunyasi.com/urun/t5-10-26-f-al-triger-disli-kasnak
Mekanik;Mekanik > Triger Dişli Kasnaklar > T5 Triger Dişli Kasnakları;T5 10-28 F-AL Triger Dişli Kasnak;MKA;T575;264,00;Var;1;33;https://www.cncdunyasi.com/urun/t5-10-28-f-al-triger-disli-kasnak
Mekanik;Mekanik > Triger Dişli Kasnaklar > T5 Triger Dişli Kasnakları;T5 10-30 F-AL Triger Dişli Kasnak;MKA;T576;300,00;Var;1;33;https://www.cncdunyasi.com/urun/t5-10-30-f-al-triger-disli-kasnak
Mekanik;Mekanik > Triger Dişli Kasnaklar > T5 Triger Dişli Kasnakları;T5 10-32 F-AL Triger Dişli Kasnak;MKA;T577;324,00;Yok;1;33;https://www.cncdunyasi.com/urun/t5-10-32-f-al-triger-disli-kasnak
Mekanik;Mekanik > Triger Dişli Kasnaklar > T5 Triger Dişli Kasnakları;T5 10-34 F-AL Triger Dişli Kasnak;MKA;T578;264,00;Var;1;33;https://www.cncdunyasi.com/urun/t5-10-34-f-al-triger-disli-kasnak
Mekanik;Mekanik > Triger Dişli Kasnaklar > T5 Triger Dişli Kasnakları;T5 10-36 F-AL Triger Dişli Kasnak;MKA;T579;372,00;Var;1;33;https://www.cncdunyasi.com/urun/t5-10-36-f-al-triger-disli-kasnak
Mekanik;Mekanik > Triger Dişli Kasnaklar > T5 Triger Dişli Kasnakları;T5 10-40 F-AL Triger Dişli Kasnak;MKA;T580;408,00;Var;1;33;https://www.cncdunyasi.com/urun/t5-10-40-f-al-triger-disli-kasnak
Mekanik;Mekanik > Triger Dişli Kasnaklar > T5 Triger Dişli Kasnakları;T5 16-10 F-AL Triger Dişli Kasnak;MKA;T581;120,00;Var;1;33;https://www.cncdunyasi.com/urun/t5-16-10-f-al-triger-disli-kasnak
Mekanik;Mekanik > Triger Dişli Kasnaklar > T5 Triger Dişli Kasnakları;T5 16-12 F-AL Triger Dişli Kasnak;MKA;T582;132,00;Var;1;33;https://www.cncdunyasi.com/urun/t5-16-12-f-al-triger-disli-kasnak
Mekanik;Mekanik > Triger Dişli Kasnaklar > T5 Triger Dişli Kasnakları;T5 16-14 F-AL Triger Dişli Kasnak;MKA;T583;144,00;Var;1;33;https://www.cncdunyasi.com/urun/t5-16-14-f-al-triger-disli-kasnak
Mekanik;Mekanik > Triger Dişli Kasnaklar > T5 Triger Dişli Kasnakları;T5 16-16 F-AL Triger Dişli Kasnak;MKA;T584;168,00;Yok;1;33;https://www.cncdunyasi.com/urun/t5-16-16-f-al-triger-disli-kasnak
Mekanik;Mekanik > Triger Dişli Kasnaklar > T5 Triger Dişli Kasnakları;T5 16-18 F-AL Triger Dişli Kasnak;MKA;T585;180,00;Var;1;33;https://www.cncdunyasi.com/urun/t5-16-18-f-al-triger-disli-kasnak
Mekanik;Mekanik > Triger Dişli Kasnaklar > T5 Triger Dişli Kasnakları;T5 16-20 F-AL Triger Dişli Kasnak;MKA;T586;204,00;Var;1;33;https://www.cncdunyasi.com/urun/t5-16-20-f-al-triger-disli-kasnak
Mekanik;Mekanik > Triger Dişli Kasnaklar > T5 Triger Dişli Kasnakları;T5 16-22 F-AL Triger Dişli Kasnak;MKA;T587;228,00;Var;1;33;https://www.cncdunyasi.com/urun/t5-16-22-f-al-triger-disli-kasnak
Mekanik;Mekanik > Triger Dişli Kasnaklar > T5 Triger Dişli Kasnakları;T5 16-24 F-AL Triger Dişli Kasnak;MKA;T588;252,00;Var;1;33;https://www.cncdunyasi.com/urun/t5-16-24-f-al-triger-disli-kasnak
Mekanik;Mekanik > Triger Dişli Kasnaklar > T5 Triger Dişli Kasnakları;T5 16-26 F-AL Triger Dişli Kasnak;MKA;T589;276,00;Var;1;33;https://www.cncdunyasi.com/urun/t5-16-26-f-al-triger-disli-kasnak
Mekanik;Mekanik > Triger Dişli Kasnaklar > T5 Triger Dişli Kasnakları;T5 16-28 F-AL Triger Dişli Kasnak;MKA;T590;312,00;Var;1;33;https://www.cncdunyasi.com/urun/t5-16-28-f-al-triger-disli-kasnak
Mekanik;Mekanik > Triger Dişli Kasnaklar > T5 Triger Dişli Kasnakları;T5 16-30 F-AL Triger Dişli Kasnak;MKA;T591;336,00;Var;1;33;https://www.cncdunyasi.com/urun/t5-16-30-f-al-triger-disli-kasnak
Mekanik;Mekanik > Triger Dişli Kasnaklar > T5 Triger Dişli Kasnakları;T5 16-32 F-AL Triger Dişli Kasnak;MKA;T592;384,00;Var;1;33;https://www.cncdunyasi.com/urun/t5-16-32-f-al-triger-disli-kasnak
Mekanik;Mekanik > Triger Dişli Kasnaklar > T5 Triger Dişli Kasnakları;T5 16-34 F-AL Triger Dişli Kasnak;MKA;T593;408,00;Var;1;33;https://www.cncdunyasi.com/urun/t5-16-34-f-al-triger-disli-kasnak
Mekanik;Mekanik > Triger Dişli Kasnaklar > T5 Triger Dişli Kasnakları;T5 16-36 F-AL Triger Dişli Kasnak;MKA;T594;432,00;Var;1;33;https://www.cncdunyasi.com/urun/t5-16-36-f-al-triger-disli-kasnak
Mekanik;Mekanik > Triger Dişli Kasnaklar > T5 Triger Dişli Kasnakları;T5 16-40 F-AL Triger Dişli Kasnak;MKA;T595;480,00;Var;1;33;https://www.cncdunyasi.com/urun/t5-16-40-f-al-triger-disli-kasnak
Mekanik;Mekanik > Triger Dişli Kasnaklar > T5 Triger Dişli Kasnakları;T5 25-10 F-AL Triger Dişli Kasnak;MKA;T596;132,00;Var;1;33;https://www.cncdunyasi.com/urun/t5-25-10-f-al-triger-disli-kasnak
Mekanik;Mekanik > Triger Dişli Kasnaklar > T5 Triger Dişli Kasnakları;T5 25-12 F-AL Triger Dişli Kasnak;MKA;T597;156,00;Var;1;33;https://www.cncdunyasi.com/urun/t5-25-12-f-al-triger-disli-kasnak
Mekanik;Mekanik > Triger Dişli Kasnaklar > T5 Triger Dişli Kasnakları;T5 25-14 F-AL Triger Dişli Kasnak;MKA;T598;156,00;Var;1;33;https://www.cncdunyasi.com/urun/t5-25-14-f-al-triger-disli-kasnak
Mekanik;Mekanik > Triger Dişli Kasnaklar > T5 Triger Dişli Kasnakları;T5 25-16 F-AL Triger Dişli Kasnak;MKA;T599;204,00;Var;1;33;https://www.cncdunyasi.com/urun/t5-25-16-f-al-triger-disli-kasnak
Mekanik;Mekanik > Triger Dişli Kasnaklar > T5 Triger Dişli Kasnakları;T5 25-18 F-AL Triger Dişli Kasnak;MKA;T600;216,00;Yok;1;33;https://www.cncdunyasi.com/urun/t5-25-18-f-al-triger-disli-kasnak
Mekanik;Mekanik > Triger Dişli Kasnaklar > T5 Triger Dişli Kasnakları;T5 25-20 F-AL Triger Dişli Kasnak;MKA;T601;252,00;Var;1;33;https://www.cncdunyasi.com/urun/t5-25-20-f-al-triger-disli-kasnak
Mekanik;Mekanik > Triger Dişli Kasnaklar > T5 Triger Dişli Kasnakları;T5 25-22 F-AL Triger Dişli Kasnak;MKA;T602;276,00;Var;1;33;https://www.cncdunyasi.com/urun/t5-25-22-f-al-triger-disli-kasnak
Mekanik;Mekanik > Triger Dişli Kasnaklar > T5 Triger Dişli Kasnakları;T5 25-24 F-AL Triger Dişli Kasnak;MKA;T603;300,00;Var;1;33;https://www.cncdunyasi.com/urun/t5-25-24-f-al-triger-disli-kasnak
Mekanik;Mekanik > Triger Dişli Kasnaklar > T5 Triger Dişli Kasnakları;T5 25-26 F-AL Triger Dişli Kasnak;MKA;T604;348,00;Var;1;33;https://www.cncdunyasi.com/urun/t5-25-26-f-al-triger-disli-kasnak
Mekanik;Mekanik > Triger Dişli Kasnaklar > T5 Triger Dişli Kasnakları;T5 25-28 F-AL Triger Dişli Kasnak;MKA;T605;384,00;Var;1;33;https://www.cncdunyasi.com/urun/t5-25-28-f-al-triger-disli-kasnak
Mekanik;Mekanik > Triger Dişli Kasnaklar > T5 Triger Dişli Kasnakları;T5 25-30 F-AL Triger Dişli Kasnak;MKA;T606;444,00;Var;1;33;https://www.cncdunyasi.com/urun/t5-25-30-f-al-triger-disli-kasnak
Mekanik;Mekanik > Triger Dişli Kasnaklar > T5 Triger Dişli Kasnakları;T5 25-32 F-AL Triger Dişli Kasnak;MKA;T607;504,00;Var;1;33;https://www.cncdunyasi.com/urun/t5-25-32-f-al-triger-disli-kasnak
Mekanik;Mekanik > Triger Dişli Kasnaklar > T5 Triger Dişli Kasnakları;T5 25-34 F-AL Triger Dişli Kasnak;MKA;T608;384,00;Var;1;33;https://www.cncdunyasi.com/urun/t5-25-34-f-al-triger-disli-kasnak
Mekanik;Mekanik > Triger Dişli Kasnaklar > T5 Triger Dişli Kasnakları;T5 25-36 F-AL Triger Dişli Kasnak;MKA;T609;576,00;Var;1;33;https://www.cncdunyasi.com/urun/t5-25-36-f-al-triger-disli-kasnak
Mekanik;Mekanik > Triger Dişli Kasnaklar > T5 Triger Dişli Kasnakları;T5 25-40 F-AL Triger Dişli Kasnak;MKA;T610;600,00;Yok;1;33;https://www.cncdunyasi.com/urun/t5-25-40-f-al-triger-disli-kasnak
Mekanik;Mekanik > Yağlama Sistemleri;Manuel Yağlama;CNCDunyasi;T238;1.440,00;Var;1;1046;https://www.cncdunyasi.com/urun/manuel-yaglama-pompasi
Mekanik;Mekanik > Yağlama Sistemleri;Otomatik Yağlama (2 Litre);CNCDunyasi;T237;2.640,00;Var;3;867;https://www.cncdunyasi.com/urun/otomatik-yaglama-pompasi
Servo Motor ve Sürücüler;Servo Motor ve Sürücüler;Siemens Yardımcı Kontak 1NO+1NC;SIEMENS;T715;308,94;Var;1;658;https://www.cncdunyasi.com/urun/siemens-yardimci-kontak-1no-1nc
Sigma Profil;Sigma Profil > Kanal 10 Sigma Profil;40x40 Ağır Seri Sigma Profil;Sigma Profil;T560;642,00;Yok;3;2166;https://www.cncdunyasi.com/urun/40-40-a-sigma-profil-kanal-10
Sigma Profil;Sigma Profil > Kanal 10 Sigma Profil;40x40 Hafif Seri Sigma Profil;Sigma Profil;T559;468,00;Yok;3;2172;https://www.cncdunyasi.com/urun/40-40-h-sigma-profil-kanal-10
Sigma Profil;Sigma Profil > Kanal 10 Sigma Profil;40x40 Ultra Hafif Seri Sigma Profil;Sigma Profil;T558;414,00;Yok;3;2176;https://www.cncdunyasi.com/urun/40-40-u-h-sigma-profil-kanal-10
Sigma Profil;Sigma Profil > Kanal 6 Sigma Profil;20x20 Sigma Profil;Sigma Profil;T546;150,00;Yok;3;2024;https://www.cncdunyasi.com/urun/20-20-sigma-profil-kanal-6
Sigma Profil;Sigma Profil > Kanal 6 Sigma Profil;20x40 Sigma Profil;Sigma Profil;T547;270,00;Yok;3;2024;https://www.cncdunyasi.com/urun/20-40-sigma-profil-kanal-6
Sigma Profil;Sigma Profil > Kanal 6 Sigma Profil;25x25 Sigma Profil;Sigma Profil;T548;222,00;Yok;3;2024;https://www.cncdunyasi.com/urun/25-25-sigma-profil-kanal-6
Sigma Profil;Sigma Profil > Kanal 8 Sigma Profil;30x30 Hafif Seri Sigma Profil;Sigma Profil;T549;282,00;Yok;3;2146;https://www.cncdunyasi.com/urun/30-30-h-sigma-profil-kanal-8
Sigma Profil;Sigma Profil > Kanal 8 Sigma Profil;30x30 Sigma Profil;Sigma Profil;T550;342,00;Yok;3;2140;https://www.cncdunyasi.com/urun/30-30-sigma-profil-kanal-8
Sigma Profil;Sigma Profil > Kanal 8 Sigma Profil;30x60 Sigma Profil;Sigma Profil;T551;588,00;Yok;3;2145;https://www.cncdunyasi.com/urun/30-60-sigma-profil-kanal-8
Sigma Profil;Sigma Profil > Kanal 8 Sigma Profil;35x35 Sigma Profil;Sigma Profil;T553;396,00;Yok;3;2157;https://www.cncdunyasi.com/urun/35-35-sigma-profil-kanal-8
Sigma Profil;Sigma Profil > Kanal 8 Sigma Profil;40x40 Ağır Seri Sigma Profil;Sigma Profil;T555;690,00;Yok;3;2169;https://www.cncdunyasi.com/urun/40-40-a-sigma-profil-kanal-8
Sigma Profil;Sigma Profil > Kanal 8 Sigma Profil;40x40 Hafif Seri Sigma Profil;Sigma Profil;T554;444,00;Yok;3;2169;https://www.cncdunyasi.com/urun/40-40-h-sigma-profil-kanal-8
Sigma Profil;Sigma Profil > Kanal 8 Sigma Profil;40x80 Ağır Seri Sigma Profil;Sigma Profil;T557;1.200,00;Yok;3;2169;https://www.cncdunyasi.com/urun/40-80-a-sigma-profil-kanal-8
Sigma Profil;Sigma Profil > Kanal 8 Sigma Profil;40x80 Hafif Seri Sigma Profil;Sigma Profil;T556;732,00;Yok;3;2169;https://www.cncdunyasi.com/urun/40-80-h-sigma-profil-kanal-8
Sigma Profil;Sigma Profil > Kanal 8 Sigma Profil;60x60 Sigma Profil;Sigma Profil;T552;941,76;Yok;3;2145;https://www.cncdunyasi.com/urun/60-60-sigma-profil-kanal-8
Spindle Motorlar;Spindle Motorlar > Spindle Motorlar;0.18 Kw 12.000 Devir Spindle Motoru (ER16);Arel Spindle;T76;6.470,88;Var;1;1276;https://www.cncdunyasi.com/urun/arel-spindle-motor-0-18-kw-12000-devir-er16-arfm-1y-s2
Spindle Motorlar;Spindle Motorlar > Spindle Motorlar;0.18 Kw 3.000 Devir Spindle Motoru (ER20);Arel Spindle;T92;8.698,56;Var;1;1079;https://www.cncdunyasi.com/urun/arel-spindle-motor-0-18-kw-3000-devir-er20-arfm-2y-m4
Spindle Motorlar;Spindle Motorlar > Spindle Motorlar;0.25 Kw 18.000 Devir Spindle Motoru (ER16);Arel Spindle;T77;6.470,88;Var;1;1276;https://www.cncdunyasi.com/urun/arel-spindle-motor-0-25-kw-18000-devir-er16-arfm-1y-s3
Spindle Motorlar;Spindle Motorlar > Spindle Motorlar;0.37 Kw 12.000 Devir Spindle Motoru (ER16);Arel Spindle;T80;8.221,20;Var;1;1080;https://www.cncdunyasi.com/urun/arel-spindle-motor-0-37-kw-12000-devir-er16-arfm-1y-m2
Spindle Motorlar;Spindle Motorlar > Spindle Motorlar;0.37 Kw 3.000 Devir Spindle Motoru (ER20);Arel Spindle;T95;11.138,40;Var;1;1049;https://www.cncdunyasi.com/urun/arel-spindle-motor-0-37-kw-3000-devir-er20-arfm-2y-l4
Spindle Motorlar;Spindle Motorlar > Spindle Motorlar;0.50 Kw 12.000 Devir Spindle Motoru (ER20);Arel Spindle;T83;7.770,36;Var;1;1276;https://www.cncdunyasi.com/urun/arel-spindle-motor-0-50-kw-12000-devir-er20-arfm-2y-s2
Spindle Motorlar;Spindle Motorlar > Spindle Motorlar;0.55 Kw 18.000 Devir Spindle Motoru (ER16);Arel Spindle;T81;8.221,20;Var;1;1080;https://www.cncdunyasi.com/urun/arel-spindle-motor-0-55-kw-18000-devir-er16-arfm-1y-m3
Spindle Motorlar;Spindle Motorlar > Spindle Motorlar;0.75 Kw 18.000 Devir Spindle Motoru (ER20);Arel Spindle;T84;8.300,76;Var;3;2373;https://www.cncdunyasi.com/urun/arel-spindle-motor-0-75-kw-18000-devir-er20-arfm-2y-s3
Spindle Motorlar;Spindle Motorlar > Spindle Motorlar;0.75 Kw 24.000 Devir Spindle Motoru (ER16);Arel Spindle;T82;8.221,20;Var;1;1276;https://www.cncdunyasi.com/urun/arel-spindle-motor-0-75-kw-24000-devir-er16-arfm-1y-m4
Spindle Motorlar;Spindle Motorlar > Spindle Motorlar;0.9 Kw 12.000 Devir Spindle Motoru (ER20);Arel Spindle;T90;8.619,00;Var;1;1079;https://www.cncdunyasi.com/urun/arel-spindle-motor-0-9-kw-12000-devir-er20-arfm-2y-m2
Spindle Motorlar;Spindle Motorlar > Spindle Motorlar;1.3 Kw 12.000 Devir Spindle Motoru (ER20);Arel Spindle;T93;10.926,24;Var;1;1079;https://www.cncdunyasi.com/urun/arel-spindle-motor-1-3-kw-12000-devir-er20-arfm-2y-l2
Spindle Motorlar;Spindle Motorlar > Spindle Motorlar;1.4 Kw 18.000 Devir Spindle Motoru (ER20);Arel Spindle;T91;9.228,96;Var;3;1275;https://www.cncdunyasi.com/urun/arel-spindle-motor-1-4-kw-18000-devir-er20-arfm-2y-m3
Spindle Motorlar;Spindle Motorlar > Spindle Motorlar;1.5 Kw 12.000 Devir Spindle Motoru (ER20);Arel Spindle;T96;14.320,80;Var;1;1079;https://www.cncdunyasi.com/urun/arel-spindle-motor-1-5-kw-12000-devir-er20-arfm-3y-s2
Spindle Motorlar;Spindle Motorlar > Spindle Motorlar;1.5 Kw 12.000 Devir Spindle Motoru (ER20);Arel Spindle;T154;15.514,20;Var;1;1079;https://www.cncdunyasi.com/urun/arel-spindle-motor-1-5-kw-12000-devir-er20-arfm-3k-s2
Spindle Motorlar;Spindle Motorlar > Spindle Motorlar;12.5 Kw 12.000 Devir Spindle Motoru (ER32);Arel Spindle;T336;42.432,00;Var;1;1560;https://www.cncdunyasi.com/urun/arel-spindle-motor-12-5-kw-12000-devir-er32-arfm-6y-l2
Spindle Motorlar;Spindle Motorlar > Spindle Motorlar;2 Kw 18.000 Devir Spindle Motoru (ER20);Arel Spindle;T94;11.615,76;Var;1;1077;https://www.cncdunyasi.com/urun/arel-spindle-motor-2-kw-18000-devir-er20-arfm-2y-l3
Spindle Motorlar;Spindle Motorlar > Spindle Motorlar;2.2 Kw 12.000 Devir Spindle Motoru (ER20);Arel Spindle;T150;15.447,90;Var;1;1079;https://www.cncdunyasi.com/urun/arel-spindle-motor-2-2-kw-12000-devir-er20-arfm-3y-m2
Spindle Motorlar;Spindle Motorlar > Spindle Motorlar;2.2 Kw 12.000 Devir Spindle Motoru (ER20);Arel Spindle;T156;16.442,40;Var;1;1079;https://www.cncdunyasi.com/urun/arel-spindle-motor-2-2-kw-12000-devir-er20-arfm-3k-s3
Spindle Motorlar;Spindle Motorlar > Spindle Motorlar;2.2 Kw 12.000 Devir Spindle Motoru (ER25);Arel Spindle;T327;16.442,40;Var;1;1079;https://www.cncdunyasi.com/urun/arel-spindle-motor-2-2-kw-12000-devir-er-25-arfm-3k-m2
Spindle Motorlar;Spindle Motorlar > Spindle Motorlar;2.2 Kw 18.000 Devir Spindle Motoru (ER20);Arel Spindle;T149;14.586,00;Var;3;1275;https://www.cncdunyasi.com/urun/arel-spindle-motor-2-2-kw-18000-devir-er20-arfm-3y-s3
Spindle Motorlar;Spindle Motorlar > Spindle Motorlar;2.2 Kw 18.000 Devir Spindle Motoru (ER20);Arel Spindle;T155;15.858,96;Var;1;1079;https://www.cncdunyasi.com/urun/arel-spindle-motor-2-2-kw-18000-devir-er20-arfm-3k-s3
Spindle Motorlar;Spindle Motorlar > Spindle Motorlar;2.2 Kw 18.000 Devir Spindle Motoru (ER25);Arel Spindle;T247;15.050,10;Var;3;1275;https://www.cncdunyasi.com/urun/arel-spindle-motor-2-2-kw-18000-devir-er25-arfm-3y-s3
Spindle Motorlar;Spindle Motorlar > Spindle Motorlar;2.2 Kw 18.000 Devir Spindle Motoru (ER25);Arel Spindle;T250;16.243,50;Var;1;1079;https://www.cncdunyasi.com/urun/arel-spindle-motor-2-2-kw-18000-devir-er-25-arfm-3k-s3
Spindle Motorlar;Spindle Motorlar > Spindle Motorlar;2.2 Kw 3.000 Devir Spindle Motoru (ER32);Arel Spindle;T329;22.860,24;Var;3;1078;https://www.cncdunyasi.com/urun/arel-spindle-motor-2-2-kw-3000-devir-er32-arfm-4k-l4
Spindle Motorlar;Spindle Motorlar > Spindle Motorlar;3 Kw 12.000 Devir Spindle Motoru (ER20);Arel Spindle;T152;16.773,90;Var;1;1077;https://www.cncdunyasi.com/urun/arel-spindle-motor-3-kw-12000-devir-er20-arfm-3y-l2
Spindle Motorlar;Spindle Motorlar > Spindle Motorlar;3 Kw 12.000 Devir Spindle Motoru (ER25);Arel Spindle;T328;16.972,80;Var;1;1077;https://www.cncdunyasi.com/urun/arel-spindle-motor-3-kw-12000-devir-er25-arfm-3y-l2
Spindle Motorlar;Spindle Motorlar > Spindle Motorlar;3 Kw 12.000 Devir Spindle Motoru (ER32);Arel Spindle;T158;19.028,10;Var;1;1077;https://www.cncdunyasi.com/urun/arel-spindle-motor-3-kw-12000-devir-er32-arfm-4k-s2
Spindle Motorlar;Spindle Motorlar > Spindle Motorlar;3 Kw 12.000 Devir Spindle Motoru (ER40);Arel Spindle;T251;21.348,60;Var;1;1077;https://www.cncdunyasi.com/urun/arel-spindle-motor-3-kw-12000-devir-er40-arfm-4k-s2
Spindle Motorlar;Spindle Motorlar > Spindle Motorlar;3 Kw 18.000 Devir Spindle Motoru (ER20);Arel Spindle;T151;16.110,90;Var;1;1077;https://www.cncdunyasi.com/urun/arel-spindle-motor-3-kw-18000-devir-er20-arfm-3y-m3
Spindle Motorlar;Spindle Motorlar > Spindle Motorlar;3 Kw 18.000 Devir Spindle Motoru (ER20);Arel Spindle;T157;17.238,00;Var;1;1077;https://www.cncdunyasi.com/urun/arel-spindle-motor-3-kw-18000-devir-er20-arfm-3k-m3
Spindle Motorlar;Spindle Motorlar > Spindle Motorlar;3 Kw 18.000 Devir Spindle Motoru (ER25);Arel Spindle;T248;16.641,30;Var;1;1077;https://www.cncdunyasi.com/urun/arel-spindle-motor-3-kw-18000-devir-er-25-arfm-3y-m3
Spindle Motorlar;Spindle Motorlar > Spindle Motorlar;3 Kw 18.000 Devir Spindle Motoru (ER25);Arel Spindle;T252;17.238,00;Var;1;1077;https://www.cncdunyasi.com/urun/arel-spindle-motor-3-kw-18000-devir-er25-arfm-3k-m3
Spindle Motorlar;Spindle Motorlar > Spindle Motorlar;3 Kw 6.000 Devir Spindle Motoru (ER32);Arel Spindle;T333;21.056,88;Var;1;1076;https://www.cncdunyasi.com/urun/arel-spindle-motor-3-kw-6000-devir-er32-arfm-3k-m1
Spindle Motorlar;Spindle Motorlar > Spindle Motorlar;4 Kw 12.000 Devir Spindle Motoru (ER32);Arel Spindle;T245;21.083,40;Var;1;1077;https://www.cncdunyasi.com/urun/arel-spindle-motor-4-kw-12000-devir-er32-arfm-4k-m2
Spindle Motorlar;Spindle Motorlar > Spindle Motorlar;4 Kw 18.000 Devir Spindle Motoru (ER20);Arel Spindle;T153;17.238,00;Var;1;1077;https://www.cncdunyasi.com/urun/arel-spindle-motor-4-kw-18000-devir-er20-arfm-3y-l3
Spindle Motorlar;Spindle Motorlar > Spindle Motorlar;4 Kw 18.000 Devir Spindle Motoru (ER20);Arel Spindle;T159;18.431,40;Var;1;1077;https://www.cncdunyasi.com/urun/arel-spindle-motor-4-kw-18000-devir-er20-arfm-3k-l3
Spindle Motorlar;Spindle Motorlar > Spindle Motorlar;4 Kw 18.000 Devir Spindle Motoru (ER25);Arel Spindle;T249;17.901,00;Var;1;1077;https://www.cncdunyasi.com/urun/arel-spindle-motor-4-kw-18000-devir-er-25-arfm-3y-l3
Spindle Motorlar;Spindle Motorlar > Spindle Motorlar;4 Kw 18.000 Devir Spindle Motoru (ER25);Arel Spindle;T253;18.961,80;Var;1;1077;https://www.cncdunyasi.com/urun/arel-spindle-motor-4-kw-18000-devir-er25-arfm-3k-l3
Spindle Motorlar;Spindle Motorlar > Spindle Motorlar;4 Kw 6.000 Devir Spindle Motoru (ER32);Arel Spindle;T172;34.476,00;Var;1;1076;https://www.cncdunyasi.com/urun/arel-spindle-motor-4-kw-6000-devir-er32-arfm-5y-m1
Spindle Motorlar;Spindle Motorlar > Spindle Motorlar;5.5 Kw 12.000 Devir Spindle Motoru (ER32);Arel Spindle;T246;22.542,00;Var;3;1079;https://www.cncdunyasi.com/urun/arel-spindle-motor-5-5-kw-12000-devir-er32-arfm-4k-l2
Spindle Motorlar;Spindle Motorlar > Spindle Motorlar;6 Kw 12.000 Devir Spindle Motoru (ER32);Arel Spindle;T330;34.476,00;Var;1;1077;https://www.cncdunyasi.com/urun/arel-spindle-motor-6-kw-12000-devir-er32-arfm-5y-m2
Spindle Motorlar;Spindle Motorlar > Spindle Motorlar;6 Kw 3.000 Devir Spindle Motoru (ER32);Arel Spindle;T332;40.416,48;Var;1;1076;https://www.cncdunyasi.com/urun/arel-spindle-motor-6-kw-3000-devir-er32-arfm-6y-l4
Spindle Motorlar;Spindle Motorlar > Spindle Motorlar;6 Kw 6.000 Devir Spindle Motoru (ER32);Arel Spindle;T331;40.416,48;Var;1;1076;https://www.cncdunyasi.com/urun/arel-spindle-motor-6-kw-6000-devir-er32-arfm-5y-l1
Spindle Motorlar;Spindle Motorlar > Spindle Motorlar;9 Kw 12.000 Devir Spindle Motoru (ER32);Arel Spindle;T335;40.416,48;Var;1;1077;https://www.cncdunyasi.com/urun/arel-spindle-motor-9-kw-12000-devir-er32-arfm-5y-l2
Spindle Motorlar;Spindle Motorlar > Spindle Motorlar;9 Kw 6.000 Devir Spindle Motoru (ER32);Arel Spindle;T334;42.432,00;Var;1;1076;https://www.cncdunyasi.com/urun/arel-spindle-motor-9-kw-6000-devir-er32-arfm-6y-l1
Spindle Motorlar;Spindle Motorlar > Takım Değiştirmeli Spindle Motorlar > ARES Serisi;4 Kw Ares 18.000 Devir Takım Değiştirmeli Spindle Motoru (SK-30);Arel Spindle;T320;127.826,40;Var;1;906;https://www.cncdunyasi.com/urun/arel-ares-131-takim-degistirmeli-spindle-motoru-4-kw-18000-devir-sk-30-atc
Spindle Motorlar;Spindle Motorlar > Takım Değiştirmeli Spindle Motorlar > ARES Serisi;5.5 Kw Ares 12.000 Devir Takım Değiştirmeli Spindle Motoru (SK-30);Arel Spindle;T321;130.902,72;Var;1;908;https://www.cncdunyasi.com/urun/arel-ares-321-takim-degistirmeli-spindle-motoru-5-5-kw-12000-devir-sk-30-atc
Spindle Motorlar;Spindle Motorlar > Takım Değiştirmeli Spindle Motorlar > ARES Serisi;5.5 Kw Ares 24.000 Devir Takım Değiştirmeli Spindle Motoru (SK-30);Arel Spindle;T323;128.250,72;Var;1;908;https://www.cncdunyasi.com/urun/arel-ares-141-takim-degistirmeli-spindle-motoru-5-5-kw-24000-devir-sk-30-atc
Spindle Motorlar;Spindle Motorlar > Takım Değiştirmeli Spindle Motorlar > ARES Serisi;7.5 Kw Ares 18.000 Devir Takım Değiştirmeli Spindle Motoru (SK-30);Arel Spindle;T322;130.902,72;Var;1;908;https://www.cncdunyasi.com/urun/arel-ares-331-takim-degistirmeli-spindle-motoru-7-5-kw-18000-devir-sk-30-atc
Spindle Motorlar;Spindle Motorlar > Takım Değiştirmeli Spindle Motorlar > ARES Serisi;9 Kw Ares 24.000 Devir Takım Değiştirmeli Spindle Motoru (SK-30);Arel Spindle;T324;131.274,00;Var;1;906;https://www.cncdunyasi.com/urun/arel-ares-341-takim-degistirmeli-spindle-motoru-9-kw-18000-devir-sk-30-atc
Spindle Motorlar;Spindle Motorlar > Takım Değiştirmeli Spindle Motorlar > ARFM Serisi;12.5 Kw 12.000 Devir Takım Değiştirmeli Spindle Motoru (BT-40);Arel Spindle;T319;127.614,24;Var;1;909;https://www.cncdunyasi.com/urun/arel-takim-degistirmeli-spindle-motoru-12-5-kw-12000-devir-bt-40-atc
Spindle Motorlar;Spindle Motorlar > Takım Değiştirmeli Spindle Motorlar > ARFM Serisi;12.5 Kw 12.000 Devir Takım Değiştirmeli Spindle Motoru (SK-30);Arel Spindle;T318;114.301,20;Var;1;909;https://www.cncdunyasi.com/urun/arel-takim-degistirmeli-spindle-motoru-12-5-kw-12000-devir-sk-30-atc
Spindle Motorlar;Spindle Motorlar > Takım Değiştirmeli Spindle Motorlar > ARFM Serisi;3 Kw 12.000 Devir Takım Değiştirmeli Spindle Motoru;Arel Spindle;T160;99.078,72;Var;1;898;https://www.cncdunyasi.com/urun/arel-takim-degistirmeli-spindle-motoru-3-kw-12000-devir-sk-30-atc
Spindle Motorlar;Spindle Motorlar > Takım Değiştirmeli Spindle Motorlar > ARFM Serisi;4 Kw 12.000 Devir Takım Değiştirmeli Spindle Motoru;Arel Spindle;T310;102.102,00;Var;1;898;https://www.cncdunyasi.com/urun/arel-takim-degistirmeli-spindle-motoru-4-kw-12000-devir-sk-30-atc
Spindle Motorlar;Spindle Motorlar > Takım Değiştirmeli Spindle Motorlar > ARFM Serisi;4 Kw 18.000 Devir Takım Değiştirmeli Spindle Motoru;Arel Spindle;T161;99.078,72;Var;1;898;https://www.cncdunyasi.com/urun/arel-takim-degistirmeli-spindle-motoru-4-kw-18000-devir-sk-30-atc
Spindle Motorlar;Spindle Motorlar > Takım Değiştirmeli Spindle Motorlar > ARFM Serisi;5.5 Kw 12.000 Devir Takım Değiştirmeli Spindle Motoru;Arel Spindle;T312;103.693,20;Var;1;900;https://www.cncdunyasi.com/urun/arel-takim-degistirmeli-spindle-motoru-5-5-kw-12000-devir-sk-30-atc
Spindle Motorlar;Spindle Motorlar > Takım Değiştirmeli Spindle Motorlar > ARFM Serisi;5.5 Kw 18.000 Devir Takım Değiştirmeli Spindle Motoru;Arel Spindle;T311;102.102,00;Var;1;900;https://www.cncdunyasi.com/urun/arel-takim-degistirmeli-spindle-motoru-5-5-kw-18000-devir-sk-30-atc
Spindle Motorlar;Spindle Motorlar > Takım Değiştirmeli Spindle Motorlar > ARFM Serisi;6 Kw 6.000 Devir Takım Değiştirmeli Spindle Motoru;Arel Spindle;T314;106.080,00;Var;1;897;https://www.cncdunyasi.com/urun/arel-takim-degistirmeli-spindle-motoru-6-kw-6000-devir-sk-30-atc
Spindle Motorlar;Spindle Motorlar > Takım Değiştirmeli Spindle Motorlar > ARFM Serisi;7.5 Kw 18.000 Devir Takım Değiştirmeli Spindle Motoru;Arel Spindle;T313;103.693,20;Var;1;900;https://www.cncdunyasi.com/urun/arel-takim-degistirmeli-spindle-motoru-7-5-kw-18000-devir-sk-30-atc
Spindle Motorlar;Spindle Motorlar > Takım Değiştirmeli Spindle Motorlar > ARFM Serisi;9 Kw 12.000 Devir Takım Değiştirmeli Spindle Motoru;Arel Spindle;T315;106.080,00;Var;1;898;https://www.cncdunyasi.com/urun/arel-takim-degistirmeli-spindle-motoru-9-kw-12000-devir-sk-30-atc
Spindle Motorlar;Spindle Motorlar > Takım Değiştirmeli Spindle Motorlar > ARFM Serisi;9 Kw 6.000 Devir Takım Değiştirmeli Spindle Motoru (BT-40);Arel Spindle;T317;127.561,20;Var;1;905;https://www.cncdunyasi.com/urun/arel-takim-degistirmeli-spindle-motoru-9-kw-6000-devir-bt-40-atc
Spindle Motorlar;Spindle Motorlar > Takım Değiştirmeli Spindle Motorlar > ARFM Serisi;9 Kw 6.000 Devir Takım Değiştirmeli Spindle Motoru (SK-30);Arel Spindle;T316;114.301,20;Var;1;905;https://www.cncdunyasi.com/urun/arel-takim-degistirmeli-spindle-motoru-9-kw-6000-devir-sk-30-atc
Step Motor ve Sürücüler;Step Motor ve Sürücüler > Enkoderli Step Motor ve Sürücüler;12 Nm Enkoderli Step Motor;Jkon-tek;T185;5.586,75;Var;2;1397;https://www.cncdunyasi.com/urun/12-nm-enkoderli-step-motor-ec86120
Step Motor ve Sürücüler;Step Motor ve Sürücüler > Enkoderli Step Motor ve Sürücüler;2.3 Nm Enkoderli Step Motor;Jkon-tek;T182;2.420,92;Var;3;1395;https://www.cncdunyasi.com/urun/2-3-nm-enkoderli-step-motor-ec5723
Step Motor ve Sürücüler;Step Motor ve Sürücüler > Enkoderli Step Motor ve Sürücüler;3.5 Nm Enkoderli Step Motor;Jkon-tek;T187;2.793,38;Var;2;1395;https://www.cncdunyasi.com/urun/3-5-nm-enkoderli-step-motor-ec6035
Step Motor ve Sürücüler;Step Motor ve Sürücüler > Enkoderli Step Motor ve Sürücüler;4.5 Nm Enkoderli Step Motor;Jkon-tek;T181;3.165,83;Var;3;1395;https://www.cncdunyasi.com/urun/4-5-nm-enkoderli-step-motor-ec8645
Step Motor ve Sürücüler;Step Motor ve Sürücüler > Enkoderli Step Motor ve Sürücüler;8.5 Nm Enkoderli Step Motor;Jkon-tek;T184;4.096,95;Var;3;1396;https://www.cncdunyasi.com/urun/8-5-nm-enkoderli-step-motor-ec8685
Step Motor ve Sürücüler;Step Motor ve Sürücüler > Enkoderli Step Motor ve Sürücüler;EC808AH Kapalı Çevrim Step Motor Sürücü;Jkon-tek;T180;5.586,75;Var;6;1841;https://www.cncdunyasi.com/urun/ec808ah-kapali-cevrim-step-motor-surucu
Step Motor ve Sürücüler;Step Motor ve Sürücüler > Enkoderli Step Motor ve Sürücüler;EC808D Kapalı Çevrim Step Motor Sürücü;Jkon-tek;T186;4.096,95;Var;3;1145;https://www.cncdunyasi.com/urun/ec808d-kapali-cevrim-step-motor-surucu
Step Motor ve Sürücüler;Step Motor ve Sürücüler > Enkoderli Step Motor ve Sürücüler;ES6A Alarm Çıkışlı Step Motor Sürücü;Jkon-tek;T337;2.048,48;Var;6;1703;https://www.cncdunyasi.com/urun/es6a-alarm-cikisli-step-motor-surucu
Step Motor ve Sürücüler;Step Motor ve Sürücüler > Enkoderli Step Motor ve Sürücüler;ES8A Alarm Çıkışlı Step Motor Sürücü;Jkon-tek;T338;3.128,58;Var;5;1708;https://www.cncdunyasi.com/urun/es8a-alarm-cikisli-step-motor-surucu
Step Motor ve Sürücüler;Step Motor ve Sürücüler > Frenli Step Motor;12 Nm Frenli Step Motor;JSS;T97;5.220,00;Var;1;1295;https://www.cncdunyasi.com/urun/jss-12-nm-frenli-step-motor
Step Motor ve Sürücüler;Step Motor ve Sürücüler > Frenli Step Motor;12 Nm Frenli Step Motor Jkontek;Jkon-tek;T681;6.517,88;Var;1;1230;https://www.cncdunyasi.com/urun/jkontek-12-nm-frenli-step-motor
Step Motor ve Sürücüler;Step Motor ve Sürücüler > Frenli Step Motor;4,5 Nm Frenli Step Motor Jkontek;Jkon-tek;T683;4.655,63;Var;1;1231;https://www.cncdunyasi.com/urun/jkontek-4-5-nm-frenli-step-motor
Step Motor ve Sürücüler;Step Motor ve Sürücüler > Frenli Step Motor;4.5 Nm Frenli Step Motor;JSS;T99;4.440,00;Var;1;1296;https://www.cncdunyasi.com/urun/jss-4-5-nm-frenli-step-motor
Step Motor ve Sürücüler;Step Motor ve Sürücüler > Frenli Step Motor;8,5 Nm Frenli Step Motor Jkontek;Jkon-tek;T684;5.586,75;Var;1;1231;https://www.cncdunyasi.com/urun/jkontek-8-5-nm-frenli-step-motor
Step Motor ve Sürücüler;Step Motor ve Sürücüler > Frenli Step Motor;8.5 Nm Frenli Step Motor;JSS;T98;5.760,00;Var;1;1296;https://www.cncdunyasi.com/urun/jss-8-5-nm-frenli-step-motor
Step Motor ve Sürücüler;Step Motor ve Sürücüler > Step Motor Bağlantı Setleri;HM12-57 Nema 23 Step Motor Bağlantı Seti BK12;HM;T689;1.620,00;Var;2;2159;https://www.cncdunyasi.com/urun/hm12-57-nema-23-step-motor-baglanti-seti-bk12
Step Motor ve Sürücüler;Step Motor ve Sürücüler > Step Motor Bağlantı Setleri;HM12-60 400 Watt Servo Motor Bağlantı Seti BK12;HM;T690;1.680,00;Yok;2;2372;https://www.cncdunyasi.com/urun/hm12-60-400-watt-servo-motor-baglanti-seti-bk12
Step Motor ve Sürücüler;Step Motor ve Sürücüler > Step Motor Bağlantı Setleri;HM15-80 750 Watt - 1Kw Servo Motor Bağlantı Seti BK15;HM;T691;1.860,00;Yok;2;2311;https://www.cncdunyasi.com/urun/hm15-80-750-watt-1-kw-servo-motor-baglanti-seti-bk15
Step Motor ve Sürücüler;Step Motor ve Sürücüler > Step Motor Bağlantı Setleri;HM15-86 Nema 34 Step Motor Bağlantı Seti BK15;HM;T688;1.920,00;Var;2;2512;https://www.cncdunyasi.com/urun/hm15-86-nema-34-step-motor-baglanti-seti-bk15
Step Motor ve Sürücüler;Step Motor ve Sürücüler > Step Motor Sürücüleri;CWD556 Step Motor Sürücü;CNCDunyasi;T385;3.060,00;Yok;2;2202;https://www.cncdunyasi.com/urun/cwd556-step-motor-surucu
Step Motor ve Sürücüler;Step Motor ve Sürücüler > Step Motor Sürücüleri;CWD860H Step Motor Sürücü;CNCDunyasi;T363;3.300,00;Var;2;1414;https://www.cncdunyasi.com/urun/cwd860h-step-motor-surucu
Step Motor ve Sürücüler;Step Motor ve Sürücüler > Step Motor Sürücüleri;DM542 Step Motor Sürücü;CNCDunyasi;T18;870,00;Var;1;1847;https://www.cncdunyasi.com/urun/dm542-step-motor-surucu
Step Motor ve Sürücüler;Step Motor ve Sürücüler > Step Motor Sürücüleri;DM556 Step Motor Sürücü;CNCDunyasi;T17;960,00;Var;3;1679;https://www.cncdunyasi.com/urun/dm556-step-motor-surucu
Step Motor ve Sürücüler;Step Motor ve Sürücüler > Step Motor Sürücüleri;DM860H Step Motor Sürücü;CNCDunyasi;T19;2.160,00;Var;3;1611;https://www.cncdunyasi.com/urun/dm860h-step-motor-surucu
Step Motor ve Sürücüler;Step Motor ve Sürücüler > Step Motor Sürücüleri;EO556 Step Motor Sürücü;Jkon-tek;T148;2.048,48;Var;2;968;https://www.cncdunyasi.com/urun/jkontek-eo556-step-motor-surucu
Step Motor ve Sürücüler;Step Motor ve Sürücüler > Step Motor Sürücüleri;EO860AH Step Motor Sürücü;Jkon-tek;T339;2.979,60;Var;3;1967;https://www.cncdunyasi.com/urun/eo860ah-step-motor-surucu
Step Motor ve Sürücüler;Step Motor ve Sürücüler > Step Motor Sürücüleri;TB6600 4A Step Motor Sürücü;(yok);T175;432,00;Var;1;741;https://www.cncdunyasi.com/urun/tb6600-step-motor-surucu
Step Motor ve Sürücüler;Step Motor ve Sürücüler > Step Motorlar;0.4 Nm Nema17 Step Motor;Jkon-tek;T89;819,39;Var;3;1311;https://www.cncdunyasi.com/urun/jkontek-0-4-nm-nema-17-step-motor-eo42-04
Step Motor ve Sürücüler;Step Motor ve Sürücüler > Step Motorlar;1.3 Nm Nema23 Step Motor;Jkon-tek;T128;1.117,35;Var;3;1468;https://www.cncdunyasi.com/urun/jkontek-1-3-nm-nema-23-step-motor-eo57-13
Step Motor ve Sürücüler;Step Motor ve Sürücüler > Step Motorlar;12 Nm Nema34 Step Motor;Jkon-tek;T146;4.283,18;Var;4;1650;https://www.cncdunyasi.com/urun/jkontek-12-nm-nema-34-step-motor-eo86-120
Step Motor ve Sürücüler;Step Motor ve Sürücüler > Step Motorlar;17HS4401 Nema 17 Step Motor;(yok);T178;324,00;Yok;1;789;https://www.cncdunyasi.com/urun/17hs4401-nema17-step-motor
Step Motor ve Sürücüler;Step Motor ve Sürücüler > Step Motorlar;17HS4401S Nema 17 Step Motor;(yok);T179;324,00;Yok;2;791;https://www.cncdunyasi.com/urun/17hs4401s-nema17-step-motor
Step Motor ve Sürücüler;Step Motor ve Sürücüler > Step Motorlar;17HS8401 Nema 17 Step Motor;CNCDunyasi;T20;630,00;Var;2;2160;https://www.cncdunyasi.com/urun/17hs8401-nema-17-step-motor
Step Motor ve Sürücüler;Step Motor ve Sürücüler > Step Motorlar;17HS8401S Nema 17 Step Motor;CNCDunyasi;T176;588,00;Yok;2;691;https://www.cncdunyasi.com/urun/17hs8401s-nema-17-step-motor
Step Motor ve Sürücüler;Step Motor ve Sürücüler > Step Motorlar;2.3 Nm Nema23 Step Motor;Jkon-tek;T129;1.303,58;Var;4;2176;https://www.cncdunyasi.com/urun/jkontek-2-3-nm-nema-23-step-motor-eo57-23
Step Motor ve Sürücüler;Step Motor ve Sürücüler > Step Motorlar;28BYJ-48 Step Motor ve Uln2003 Sürücü;(yok);T177;120,00;Var;1;652;https://www.cncdunyasi.com/urun/28byj-48-step-motor-ve-uln2003-surucu
Step Motor ve Sürücüler;Step Motor ve Sürücüler > Step Motorlar;4.5 Nm Nema34 Step Motor;Jkon-tek;T130;2.197,46;Var;4;2258;https://www.cncdunyasi.com/urun/jkontek-4-5-nm-nema-34-step-motor-eo86-45
Step Motor ve Sürücüler;Step Motor ve Sürücüler > Step Motorlar;8.5 Nm Nema34 Step Motor;Jkon-tek;T131;3.165,83;Var;4;1580;https://www.cncdunyasi.com/urun/jkontek-8-5-nm-nema-34-step-motor-eo86-85
