AOM kategori;Marka;Orijinal kod (MPN);Diğer kodlar;AOM ürün adı;Seri;Teknik bilgiler (şablon);Ek bilgiler;Eski ad (cncdunyasi);Eski site markası;Görsel;Üretici sayfası;Güven;Kayıttaki hata;Not;Kaynak adres
CNC kontrol kartları ve panelleri;AKZ250;AKZ250-USB3-NPN(B);;AKZ250 USB3-NPN(B) Mach3 USB kontrol kartı, 3 eksen, NPN girişli;;"Ürün tipi: USB hareket kontrol kartı; Eksen sayısı: 3 (slave eksen destekli); Arayüz: USB; Desteklenen yazılım: Mach3 (Windows 10 32/64 bit dahil); Girişler: 16 (NPN) + 2 analog giriş; Çıkışlar: 8 + PWM spindle çıkışı; Maksimum pals frekansı: 500 kHz";;3 Eksen AKZ 250-USB3-NPN Mach3 Kontrol Kartı;AKZ250;Yok;;Orta;"Site markası alanında 'AKZ250', model alanında '3 Eksen USB Mach3' yazıyor; tam kod (AKZ250-USB3-NPN(B)) yalnız açıklamada.";"AKZ250 Çin menşeli marka; resmi üretici sitesi bulunamadı, kod bayilerden tutarlı [TEYİT].";https://www.cncdunyasi.com/urun/mach3-akz250-usb3-npn-3-eksen
CNC kontrol kartları ve panelleri;Raspberry Pi;SC0193;;Raspberry Pi 4 Model B, 2 GB RAM;Raspberry Pi 4 Model B;"Seri: Raspberry Pi 4 Model B; Ürün tipi: Tek kartlı bilgisayar; Arayüz: Gigabit Ethernet, 2× USB 3.0, 2× USB 2.0, Wi-Fi 802.11ac, Bluetooth 5.0; Besleme: 5 V DC, min. 3 A (USB-C veya GPIO); Ekran: 2× micro-HDMI (4Kp60'a kadar)";"İşlemci: Broadcom BCM2711, 4 çekirdek Cortex-A72 (64 bit); Bellek: 2 GB LPDDR4-3200; GPIO: 40 pin standart başlık; Çalışma sıcaklığı: 0–50 °C";Raspberry Pi 4 Model B - 2GB;Raspberry;Üretici görseli;https://www.raspberrypi.com/products/raspberry-pi-4-model-b/;Yüksek;"Site model alanında yalnız 'Pi'; açıklama ürünü 'serinin son ürünü' olarak tanıtıyor (güncel değil).";"Üretici parça kodu SC0193; özellikler raspberrypi.com teknik sayfasından doğrulandı.";https://www.cncdunyasi.com/urun/raspberry-pi-4-model-b-2gb
CNC kontrol kartları ve panelleri;Raspberry Pi;SC0194;;Raspberry Pi 4 Model B, 4 GB RAM;Raspberry Pi 4 Model B;"Seri: Raspberry Pi 4 Model B; Ürün tipi: Tek kartlı bilgisayar; Arayüz: Gigabit Ethernet, 2× USB 3.0, 2× USB 2.0, Wi-Fi 802.11ac, Bluetooth 5.0; Besleme: 5 V DC, min. 3 A (USB-C veya GPIO); Ekran: 2× micro-HDMI (4Kp60'a kadar)";"İşlemci: Broadcom BCM2711, 4 çekirdek Cortex-A72 (64 bit); Bellek: 4 GB LPDDR4-3200; GPIO: 40 pin standart başlık; Çalışma sıcaklığı: 0–50 °C";Raspberry Pi 4 Model B - 4GB;Raspberry;Üretici görseli;https://www.raspberrypi.com/products/raspberry-pi-4-model-b/;Yüksek;"Site model alanında yalnız 'Pi'; açıklama ürünü 'serinin son ürünü' olarak tanıtıyor (güncel değil).";"Üretici parça kodu SC0194; özellikler raspberrypi.com teknik sayfasından doğrulandı.";https://www.cncdunyasi.com/urun/raspberry-pi-4-model-b-4gb
CNC kontrol kartları ve panelleri;Raspberry Pi;SC0195;;Raspberry Pi 4 Model B, 8 GB RAM;Raspberry Pi 4 Model B;"Seri: Raspberry Pi 4 Model B; Ürün tipi: Tek kartlı bilgisayar; Arayüz: Gigabit Ethernet, 2× USB 3.0, 2× USB 2.0, Wi-Fi 802.11ac, Bluetooth 5.0; Besleme: 5 V DC, min. 3 A (USB-C veya GPIO); Ekran: 2× micro-HDMI (4Kp60'a kadar)";"İşlemci: Broadcom BCM2711, 4 çekirdek Cortex-A72 (64 bit); Bellek: 8 GB LPDDR4-3200; GPIO: 40 pin standart başlık; Çalışma sıcaklığı: 0–50 °C";Raspberry Pi 4 Model B - 8GB;Raspberry;Üretici görseli;https://www.raspberrypi.com/products/raspberry-pi-4-model-b/;Yüksek;"Site model alanında yalnız 'Pi'; açıklama ürünü 'serinin son ürünü' olarak tanıtıyor (güncel değil).";"Üretici parça kodu SC0195; özellikler raspberrypi.com teknik sayfasından doğrulandı.";https://www.cncdunyasi.com/urun/raspberry-pi-4-model-b-8gb
CNC kontrol kartları ve panelleri;RichAuto;A11;A11E, A11S;RichAuto DSP A11 CNC kontrol sistemi, 3 eksen;RichAuto DSP;"Seri: RichAuto DSP; Ürün tipi: El tipi bilgisayarsız DSP CNC kontrolcü; Eksen sayısı: 3 (X, Y, Z); Arayüz: USB bellek (G-kod); Girişler: 3 home (referans) girişi";Özellik: Yazılım limit, enerji kesintisinde kaldığı yerden devam;RichAuto Dsp Cnc Kontrol Paneli A11;DSP;Yok;;Orta;"Site markası 'DSP' yazılmış; üretici RichAuto (Beijing RichAuto). A11'in A11E/A11S alt sürümleri var, hangisi olduğu belirtilmemiş.";Alt sürüm (A11E / A11S) ve paket içeriği (kablo, IO kartı) teyit edilmeli [TEYİT].;https://www.cncdunyasi.com/urun/richauto-dsp-cnc-kontrol-paneli-a11
CNC kontrol kartları ve panelleri;Shaoge;M002-16A-16B;;Shaoge M002-16A-16B offline CNC kontrol ünitesi, 4 eksen, el çarklı;Shaoge M002;"Seri: Shaoge M002; Ürün tipi: Bilgisayarsız (offline) CNC kontrol ünitesi + el çarkı (MPG); Eksen sayısı: 4 (X, Y, Z, A); Girişler: 16 optik izoleli; Çıkışlar: 15+1 optik izoleli (200 mA) + 1 adet 0–10 V analog; Maksimum pals frekansı: 50 kHz; Ekran: LCD, 480 × 320; Ölçüler: 235 × 140 × 43 mm (panel kesiti 219 × 112 mm); Ağırlık: 1,5 kg";"Depolama: USB ve TF kart; Özellik: Enerji kesintisinde kaldığı yerden devam";M002-16A-16B 4 Eksen Kontrol Ünitesi (El Çarklı);SMC;Üretici görseli;https://www.shaogecnc.com/product/m002-16a-16b/;Yüksek;"Açıklamadaki 7"" TFT ekran, 500 kHz, 8 GB TF kart ve 297×284×176 mm değerleri SMC5-5-N-N'ye aittir; üreticiye göre M002-16A-16B: 480×320 LCD, 50 kHz, 235×140×43 mm. Site markası 'SMC' üretici değil.";Shaoge CNC ürün sayfasından doğrulandı. El çarklı varyantta MPG setle birlikte veriliyor (site).;https://www.cncdunyasi.com/urun/m002-16a-16b-4-eksen-kontrol-unitesi-el-carkli
CNC kontrol kartları ve panelleri;Shaoge;M002-16A-16B;;Shaoge M002-16A-16B offline CNC kontrol ünitesi, 4 eksen;Shaoge M002;"Seri: Shaoge M002; Ürün tipi: Bilgisayarsız (offline) CNC kontrol ünitesi; Eksen sayısı: 4 (X, Y, Z, A); Girişler: 16 optik izoleli; Çıkışlar: 15+1 optik izoleli (200 mA) + 1 adet 0–10 V analog; Maksimum pals frekansı: 50 kHz; Ekran: LCD, 480 × 320; Ölçüler: 235 × 140 × 43 mm (panel kesiti 219 × 112 mm); Ağırlık: 1,5 kg";"Depolama: USB ve TF kart; Özellik: Enerji kesintisinde kaldığı yerden devam";M002-16A-16B 4 Eksen Kontrol Ünitesi;SMC;Üretici görseli;https://www.shaogecnc.com/product/m002-16a-16b/;Yüksek;"Açıklamadaki 7"" TFT ekran, 500 kHz, 8 GB TF kart ve 297×284×176 mm değerleri SMC5-5-N-N'ye aittir; üreticiye göre M002-16A-16B: 480×320 LCD, 50 kHz, 235×140×43 mm. Site markası 'SMC' üretici değil.";Shaoge CNC ürün sayfasından doğrulandı.;https://www.cncdunyasi.com/urun/m002-16a-16b-4-eksen-kontrol-unitesi
CNC kontrol kartları ve panelleri;Shaoge;SMC4-4-16A16B;;Shaoge SMC4-4-16A16B offline CNC kontrol ünitesi, 4 eksen;Shaoge SMC;"Seri: Shaoge SMC; Ürün tipi: Bilgisayarsız (offline) CNC kontrol ünitesi; Eksen sayısı: 4 (X, Y, Z, A); Besleme: 12–24 V DC (min. 1 A); Girişler: 16 optik izoleli (10 mA); Çıkışlar: 16 optik izoleli (500 mA); Maksimum pals frekansı: 50 kHz; Ekran: LCD, 320 × 240; Ölçüler: 165 × 101 × 50 mm; Ağırlık: 0,8 kg";"Depolama: TF kart (8 GB dahil); Not (üretici): Enerji kesintisinde koordinat koruma / kaldığı yerden devam yok";SMC 4-4-16A16B CNC Kontrol Paneli;SMC;Üretici görseli;https://www.shaogecnc.com/product/smc4-4-16a16b/;Yüksek;"Site markası 'SMC' üretici değil, Shaoge'nin seri adı (SMC Corporation ile karıştırılmamalı); model alanında yalnız 'SMC'.";Shaoge CNC ürün sayfasından doğrulandı.;https://www.cncdunyasi.com/urun/smc-4-4-16a16b-cnc-kontrol-paneli-smc-4-4-16a16b
CNC kontrol kartları ve panelleri;Shaoge;SMC5-5-N-N;;Shaoge SMC5-5-N-N offline CNC kontrol ünitesi, 5 eksen, RTCP;Shaoge SMC;"Seri: Shaoge SMC; Ürün tipi: Bilgisayarsız (offline) CNC kontrol ünitesi; Eksen sayısı: 5 (X, Y, Z, A, B); Besleme: 12–24 V DC; Girişler: 16 optik izoleli (10 mA); Çıkışlar: 8 optik izoleli (500 mA); Maksimum pals frekansı: 500 kHz; Ekran: 7"" LCD, 800 × 480; Ölçüler: 297 × 284 × 176 mm; Ağırlık: 2,5 kg";"İşlemci: 32 bit ARM + FPGA; Depolama: 8 GB dahili TF (32 GB'a kadar), USB; RTCP: Takım ucu takibi destekli; El çarkı: Hız/pozisyon modlu";5 Eksen CNC Kontrol Ünitesi SMC5;SMC;Üretici görseli;https://www.shaogecnc.com/product/smc5-5-n-n/;Yüksek;Site markası 'SMC' üretici değil (Shaoge seri adı).;Shaoge CNC ürün sayfasından doğrulandı.;https://www.cncdunyasi.com/urun/smc5-5-n-n-5-eksen-kontrol-unitesi
CNC kontrol kartları ve panelleri;XHC;MK3-IV;;XHC MK3-IV Mach3 USB hareket kontrol kartı, 3 eksen, 2 MHz;XHC MKX-IV;"Seri: XHC MKX-IV; Ürün tipi: USB hareket kontrol kartı (ARM + FPGA); Eksen sayısı: 3; Arayüz: USB 2.0 (sıcak takılabilir); Desteklenen yazılım: Mach3 (Windows; Mach4 desteklenmez); Girişler: 16 dijital (izoleli); Çıkışlar: 8 dijital (maks. 50 mA); Maksimum pals frekansı: 2000 kHz; Ölçüler: 184 × 110 × 30 mm; Ağırlık: 0,7 kg (üretici)";"Spindle kontrolü: 0–10 V analog ve 5 V PWM çıkışı; El çarkı: XHC WHB04 kablosuz MPG desteği";3 Eksen USB Mach3 Kontrol Kartı;XHC;Üretici görseli;https://www.cdxhctech.com/html/eProduct/view_135_337.html;Yüksek;"Model alanında seri adı (MKX-IV) yazılı; '6 eksene kadar destekler' ifadesi seri için geçerli, bu kart 3 eksenlidir.";"Üretici: Chengdu Xinhecheng Technology (XHC); MKX-IV seri sayfasından doğrulandı.";https://www.cncdunyasi.com/urun/3-eksen-xhc-usb-mach3-kontrol-karti
CNC kontrol kartları ve panelleri;XHC;MK4-IV;;XHC MK4-IV Mach3 USB hareket kontrol kartı, 4 eksen, 2 MHz;XHC MKX-IV;"Seri: XHC MKX-IV; Ürün tipi: USB hareket kontrol kartı (ARM + FPGA); Eksen sayısı: 4; Arayüz: USB 2.0 (sıcak takılabilir); Desteklenen yazılım: Mach3 (Windows; Mach4 desteklenmez); Girişler: 16 dijital (izoleli); Çıkışlar: 8 dijital (maks. 50 mA); Maksimum pals frekansı: 2000 kHz; Ölçüler: 184 × 110 × 30 mm; Ağırlık: 0,7 kg (üretici)";"Spindle kontrolü: 0–10 V analog ve 5 V PWM çıkışı; El çarkı: XHC WHB04 kablosuz MPG desteği";4 Eksen USB Mach3 Kontrol Kartı;XHC;Üretici görseli;https://www.cdxhctech.com/html/eProduct/view_135_337.html;Yüksek;"Model alanı kod değil ('4 Eksen USB Mach3'); '6 eksene kadar' ifadesi seri için geçerli, bu kart 4 eksenlidir.";"Üretici: Chengdu Xinhecheng Technology (XHC); MKX-IV seri sayfasından doğrulandı.";https://www.cncdunyasi.com/urun/4-eksen-xhc-usb-mach3-kontrol-karti
CNC kontrol kartları ve panelleri;(markasız);CNC takım boyu sıfırlama probu (tool setter), 24 V DC;;CNC takım boyu sıfırlama probu, 24 V DC, IP67;;"Ürün tipi: Z ekseni / takım boyu sıfırlama probu (dikey); Besleme: 24 V DC, 20 mA; Desteklenen yazılım: Mach3, Mach4 ve benzeri; Ölçüler: 66 × 54 mm";"Tekrarlanabilirlik: 0,01 mm; Strok: 5 mm; Koruma sınıfı: IP67; Ömür: 3 milyon çevrim";Cnc Takım Sıfırlama Probu;CNCDunyasi;Yok;;Orta;Site markası 'CNCDunyasi' gerçek üretici değil. Model alanında yalnız 'Prob'.;Jenerik takım sıfırlama probu, üretici belirsiz.;https://www.cncdunyasi.com/urun/cnc-takim-sifirlama-probu
CNC kontrol kartları ve panelleri;(markasız);DSP 0501 (RZNC-0501);RZNC-0501, DSP0501;DSP 0501 el tipi CNC kontrol sistemi, 3 eksen, USB bellekli;;"Ürün tipi: El tipi (handle) bilgisayarsız DSP CNC kontrolcü; Eksen sayısı: 3 (X, Y, Z); Arayüz: USB bellek (G-kod); Girişler: 3 home (referans) girişi";Özellik: Yazılım limit, enerji kesintisinde kaldığı yerden devam;DSP Kontrol Sistemi 0501;DSP;Yok;;Düşük;Site markası 'DSP' bir üretici değil.;"Piyasada RZNC-0501 / HKNC 0501HDDC adlarıyla satılan Çin üretimi kontrolcü; üretici teyit edilemedi [TEYİT].";https://www.cncdunyasi.com/urun/dsp-el-terminali-0501
CNC kontrol kartları ve panelleri;(markasız);Mach3 USB 4 eksen arayüz kartı (jenerik);;Mach3 uyumlu 4 eksen USB CNC kontrol kartı;;"Ürün tipi: USB hareket kontrol / arayüz kartı; Eksen sayısı: 4; Arayüz: USB; Desteklenen yazılım: Mach3; Besleme: 24 V DC (harici); Girişler: 4 genel amaçlı giriş (limit, home, prob, acil stop); Çıkışlar: 0–10 V analog (spindle)";;4 Eksen USB Mach3 Kontrol Kartı;CNCDunyasi;Yok;;Düşük;Site markası 'CNCDunyasi' gerçek üretici değil. Model alanı kod değil ('4 Eksen USB Mach3').;"Jenerik Çin üretimi kart; üretici ve model kodu belirlenemedi [TEYİT].";https://www.cncdunyasi.com/urun/4-eksen-usb-mach3-kontrol-karti
Enkoderler;Autonics;E50S8-100-3-T-1;;Autonics E50S8-100-3-T-1 artımlı enkoder, Ø50 mm, Ø8 mm mil, 100 PPR, 5–24 V DC;Autonics E50S;"Seri: Autonics E50S; Ürün tipi: Artımlı döner enkoder, Ø50 mm, milli tip; Çözünürlük: 100 PPR; Çıkış fazı: A, B, Z; Kontrol çıkışı: Totem pole; Besleme: 5–24 V DC; Mil çapı: Ø8 mm; Bağlantı: Eksenel kablo çıkışlı; Koruma sınıfı: IP50 (IEC); Ağırlık: ≈275 g (yalnız ünite)";"Maks. tepki frekansı: 300 kHz; Maks. izin verilen devir: 5000 d/dk; Başlangıç torku: maks. 0,00686 N·m";E50S8-100-3-T-1 5-24VDC Artımlı Enkoder;Autonics;Yok;https://www.autonics.com/us/model/E50S8-100-3-T-1;Yüksek;Model alanında yalnız seri adı (E50S8).;"Özellikler autonics.com model sayfasından (E50S8-100-3-T-1) doğrulandı; seri ortak değerler.";https://www.cncdunyasi.com/urun/autonics-e50s8-100-3-t-1-5-24vdc-artimli-enkoder
Enkoderler;Autonics;E50S8-1000-3-T-1;;Autonics E50S8-1000-3-T-1 artımlı enkoder, Ø50 mm, Ø8 mm mil, 1000 PPR, 5–24 V DC;Autonics E50S;"Seri: Autonics E50S; Ürün tipi: Artımlı döner enkoder, Ø50 mm, milli tip; Çözünürlük: 1000 PPR; Çıkış fazı: A, B, Z; Kontrol çıkışı: Totem pole; Besleme: 5–24 V DC; Mil çapı: Ø8 mm; Bağlantı: Eksenel kablo çıkışlı; Koruma sınıfı: IP50 (IEC); Ağırlık: ≈275 g (yalnız ünite)";"Maks. tepki frekansı: 300 kHz; Maks. izin verilen devir: 5000 d/dk; Başlangıç torku: maks. 0,00686 N·m";E50S8-1000-3-T-1 5-24VDC Artımlı Enkoder;Autonics;Yok;https://www.autonics.com/us/model/E50S8-1000-3-T-1;Yüksek;Model alanında yalnız seri adı (E50S8).;"Özellikler autonics.com model sayfasından (E50S8-100-3-T-1) doğrulandı; seri ortak değerler.";https://www.cncdunyasi.com/urun/autonics-e50s8-1000-3-t-1-5-24vdc-artimli-enkoder
Enkoderler;Autonics;E50S8-1024-3-T-1;;Autonics E50S8-1024-3-T-1 artımlı enkoder, Ø50 mm, Ø8 mm mil, 1024 PPR, 5–24 V DC;Autonics E50S;"Seri: Autonics E50S; Ürün tipi: Artımlı döner enkoder, Ø50 mm, milli tip; Çözünürlük: 1024 PPR; Çıkış fazı: A, B, Z; Kontrol çıkışı: Totem pole; Besleme: 5–24 V DC; Mil çapı: Ø8 mm; Bağlantı: Eksenel kablo çıkışlı; Koruma sınıfı: IP50 (IEC); Ağırlık: ≈275 g (yalnız ünite)";"Maks. tepki frekansı: 300 kHz; Maks. izin verilen devir: 5000 d/dk; Başlangıç torku: maks. 0,00686 N·m";E50S8-1024-3-T-1 5-24VDC Artımlı Enkoder;Autonics;Yok;https://www.autonics.com/us/model/E50S8-1024-3-T-1;Yüksek;Model alanında yalnız seri adı (E50S8).;"Özellikler autonics.com model sayfasından (E50S8-100-3-T-1) doğrulandı; seri ortak değerler.";https://www.cncdunyasi.com/urun/autonics-e50s8-1024-3-t-1-5-24vdc-artimli-enkoder
Enkoderler;Autonics;E50S8-2000-3-T-1;;Autonics E50S8-2000-3-T-1 artımlı enkoder, Ø50 mm, Ø8 mm mil, 2000 PPR, 5–24 V DC;Autonics E50S;"Seri: Autonics E50S; Ürün tipi: Artımlı döner enkoder, Ø50 mm, milli tip; Çözünürlük: 2000 PPR; Çıkış fazı: A, B, Z; Kontrol çıkışı: Totem pole; Besleme: 5–24 V DC; Mil çapı: Ø8 mm; Bağlantı: Eksenel kablo çıkışlı; Koruma sınıfı: IP50 (IEC); Ağırlık: ≈275 g (yalnız ünite)";"Maks. tepki frekansı: 300 kHz; Maks. izin verilen devir: 5000 d/dk; Başlangıç torku: maks. 0,00686 N·m";E50S8-2000-3-T-1 5-24VDC Artımlı Enkoder;Autonics;Yok;https://www.autonics.com/us/model/E50S8-2000-3-T-1;Yüksek;Model alanında yalnız seri adı (E50S8).;"Özellikler autonics.com model sayfasından (E50S8-100-3-T-1) doğrulandı; seri ortak değerler.";https://www.cncdunyasi.com/urun/autonics-e50s8-2000-3-t-1-5-24vdc-artimli-enkoder
Enkoderler;Autonics;E50S8-360-3-T-1;;Autonics E50S8-360-3-T-1 artımlı enkoder, Ø50 mm, Ø8 mm mil, 360 PPR, 5–24 V DC;Autonics E50S;"Seri: Autonics E50S; Ürün tipi: Artımlı döner enkoder, Ø50 mm, milli tip; Çözünürlük: 360 PPR; Çıkış fazı: A, B, Z; Kontrol çıkışı: Totem pole; Besleme: 5–24 V DC; Mil çapı: Ø8 mm; Bağlantı: Eksenel kablo çıkışlı; Koruma sınıfı: IP50 (IEC); Ağırlık: ≈275 g (yalnız ünite)";"Maks. tepki frekansı: 300 kHz; Maks. izin verilen devir: 5000 d/dk; Başlangıç torku: maks. 0,00686 N·m";E50S8-360-3-T-1 5-24VDC Artımlı Enkoder;Autonics;Yok;https://www.autonics.com/us/model/E50S8-360-3-T-1;Yüksek;Model alanında yalnız seri adı (E50S8).;"Özellikler autonics.com model sayfasından (E50S8-100-3-T-1) doğrulandı; seri ortak değerler.";https://www.cncdunyasi.com/urun/autonics-e50s8-360-3-t-1-5-24vdc-artimli-enkoder
Enkoderler;Autonics;E50S8-3600-3-T-1;;Autonics E50S8-3600-3-T-1 artımlı enkoder, Ø50 mm, Ø8 mm mil, 3600 PPR, 5–24 V DC;Autonics E50S;"Seri: Autonics E50S; Ürün tipi: Artımlı döner enkoder, Ø50 mm, milli tip; Çözünürlük: 3600 PPR; Çıkış fazı: A, B, Z; Kontrol çıkışı: Totem pole; Besleme: 5–24 V DC; Mil çapı: Ø8 mm; Bağlantı: Eksenel kablo çıkışlı; Koruma sınıfı: IP50 (IEC); Ağırlık: ≈275 g (yalnız ünite)";"Maks. tepki frekansı: 300 kHz; Maks. izin verilen devir: 5000 d/dk; Başlangıç torku: maks. 0,00686 N·m";E50S8-3600-3-T-1 5-24VDC Artımlı Enkoder;Autonics;Yok;https://www.autonics.com/us/model/E50S8-3600-3-T-1;Yüksek;"Model alanında yalnız seri adı (E50S8). Açıklamada çözünürlük 2000 PPR yazıyor; ürün kodu 3600 PPR'dir.";"Özellikler autonics.com model sayfasından (E50S8-100-3-T-1) doğrulandı; seri ortak değerler.";https://www.cncdunyasi.com/urun/autonics-e50s8-3600-3-t-1-5-24vdc-artimli-enkoder
Enkoderler;Autonics;E50S8-500-3-T-1;;Autonics E50S8-500-3-T-1 artımlı enkoder, Ø50 mm, Ø8 mm mil, 500 PPR, 5–24 V DC;Autonics E50S;"Seri: Autonics E50S; Ürün tipi: Artımlı döner enkoder, Ø50 mm, milli tip; Çözünürlük: 500 PPR; Çıkış fazı: A, B, Z; Kontrol çıkışı: Totem pole; Besleme: 5–24 V DC; Mil çapı: Ø8 mm; Bağlantı: Eksenel kablo çıkışlı; Koruma sınıfı: IP50 (IEC); Ağırlık: ≈275 g (yalnız ünite)";"Maks. tepki frekansı: 300 kHz; Maks. izin verilen devir: 5000 d/dk; Başlangıç torku: maks. 0,00686 N·m";E50S8-500-3-T-1 5-24VDC Artımlı Enkoder;Autonics;Yok;https://www.autonics.com/us/model/E50S8-500-3-T-1;Yüksek;Model alanında yalnız seri adı (E50S8).;"Özellikler autonics.com model sayfasından (E50S8-100-3-T-1) doğrulandı; seri ortak değerler.";https://www.cncdunyasi.com/urun/autonics-e50s8-500-3-t-1-5-24vdc-artimli-enkoder
Güç aktarma: kasnak, dişli ve redüktör;Jkon-tek;PLF060-L1-10-S2-P2-14;PLF060-L1-10-S2-P2-8;Jkon-tek PLF060 planet redüktör, NEMA 23, 1:10;Jkon-tek PLF;"Seri: Jkon-tek PLF; Ürün tipi: Planet redüktör (step/servo motor için); Çevrim oranı: 1:10; Gövde ölçüsü: 60 mm (NEMA 23)";"Motor mil girişi: Ø14 mm; Boşluk (1 kademe): < 3 arcmin; Verim (1 kademe): %97'ye kadar; Maks. giriş devri: 5000 d/dk";Nema23 Step Motor Planet Redüktör 1/10;Jkon-tek;Yok;;Düşük;"Site kodu PLF060-L1-10-S2-P2-14 servo (14 mm giriş) versiyonu; NEMA 23 step motor (8 mm mil) için distribütör listesindeki kod PLF060-L1-10-S2-P2-8. Ürün adıyla kod çelişiyor.";"Kod Türkiye distribütörü (Max Otomasyon) JKONTEK 2026 fiyat listesinde var; üreticinin kendi sitesi/görseli bulunamadı. [TEYİT]";https://www.cncdunyasi.com/urun/step-motor-planet-reduktor-nema-23-1-10
Güç aktarma: kasnak, dişli ve redüktör;Jkon-tek;PLF060-L1-3-S2-P2-8;;Jkon-tek PLF060 planet redüktör, NEMA 23, 1:3;Jkon-tek PLF;"Seri: Jkon-tek PLF; Ürün tipi: Planet redüktör (step/servo motor için); Çevrim oranı: 1:3; Gövde ölçüsü: 60 mm (NEMA 23)";"Motor mil girişi: Ø8 mm; Boşluk (1 kademe): < 3 arcmin; Verim (1 kademe): %97'ye kadar; Maks. giriş devri: 5000 d/dk";Nema23 Step Motor Planet Redüktör 1/3;Jkon-tek;Yok;;Orta;;"Kod Türkiye distribütörü (Max Otomasyon) JKONTEK 2026 fiyat listesinde var; üreticinin kendi sitesi/görseli bulunamadı.";https://www.cncdunyasi.com/urun/step-motor-planet-reduktor-nema-23-1-3
Güç aktarma: kasnak, dişli ve redüktör;Jkon-tek;PLF090-L1-10-S2-P2-14;;Jkon-tek PLF090 planet redüktör, NEMA 34, 1:10;Jkon-tek PLF;"Seri: Jkon-tek PLF; Ürün tipi: Planet redüktör (step/servo motor için); Çevrim oranı: 1:10; Gövde ölçüsü: 90 mm (NEMA 34)";"Motor mil girişi: Ø14 mm; Boşluk (1 kademe): < 3 arcmin; Verim (1 kademe): %97'ye kadar; Maks. giriş devri: 5000 d/dk";Nema34 Step Motor Planet Redüktör 1/10;Jkon-tek;Yok;;Orta;;"Kod Türkiye distribütörü (Max Otomasyon) JKONTEK 2026 fiyat listesinde var; üreticinin kendi sitesi/görseli bulunamadı.";https://www.cncdunyasi.com/urun/step-motor-planet-reduktor-nema-34-1-10
Güç aktarma: kasnak, dişli ve redüktör;Jkon-tek;PLF090-L1-3-S2-P2-14;;Jkon-tek PLF090 planet redüktör, NEMA 34, 1:3;Jkon-tek PLF;"Seri: Jkon-tek PLF; Ürün tipi: Planet redüktör (step/servo motor için); Çevrim oranı: 1:3; Gövde ölçüsü: 90 mm (NEMA 34)";"Motor mil girişi: Ø14 mm; Boşluk (1 kademe): < 3 arcmin; Verim (1 kademe): %97'ye kadar; Maks. giriş devri: 5000 d/dk";Nema34 Step Motor Planet Redüktör 1/3;Jkon-tek;Yok;;Orta;;"Kod Türkiye distribütörü (Max Otomasyon) JKONTEK 2026 fiyat listesinde var; üreticinin kendi sitesi/görseli bulunamadı.";https://www.cncdunyasi.com/urun/step-motor-planet-reduktor-nema-34-1-3
Güç aktarma: kasnak, dişli ve redüktör;KOFON;KPE120;;KOFON KPE120 planet redüktör, 120 mm gövde;KOFON KPE;"Seri: KOFON KPE; Ürün tipi: Hassas planet redüktör (eksenel); Profil / modül: Helis dişli; Gövde ölçüsü: 120 mm";"Oran aralığı (seri): 3–100; Boşluk (seri): 6–10 arcmin; Yataklama: İğneli/masuralı rulman";Kofon 120 Gövde Redüktör;KOFON;Üretici görseli;https://www.kofon-motion.com/Products/caesarplanetarylu___precision_planetary_gearbox/inline_planetary_gearbox__igh_precision/209.html;Orta;"Açıklamada çevrim oranı ve motor bağlantı (giriş flanşı/mil) bilgisi yok; tam sipariş kodu oluşturulamıyor.";KPE120 gövde boyutu üretici sitesinde doğrulandı (KPE: 50/70/90/120/160/205/235). Tam sipariş kodu oran + giriş adaptörü içerir [TEYİT].;https://www.cncdunyasi.com/urun/120-govde-kofon-reduktor-kpe120
Güç aktarma: kasnak, dişli ve redüktör;KOFON;KPE70;;KOFON KPE70 planet redüktör, 70 mm gövde;KOFON KPE;"Seri: KOFON KPE; Ürün tipi: Hassas planet redüktör (eksenel); Profil / modül: Helis dişli; Gövde ölçüsü: 70 mm";"Oran aralığı (seri): 3–100; Boşluk (seri): 6–10 arcmin; Yataklama: İğneli/masuralı rulman";Kofon 70 Gövde Redüktör;KOFON;Üretici görseli;https://www.kofon-motion.com/Products/caesarplanetarylu___precision_planetary_gearbox/inline_planetary_gearbox__igh_precision/209.html;Orta;"Açıklamada çevrim oranı ve motor bağlantı (giriş flanşı/mil) bilgisi yok; tam sipariş kodu oluşturulamıyor.";KPE70 gövde boyutu üretici sitesinde doğrulandı (KPE: 50/70/90/120/160/205/235). Tam sipariş kodu oran + giriş adaptörü içerir [TEYİT].;https://www.cncdunyasi.com/urun/70-govde-kofon-reduktor-kpe70
Güç aktarma: kasnak, dişli ve redüktör;KOFON;KPE90;;KOFON KPE90 planet redüktör, 90 mm gövde;KOFON KPE;"Seri: KOFON KPE; Ürün tipi: Hassas planet redüktör (eksenel); Profil / modül: Helis dişli; Gövde ölçüsü: 90 mm";"Oran aralığı (seri): 3–100; Boşluk (seri): 6–10 arcmin; Yataklama: İğneli/masuralı rulman";Kofon 90 Gövde Redüktör;KOFON;Üretici görseli;https://www.kofon-motion.com/Products/caesarplanetarylu___precision_planetary_gearbox/inline_planetary_gearbox__igh_precision/209.html;Orta;"Açıklamada çevrim oranı ve motor bağlantı (giriş flanşı/mil) bilgisi yok; tam sipariş kodu oluşturulamıyor.";KPE90 gövde boyutu üretici sitesinde doğrulandı (KPE: 50/70/90/120/160/205/235). Tam sipariş kodu oran + giriş adaptörü içerir [TEYİT].;https://www.cncdunyasi.com/urun/90-govde-kofon-reduktor-kpe90
Güç aktarma: kasnak, dişli ve redüktör;(markasız);T10 12 diş, 16 mm kayış;T10 16-12 F-AL;T10 triger kasnak, 12 diş, 16 mm kayış için, alüminyum (F-AL);T10 triger kasnak;"Seri: T10 triger kasnak; Ürün tipi: Triger dişli kasnak; Profil / modül: T10 (10 mm hatve, DIN 7721); Diş sayısı: 12; Kayış genişliği: 16 mm; Malzeme: Alüminyum";;T10 16-12 F-AL Triger Dişli Kasnak;MKA;Yok;;Orta;"Site markası 'MKA' jenerik etiket; delik çapı belirtilmemiş.";"Adlandırma: profil, kayış genişliği-diş sayısı; 'F' büyük olasılıkla flanşlı [TEYİT]. Delik (pilot/işlenmiş) bilgisi yok.";https://www.cncdunyasi.com/urun/t10-16-12-f-al-triger-disli-kasnak
Güç aktarma: kasnak, dişli ve redüktör;(markasız);T10 12 diş, 25 mm kayış;T10 25-12 F-AL;T10 triger kasnak, 12 diş, 25 mm kayış için, alüminyum (F-AL);T10 triger kasnak;"Seri: T10 triger kasnak; Ürün tipi: Triger dişli kasnak; Profil / modül: T10 (10 mm hatve, DIN 7721); Diş sayısı: 12; Kayış genişliği: 25 mm; Malzeme: Alüminyum";;T10 25-12 F-AL Triger Dişli Kasnak;MKA;Yok;;Orta;"Site markası 'MKA' jenerik etiket; delik çapı belirtilmemiş.";"Adlandırma: profil, kayış genişliği-diş sayısı; 'F' büyük olasılıkla flanşlı [TEYİT]. Delik (pilot/işlenmiş) bilgisi yok.";https://www.cncdunyasi.com/urun/t10-25-12-f-al-triger-disli-kasnak
Güç aktarma: kasnak, dişli ve redüktör;(markasız);T10 14 diş, 16 mm kayış;T10 16-14 F-AL;T10 triger kasnak, 14 diş, 16 mm kayış için, alüminyum (F-AL);T10 triger kasnak;"Seri: T10 triger kasnak; Ürün tipi: Triger dişli kasnak; Profil / modül: T10 (10 mm hatve, DIN 7721); Diş sayısı: 14; Kayış genişliği: 16 mm; Malzeme: Alüminyum";;T10 16-14 F-AL Triger Dişli Kasnak;MKA;Yok;;Orta;"Site markası 'MKA' jenerik etiket; delik çapı belirtilmemiş.";"Adlandırma: profil, kayış genişliği-diş sayısı; 'F' büyük olasılıkla flanşlı [TEYİT]. Delik (pilot/işlenmiş) bilgisi yok.";https://www.cncdunyasi.com/urun/t10-16-14-f-al-triger-disli-kasnak
Güç aktarma: kasnak, dişli ve redüktör;(markasız);T10 14 diş, 25 mm kayış;T10 25-14 F-AL;T10 triger kasnak, 14 diş, 25 mm kayış için, alüminyum (F-AL);T10 triger kasnak;"Seri: T10 triger kasnak; Ürün tipi: Triger dişli kasnak; Profil / modül: T10 (10 mm hatve, DIN 7721); Diş sayısı: 14; Kayış genişliği: 25 mm; Malzeme: Alüminyum";;T10 25-14 F-AL Triger Dişli Kasnak;MKA;Yok;;Orta;"Site markası 'MKA' jenerik etiket; delik çapı belirtilmemiş.";"Adlandırma: profil, kayış genişliği-diş sayısı; 'F' büyük olasılıkla flanşlı [TEYİT]. Delik (pilot/işlenmiş) bilgisi yok.";https://www.cncdunyasi.com/urun/t10-25-14-f-al-triger-disli-kasnak
Güç aktarma: kasnak, dişli ve redüktör;(markasız);T10 16 diş, 16 mm kayış;T10 16-16 F-AL;T10 triger kasnak, 16 diş, 16 mm kayış için, alüminyum (F-AL);T10 triger kasnak;"Seri: T10 triger kasnak; Ürün tipi: Triger dişli kasnak; Profil / modül: T10 (10 mm hatve, DIN 7721); Diş sayısı: 16; Kayış genişliği: 16 mm; Malzeme: Alüminyum";;T10 16-16 F-AL Triger Dişli Kasnak;MKA;Yok;;Orta;"Site markası 'MKA' jenerik etiket; delik çapı belirtilmemiş.";"Adlandırma: profil, kayış genişliği-diş sayısı; 'F' büyük olasılıkla flanşlı [TEYİT]. Delik (pilot/işlenmiş) bilgisi yok.";https://www.cncdunyasi.com/urun/t10-16-16-f-al-triger-disli-kasnak
Güç aktarma: kasnak, dişli ve redüktör;(markasız);T10 16 diş, 25 mm kayış;T10 25-16 F-AL;T10 triger kasnak, 16 diş, 25 mm kayış için, alüminyum (F-AL);T10 triger kasnak;"Seri: T10 triger kasnak; Ürün tipi: Triger dişli kasnak; Profil / modül: T10 (10 mm hatve, DIN 7721); Diş sayısı: 16; Kayış genişliği: 25 mm; Malzeme: Alüminyum";;T10 25-16 F-AL Triger Dişli Kasnak;MKA;Yok;;Orta;"Site markası 'MKA' jenerik etiket; delik çapı belirtilmemiş.";"Adlandırma: profil, kayış genişliği-diş sayısı; 'F' büyük olasılıkla flanşlı [TEYİT]. Delik (pilot/işlenmiş) bilgisi yok.";https://www.cncdunyasi.com/urun/t10-25-16-f-al-triger-disli-kasnak
Güç aktarma: kasnak, dişli ve redüktör;(markasız);T10 18 diş, 16 mm kayış;T10 16-18 F-AL;T10 triger kasnak, 18 diş, 16 mm kayış için, alüminyum (F-AL);T10 triger kasnak;"Seri: T10 triger kasnak; Ürün tipi: Triger dişli kasnak; Profil / modül: T10 (10 mm hatve, DIN 7721); Diş sayısı: 18; Kayış genişliği: 16 mm; Malzeme: Alüminyum";;T10 16-18 F-AL Triger Dişli Kasnak;MKA;Yok;;Orta;"Site markası 'MKA' jenerik etiket; delik çapı belirtilmemiş.";"Adlandırma: profil, kayış genişliği-diş sayısı; 'F' büyük olasılıkla flanşlı [TEYİT]. Delik (pilot/işlenmiş) bilgisi yok.";https://www.cncdunyasi.com/urun/t10-16-18-f-al-triger-disli-kasnak
Güç aktarma: kasnak, dişli ve redüktör;(markasız);T10 18 diş, 25 mm kayış;T10 25-18 F-AL;T10 triger kasnak, 18 diş, 25 mm kayış için, alüminyum (F-AL);T10 triger kasnak;"Seri: T10 triger kasnak; Ürün tipi: Triger dişli kasnak; Profil / modül: T10 (10 mm hatve, DIN 7721); Diş sayısı: 18; Kayış genişliği: 25 mm; Malzeme: Alüminyum";;T10 25-18 F-AL Triger Dişli Kasnak;MKA;Yok;;Orta;"Site markası 'MKA' jenerik etiket; delik çapı belirtilmemiş.";"Adlandırma: profil, kayış genişliği-diş sayısı; 'F' büyük olasılıkla flanşlı [TEYİT]. Delik (pilot/işlenmiş) bilgisi yok.";https://www.cncdunyasi.com/urun/t10-25-18-f-al-triger-disli-kasnak
Güç aktarma: kasnak, dişli ve redüktör;(markasız);T10 18 diş, 32 mm kayış;T10 32-18 F-AL;T10 triger kasnak, 18 diş, 32 mm kayış için, alüminyum (F-AL);T10 triger kasnak;"Seri: T10 triger kasnak; Ürün tipi: Triger dişli kasnak; Profil / modül: T10 (10 mm hatve, DIN 7721); Diş sayısı: 18; Kayış genişliği: 32 mm; Malzeme: Alüminyum";;T10 32-18 F-AL Triger Dişli Kasnak;MKA;Yok;;Orta;"Site markası 'MKA' jenerik etiket; delik çapı belirtilmemiş.";"Adlandırma: profil, kayış genişliği-diş sayısı; 'F' büyük olasılıkla flanşlı [TEYİT]. Delik (pilot/işlenmiş) bilgisi yok.";https://www.cncdunyasi.com/urun/t10-32-18-f-al-triger-disli-kasnak
Güç aktarma: kasnak, dişli ve redüktör;(markasız);T10 20 diş, 16 mm kayış;T10 16-20 F-AL;T10 triger kasnak, 20 diş, 16 mm kayış için, alüminyum (F-AL);T10 triger kasnak;"Seri: T10 triger kasnak; Ürün tipi: Triger dişli kasnak; Profil / modül: T10 (10 mm hatve, DIN 7721); Diş sayısı: 20; Kayış genişliği: 16 mm; Malzeme: Alüminyum";;T10 16-20 F-AL Triger Dişli Kasnak;MKA;Yok;;Orta;"Site markası 'MKA' jenerik etiket; delik çapı belirtilmemiş.";"Adlandırma: profil, kayış genişliği-diş sayısı; 'F' büyük olasılıkla flanşlı [TEYİT]. Delik (pilot/işlenmiş) bilgisi yok.";https://www.cncdunyasi.com/urun/t10-16-20-f-al-triger-disli-kasnak
Güç aktarma: kasnak, dişli ve redüktör;(markasız);T10 20 diş, 25 mm kayış;T10 25-20 F-AL;T10 triger kasnak, 20 diş, 25 mm kayış için, alüminyum (F-AL);T10 triger kasnak;"Seri: T10 triger kasnak; Ürün tipi: Triger dişli kasnak; Profil / modül: T10 (10 mm hatve, DIN 7721); Diş sayısı: 20; Kayış genişliği: 25 mm; Malzeme: Alüminyum";;T10 25-20 F-AL Triger Dişli Kasnak;MKA;Yok;;Orta;"Site markası 'MKA' jenerik etiket; delik çapı belirtilmemiş.";"Adlandırma: profil, kayış genişliği-diş sayısı; 'F' büyük olasılıkla flanşlı [TEYİT]. Delik (pilot/işlenmiş) bilgisi yok.";https://www.cncdunyasi.com/urun/t10-25-20-f-al-triger-disli-kasnak
Güç aktarma: kasnak, dişli ve redüktör;(markasız);T10 20 diş, 32 mm kayış;T10 32-20 F-AL;T10 triger kasnak, 20 diş, 32 mm kayış için, alüminyum (F-AL);T10 triger kasnak;"Seri: T10 triger kasnak; Ürün tipi: Triger dişli kasnak; Profil / modül: T10 (10 mm hatve, DIN 7721); Diş sayısı: 20; Kayış genişliği: 32 mm; Malzeme: Alüminyum";;T10 32-20 F-AL Triger Dişli Kasnak;MKA;Yok;;Orta;"Site markası 'MKA' jenerik etiket; delik çapı belirtilmemiş.";"Adlandırma: profil, kayış genişliği-diş sayısı; 'F' büyük olasılıkla flanşlı [TEYİT]. Delik (pilot/işlenmiş) bilgisi yok.";https://www.cncdunyasi.com/urun/t10-32-20-f-al-triger-disli-kasnak
Güç aktarma: kasnak, dişli ve redüktör;(markasız);T10 22 diş, 16 mm kayış;T10 16-22 F-AL;T10 triger kasnak, 22 diş, 16 mm kayış için, alüminyum (F-AL);T10 triger kasnak;"Seri: T10 triger kasnak; Ürün tipi: Triger dişli kasnak; Profil / modül: T10 (10 mm hatve, DIN 7721); Diş sayısı: 22; Kayış genişliği: 16 mm; Malzeme: Alüminyum";;T10 16-22 F-AL Triger Dişli Kasnak;MKA;Yok;;Orta;"Site markası 'MKA' jenerik etiket; delik çapı belirtilmemiş.";"Adlandırma: profil, kayış genişliği-diş sayısı; 'F' büyük olasılıkla flanşlı [TEYİT]. Delik (pilot/işlenmiş) bilgisi yok.";https://www.cncdunyasi.com/urun/t10-16-22-f-al-triger-disli-kasnak
Güç aktarma: kasnak, dişli ve redüktör;(markasız);T10 22 diş, 25 mm kayış;T10 25-22 F-AL;T10 triger kasnak, 22 diş, 25 mm kayış için, alüminyum (F-AL);T10 triger kasnak;"Seri: T10 triger kasnak; Ürün tipi: Triger dişli kasnak; Profil / modül: T10 (10 mm hatve, DIN 7721); Diş sayısı: 22; Kayış genişliği: 25 mm; Malzeme: Alüminyum";;T10 25-22 F-AL Triger Dişli Kasnak;MKA;Yok;;Orta;"Site markası 'MKA' jenerik etiket; delik çapı belirtilmemiş.";"Adlandırma: profil, kayış genişliği-diş sayısı; 'F' büyük olasılıkla flanşlı [TEYİT]. Delik (pilot/işlenmiş) bilgisi yok.";https://www.cncdunyasi.com/urun/t10-25-22-f-al-triger-disli-kasnak
Güç aktarma: kasnak, dişli ve redüktör;(markasız);T10 22 diş, 32 mm kayış;T10 32-22 F-AL;T10 triger kasnak, 22 diş, 32 mm kayış için, alüminyum (F-AL);T10 triger kasnak;"Seri: T10 triger kasnak; Ürün tipi: Triger dişli kasnak; Profil / modül: T10 (10 mm hatve, DIN 7721); Diş sayısı: 22; Kayış genişliği: 32 mm; Malzeme: Alüminyum";;T10 32-22 F-AL Triger Dişli Kasnak;MKA;Yok;;Orta;"Site markası 'MKA' jenerik etiket; delik çapı belirtilmemiş.";"Adlandırma: profil, kayış genişliği-diş sayısı; 'F' büyük olasılıkla flanşlı [TEYİT]. Delik (pilot/işlenmiş) bilgisi yok.";https://www.cncdunyasi.com/urun/t10-32-22-f-al-triger-disli-kasnak
Güç aktarma: kasnak, dişli ve redüktör;(markasız);T10 24 diş, 16 mm kayış;T10 16-24 F-AL;T10 triger kasnak, 24 diş, 16 mm kayış için, alüminyum (F-AL);T10 triger kasnak;"Seri: T10 triger kasnak; Ürün tipi: Triger dişli kasnak; Profil / modül: T10 (10 mm hatve, DIN 7721); Diş sayısı: 24; Kayış genişliği: 16 mm; Malzeme: Alüminyum";;T10 16-24 F-AL Triger Dişli Kasnak;MKA;Yok;;Orta;"Site markası 'MKA' jenerik etiket; delik çapı belirtilmemiş.";"Adlandırma: profil, kayış genişliği-diş sayısı; 'F' büyük olasılıkla flanşlı [TEYİT]. Delik (pilot/işlenmiş) bilgisi yok.";https://www.cncdunyasi.com/urun/t10-16-24-f-al-triger-disli-kasnak
Güç aktarma: kasnak, dişli ve redüktör;(markasız);T10 24 diş, 25 mm kayış;T10 25-24 F-AL;T10 triger kasnak, 24 diş, 25 mm kayış için, alüminyum (F-AL);T10 triger kasnak;"Seri: T10 triger kasnak; Ürün tipi: Triger dişli kasnak; Profil / modül: T10 (10 mm hatve, DIN 7721); Diş sayısı: 24; Kayış genişliği: 25 mm; Malzeme: Alüminyum";;T10 25-24 F-AL Triger Dişli Kasnak;MKA;Yok;;Orta;"Site markası 'MKA' jenerik etiket; delik çapı belirtilmemiş.";"Adlandırma: profil, kayış genişliği-diş sayısı; 'F' büyük olasılıkla flanşlı [TEYİT]. Delik (pilot/işlenmiş) bilgisi yok.";https://www.cncdunyasi.com/urun/t10-25-24-f-al-triger-disli-kasnak
Güç aktarma: kasnak, dişli ve redüktör;(markasız);T10 24 diş, 32 mm kayış;T10 32-24 F-AL;T10 triger kasnak, 24 diş, 32 mm kayış için, alüminyum (F-AL);T10 triger kasnak;"Seri: T10 triger kasnak; Ürün tipi: Triger dişli kasnak; Profil / modül: T10 (10 mm hatve, DIN 7721); Diş sayısı: 24; Kayış genişliği: 32 mm; Malzeme: Alüminyum";;T10 32-24 F-AL Triger Dişli Kasnak;MKA;Yok;;Orta;"Site markası 'MKA' jenerik etiket; delik çapı belirtilmemiş.";"Adlandırma: profil, kayış genişliği-diş sayısı; 'F' büyük olasılıkla flanşlı [TEYİT]. Delik (pilot/işlenmiş) bilgisi yok.";https://www.cncdunyasi.com/urun/t10-32-24-f-al-triger-disli-kasnak
Güç aktarma: kasnak, dişli ve redüktör;(markasız);T10 26 diş, 16 mm kayış;T10 16-26 F-AL;T10 triger kasnak, 26 diş, 16 mm kayış için, alüminyum (F-AL);T10 triger kasnak;"Seri: T10 triger kasnak; Ürün tipi: Triger dişli kasnak; Profil / modül: T10 (10 mm hatve, DIN 7721); Diş sayısı: 26; Kayış genişliği: 16 mm; Malzeme: Alüminyum";;T10 16-26 F-AL Triger Dişli Kasnak;MKA;Yok;;Orta;"Site markası 'MKA' jenerik etiket; delik çapı belirtilmemiş.";"Adlandırma: profil, kayış genişliği-diş sayısı; 'F' büyük olasılıkla flanşlı [TEYİT]. Delik (pilot/işlenmiş) bilgisi yok.";https://www.cncdunyasi.com/urun/t10-16-26-f-al-triger-disli-kasnak
Güç aktarma: kasnak, dişli ve redüktör;(markasız);T10 26 diş, 25 mm kayış;T10 25-26 F-AL;T10 triger kasnak, 26 diş, 25 mm kayış için, alüminyum (F-AL);T10 triger kasnak;"Seri: T10 triger kasnak; Ürün tipi: Triger dişli kasnak; Profil / modül: T10 (10 mm hatve, DIN 7721); Diş sayısı: 26; Kayış genişliği: 25 mm; Malzeme: Alüminyum";;T10 25-26 F-AL Triger Dişli Kasnak;MKA;Yok;;Orta;"Site markası 'MKA' jenerik etiket; delik çapı belirtilmemiş.";"Adlandırma: profil, kayış genişliği-diş sayısı; 'F' büyük olasılıkla flanşlı [TEYİT]. Delik (pilot/işlenmiş) bilgisi yok.";https://www.cncdunyasi.com/urun/t10-25-26-f-al-triger-disli-kasnak
Güç aktarma: kasnak, dişli ve redüktör;(markasız);T10 26 diş, 32 mm kayış;T10 32-26 F-AL;T10 triger kasnak, 26 diş, 32 mm kayış için, alüminyum (F-AL);T10 triger kasnak;"Seri: T10 triger kasnak; Ürün tipi: Triger dişli kasnak; Profil / modül: T10 (10 mm hatve, DIN 7721); Diş sayısı: 26; Kayış genişliği: 32 mm; Malzeme: Alüminyum";;T10 32-26 F-AL Triger Dişli Kasnak;MKA;Yok;;Orta;"Site markası 'MKA' jenerik etiket; delik çapı belirtilmemiş.";"Adlandırma: profil, kayış genişliği-diş sayısı; 'F' büyük olasılıkla flanşlı [TEYİT]. Delik (pilot/işlenmiş) bilgisi yok.";https://www.cncdunyasi.com/urun/t10-32-26-f-al-triger-disli-kasnak
Güç aktarma: kasnak, dişli ve redüktör;(markasız);T10 28 diş, 16 mm kayış;T10 16-28 F-AL;T10 triger kasnak, 28 diş, 16 mm kayış için, alüminyum (F-AL);T10 triger kasnak;"Seri: T10 triger kasnak; Ürün tipi: Triger dişli kasnak; Profil / modül: T10 (10 mm hatve, DIN 7721); Diş sayısı: 28; Kayış genişliği: 16 mm; Malzeme: Alüminyum";;T10 16-28 F-AL Triger Dişli Kasnak;MKA;Yok;;Orta;"Site markası 'MKA' jenerik etiket; delik çapı belirtilmemiş.";"Adlandırma: profil, kayış genişliği-diş sayısı; 'F' büyük olasılıkla flanşlı [TEYİT]. Delik (pilot/işlenmiş) bilgisi yok.";https://www.cncdunyasi.com/urun/t10-16-28-f-al-triger-disli-kasnak
Güç aktarma: kasnak, dişli ve redüktör;(markasız);T10 28 diş, 25 mm kayış;T10 25-28 F-AL;T10 triger kasnak, 28 diş, 25 mm kayış için, alüminyum (F-AL);T10 triger kasnak;"Seri: T10 triger kasnak; Ürün tipi: Triger dişli kasnak; Profil / modül: T10 (10 mm hatve, DIN 7721); Diş sayısı: 28; Kayış genişliği: 25 mm; Malzeme: Alüminyum";;T10 25-28 F-AL Triger Dişli Kasnak;MKA;Yok;;Orta;"Site markası 'MKA' jenerik etiket; delik çapı belirtilmemiş.";"Adlandırma: profil, kayış genişliği-diş sayısı; 'F' büyük olasılıkla flanşlı [TEYİT]. Delik (pilot/işlenmiş) bilgisi yok.";https://www.cncdunyasi.com/urun/t10-25-28-f-al-triger-disli-kasnak
Güç aktarma: kasnak, dişli ve redüktör;(markasız);T10 28 diş, 32 mm kayış;T10 32-28 F-AL;T10 triger kasnak, 28 diş, 32 mm kayış için, alüminyum (F-AL);T10 triger kasnak;"Seri: T10 triger kasnak; Ürün tipi: Triger dişli kasnak; Profil / modül: T10 (10 mm hatve, DIN 7721); Diş sayısı: 28; Kayış genişliği: 32 mm; Malzeme: Alüminyum";;T10 32-28 F-AL Triger Dişli Kasnak;MKA;Yok;;Orta;"Site markası 'MKA' jenerik etiket; delik çapı belirtilmemiş.";"Adlandırma: profil, kayış genişliği-diş sayısı; 'F' büyük olasılıkla flanşlı [TEYİT]. Delik (pilot/işlenmiş) bilgisi yok.";https://www.cncdunyasi.com/urun/t10-32-28-f-al-triger-disli-kasnak
Güç aktarma: kasnak, dişli ve redüktör;(markasız);T10 30 diş, 16 mm kayış;T10 16-30 F-AL;T10 triger kasnak, 30 diş, 16 mm kayış için, alüminyum (F-AL);T10 triger kasnak;"Seri: T10 triger kasnak; Ürün tipi: Triger dişli kasnak; Profil / modül: T10 (10 mm hatve, DIN 7721); Diş sayısı: 30; Kayış genişliği: 16 mm; Malzeme: Alüminyum";;T10 16-30 F-AL Triger Dişli Kasnak;MKA;Yok;;Orta;"Site markası 'MKA' jenerik etiket; delik çapı belirtilmemiş.";"Adlandırma: profil, kayış genişliği-diş sayısı; 'F' büyük olasılıkla flanşlı [TEYİT]. Delik (pilot/işlenmiş) bilgisi yok.";https://www.cncdunyasi.com/urun/t10-16-30-f-al-triger-disli-kasnak
Güç aktarma: kasnak, dişli ve redüktör;(markasız);T10 30 diş, 25 mm kayış;T10 25-30 F-AL;T10 triger kasnak, 30 diş, 25 mm kayış için, alüminyum (F-AL);T10 triger kasnak;"Seri: T10 triger kasnak; Ürün tipi: Triger dişli kasnak; Profil / modül: T10 (10 mm hatve, DIN 7721); Diş sayısı: 30; Kayış genişliği: 25 mm; Malzeme: Alüminyum";;T10 25-30 F-AL Triger Dişli Kasnak;MKA;Yok;;Orta;"Site markası 'MKA' jenerik etiket; delik çapı belirtilmemiş.";"Adlandırma: profil, kayış genişliği-diş sayısı; 'F' büyük olasılıkla flanşlı [TEYİT]. Delik (pilot/işlenmiş) bilgisi yok.";https://www.cncdunyasi.com/urun/t10-25-30-f-al-triger-disli-kasnak
Güç aktarma: kasnak, dişli ve redüktör;(markasız);T10 30 diş, 32 mm kayış;T10 32-30 F-AL;T10 triger kasnak, 30 diş, 32 mm kayış için, alüminyum (F-AL);T10 triger kasnak;"Seri: T10 triger kasnak; Ürün tipi: Triger dişli kasnak; Profil / modül: T10 (10 mm hatve, DIN 7721); Diş sayısı: 30; Kayış genişliği: 32 mm; Malzeme: Alüminyum";;T10 32-30 F-AL Triger Dişli Kasnak;MKA;Yok;;Orta;"Site markası 'MKA' jenerik etiket; delik çapı belirtilmemiş.";"Adlandırma: profil, kayış genişliği-diş sayısı; 'F' büyük olasılıkla flanşlı [TEYİT]. Delik (pilot/işlenmiş) bilgisi yok.";https://www.cncdunyasi.com/urun/t10-32-30-f-al-triger-disli-kasnak
Güç aktarma: kasnak, dişli ve redüktör;(markasız);T10 32 diş, 16 mm kayış;T10 16-32 F-AL;T10 triger kasnak, 32 diş, 16 mm kayış için, alüminyum (F-AL);T10 triger kasnak;"Seri: T10 triger kasnak; Ürün tipi: Triger dişli kasnak; Profil / modül: T10 (10 mm hatve, DIN 7721); Diş sayısı: 32; Kayış genişliği: 16 mm; Malzeme: Alüminyum";;T10 16-32 F-AL Triger Dişli Kasnak;MKA;Yok;;Orta;"Site markası 'MKA' jenerik etiket; delik çapı belirtilmemiş.";"Adlandırma: profil, kayış genişliği-diş sayısı; 'F' büyük olasılıkla flanşlı [TEYİT]. Delik (pilot/işlenmiş) bilgisi yok.";https://www.cncdunyasi.com/urun/t10-16-32-f-al-triger-disli-kasnak
Güç aktarma: kasnak, dişli ve redüktör;(markasız);T10 32 diş, 25 mm kayış;T10 25-32 F-AL;T10 triger kasnak, 32 diş, 25 mm kayış için, alüminyum (F-AL);T10 triger kasnak;"Seri: T10 triger kasnak; Ürün tipi: Triger dişli kasnak; Profil / modül: T10 (10 mm hatve, DIN 7721); Diş sayısı: 32; Kayış genişliği: 25 mm; Malzeme: Alüminyum";;T10 25-32 F-AL Triger Dişli Kasnak;MKA;Yok;;Orta;"Site markası 'MKA' jenerik etiket; delik çapı belirtilmemiş.";"Adlandırma: profil, kayış genişliği-diş sayısı; 'F' büyük olasılıkla flanşlı [TEYİT]. Delik (pilot/işlenmiş) bilgisi yok.";https://www.cncdunyasi.com/urun/t10-25-32-f-al-triger-disli-kasnak
Güç aktarma: kasnak, dişli ve redüktör;(markasız);T10 32 diş, 32 mm kayış;T10 32-32 F-AL;T10 triger kasnak, 32 diş, 32 mm kayış için, alüminyum (F-AL);T10 triger kasnak;"Seri: T10 triger kasnak; Ürün tipi: Triger dişli kasnak; Profil / modül: T10 (10 mm hatve, DIN 7721); Diş sayısı: 32; Kayış genişliği: 32 mm; Malzeme: Alüminyum";;T10 32-32 F-AL Triger Dişli Kasnak;MKA;Yok;;Orta;"Site markası 'MKA' jenerik etiket; delik çapı belirtilmemiş.";"Adlandırma: profil, kayış genişliği-diş sayısı; 'F' büyük olasılıkla flanşlı [TEYİT]. Delik (pilot/işlenmiş) bilgisi yok.";https://www.cncdunyasi.com/urun/t10-32-32-f-al-triger-disli-kasnak
Güç aktarma: kasnak, dişli ve redüktör;(markasız);T10 36 diş, 16 mm kayış;T10 16-36 F-AL;T10 triger kasnak, 36 diş, 16 mm kayış için, alüminyum (F-AL);T10 triger kasnak;"Seri: T10 triger kasnak; Ürün tipi: Triger dişli kasnak; Profil / modül: T10 (10 mm hatve, DIN 7721); Diş sayısı: 36; Kayış genişliği: 16 mm; Malzeme: Alüminyum";;T10 16-36 F-AL Triger Dişli Kasnak;MKA;Yok;;Orta;"Site markası 'MKA' jenerik etiket; delik çapı belirtilmemiş.";"Adlandırma: profil, kayış genişliği-diş sayısı; 'F' büyük olasılıkla flanşlı [TEYİT]. Delik (pilot/işlenmiş) bilgisi yok.";https://www.cncdunyasi.com/urun/t10-16-36-f-al-triger-disli-kasnak
Güç aktarma: kasnak, dişli ve redüktör;(markasız);T10 36 diş, 25 mm kayış;T10 25-36 F-AL;T10 triger kasnak, 36 diş, 25 mm kayış için, alüminyum (F-AL);T10 triger kasnak;"Seri: T10 triger kasnak; Ürün tipi: Triger dişli kasnak; Profil / modül: T10 (10 mm hatve, DIN 7721); Diş sayısı: 36; Kayış genişliği: 25 mm; Malzeme: Alüminyum";;T10 25-36 F-AL Triger Dişli Kasnak;MKA;Yok;;Orta;"Site markası 'MKA' jenerik etiket; delik çapı belirtilmemiş.";"Adlandırma: profil, kayış genişliği-diş sayısı; 'F' büyük olasılıkla flanşlı [TEYİT]. Delik (pilot/işlenmiş) bilgisi yok.";https://www.cncdunyasi.com/urun/t10-25-36-f-al-triger-disli-kasnak
Güç aktarma: kasnak, dişli ve redüktör;(markasız);T10 36 diş, 32 mm kayış;T10 32-36 F-AL;T10 triger kasnak, 36 diş, 32 mm kayış için, alüminyum (F-AL);T10 triger kasnak;"Seri: T10 triger kasnak; Ürün tipi: Triger dişli kasnak; Profil / modül: T10 (10 mm hatve, DIN 7721); Diş sayısı: 36; Kayış genişliği: 32 mm; Malzeme: Alüminyum";;T10 32-36 F-AL Triger Dişli Kasnak;MKA;Yok;;Orta;"Site markası 'MKA' jenerik etiket; delik çapı belirtilmemiş.";"Adlandırma: profil, kayış genişliği-diş sayısı; 'F' büyük olasılıkla flanşlı [TEYİT]. Delik (pilot/işlenmiş) bilgisi yok.";https://www.cncdunyasi.com/urun/t10-32-36-f-al-triger-disli-kasnak
Güç aktarma: kasnak, dişli ve redüktör;(markasız);T10 40 diş, 16 mm kayış;T10 16-40 F-AL;T10 triger kasnak, 40 diş, 16 mm kayış için, alüminyum (F-AL);T10 triger kasnak;"Seri: T10 triger kasnak; Ürün tipi: Triger dişli kasnak; Profil / modül: T10 (10 mm hatve, DIN 7721); Diş sayısı: 40; Kayış genişliği: 16 mm; Malzeme: Alüminyum";;T10 16-40 F-AL Triger Dişli Kasnak;MKA;Yok;;Orta;"Site markası 'MKA' jenerik etiket; delik çapı belirtilmemiş.";"Adlandırma: profil, kayış genişliği-diş sayısı; 'F' büyük olasılıkla flanşlı [TEYİT]. Delik (pilot/işlenmiş) bilgisi yok.";https://www.cncdunyasi.com/urun/t10-16-40-f-al-triger-disli-kasnak
Güç aktarma: kasnak, dişli ve redüktör;(markasız);T10 40 diş, 25 mm kayış;T10 25-40 F-AL;T10 triger kasnak, 40 diş, 25 mm kayış için, alüminyum (F-AL);T10 triger kasnak;"Seri: T10 triger kasnak; Ürün tipi: Triger dişli kasnak; Profil / modül: T10 (10 mm hatve, DIN 7721); Diş sayısı: 40; Kayış genişliği: 25 mm; Malzeme: Alüminyum";;T10 25-40 F-AL Triger Dişli Kasnak;MKA;Yok;;Orta;"Site markası 'MKA' jenerik etiket; delik çapı belirtilmemiş.";"Adlandırma: profil, kayış genişliği-diş sayısı; 'F' büyük olasılıkla flanşlı [TEYİT]. Delik (pilot/işlenmiş) bilgisi yok.";https://www.cncdunyasi.com/urun/t10-25-40-f-al-triger-disli-kasnak
Güç aktarma: kasnak, dişli ve redüktör;(markasız);T10 40 diş, 32 mm kayış;T10 32-40 F-AL;T10 triger kasnak, 40 diş, 32 mm kayış için, alüminyum (F-AL);T10 triger kasnak;"Seri: T10 triger kasnak; Ürün tipi: Triger dişli kasnak; Profil / modül: T10 (10 mm hatve, DIN 7721); Diş sayısı: 40; Kayış genişliği: 32 mm; Malzeme: Alüminyum";;T10 32-40 F-AL Triger Dişli Kasnak;MKA;Yok;;Orta;"Site markası 'MKA' jenerik etiket; delik çapı belirtilmemiş.";"Adlandırma: profil, kayış genişliği-diş sayısı; 'F' büyük olasılıkla flanşlı [TEYİT]. Delik (pilot/işlenmiş) bilgisi yok.";https://www.cncdunyasi.com/urun/t10-32-40-f-al-triger-disli-kasnak
Güç aktarma: kasnak, dişli ve redüktör;(markasız);T5 10 diş, 10 mm kayış;T5 10-10 F-AL;T5 triger kasnak, 10 diş, 10 mm kayış için, alüminyum (F-AL);T5 triger kasnak;"Seri: T5 triger kasnak; Ürün tipi: Triger dişli kasnak; Profil / modül: T5 (5 mm hatve, DIN 7721); Diş sayısı: 10; Kayış genişliği: 10 mm; Malzeme: Alüminyum";;T5 10-10 F-AL Triger Dişli Kasnak;MKA;Yok;;Orta;"Site markası 'MKA' jenerik etiket; delik çapı belirtilmemiş.";"Adlandırma: profil, kayış genişliği-diş sayısı; 'F' büyük olasılıkla flanşlı [TEYİT]. Delik (pilot/işlenmiş) bilgisi yok.";https://www.cncdunyasi.com/urun/t5-10-10-f-al-triger-disli-kasnak
Güç aktarma: kasnak, dişli ve redüktör;(markasız);T5 10 diş, 16 mm kayış;T5 16-10 F-AL;T5 triger kasnak, 10 diş, 16 mm kayış için, alüminyum (F-AL);T5 triger kasnak;"Seri: T5 triger kasnak; Ürün tipi: Triger dişli kasnak; Profil / modül: T5 (5 mm hatve, DIN 7721); Diş sayısı: 10; Kayış genişliği: 16 mm; Malzeme: Alüminyum";;T5 16-10 F-AL Triger Dişli Kasnak;MKA;Yok;;Orta;"Site markası 'MKA' jenerik etiket; delik çapı belirtilmemiş.";"Adlandırma: profil, kayış genişliği-diş sayısı; 'F' büyük olasılıkla flanşlı [TEYİT]. Delik (pilot/işlenmiş) bilgisi yok.";https://www.cncdunyasi.com/urun/t5-16-10-f-al-triger-disli-kasnak
Güç aktarma: kasnak, dişli ve redüktör;(markasız);T5 10 diş, 25 mm kayış;T5 25-10 F-AL;T5 triger kasnak, 10 diş, 25 mm kayış için, alüminyum (F-AL);T5 triger kasnak;"Seri: T5 triger kasnak; Ürün tipi: Triger dişli kasnak; Profil / modül: T5 (5 mm hatve, DIN 7721); Diş sayısı: 10; Kayış genişliği: 25 mm; Malzeme: Alüminyum";;T5 25-10 F-AL Triger Dişli Kasnak;MKA;Yok;;Orta;"Site markası 'MKA' jenerik etiket; delik çapı belirtilmemiş.";"Adlandırma: profil, kayış genişliği-diş sayısı; 'F' büyük olasılıkla flanşlı [TEYİT]. Delik (pilot/işlenmiş) bilgisi yok.";https://www.cncdunyasi.com/urun/t5-25-10-f-al-triger-disli-kasnak
Güç aktarma: kasnak, dişli ve redüktör;(markasız);T5 12 diş, 10 mm kayış;T5 10-12 F-AL;T5 triger kasnak, 12 diş, 10 mm kayış için, alüminyum (F-AL);T5 triger kasnak;"Seri: T5 triger kasnak; Ürün tipi: Triger dişli kasnak; Profil / modül: T5 (5 mm hatve, DIN 7721); Diş sayısı: 12; Kayış genişliği: 10 mm; Malzeme: Alüminyum";;T5 10-12 F-AL Triger Dişli Kasnak;MKA;Yok;;Orta;"Site markası 'MKA' jenerik etiket; delik çapı belirtilmemiş.";"Adlandırma: profil, kayış genişliği-diş sayısı; 'F' büyük olasılıkla flanşlı [TEYİT]. Delik (pilot/işlenmiş) bilgisi yok.";https://www.cncdunyasi.com/urun/t5-10-12-f-al-triger-disli-kasnak
Güç aktarma: kasnak, dişli ve redüktör;(markasız);T5 12 diş, 16 mm kayış;T5 16-12 F-AL;T5 triger kasnak, 12 diş, 16 mm kayış için, alüminyum (F-AL);T5 triger kasnak;"Seri: T5 triger kasnak; Ürün tipi: Triger dişli kasnak; Profil / modül: T5 (5 mm hatve, DIN 7721); Diş sayısı: 12; Kayış genişliği: 16 mm; Malzeme: Alüminyum";;T5 16-12 F-AL Triger Dişli Kasnak;MKA;Yok;;Orta;"Site markası 'MKA' jenerik etiket; delik çapı belirtilmemiş.";"Adlandırma: profil, kayış genişliği-diş sayısı; 'F' büyük olasılıkla flanşlı [TEYİT]. Delik (pilot/işlenmiş) bilgisi yok.";https://www.cncdunyasi.com/urun/t5-16-12-f-al-triger-disli-kasnak
Güç aktarma: kasnak, dişli ve redüktör;(markasız);T5 12 diş, 25 mm kayış;T5 25-12 F-AL;T5 triger kasnak, 12 diş, 25 mm kayış için, alüminyum (F-AL);T5 triger kasnak;"Seri: T5 triger kasnak; Ürün tipi: Triger dişli kasnak; Profil / modül: T5 (5 mm hatve, DIN 7721); Diş sayısı: 12; Kayış genişliği: 25 mm; Malzeme: Alüminyum";;T5 25-12 F-AL Triger Dişli Kasnak;MKA;Yok;;Orta;"Site markası 'MKA' jenerik etiket; delik çapı belirtilmemiş.";"Adlandırma: profil, kayış genişliği-diş sayısı; 'F' büyük olasılıkla flanşlı [TEYİT]. Delik (pilot/işlenmiş) bilgisi yok.";https://www.cncdunyasi.com/urun/t5-25-12-f-al-triger-disli-kasnak
Güç aktarma: kasnak, dişli ve redüktör;(markasız);T5 14 diş, 10 mm kayış;T5 10-14 F-AL;T5 triger kasnak, 14 diş, 10 mm kayış için, alüminyum (F-AL);T5 triger kasnak;"Seri: T5 triger kasnak; Ürün tipi: Triger dişli kasnak; Profil / modül: T5 (5 mm hatve, DIN 7721); Diş sayısı: 14; Kayış genişliği: 10 mm; Malzeme: Alüminyum";;T5 10-14 F-AL Triger Dişli Kasnak;MKA;Yok;;Orta;"Site markası 'MKA' jenerik etiket; delik çapı belirtilmemiş.";"Adlandırma: profil, kayış genişliği-diş sayısı; 'F' büyük olasılıkla flanşlı [TEYİT]. Delik (pilot/işlenmiş) bilgisi yok.";https://www.cncdunyasi.com/urun/t5-10-14-f-al-triger-disli-kasnak
Güç aktarma: kasnak, dişli ve redüktör;(markasız);T5 14 diş, 16 mm kayış;T5 16-14 F-AL;T5 triger kasnak, 14 diş, 16 mm kayış için, alüminyum (F-AL);T5 triger kasnak;"Seri: T5 triger kasnak; Ürün tipi: Triger dişli kasnak; Profil / modül: T5 (5 mm hatve, DIN 7721); Diş sayısı: 14; Kayış genişliği: 16 mm; Malzeme: Alüminyum";;T5 16-14 F-AL Triger Dişli Kasnak;MKA;Yok;;Orta;"Site markası 'MKA' jenerik etiket; delik çapı belirtilmemiş.";"Adlandırma: profil, kayış genişliği-diş sayısı; 'F' büyük olasılıkla flanşlı [TEYİT]. Delik (pilot/işlenmiş) bilgisi yok.";https://www.cncdunyasi.com/urun/t5-16-14-f-al-triger-disli-kasnak
Güç aktarma: kasnak, dişli ve redüktör;(markasız);T5 14 diş, 25 mm kayış;T5 25-14 F-AL;T5 triger kasnak, 14 diş, 25 mm kayış için, alüminyum (F-AL);T5 triger kasnak;"Seri: T5 triger kasnak; Ürün tipi: Triger dişli kasnak; Profil / modül: T5 (5 mm hatve, DIN 7721); Diş sayısı: 14; Kayış genişliği: 25 mm; Malzeme: Alüminyum";;T5 25-14 F-AL Triger Dişli Kasnak;MKA;Yok;;Orta;"Site markası 'MKA' jenerik etiket; delik çapı belirtilmemiş.";"Adlandırma: profil, kayış genişliği-diş sayısı; 'F' büyük olasılıkla flanşlı [TEYİT]. Delik (pilot/işlenmiş) bilgisi yok.";https://www.cncdunyasi.com/urun/t5-25-14-f-al-triger-disli-kasnak
Güç aktarma: kasnak, dişli ve redüktör;(markasız);T5 16 diş, 10 mm kayış;T5 10-16 F-AL;T5 triger kasnak, 16 diş, 10 mm kayış için, alüminyum (F-AL);T5 triger kasnak;"Seri: T5 triger kasnak; Ürün tipi: Triger dişli kasnak; Profil / modül: T5 (5 mm hatve, DIN 7721); Diş sayısı: 16; Kayış genişliği: 10 mm; Malzeme: Alüminyum";;T5 10-16 F-AL Triger Dişli Kasnak;MKA;Yok;;Orta;"Site markası 'MKA' jenerik etiket; delik çapı belirtilmemiş.";"Adlandırma: profil, kayış genişliği-diş sayısı; 'F' büyük olasılıkla flanşlı [TEYİT]. Delik (pilot/işlenmiş) bilgisi yok.";https://www.cncdunyasi.com/urun/t5-10-16-f-al-triger-disli-kasnak
Güç aktarma: kasnak, dişli ve redüktör;(markasız);T5 16 diş, 16 mm kayış;T5 16-16 F-AL;T5 triger kasnak, 16 diş, 16 mm kayış için, alüminyum (F-AL);T5 triger kasnak;"Seri: T5 triger kasnak; Ürün tipi: Triger dişli kasnak; Profil / modül: T5 (5 mm hatve, DIN 7721); Diş sayısı: 16; Kayış genişliği: 16 mm; Malzeme: Alüminyum";;T5 16-16 F-AL Triger Dişli Kasnak;MKA;Yok;;Orta;"Site markası 'MKA' jenerik etiket; delik çapı belirtilmemiş.";"Adlandırma: profil, kayış genişliği-diş sayısı; 'F' büyük olasılıkla flanşlı [TEYİT]. Delik (pilot/işlenmiş) bilgisi yok.";https://www.cncdunyasi.com/urun/t5-16-16-f-al-triger-disli-kasnak
Güç aktarma: kasnak, dişli ve redüktör;(markasız);T5 16 diş, 25 mm kayış;T5 25-16 F-AL;T5 triger kasnak, 16 diş, 25 mm kayış için, alüminyum (F-AL);T5 triger kasnak;"Seri: T5 triger kasnak; Ürün tipi: Triger dişli kasnak; Profil / modül: T5 (5 mm hatve, DIN 7721); Diş sayısı: 16; Kayış genişliği: 25 mm; Malzeme: Alüminyum";;T5 25-16 F-AL Triger Dişli Kasnak;MKA;Yok;;Orta;"Site markası 'MKA' jenerik etiket; delik çapı belirtilmemiş.";"Adlandırma: profil, kayış genişliği-diş sayısı; 'F' büyük olasılıkla flanşlı [TEYİT]. Delik (pilot/işlenmiş) bilgisi yok.";https://www.cncdunyasi.com/urun/t5-25-16-f-al-triger-disli-kasnak
Güç aktarma: kasnak, dişli ve redüktör;(markasız);T5 18 diş, 10 mm kayış;T5 10-18 F-AL;T5 triger kasnak, 18 diş, 10 mm kayış için, alüminyum (F-AL);T5 triger kasnak;"Seri: T5 triger kasnak; Ürün tipi: Triger dişli kasnak; Profil / modül: T5 (5 mm hatve, DIN 7721); Diş sayısı: 18; Kayış genişliği: 10 mm; Malzeme: Alüminyum";;T5 10-18 F-AL Triger Dişli Kasnak;MKA;Yok;;Orta;"Site markası 'MKA' jenerik etiket; delik çapı belirtilmemiş.";"Adlandırma: profil, kayış genişliği-diş sayısı; 'F' büyük olasılıkla flanşlı [TEYİT]. Delik (pilot/işlenmiş) bilgisi yok.";https://www.cncdunyasi.com/urun/t5-10-18-f-al-triger-disli-kasnak
Güç aktarma: kasnak, dişli ve redüktör;(markasız);T5 18 diş, 16 mm kayış;T5 16-18 F-AL;T5 triger kasnak, 18 diş, 16 mm kayış için, alüminyum (F-AL);T5 triger kasnak;"Seri: T5 triger kasnak; Ürün tipi: Triger dişli kasnak; Profil / modül: T5 (5 mm hatve, DIN 7721); Diş sayısı: 18; Kayış genişliği: 16 mm; Malzeme: Alüminyum";;T5 16-18 F-AL Triger Dişli Kasnak;MKA;Yok;;Orta;"Site markası 'MKA' jenerik etiket; delik çapı belirtilmemiş.";"Adlandırma: profil, kayış genişliği-diş sayısı; 'F' büyük olasılıkla flanşlı [TEYİT]. Delik (pilot/işlenmiş) bilgisi yok.";https://www.cncdunyasi.com/urun/t5-16-18-f-al-triger-disli-kasnak
Güç aktarma: kasnak, dişli ve redüktör;(markasız);T5 18 diş, 25 mm kayış;T5 25-18 F-AL;T5 triger kasnak, 18 diş, 25 mm kayış için, alüminyum (F-AL);T5 triger kasnak;"Seri: T5 triger kasnak; Ürün tipi: Triger dişli kasnak; Profil / modül: T5 (5 mm hatve, DIN 7721); Diş sayısı: 18; Kayış genişliği: 25 mm; Malzeme: Alüminyum";;T5 25-18 F-AL Triger Dişli Kasnak;MKA;Yok;;Orta;"Site markası 'MKA' jenerik etiket; delik çapı belirtilmemiş.";"Adlandırma: profil, kayış genişliği-diş sayısı; 'F' büyük olasılıkla flanşlı [TEYİT]. Delik (pilot/işlenmiş) bilgisi yok.";https://www.cncdunyasi.com/urun/t5-25-18-f-al-triger-disli-kasnak
Güç aktarma: kasnak, dişli ve redüktör;(markasız);T5 20 diş, 10 mm kayış;T5 10-20 F-AL;T5 triger kasnak, 20 diş, 10 mm kayış için, alüminyum (F-AL);T5 triger kasnak;"Seri: T5 triger kasnak; Ürün tipi: Triger dişli kasnak; Profil / modül: T5 (5 mm hatve, DIN 7721); Diş sayısı: 20; Kayış genişliği: 10 mm; Malzeme: Alüminyum";;T5 10-20 F-AL Triger Dişli Kasnak;MKA;Yok;;Orta;"Site markası 'MKA' jenerik etiket; delik çapı belirtilmemiş.";"Adlandırma: profil, kayış genişliği-diş sayısı; 'F' büyük olasılıkla flanşlı [TEYİT]. Delik (pilot/işlenmiş) bilgisi yok.";https://www.cncdunyasi.com/urun/t5-10-20-f-al-triger-disli-kasnak
Güç aktarma: kasnak, dişli ve redüktör;(markasız);T5 20 diş, 16 mm kayış;T5 16-20 F-AL;T5 triger kasnak, 20 diş, 16 mm kayış için, alüminyum (F-AL);T5 triger kasnak;"Seri: T5 triger kasnak; Ürün tipi: Triger dişli kasnak; Profil / modül: T5 (5 mm hatve, DIN 7721); Diş sayısı: 20; Kayış genişliği: 16 mm; Malzeme: Alüminyum";;T5 16-20 F-AL Triger Dişli Kasnak;MKA;Yok;;Orta;"Site markası 'MKA' jenerik etiket; delik çapı belirtilmemiş.";"Adlandırma: profil, kayış genişliği-diş sayısı; 'F' büyük olasılıkla flanşlı [TEYİT]. Delik (pilot/işlenmiş) bilgisi yok.";https://www.cncdunyasi.com/urun/t5-16-20-f-al-triger-disli-kasnak
Güç aktarma: kasnak, dişli ve redüktör;(markasız);T5 20 diş, 25 mm kayış;T5 25-20 F-AL;T5 triger kasnak, 20 diş, 25 mm kayış için, alüminyum (F-AL);T5 triger kasnak;"Seri: T5 triger kasnak; Ürün tipi: Triger dişli kasnak; Profil / modül: T5 (5 mm hatve, DIN 7721); Diş sayısı: 20; Kayış genişliği: 25 mm; Malzeme: Alüminyum";;T5 25-20 F-AL Triger Dişli Kasnak;MKA;Yok;;Orta;"Site markası 'MKA' jenerik etiket; delik çapı belirtilmemiş.";"Adlandırma: profil, kayış genişliği-diş sayısı; 'F' büyük olasılıkla flanşlı [TEYİT]. Delik (pilot/işlenmiş) bilgisi yok.";https://www.cncdunyasi.com/urun/t5-25-20-f-al-triger-disli-kasnak
Güç aktarma: kasnak, dişli ve redüktör;(markasız);T5 22 diş, 10 mm kayış;T5 10-22 F-AL;T5 triger kasnak, 22 diş, 10 mm kayış için, alüminyum (F-AL);T5 triger kasnak;"Seri: T5 triger kasnak; Ürün tipi: Triger dişli kasnak; Profil / modül: T5 (5 mm hatve, DIN 7721); Diş sayısı: 22; Kayış genişliği: 10 mm; Malzeme: Alüminyum";;T5 10-22 F-AL Triger Dişli Kasnak;MKA;Yok;;Orta;"Site markası 'MKA' jenerik etiket; delik çapı belirtilmemiş.";"Adlandırma: profil, kayış genişliği-diş sayısı; 'F' büyük olasılıkla flanşlı [TEYİT]. Delik (pilot/işlenmiş) bilgisi yok.";https://www.cncdunyasi.com/urun/t5-10-22-f-al-triger-disli-kasnak
Güç aktarma: kasnak, dişli ve redüktör;(markasız);T5 22 diş, 16 mm kayış;T5 16-22 F-AL;T5 triger kasnak, 22 diş, 16 mm kayış için, alüminyum (F-AL);T5 triger kasnak;"Seri: T5 triger kasnak; Ürün tipi: Triger dişli kasnak; Profil / modül: T5 (5 mm hatve, DIN 7721); Diş sayısı: 22; Kayış genişliği: 16 mm; Malzeme: Alüminyum";;T5 16-22 F-AL Triger Dişli Kasnak;MKA;Yok;;Orta;"Site markası 'MKA' jenerik etiket; delik çapı belirtilmemiş.";"Adlandırma: profil, kayış genişliği-diş sayısı; 'F' büyük olasılıkla flanşlı [TEYİT]. Delik (pilot/işlenmiş) bilgisi yok.";https://www.cncdunyasi.com/urun/t5-16-22-f-al-triger-disli-kasnak
Güç aktarma: kasnak, dişli ve redüktör;(markasız);T5 22 diş, 25 mm kayış;T5 25-22 F-AL;T5 triger kasnak, 22 diş, 25 mm kayış için, alüminyum (F-AL);T5 triger kasnak;"Seri: T5 triger kasnak; Ürün tipi: Triger dişli kasnak; Profil / modül: T5 (5 mm hatve, DIN 7721); Diş sayısı: 22; Kayış genişliği: 25 mm; Malzeme: Alüminyum";;T5 25-22 F-AL Triger Dişli Kasnak;MKA;Yok;;Orta;"Site markası 'MKA' jenerik etiket; delik çapı belirtilmemiş.";"Adlandırma: profil, kayış genişliği-diş sayısı; 'F' büyük olasılıkla flanşlı [TEYİT]. Delik (pilot/işlenmiş) bilgisi yok.";https://www.cncdunyasi.com/urun/t5-25-22-f-al-triger-disli-kasnak
Güç aktarma: kasnak, dişli ve redüktör;(markasız);T5 24 diş, 10 mm kayış;T5 10-24 F-AL;T5 triger kasnak, 24 diş, 10 mm kayış için, alüminyum (F-AL);T5 triger kasnak;"Seri: T5 triger kasnak; Ürün tipi: Triger dişli kasnak; Profil / modül: T5 (5 mm hatve, DIN 7721); Diş sayısı: 24; Kayış genişliği: 10 mm; Malzeme: Alüminyum";;T5 10-24 F-AL Triger Dişli Kasnak;MKA;Yok;;Orta;"Site markası 'MKA' jenerik etiket; delik çapı belirtilmemiş.";"Adlandırma: profil, kayış genişliği-diş sayısı; 'F' büyük olasılıkla flanşlı [TEYİT]. Delik (pilot/işlenmiş) bilgisi yok.";https://www.cncdunyasi.com/urun/t5-10-24-f-al-triger-disli-kasnak
Güç aktarma: kasnak, dişli ve redüktör;(markasız);T5 24 diş, 16 mm kayış;T5 16-24 F-AL;T5 triger kasnak, 24 diş, 16 mm kayış için, alüminyum (F-AL);T5 triger kasnak;"Seri: T5 triger kasnak; Ürün tipi: Triger dişli kasnak; Profil / modül: T5 (5 mm hatve, DIN 7721); Diş sayısı: 24; Kayış genişliği: 16 mm; Malzeme: Alüminyum";;T5 16-24 F-AL Triger Dişli Kasnak;MKA;Yok;;Orta;"Site markası 'MKA' jenerik etiket; delik çapı belirtilmemiş.";"Adlandırma: profil, kayış genişliği-diş sayısı; 'F' büyük olasılıkla flanşlı [TEYİT]. Delik (pilot/işlenmiş) bilgisi yok.";https://www.cncdunyasi.com/urun/t5-16-24-f-al-triger-disli-kasnak
Güç aktarma: kasnak, dişli ve redüktör;(markasız);T5 24 diş, 25 mm kayış;T5 25-24 F-AL;T5 triger kasnak, 24 diş, 25 mm kayış için, alüminyum (F-AL);T5 triger kasnak;"Seri: T5 triger kasnak; Ürün tipi: Triger dişli kasnak; Profil / modül: T5 (5 mm hatve, DIN 7721); Diş sayısı: 24; Kayış genişliği: 25 mm; Malzeme: Alüminyum";;T5 25-24 F-AL Triger Dişli Kasnak;MKA;Yok;;Orta;"Site markası 'MKA' jenerik etiket; delik çapı belirtilmemiş.";"Adlandırma: profil, kayış genişliği-diş sayısı; 'F' büyük olasılıkla flanşlı [TEYİT]. Delik (pilot/işlenmiş) bilgisi yok.";https://www.cncdunyasi.com/urun/t5-25-24-f-al-triger-disli-kasnak
Güç aktarma: kasnak, dişli ve redüktör;(markasız);T5 25 diş, 10 mm kayış;T5 10-25 F-AL;T5 triger kasnak, 25 diş, 10 mm kayış için, alüminyum (F-AL);T5 triger kasnak;"Seri: T5 triger kasnak; Ürün tipi: Triger dişli kasnak; Profil / modül: T5 (5 mm hatve, DIN 7721); Diş sayısı: 25; Kayış genişliği: 10 mm; Malzeme: Alüminyum";;T5 10-25 F-AL Triger Dişli Kasnak;MKA;Yok;;Orta;"Site markası 'MKA' jenerik etiket; delik çapı belirtilmemiş.";"Adlandırma: profil, kayış genişliği-diş sayısı; 'F' büyük olasılıkla flanşlı [TEYİT]. Delik (pilot/işlenmiş) bilgisi yok.";https://www.cncdunyasi.com/urun/t5-10-25-f-al-triger-disli-kasnak
Güç aktarma: kasnak, dişli ve redüktör;(markasız);T5 26 diş, 10 mm kayış;T5 10-26 F-AL;T5 triger kasnak, 26 diş, 10 mm kayış için, alüminyum (F-AL);T5 triger kasnak;"Seri: T5 triger kasnak; Ürün tipi: Triger dişli kasnak; Profil / modül: T5 (5 mm hatve, DIN 7721); Diş sayısı: 26; Kayış genişliği: 10 mm; Malzeme: Alüminyum";;T5 10-26 F-AL Triger Dişli Kasnak;MKA;Yok;;Orta;"Site markası 'MKA' jenerik etiket; delik çapı belirtilmemiş.";"Adlandırma: profil, kayış genişliği-diş sayısı; 'F' büyük olasılıkla flanşlı [TEYİT]. Delik (pilot/işlenmiş) bilgisi yok.";https://www.cncdunyasi.com/urun/t5-10-26-f-al-triger-disli-kasnak
Güç aktarma: kasnak, dişli ve redüktör;(markasız);T5 26 diş, 16 mm kayış;T5 16-26 F-AL;T5 triger kasnak, 26 diş, 16 mm kayış için, alüminyum (F-AL);T5 triger kasnak;"Seri: T5 triger kasnak; Ürün tipi: Triger dişli kasnak; Profil / modül: T5 (5 mm hatve, DIN 7721); Diş sayısı: 26; Kayış genişliği: 16 mm; Malzeme: Alüminyum";;T5 16-26 F-AL Triger Dişli Kasnak;MKA;Yok;;Orta;"Site markası 'MKA' jenerik etiket; delik çapı belirtilmemiş.";"Adlandırma: profil, kayış genişliği-diş sayısı; 'F' büyük olasılıkla flanşlı [TEYİT]. Delik (pilot/işlenmiş) bilgisi yok.";https://www.cncdunyasi.com/urun/t5-16-26-f-al-triger-disli-kasnak
Güç aktarma: kasnak, dişli ve redüktör;(markasız);T5 26 diş, 25 mm kayış;T5 25-26 F-AL;T5 triger kasnak, 26 diş, 25 mm kayış için, alüminyum (F-AL);T5 triger kasnak;"Seri: T5 triger kasnak; Ürün tipi: Triger dişli kasnak; Profil / modül: T5 (5 mm hatve, DIN 7721); Diş sayısı: 26; Kayış genişliği: 25 mm; Malzeme: Alüminyum";;T5 25-26 F-AL Triger Dişli Kasnak;MKA;Yok;;Orta;"Site markası 'MKA' jenerik etiket; delik çapı belirtilmemiş.";"Adlandırma: profil, kayış genişliği-diş sayısı; 'F' büyük olasılıkla flanşlı [TEYİT]. Delik (pilot/işlenmiş) bilgisi yok.";https://www.cncdunyasi.com/urun/t5-25-26-f-al-triger-disli-kasnak
Güç aktarma: kasnak, dişli ve redüktör;(markasız);T5 28 diş, 10 mm kayış;T5 10-28 F-AL;T5 triger kasnak, 28 diş, 10 mm kayış için, alüminyum (F-AL);T5 triger kasnak;"Seri: T5 triger kasnak; Ürün tipi: Triger dişli kasnak; Profil / modül: T5 (5 mm hatve, DIN 7721); Diş sayısı: 28; Kayış genişliği: 10 mm; Malzeme: Alüminyum";;T5 10-28 F-AL Triger Dişli Kasnak;MKA;Yok;;Orta;"Site markası 'MKA' jenerik etiket; delik çapı belirtilmemiş.";"Adlandırma: profil, kayış genişliği-diş sayısı; 'F' büyük olasılıkla flanşlı [TEYİT]. Delik (pilot/işlenmiş) bilgisi yok.";https://www.cncdunyasi.com/urun/t5-10-28-f-al-triger-disli-kasnak
Güç aktarma: kasnak, dişli ve redüktör;(markasız);T5 28 diş, 16 mm kayış;T5 16-28 F-AL;T5 triger kasnak, 28 diş, 16 mm kayış için, alüminyum (F-AL);T5 triger kasnak;"Seri: T5 triger kasnak; Ürün tipi: Triger dişli kasnak; Profil / modül: T5 (5 mm hatve, DIN 7721); Diş sayısı: 28; Kayış genişliği: 16 mm; Malzeme: Alüminyum";;T5 16-28 F-AL Triger Dişli Kasnak;MKA;Yok;;Orta;"Site markası 'MKA' jenerik etiket; delik çapı belirtilmemiş.";"Adlandırma: profil, kayış genişliği-diş sayısı; 'F' büyük olasılıkla flanşlı [TEYİT]. Delik (pilot/işlenmiş) bilgisi yok.";https://www.cncdunyasi.com/urun/t5-16-28-f-al-triger-disli-kasnak
Güç aktarma: kasnak, dişli ve redüktör;(markasız);T5 28 diş, 25 mm kayış;T5 25-28 F-AL;T5 triger kasnak, 28 diş, 25 mm kayış için, alüminyum (F-AL);T5 triger kasnak;"Seri: T5 triger kasnak; Ürün tipi: Triger dişli kasnak; Profil / modül: T5 (5 mm hatve, DIN 7721); Diş sayısı: 28; Kayış genişliği: 25 mm; Malzeme: Alüminyum";;T5 25-28 F-AL Triger Dişli Kasnak;MKA;Yok;;Orta;"Site markası 'MKA' jenerik etiket; delik çapı belirtilmemiş.";"Adlandırma: profil, kayış genişliği-diş sayısı; 'F' büyük olasılıkla flanşlı [TEYİT]. Delik (pilot/işlenmiş) bilgisi yok.";https://www.cncdunyasi.com/urun/t5-25-28-f-al-triger-disli-kasnak
Güç aktarma: kasnak, dişli ve redüktör;(markasız);T5 30 diş, 10 mm kayış;T5 10-30 F-AL;T5 triger kasnak, 30 diş, 10 mm kayış için, alüminyum (F-AL);T5 triger kasnak;"Seri: T5 triger kasnak; Ürün tipi: Triger dişli kasnak; Profil / modül: T5 (5 mm hatve, DIN 7721); Diş sayısı: 30; Kayış genişliği: 10 mm; Malzeme: Alüminyum";;T5 10-30 F-AL Triger Dişli Kasnak;MKA;Yok;;Orta;"Site markası 'MKA' jenerik etiket; delik çapı belirtilmemiş.";"Adlandırma: profil, kayış genişliği-diş sayısı; 'F' büyük olasılıkla flanşlı [TEYİT]. Delik (pilot/işlenmiş) bilgisi yok.";https://www.cncdunyasi.com/urun/t5-10-30-f-al-triger-disli-kasnak
Güç aktarma: kasnak, dişli ve redüktör;(markasız);T5 30 diş, 16 mm kayış;T5 16-30 F-AL;T5 triger kasnak, 30 diş, 16 mm kayış için, alüminyum (F-AL);T5 triger kasnak;"Seri: T5 triger kasnak; Ürün tipi: Triger dişli kasnak; Profil / modül: T5 (5 mm hatve, DIN 7721); Diş sayısı: 30; Kayış genişliği: 16 mm; Malzeme: Alüminyum";;T5 16-30 F-AL Triger Dişli Kasnak;MKA;Yok;;Orta;"Site markası 'MKA' jenerik etiket; delik çapı belirtilmemiş.";"Adlandırma: profil, kayış genişliği-diş sayısı; 'F' büyük olasılıkla flanşlı [TEYİT]. Delik (pilot/işlenmiş) bilgisi yok.";https://www.cncdunyasi.com/urun/t5-16-30-f-al-triger-disli-kasnak
Güç aktarma: kasnak, dişli ve redüktör;(markasız);T5 30 diş, 25 mm kayış;T5 25-30 F-AL;T5 triger kasnak, 30 diş, 25 mm kayış için, alüminyum (F-AL);T5 triger kasnak;"Seri: T5 triger kasnak; Ürün tipi: Triger dişli kasnak; Profil / modül: T5 (5 mm hatve, DIN 7721); Diş sayısı: 30; Kayış genişliği: 25 mm; Malzeme: Alüminyum";;T5 25-30 F-AL Triger Dişli Kasnak;MKA;Yok;;Orta;"Site markası 'MKA' jenerik etiket; delik çapı belirtilmemiş.";"Adlandırma: profil, kayış genişliği-diş sayısı; 'F' büyük olasılıkla flanşlı [TEYİT]. Delik (pilot/işlenmiş) bilgisi yok.";https://www.cncdunyasi.com/urun/t5-25-30-f-al-triger-disli-kasnak
Güç aktarma: kasnak, dişli ve redüktör;(markasız);T5 32 diş, 10 mm kayış;T5 10-32 F-AL;T5 triger kasnak, 32 diş, 10 mm kayış için, alüminyum (F-AL);T5 triger kasnak;"Seri: T5 triger kasnak; Ürün tipi: Triger dişli kasnak; Profil / modül: T5 (5 mm hatve, DIN 7721); Diş sayısı: 32; Kayış genişliği: 10 mm; Malzeme: Alüminyum";;T5 10-32 F-AL Triger Dişli Kasnak;MKA;Yok;;Orta;"Site markası 'MKA' jenerik etiket; delik çapı belirtilmemiş.";"Adlandırma: profil, kayış genişliği-diş sayısı; 'F' büyük olasılıkla flanşlı [TEYİT]. Delik (pilot/işlenmiş) bilgisi yok.";https://www.cncdunyasi.com/urun/t5-10-32-f-al-triger-disli-kasnak
Güç aktarma: kasnak, dişli ve redüktör;(markasız);T5 32 diş, 16 mm kayış;T5 16-32 F-AL;T5 triger kasnak, 32 diş, 16 mm kayış için, alüminyum (F-AL);T5 triger kasnak;"Seri: T5 triger kasnak; Ürün tipi: Triger dişli kasnak; Profil / modül: T5 (5 mm hatve, DIN 7721); Diş sayısı: 32; Kayış genişliği: 16 mm; Malzeme: Alüminyum";;T5 16-32 F-AL Triger Dişli Kasnak;MKA;Yok;;Orta;"Site markası 'MKA' jenerik etiket; delik çapı belirtilmemiş.";"Adlandırma: profil, kayış genişliği-diş sayısı; 'F' büyük olasılıkla flanşlı [TEYİT]. Delik (pilot/işlenmiş) bilgisi yok.";https://www.cncdunyasi.com/urun/t5-16-32-f-al-triger-disli-kasnak
Güç aktarma: kasnak, dişli ve redüktör;(markasız);T5 32 diş, 25 mm kayış;T5 25-32 F-AL;T5 triger kasnak, 32 diş, 25 mm kayış için, alüminyum (F-AL);T5 triger kasnak;"Seri: T5 triger kasnak; Ürün tipi: Triger dişli kasnak; Profil / modül: T5 (5 mm hatve, DIN 7721); Diş sayısı: 32; Kayış genişliği: 25 mm; Malzeme: Alüminyum";;T5 25-32 F-AL Triger Dişli Kasnak;MKA;Yok;;Orta;"Site markası 'MKA' jenerik etiket; delik çapı belirtilmemiş.";"Adlandırma: profil, kayış genişliği-diş sayısı; 'F' büyük olasılıkla flanşlı [TEYİT]. Delik (pilot/işlenmiş) bilgisi yok.";https://www.cncdunyasi.com/urun/t5-25-32-f-al-triger-disli-kasnak
Güç aktarma: kasnak, dişli ve redüktör;(markasız);T5 34 diş, 10 mm kayış;T5 10-34 F-AL;T5 triger kasnak, 34 diş, 10 mm kayış için, alüminyum (F-AL);T5 triger kasnak;"Seri: T5 triger kasnak; Ürün tipi: Triger dişli kasnak; Profil / modül: T5 (5 mm hatve, DIN 7721); Diş sayısı: 34; Kayış genişliği: 10 mm; Malzeme: Alüminyum";;T5 10-34 F-AL Triger Dişli Kasnak;MKA;Yok;;Orta;"Site markası 'MKA' jenerik etiket; delik çapı belirtilmemiş.";"Adlandırma: profil, kayış genişliği-diş sayısı; 'F' büyük olasılıkla flanşlı [TEYİT]. Delik (pilot/işlenmiş) bilgisi yok.";https://www.cncdunyasi.com/urun/t5-10-34-f-al-triger-disli-kasnak
Güç aktarma: kasnak, dişli ve redüktör;(markasız);T5 34 diş, 16 mm kayış;T5 16-34 F-AL;T5 triger kasnak, 34 diş, 16 mm kayış için, alüminyum (F-AL);T5 triger kasnak;"Seri: T5 triger kasnak; Ürün tipi: Triger dişli kasnak; Profil / modül: T5 (5 mm hatve, DIN 7721); Diş sayısı: 34; Kayış genişliği: 16 mm; Malzeme: Alüminyum";;T5 16-34 F-AL Triger Dişli Kasnak;MKA;Yok;;Orta;"Site markası 'MKA' jenerik etiket; delik çapı belirtilmemiş.";"Adlandırma: profil, kayış genişliği-diş sayısı; 'F' büyük olasılıkla flanşlı [TEYİT]. Delik (pilot/işlenmiş) bilgisi yok.";https://www.cncdunyasi.com/urun/t5-16-34-f-al-triger-disli-kasnak
Güç aktarma: kasnak, dişli ve redüktör;(markasız);T5 34 diş, 25 mm kayış;T5 25-34 F-AL;T5 triger kasnak, 34 diş, 25 mm kayış için, alüminyum (F-AL);T5 triger kasnak;"Seri: T5 triger kasnak; Ürün tipi: Triger dişli kasnak; Profil / modül: T5 (5 mm hatve, DIN 7721); Diş sayısı: 34; Kayış genişliği: 25 mm; Malzeme: Alüminyum";;T5 25-34 F-AL Triger Dişli Kasnak;MKA;Yok;;Orta;"Site markası 'MKA' jenerik etiket; delik çapı belirtilmemiş.";"Adlandırma: profil, kayış genişliği-diş sayısı; 'F' büyük olasılıkla flanşlı [TEYİT]. Delik (pilot/işlenmiş) bilgisi yok.";https://www.cncdunyasi.com/urun/t5-25-34-f-al-triger-disli-kasnak
Güç aktarma: kasnak, dişli ve redüktör;(markasız);T5 36 diş, 10 mm kayış;T5 10-36 F-AL;T5 triger kasnak, 36 diş, 10 mm kayış için, alüminyum (F-AL);T5 triger kasnak;"Seri: T5 triger kasnak; Ürün tipi: Triger dişli kasnak; Profil / modül: T5 (5 mm hatve, DIN 7721); Diş sayısı: 36; Kayış genişliği: 10 mm; Malzeme: Alüminyum";;T5 10-36 F-AL Triger Dişli Kasnak;MKA;Yok;;Orta;"Site markası 'MKA' jenerik etiket; delik çapı belirtilmemiş.";"Adlandırma: profil, kayış genişliği-diş sayısı; 'F' büyük olasılıkla flanşlı [TEYİT]. Delik (pilot/işlenmiş) bilgisi yok.";https://www.cncdunyasi.com/urun/t5-10-36-f-al-triger-disli-kasnak
Güç aktarma: kasnak, dişli ve redüktör;(markasız);T5 36 diş, 16 mm kayış;T5 16-36 F-AL;T5 triger kasnak, 36 diş, 16 mm kayış için, alüminyum (F-AL);T5 triger kasnak;"Seri: T5 triger kasnak; Ürün tipi: Triger dişli kasnak; Profil / modül: T5 (5 mm hatve, DIN 7721); Diş sayısı: 36; Kayış genişliği: 16 mm; Malzeme: Alüminyum";;T5 16-36 F-AL Triger Dişli Kasnak;MKA;Yok;;Orta;"Site markası 'MKA' jenerik etiket; delik çapı belirtilmemiş.";"Adlandırma: profil, kayış genişliği-diş sayısı; 'F' büyük olasılıkla flanşlı [TEYİT]. Delik (pilot/işlenmiş) bilgisi yok.";https://www.cncdunyasi.com/urun/t5-16-36-f-al-triger-disli-kasnak
Güç aktarma: kasnak, dişli ve redüktör;(markasız);T5 36 diş, 25 mm kayış;T5 25-36 F-AL;T5 triger kasnak, 36 diş, 25 mm kayış için, alüminyum (F-AL);T5 triger kasnak;"Seri: T5 triger kasnak; Ürün tipi: Triger dişli kasnak; Profil / modül: T5 (5 mm hatve, DIN 7721); Diş sayısı: 36; Kayış genişliği: 25 mm; Malzeme: Alüminyum";;T5 25-36 F-AL Triger Dişli Kasnak;MKA;Yok;;Orta;"Site markası 'MKA' jenerik etiket; delik çapı belirtilmemiş.";"Adlandırma: profil, kayış genişliği-diş sayısı; 'F' büyük olasılıkla flanşlı [TEYİT]. Delik (pilot/işlenmiş) bilgisi yok.";https://www.cncdunyasi.com/urun/t5-25-36-f-al-triger-disli-kasnak
Güç aktarma: kasnak, dişli ve redüktör;(markasız);T5 40 diş, 10 mm kayış;T5 10-40 F-AL;T5 triger kasnak, 40 diş, 10 mm kayış için, alüminyum (F-AL);T5 triger kasnak;"Seri: T5 triger kasnak; Ürün tipi: Triger dişli kasnak; Profil / modül: T5 (5 mm hatve, DIN 7721); Diş sayısı: 40; Kayış genişliği: 10 mm; Malzeme: Alüminyum";;T5 10-40 F-AL Triger Dişli Kasnak;MKA;Yok;;Orta;"Site markası 'MKA' jenerik etiket; delik çapı belirtilmemiş.";"Adlandırma: profil, kayış genişliği-diş sayısı; 'F' büyük olasılıkla flanşlı [TEYİT]. Delik (pilot/işlenmiş) bilgisi yok.";https://www.cncdunyasi.com/urun/t5-10-40-f-al-triger-disli-kasnak
Güç aktarma: kasnak, dişli ve redüktör;(markasız);T5 40 diş, 16 mm kayış;T5 16-40 F-AL;T5 triger kasnak, 40 diş, 16 mm kayış için, alüminyum (F-AL);T5 triger kasnak;"Seri: T5 triger kasnak; Ürün tipi: Triger dişli kasnak; Profil / modül: T5 (5 mm hatve, DIN 7721); Diş sayısı: 40; Kayış genişliği: 16 mm; Malzeme: Alüminyum";;T5 16-40 F-AL Triger Dişli Kasnak;MKA;Yok;;Orta;"Site markası 'MKA' jenerik etiket; delik çapı belirtilmemiş.";"Adlandırma: profil, kayış genişliği-diş sayısı; 'F' büyük olasılıkla flanşlı [TEYİT]. Delik (pilot/işlenmiş) bilgisi yok.";https://www.cncdunyasi.com/urun/t5-16-40-f-al-triger-disli-kasnak
Güç aktarma: kasnak, dişli ve redüktör;(markasız);T5 40 diş, 25 mm kayış;T5 25-40 F-AL;T5 triger kasnak, 40 diş, 25 mm kayış için, alüminyum (F-AL);T5 triger kasnak;"Seri: T5 triger kasnak; Ürün tipi: Triger dişli kasnak; Profil / modül: T5 (5 mm hatve, DIN 7721); Diş sayısı: 40; Kayış genişliği: 25 mm; Malzeme: Alüminyum";;T5 25-40 F-AL Triger Dişli Kasnak;MKA;Yok;;Orta;"Site markası 'MKA' jenerik etiket; delik çapı belirtilmemiş.";"Adlandırma: profil, kayış genişliği-diş sayısı; 'F' büyük olasılıkla flanşlı [TEYİT]. Delik (pilot/işlenmiş) bilgisi yok.";https://www.cncdunyasi.com/urun/t5-25-40-f-al-triger-disli-kasnak
Güç kaynakları ve trafolar;Delta;PMT-24V100W2BA;;Delta PMT-24V100W2BA güç kaynağı, 24 V DC 4,5 A, 108 W;Delta PMT2;"Seri: Delta PMT2; Ürün tipi: AC-DC anahtarlamalı güç kaynağı (panel montaj, kasalı); Giriş gerilimi: 90-264 V AC; Çıkış gerilimi: 24 V DC; Çıkış akımı: 4,5 A; Güç: 108 W; Çıkış sayısı: 1; Verim: %90 (tipik, 230 V AC tam yük); Koruma: Aşırı gerilim, aşırı yük/akım, aşırı sıcaklık, kısa devre; Montaj: Panel montaj (kasalı tip); Ölçüler: 129 x 97 x 30 mm; Ağırlık: 0,285 kg";"Çalışma sıcaklığı: -30…+70 °C (-40 °C soğuk başlatma); MTBF: > 700.000 saat (Telcordia SR-332)";24 Volt 4.5 Amper 100W Güç Kaynağı;Delta;Üretici görseli;https://psu.deltaww.com/en/products/panel-mount-power-supply/PMT-24V100W2BA;Yüksek;;Değerler Delta PSU (psu.deltaww.com) ürün sayfası/veri sayfasından.;https://www.cncdunyasi.com/urun/24-volt-4-5-amper-100w-guc-kaynagi-pmt-24v100w2ba
Güç kaynakları ve trafolar;Delta;PMT-24V150W2BA;;Delta PMT-24V150W2BA güç kaynağı, 24 V DC 6,25 A, 150 W;Delta PMT2;"Seri: Delta PMT2; Ürün tipi: AC-DC anahtarlamalı güç kaynağı (panel montaj, kasalı); Giriş gerilimi: 90-132 / 180-264 V AC (anahtar ile seçmeli); Çıkış gerilimi: 24 V DC; Çıkış akımı: 6,25 A; Güç: 150 W; Çıkış sayısı: 1; Verim: %89 (tipik, 230 V AC tam yük); Koruma: Aşırı gerilim, aşırı yük/akım, aşırı sıcaklık, kısa devre; Montaj: Panel montaj (kasalı tip); Ölçüler: 159 x 97 x 30 mm; Ağırlık: 0,354 kg";"Çalışma sıcaklığı: -30…+70 °C (-40 °C soğuk başlatma); MTBF: > 700.000 saat (Telcordia SR-332)";24 Volt 6.3 Amper 150W Güç Kaynağı;Delta;Üretici görseli;https://psu.deltaww.com/en/products/panel-mount-power-supply/PMT-24V150W2BA;Yüksek;"Başlıkta 6,3 A; Delta değeri 6,25 A.";Değerler Delta PSU (psu.deltaww.com) ürün sayfası/veri sayfasından.;https://www.cncdunyasi.com/urun/24-volt-6-3-amper-150w-guc-kaynagi-pmt-24v150w2ba
Güç kaynakları ve trafolar;Delta;PMT-24V200W2BR;;Delta PMT-24V200W2BR güç kaynağı, 24 V DC 8,8 A, 211,2 W;Delta PMT2;"Seri: Delta PMT2; Ürün tipi: AC-DC anahtarlamalı güç kaynağı (panel montaj, kasalı); Giriş gerilimi: 90-132 / 180-264 V AC (anahtar ile seçmeli); Çıkış gerilimi: 24 V DC; Çıkış akımı: 0-8,8 A; Güç: 211,2 W; Çıkış sayısı: 1; Verim: %90 (tipik, 230 V AC tam yük); Koruma: Aşırı gerilim, aşırı yük/akım, aşırı sıcaklık, kısa devre; Montaj: Panel montaj (kasalı tip); Ölçüler: 159 x 97 x 30 mm; Ağırlık: 0,42 kg";"Çalışma sıcaklığı: -40…+70 °C; MTBF: > 700.000 saat (Telcordia SR-332)";24 Volt 8.8 Amper 200W Güç Kaynağı;Delta;Üretici görseli;https://psu.deltaww.com/en/products/panel-mount-power-supply/PMT-24V200W2BR;Yüksek;Site açıklaması yarıda kesilmiş.;Değerler Delta PSU (psu.deltaww.com) ürün sayfası/veri sayfasından.;https://www.cncdunyasi.com/urun/24-volt-8-8-amper-200w-guc-kaynagi-pmt-24v200w2br
Güç kaynakları ve trafolar;Delta;PMT-24V350W2BR;;Delta PMT-24V350W2BR güç kaynağı, 24 V DC 14,6 A, 350,4 W;Delta PMT2;"Seri: Delta PMT2; Ürün tipi: AC-DC anahtarlamalı güç kaynağı (panel montaj, kasalı); Giriş gerilimi: 90-132 / 180-264 V AC (anahtar ile seçmeli); Çıkış gerilimi: 24 V DC; Çıkış akımı: 14,6 A; Güç: 350,4 W; Çıkış sayısı: 1; Verim: %87 (tipik, 230 V AC tam yük); Koruma: Aşırı gerilim, aşırı yük/akım, aşırı sıcaklık, kısa devre; Montaj: Panel montaj (kasalı tip); Ölçüler: 215 x 115 x 30 mm; Ağırlık: 0,833 kg";"Çalışma sıcaklığı: -40…+70 °C; MTBF: > 700.000 saat (Telcordia SR-332); Tepe güç: Opsiyonel %150 tepe güç (1 s)";24 Volt 14.6 Amper 350W Güç Kaynağı;Delta;Üretici görseli;https://psu.deltaww.com/en/products/panel-mount-power-supply/PMT-24V350W2BR;Yüksek;;Değerler Delta PSU (psu.deltaww.com) ürün sayfası/veri sayfasından.;https://www.cncdunyasi.com/urun/24-volt-14-6-amper-350w-guc-kaynagi-pmt-24v350w2br
Güç kaynakları ve trafolar;Delta;PMT-24V35W2BA;;Delta PMT-24V35W2BA güç kaynağı, 24 V DC 1,5 A, 36 W;Delta PMT2;"Seri: Delta PMT2; Ürün tipi: AC-DC anahtarlamalı güç kaynağı (panel montaj, kasalı); Giriş gerilimi: 90-264 V AC; Çıkış gerilimi: 24 V DC; Çıkış akımı: 1,5 A; Güç: 36 W; Çıkış sayısı: 1; Verim: %88,5 (tipik, 230 V AC tam yük); Koruma: Aşırı gerilim, aşırı yük/akım, aşırı sıcaklık, kısa devre; Montaj: Panel montaj (kasalı tip); Ölçüler: 99 x 82 x 29 mm; Ağırlık: 0,165 kg";"Çalışma sıcaklığı: -30…+70 °C (-40 °C soğuk başlatma); MTBF: > 700.000 saat (Telcordia SR-332)";24 Volt 1.5 Amper 35W Güç Kaynağı;Delta;Üretici görseli;https://psu.deltaww.com/en/products/panel-mount-power-supply/PMT-24V35W2BA;Yüksek;"Başlıkta 35 W; Delta nominal gücü 36 W (24 V x 1,5 A).";Değerler Delta PSU (psu.deltaww.com) ürün sayfası/veri sayfasından.;https://www.cncdunyasi.com/urun/24-volt-1-5-amper-35w-guc-kaynagi-pmt-24v35w2ba
Güç kaynakları ve trafolar;Delta;PMT-24V50W2BA;;Delta PMT-24V50W2BA güç kaynağı, 24 V DC 2,2 A, 53 W;Delta PMT2;"Seri: Delta PMT2; Ürün tipi: AC-DC anahtarlamalı güç kaynağı (panel montaj, kasalı); Giriş gerilimi: 90-264 V AC; Çıkış gerilimi: 24 V DC; Çıkış akımı: 2,2 A; Güç: 53 W; Çıkış sayısı: 1; Verim: %88 (tipik, 230 V AC tam yük); Koruma: Aşırı gerilim, aşırı yük/akım, aşırı sıcaklık, kısa devre; Montaj: Panel montaj (kasalı tip); Ölçüler: 99 x 82 x 29 mm; Ağırlık: 0,176 kg";"Çalışma sıcaklığı: -30…+70 °C (-40 °C soğuk başlatma); MTBF: > 700.000 saat (Telcordia SR-332)";24 Volt 2.2 Amper 50W Güç Kaynağı;Delta;Üretici görseli;https://psu.deltaww.com/en/products/panel-mount-power-supply/PMT-24V50W2BA;Yüksek;;Değerler Delta PSU (psu.deltaww.com) ürün sayfası/veri sayfasından.;https://www.cncdunyasi.com/urun/24-volt-2-2-amper-50w-guc-kaynagi-pmt-24v50w2ba
Güç kaynakları ve trafolar;Delta;PMT-24V75W2BA;;Delta PMT-24V75W2BA güç kaynağı, 24 V DC 3,2 A, 76,8 W;Delta PMT2;"Seri: Delta PMT2; Ürün tipi: AC-DC anahtarlamalı güç kaynağı (panel montaj, kasalı); Giriş gerilimi: 90-264 V AC; Çıkış gerilimi: 24 V DC; Çıkış akımı: 3,2 A; Güç: 76,8 W; Çıkış sayısı: 1; Verim: %89,5 (tipik, 230 V AC tam yük); Koruma: Aşırı gerilim, aşırı yük/akım, aşırı sıcaklık, kısa devre; Montaj: Panel montaj (kasalı tip); Ölçüler: 99 x 97 x 30 mm; Ağırlık: 0,216 kg";"Çalışma sıcaklığı: -30…+70 °C (-40 °C soğuk başlatma); MTBF: > 700.000 saat (Telcordia SR-332)";24 Volt 3.2 Amper 75W Güç Kaynağı;Delta;Üretici görseli;https://psu.deltaww.com/en/products/panel-mount-power-supply/PMT-24V75W2BA;Yüksek;;Değerler Delta PSU (psu.deltaww.com) ürün sayfası/veri sayfasından.;https://www.cncdunyasi.com/urun/24-volt-3-2-amper-75w-guc-kaynagi-pmt-24v75w2ba
Güç kaynakları ve trafolar;Delta;PMT-48V100W2BA;;Delta PMT-48V100W2BA güç kaynağı, 48 V DC 2,3 A, 110 W;Delta PMT2;"Seri: Delta PMT2; Ürün tipi: AC-DC anahtarlamalı güç kaynağı (panel montaj, kasalı); Giriş gerilimi: 90-264 V AC; Çıkış gerilimi: 48 V DC; Çıkış akımı: 2,3 A; Güç: 110 W; Çıkış sayısı: 1; Verim: %91,5 (tipik, 230 V AC tam yük); Koruma: Aşırı gerilim, aşırı yük/akım, aşırı sıcaklık, kısa devre; Montaj: Panel montaj (kasalı tip); Ölçüler: 129 x 97 x 30 mm; Ağırlık: 0,285 kg";"Çalışma sıcaklığı: -30…+70 °C (-40 °C soğuk başlatma); MTBF: > 700.000 saat (Telcordia SR-332)";48 Volt 2.3 Amper 100W Güç Kaynağı Delta;Delta;Üretici görseli;https://psu.deltaww.com/en/products/panel-mount-power-supply/PMT-48V100W2BA;Yüksek;;Değerler Delta PSU (psu.deltaww.com) ürün sayfası/veri sayfasından.;https://www.cncdunyasi.com/urun/48-volt-2-3-amper-100w-guc-kaynagi-pmt-48v100w2ba
Güç kaynakları ve trafolar;Delta;PMT-48V150W2BA;;Delta PMT-48V150W2BA güç kaynağı, 48 V DC 3,3 A, 158,4 W;Delta PMT2;"Seri: Delta PMT2; Ürün tipi: AC-DC anahtarlamalı güç kaynağı (panel montaj, kasalı); Giriş gerilimi: 90-132 / 180-264 V AC (anahtar ile seçmeli); Çıkış gerilimi: 48 V DC; Çıkış akımı: 3,3 A; Güç: 158,4 W; Çıkış sayısı: 1; Verim: %91 (tipik, 230 V AC tam yük); Koruma: Aşırı gerilim, aşırı yük/akım, aşırı sıcaklık, kısa devre; Montaj: Panel montaj (kasalı tip); Ölçüler: 159 x 97 x 30 mm; Ağırlık: 0,354 kg";"Çalışma sıcaklığı: -30…+70 °C (-40 °C soğuk başlatma); MTBF: > 700.000 saat (Telcordia SR-332)";48 Volt 3.3 Amper 150W Güç Kaynağı Delta;Delta;Üretici görseli;https://psu.deltaww.com/en/products/panel-mount-power-supply/PMT-48V150W2BA;Yüksek;;Değerler Delta PSU (psu.deltaww.com) ürün sayfası/veri sayfasından.;https://www.cncdunyasi.com/urun/48-volt-3-3-amper-150w-guc-kaynagi-pmt-48v150w2ba
Güç kaynakları ve trafolar;Delta;PMT-48V200W2BR;;Delta PMT-48V200W2BR güç kaynağı, 48 V DC 4,4 A, 211,2 W;Delta PMT2;"Seri: Delta PMT2; Ürün tipi: AC-DC anahtarlamalı güç kaynağı (panel montaj, kasalı); Giriş gerilimi: 90-132 / 180-264 V AC (anahtar ile seçmeli); Çıkış gerilimi: 48 V DC; Çıkış akımı: 0-4,4 A; Güç: 211,2 W; Çıkış sayısı: 1; Verim: %91 (tipik, 230 V AC tam yük); Koruma: Aşırı gerilim, aşırı yük/akım, aşırı sıcaklık, kısa devre; Montaj: Panel montaj (kasalı tip); Ölçüler: 159 x 97 x 30 mm; Ağırlık: 0,42 kg";"Çalışma sıcaklığı: -40…+70 °C; MTBF: > 700.000 saat (Telcordia SR-332)";48 Volt 4.4 Amper 200W Güç Kaynağı Delta;Delta;Üretici görseli;https://psu.deltaww.com/en/products/panel-mount-power-supply/PMT-48V200W2BR;Yüksek;;Değerler Delta PSU (psu.deltaww.com) ürün sayfası/veri sayfasından. Görsel aynı gövdeli 24 V muadilinin resmi görseli (seri görseli).;https://www.cncdunyasi.com/urun/48-volt-4-4-amper-200w-guc-kaynagi-pmt-48v200w2br
Güç kaynakları ve trafolar;Delta;PMT-48V350W2BR;;Delta PMT-48V350W2BR güç kaynağı, 48 V DC 7,3 A, 350,4 W;Delta PMT2;"Seri: Delta PMT2; Ürün tipi: AC-DC anahtarlamalı güç kaynağı (panel montaj, kasalı); Giriş gerilimi: 90-132 / 180-264 V AC (anahtar ile seçmeli); Çıkış gerilimi: 48 V DC; Çıkış akımı: 7,3 A; Güç: 350,4 W; Çıkış sayısı: 1; Verim: %88 (tipik, 230 V AC tam yük); Koruma: Aşırı gerilim, aşırı yük/akım, aşırı sıcaklık, kısa devre; Montaj: Panel montaj (kasalı tip); Ölçüler: 215 x 115 x 30 mm; Ağırlık: 0,833 kg";"Çalışma sıcaklığı: -40…+70 °C; MTBF: > 700.000 saat (Telcordia SR-332); Tepe güç: Opsiyonel %150 tepe güç (1 s)";48 Volt 7.3 Amper 350W Güç Kaynağı Delta;Delta;Üretici görseli;https://psu.deltaww.com/en/products/panel-mount-power-supply/PMT-48V350W2BR;Yüksek;"Site açıklaması PMT-48V200W2BR'den kopyalanmış (4,4 A / 211,2 W / 159x97x30 mm / 0,42 kg yazıyor); doğru değerler 7,3 A / 350,4 W / 215x115x30 mm / 0,833 kg.";Değerler Delta PSU (psu.deltaww.com) ürün sayfası/veri sayfasından. Görsel aynı gövdeli 24 V muadilinin resmi görseli (seri görseli).;https://www.cncdunyasi.com/urun/48-volt-7-3-amper-350w-guc-kaynagi-pmt-48v350w2br
Güç kaynakları ve trafolar;Delta;PMT-48V35W2BA;;Delta PMT-48V35W2BA güç kaynağı, 48 V DC 0,8 A, 38,4 W;Delta PMT2;"Seri: Delta PMT2; Ürün tipi: AC-DC anahtarlamalı güç kaynağı (panel montaj, kasalı); Giriş gerilimi: 90-264 V AC; Çıkış gerilimi: 48 V DC; Çıkış akımı: 0,8 A; Güç: 38,4 W; Çıkış sayısı: 1; Verim: %89,5 (tipik, 230 V AC tam yük); Koruma: Aşırı gerilim, aşırı yük/akım, aşırı sıcaklık, kısa devre; Montaj: Panel montaj (kasalı tip); Ölçüler: 99 x 82 x 29 mm; Ağırlık: 0,165 kg";"Çalışma sıcaklığı: -30…+70 °C (-40 °C soğuk başlatma); MTBF: > 700.000 saat (Telcordia SR-332)";48 Volt 0.8 Amper 35W Güç Kaynağı Delta;Delta;Üretici görseli;https://psu.deltaww.com/en/products/panel-mount-power-supply/PMT-48V35W2BA;Yüksek;;Değerler Delta PSU (psu.deltaww.com) ürün sayfası/veri sayfasından. Görsel aynı gövdeli 24 V muadilinin resmi görseli (seri görseli).;https://www.cncdunyasi.com/urun/48-volt-0-8-amper-35w-guc-kaynagi-pmt-48v35w2ba
Güç kaynakları ve trafolar;Delta;PMT-48V50W2BA;;Delta PMT-48V50W2BA güç kaynağı, 48 V DC 1,1 A, 52,8 W;Delta PMT2;"Seri: Delta PMT2; Ürün tipi: AC-DC anahtarlamalı güç kaynağı (panel montaj, kasalı); Giriş gerilimi: 90-264 V AC; Çıkış gerilimi: 48 V DC; Çıkış akımı: 1,1 A; Güç: 52,8 W; Çıkış sayısı: 1; Verim: %88,5 (tipik, 230 V AC tam yük); Koruma: Aşırı gerilim, aşırı yük/akım, aşırı sıcaklık, kısa devre; Montaj: Panel montaj (kasalı tip); Ölçüler: 99 x 82 x 29 mm; Ağırlık: 0,176 kg";"Çalışma sıcaklığı: -30…+70 °C (-40 °C soğuk başlatma); MTBF: > 700.000 saat (Telcordia SR-332)";48 Volt 1.1 Amper 50W Güç Kaynağı Delta;Delta;Üretici görseli;https://psu.deltaww.com/en/products/panel-mount-power-supply/PMT-48V50W2BA;Yüksek;;Değerler Delta PSU (psu.deltaww.com) ürün sayfası/veri sayfasından. Görsel aynı gövdeli 24 V muadilinin resmi görseli (seri görseli). 48 V verim değeri Delta PMT2 broşüründen.;https://www.cncdunyasi.com/urun/48-volt-1-1-amper-50w-guc-kaynagi-pmt-48v50w2ba
Güç kaynakları ve trafolar;Delta;PMT-48V75W2BA;;Delta PMT-48V75W2BA güç kaynağı, 48 V DC 1,6 A, 76,8 W;Delta PMT2;"Seri: Delta PMT2; Ürün tipi: AC-DC anahtarlamalı güç kaynağı (panel montaj, kasalı); Giriş gerilimi: 90-264 V AC; Çıkış gerilimi: 48 V DC; Çıkış akımı: 1,6 A; Güç: 76,8 W; Çıkış sayısı: 1; Verim: %90 (tipik, 230 V AC tam yük); Koruma: Aşırı gerilim, aşırı yük/akım, aşırı sıcaklık, kısa devre; Montaj: Panel montaj (kasalı tip); Ölçüler: 99 x 97 x 30 mm; Ağırlık: 0,216 kg";"Çalışma sıcaklığı: -30…+70 °C (-40 °C soğuk başlatma); MTBF: > 700.000 saat (Telcordia SR-332)";48 Volt 1.6 Amper 75W Güç Kaynağı Delta;Delta;Üretici görseli;https://psu.deltaww.com/en/products/panel-mount-power-supply/PMT-48V75W2BA;Yüksek;;Değerler Delta PSU (psu.deltaww.com) ürün sayfası/veri sayfasından. Görsel aynı gövdeli 24 V muadilinin resmi görseli (seri görseli).;https://www.cncdunyasi.com/urun/48-volt-1-6-amper-75w-guc-kaynagi-pmt-48v75w2ba
Güç kaynakları ve trafolar;Mean Well;LRS-100-12;;Meanwell LRS-100-12 güç kaynağı, 12 V DC 8,5 A, 102 W;Meanwell LRS;"Seri: Meanwell LRS; Ürün tipi: AC-DC anahtarlamalı güç kaynağı (kasalı, tek çıkış); Giriş gerilimi: 85-264 V AC / 120-373 V DC; Çıkış gerilimi: 12 V DC; Çıkış akımı: 8,5 A; Güç: 102 W; Çıkış sayısı: 1; Verim: %88 (tipik); Koruma: Kısa devre, aşırı yük, aşırı gerilim; Montaj: Şasi/pano montajı (kasalı tip); Ölçüler: 129 x 97 x 30 mm; Ağırlık: 0,33 kg";Giriş frekansı: 47-63 Hz;12 Volt 8.5 Amper 100W Güç Kaynağı;Meanwell;Yok;https://www.meanwell.com/Upload/PDF/LRS-100/LRS-100-SPEC.PDF;Yüksek;"Başlıkta 100 W; LRS-100-12 nominal gücü 102 W.";Değerler Meanwell LRS-100 veri sayfasından. meanwell.com ürün sayfası otomatik erişimi engellediği için resmi görsel adresi alınamadı.;https://www.cncdunyasi.com/urun/12-volt-8-5-amper-100w-guc-kaynagi-lrs-100-12
Güç kaynakları ve trafolar;Mean Well;LRS-150-12;;Meanwell LRS-150-12 güç kaynağı, 12 V DC 12,5 A, 150 W;Meanwell LRS;"Seri: Meanwell LRS; Ürün tipi: AC-DC anahtarlamalı güç kaynağı (kasalı, tek çıkış); Giriş gerilimi: 85-132 / 170-264 V AC (anahtar ile seçmeli); 240-370 V DC; Çıkış gerilimi: 12 V DC; Çıkış akımı: 12,5 A; Güç: 150 W; Çıkış sayısı: 1; Verim: %87,5 (tipik); Koruma: Kısa devre, aşırı yük, aşırı gerilim; Montaj: Şasi/pano montajı (kasalı tip); Ölçüler: 159 x 97 x 30 mm; Ağırlık: 0,42 kg";Giriş frekansı: 47-63 Hz;12 Volt Delta 12.5 Amper 150W Güç Kaynağı;Meanwell;Yok;https://www.meanwell.com/Upload/PDF/LRS-150/LRS-150-SPEC.PDF;Yüksek;"Ürün adında yanlışlıkla 'Delta' geçiyor (ürün Meanwell LRS-150-12); adreste 12 A yazıyor, doğru akım 12,5 A.";Değerler Meanwell LRS-150 veri sayfasından. meanwell.com ürün sayfası otomatik erişimi engellediği için resmi görsel adresi alınamadı.;https://www.cncdunyasi.com/urun/12-volt-12-amper-150w-guc-kaynagi-lrs-150-12
Güç kaynakları ve trafolar;Mean Well;LRS-200-12;;Meanwell LRS-200-12 güç kaynağı, 12 V DC 17 A, 204 W;Meanwell LRS;"Seri: Meanwell LRS; Ürün tipi: AC-DC anahtarlamalı güç kaynağı (kasalı, tek çıkış); Giriş gerilimi: 90-132 / 180-264 V AC (anahtar ile seçmeli); 240-370 V DC; Çıkış gerilimi: 12 V DC; Çıkış akımı: 17 A; Güç: 204 W; Çıkış sayısı: 1; Verim: %87,5 (tipik); Koruma: Kısa devre, aşırı yük, aşırı gerilim; Montaj: Şasi/pano montajı (kasalı tip); Ölçüler: 215 x 115 x 30 mm; Ağırlık: 0,66 kg";Giriş frekansı: 47-63 Hz;12 Volt 17 Amper 200W Güç Kaynağı;Meanwell;Yok;https://www.meanwell.com/Upload/PDF/LRS-200/LRS-200-SPEC.PDF;Yüksek;"Başlıkta 200 W; LRS-200-12 nominal gücü 204 W. Açıklamadaki 'LRS-150 anahtar ile AC giriş seçimli' notu LRS-200 için de geçerli; LRS-35/50/75/100 tam aralık girişlidir.";Değerler Meanwell LRS-200 veri sayfasından. meanwell.com ürün sayfası otomatik erişimi engellediği için resmi görsel adresi alınamadı.;https://www.cncdunyasi.com/urun/12-volt-17-amper-200w-guc-kaynagi-lrs-200-12
Güç kaynakları ve trafolar;Mean Well;LRS-35-12;;Meanwell LRS-35-12 güç kaynağı, 12 V DC 3 A, 36 W;Meanwell LRS;"Seri: Meanwell LRS; Ürün tipi: AC-DC anahtarlamalı güç kaynağı (kasalı, tek çıkış); Giriş gerilimi: 85-264 V AC / 120-373 V DC; Çıkış gerilimi: 12 V DC; Çıkış akımı: 3 A; Güç: 36 W; Çıkış sayısı: 1; Verim: %86 (tipik); Koruma: Kısa devre, aşırı yük, aşırı gerilim; Montaj: Şasi/pano montajı (kasalı tip); Ölçüler: 99 x 82 x 30 mm";Giriş frekansı: 47-63 Hz;12 Volt 3 Amper 35W Güç Kaynağı;Meanwell;Yok;https://www.meanwell.com/Upload/PDF/LRS-35/LRS-35-SPEC.PDF;Yüksek;"Başlıkta 35 W yazıyor; Meanwell nominal gücü 36 W (12 V x 3 A).";Değerler Meanwell LRS-35 veri sayfasından. meanwell.com ürün sayfası otomatik erişimi engellediği için resmi görsel adresi alınamadı.;https://www.cncdunyasi.com/urun/12-volt-3-amper-35w-guc-kaynagi-lrs-35-12
Güç kaynakları ve trafolar;Mean Well;LRS-50-12;;Meanwell LRS-50-12 güç kaynağı, 12 V DC 4,2 A, 50,4 W;Meanwell LRS;"Seri: Meanwell LRS; Ürün tipi: AC-DC anahtarlamalı güç kaynağı (kasalı, tek çıkış); Giriş gerilimi: 85-264 V AC / 120-373 V DC; Çıkış gerilimi: 12 V DC; Çıkış akımı: 4,2 A; Güç: 50,4 W; Çıkış sayısı: 1; Verim: %86 (tipik); Koruma: Kısa devre, aşırı yük, aşırı gerilim; Montaj: Şasi/pano montajı (kasalı tip); Ölçüler: 99 x 82 x 30 mm; Ağırlık: 0,21 kg";Giriş frekansı: 47-63 Hz;12 Volt 4.2 Amper 50W Güç Kaynağı;Meanwell;Yok;https://www.meanwell.com/Upload/PDF/LRS-50/LRS-50-SPEC.PDF;Yüksek;;Değerler Meanwell LRS-50 veri sayfasından. meanwell.com ürün sayfası otomatik erişimi engellediği için resmi görsel adresi alınamadı.;https://www.cncdunyasi.com/urun/12-volt-4-2-amper-50w-guc-kaynagi-lrs-50-12
Güç kaynakları ve trafolar;Mean Well;LRS-75-12;;Meanwell LRS-75-12 güç kaynağı, 12 V DC 6 A, 72 W;Meanwell LRS;"Seri: Meanwell LRS; Ürün tipi: AC-DC anahtarlamalı güç kaynağı (kasalı, tek çıkış); Giriş gerilimi: 85-264 V AC / 120-373 V DC; Çıkış gerilimi: 12 V DC; Çıkış akımı: 6 A; Güç: 72 W; Çıkış sayısı: 1; Verim: %89 (tipik); Koruma: Kısa devre, aşırı yük, aşırı gerilim; Montaj: Şasi/pano montajı (kasalı tip); Ölçüler: 99 x 97 x 30 mm; Ağırlık: 0,23 kg";Giriş frekansı: 47-63 Hz;12 Volt 6 Amper 75W Güç Kaynağı;Meanwell;Yok;https://www.meanwell.com/Upload/PDF/LRS-75/LRS-75-SPEC.PDF;Yüksek;"Başlıkta 75 W yazıyor; LRS-75-12 nominal gücü 72 W (12 V x 6 A).";Değerler Meanwell LRS-75 veri sayfasından. meanwell.com ürün sayfası otomatik erişimi engellediği için resmi görsel adresi alınamadı.;https://www.cncdunyasi.com/urun/12-volt-6-amper-75w-guc-kaynagi-lrs-75-12
Güç kaynakları ve trafolar;(markasız);AC izolasyon trafosu 230/48 V, 1x6 A;;AC trafo, 220 V / 48 V AC, 1 çıkış x 6 A;;"Ürün tipi: Monofaze AC trafo; Giriş gerilimi: 220 V AC; Çıkış gerilimi: 48 V AC; Çıkış akımı: 6 A (her çıkış); Çıkış sayısı: 1; Güç: ≈288 VA (1 x 48 V x 6 A, hesaplanan)";;48 Volt Tek Çıkış AC Trafo;D-Trafo;Yok;;Düşük;"Site markası 'D-Trafo' doğrulanabilir bir üretici değil; güç (VA), ölçü ve ağırlık bilgisi verilmemiş.";"Jenerik/yerel trafo; gerçek üretici ve sipariş kodu belirlenemedi [TEYİT]. Güç değeri gerilim x akımdan hesaplandı.";https://www.cncdunyasi.com/urun/48-volt-tek-cikis-ac-trafo-48x1
Güç kaynakları ve trafolar;(markasız);AC izolasyon trafosu 230/48 V, 2x6 A;;AC trafo, 220 V / 48 V AC, 2 çıkış x 6 A;;"Ürün tipi: Monofaze AC trafo (çok çıkışlı CNC trafosu); Giriş gerilimi: 220 V AC; Çıkış gerilimi: 48 V AC; Çıkış akımı: 6 A (her çıkış); Çıkış sayısı: 2; Güç: ≈576 VA (2 x 48 V x 6 A, hesaplanan)";;48 Volt 2 Çıkış AC Trafo;D-Trafo;Yok;;Düşük;"Site markası 'D-Trafo' doğrulanabilir bir üretici değil; güç (VA), ölçü ve ağırlık bilgisi verilmemiş.";"Jenerik/yerel trafo; gerçek üretici ve sipariş kodu belirlenemedi [TEYİT]. Güç değeri gerilim x akımdan hesaplandı.";https://www.cncdunyasi.com/urun/48-volt-2-cikis-ac-trafo-48x2
Güç kaynakları ve trafolar;(markasız);AC izolasyon trafosu 230/48 V, 3x6 A;;AC trafo, 220 V / 48 V AC, 3 çıkış x 6 A;;"Ürün tipi: Monofaze AC trafo (çok çıkışlı CNC trafosu); Giriş gerilimi: 220 V AC; Çıkış gerilimi: 48 V AC; Çıkış akımı: 6 A (her çıkış); Çıkış sayısı: 3; Güç: ≈864 VA (3 x 48 V x 6 A, hesaplanan)";;48 Volt 3 Çıkış AC Trafo;D-Trafo;Yok;;Düşük;"Site markası 'D-Trafo' doğrulanabilir bir üretici değil; güç (VA), ölçü ve ağırlık bilgisi verilmemiş.";"Jenerik/yerel trafo; gerçek üretici ve sipariş kodu belirlenemedi [TEYİT]. Güç değeri gerilim x akımdan hesaplandı.";https://www.cncdunyasi.com/urun/48-volt-3-cikis-ac-trafo-48x3
Güç kaynakları ve trafolar;(markasız);AC izolasyon trafosu 230/48 V, 4x6 A;;AC trafo, 220 V / 48 V AC, 4 çıkış x 6 A;;"Ürün tipi: Monofaze AC trafo (çok çıkışlı CNC trafosu); Giriş gerilimi: 220 V AC; Çıkış gerilimi: 48 V AC; Çıkış akımı: 6 A (her çıkış); Çıkış sayısı: 4; Güç: ≈1152 VA (4 x 48 V x 6 A, hesaplanan)";;48 Volt 4 Çıkış AC Trafo;D-Trafo;Yok;;Düşük;"Site markası 'D-Trafo' doğrulanabilir bir üretici değil; güç (VA), ölçü ve ağırlık bilgisi verilmemiş.";"Jenerik/yerel trafo; gerçek üretici ve sipariş kodu belirlenemedi [TEYİT]. Güç değeri gerilim x akımdan hesaplandı.";https://www.cncdunyasi.com/urun/48-volt-4-cikis-ac-trafo-48x4
Güç kaynakları ve trafolar;(markasız);AC izolasyon trafosu 230/60 V, 1x6 A;;AC trafo, 220 V / 60 V AC, 1 çıkış x 6 A;;"Ürün tipi: Monofaze AC trafo; Giriş gerilimi: 220 V AC; Çıkış gerilimi: 60 V AC; Çıkış akımı: 6 A (her çıkış); Çıkış sayısı: 1; Güç: ≈360 VA (1 x 60 V x 6 A, hesaplanan)";;60 Volt Tek Çıkış AC Trafo;D-Trafo;Yok;;Düşük;"Site markası 'D-Trafo' doğrulanabilir bir üretici değil; güç (VA), ölçü ve ağırlık bilgisi verilmemiş.";"Jenerik/yerel trafo; gerçek üretici ve sipariş kodu belirlenemedi [TEYİT]. Güç değeri gerilim x akımdan hesaplandı.";https://www.cncdunyasi.com/urun/60-volt-tek-cikis-ac-trafo-60x1
Güç kaynakları ve trafolar;(markasız);AC izolasyon trafosu 230/60 V, 2x6 A;;AC trafo, 220 V / 60 V AC, 2 çıkış x 6 A;;"Ürün tipi: Monofaze AC trafo (çok çıkışlı CNC trafosu); Giriş gerilimi: 220 V AC; Çıkış gerilimi: 60 V AC; Çıkış akımı: 6 A (her çıkış); Çıkış sayısı: 2; Güç: ≈720 VA (2 x 60 V x 6 A, hesaplanan)";;60 Volt 2 Çıkış AC Trafo;D-Trafo;Yok;;Düşük;"Site markası 'D-Trafo' doğrulanabilir bir üretici değil; güç (VA), ölçü ve ağırlık bilgisi verilmemiş.";"Jenerik/yerel trafo; gerçek üretici ve sipariş kodu belirlenemedi [TEYİT]. Güç değeri gerilim x akımdan hesaplandı.";https://www.cncdunyasi.com/urun/60-volt-2-cikis-ac-trafo-60x2
Güç kaynakları ve trafolar;(markasız);AC izolasyon trafosu 230/60 V, 3x6 A;;AC trafo, 220 V / 60 V AC, 3 çıkış x 6 A;;"Ürün tipi: Monofaze AC trafo (çok çıkışlı CNC trafosu); Giriş gerilimi: 220 V AC; Çıkış gerilimi: 60 V AC; Çıkış akımı: 6 A (her çıkış); Çıkış sayısı: 3; Güç: ≈1080 VA (3 x 60 V x 6 A, hesaplanan)";;60 Volt 3 Çıkış AC Trafo;D-Trafo;Yok;;Düşük;"Site markası 'D-Trafo' doğrulanabilir bir üretici değil; güç (VA), ölçü ve ağırlık bilgisi verilmemiş.";"Jenerik/yerel trafo; gerçek üretici ve sipariş kodu belirlenemedi [TEYİT]. Güç değeri gerilim x akımdan hesaplandı.";https://www.cncdunyasi.com/urun/60-volt-3-cikis-ac-trafo-60x3
Güç kaynakları ve trafolar;(markasız);AC izolasyon trafosu 230/60 V, 4x6 A;;AC trafo, 220 V / 60 V AC, 4 çıkış x 6 A;;"Ürün tipi: Monofaze AC trafo (çok çıkışlı CNC trafosu); Giriş gerilimi: 220 V AC; Çıkış gerilimi: 60 V AC; Çıkış akımı: 6 A (her çıkış); Çıkış sayısı: 4; Güç: ≈1440 VA (4 x 60 V x 6 A, hesaplanan)";;60 Volt 4 Çıkış AC Trafo;D-Trafo;Yok;;Düşük;"Site markası 'D-Trafo' doğrulanabilir bir üretici değil; güç (VA), ölçü ve ağırlık bilgisi verilmemiş.";"Jenerik/yerel trafo; gerçek üretici ve sipariş kodu belirlenemedi [TEYİT]. Güç değeri gerilim x akımdan hesaplandı.";https://www.cncdunyasi.com/urun/60-volt-4-cikis-ac-trafo-60x4
Hız kontrol cihazları (AC sürücüler);Delta;VFD004EL21A;;Delta VFD-EL hız kontrol cihazı, 0,4 kW, 1 faz 230 V;Delta VFD-EL;"Seri: Delta VFD-EL; Ürün tipi: Kompakt AC motor sürücü; Motor gücü: 0,4 kW; Besleme gerilimi: 200–240 V AC; Giriş fazı: 1 faz; Nominal çıkış akımı: 2,5 A; Haberleşme: Modbus (RS-485); Koruma sınıfı: IP20; Ortam sıcaklığı: -10…50 °C; Çıkış frekansı: 0,1–599 Hz; Kontrol yöntemi: U/f (SPWM); EMC filtresi: Dahili; Dahili fren transistörü: Yok (harici fren ünitesi opsiyonel)";;Delta 0.40 Kw VFD-EL Serisi Motor Sürücü - 220 V;Delta;Üretici görseli;https://www.deltaww.com/en-US/products/AC-Motor-Drives/113;Yüksek;;Kod ve akım Delta VFD-EL kataloğundan doğrulandı.;https://www.cncdunyasi.com/urun/delta-0-40-kw-vfd-el-serisi-motor-surucu-vfd004el21a
Hız kontrol cihazları (AC sürücüler);Delta;VFD004EL21W-1;;Delta VFD-EL-W hız kontrol cihazı, 0,4 kW, 1 faz 230 V;Delta VFD-EL-W;"Seri: Delta VFD-EL-W; Ürün tipi: Kompakt AC motor sürücü; Motor gücü: 0,4 kW; Besleme gerilimi: 200–240 V AC; Giriş fazı: 1 faz; Nominal çıkış akımı: 2,5 A; Haberleşme: Modbus (RS-485); Koruma sınıfı: IP20; Ortam sıcaklığı: -10…50 °C; Çıkış frekansı: 0,1–400 Hz; Kontrol yöntemi: U/f, sensörsüz vektör";;Delta 0.40 Kw VFD-EL-W Serisi Motor Sürücü - 220 V;Delta;Üretici görseli;https://www.deltaww.com/en-US/products/AC-Motor-Drives/5695;Yüksek;;Kod ve akım Delta VFD-EL-W kataloğundan doğrulandı.;https://www.cncdunyasi.com/urun/delta-0-40-kw-vfd-el-w-serisi-motor-surucu-vfd004el21w-1
Hız kontrol cihazları (AC sürücüler);Delta;VFD004EL43A;;Delta VFD-EL hız kontrol cihazı, 0,4 kW, 3 faz 400 V;Delta VFD-EL;"Seri: Delta VFD-EL; Ürün tipi: Kompakt AC motor sürücü; Motor gücü: 0,4 kW; Besleme gerilimi: 380–480 V AC; Giriş fazı: 3 faz; Nominal çıkış akımı: 1,5 A; Haberleşme: Modbus (RS-485); Koruma sınıfı: IP20; Ortam sıcaklığı: -10…50 °C; Çıkış frekansı: 0,1–599 Hz; Kontrol yöntemi: U/f (SPWM); EMC filtresi: Dahili; Dahili fren transistörü: Yok (harici fren ünitesi opsiyonel)";;Delta 0.40 Kw VFD-EL Serisi Motor Sürücü - 380 V;Delta;Üretici görseli;https://www.deltaww.com/en-US/products/AC-Motor-Drives/113;Yüksek;;Kod ve akım Delta VFD-EL kataloğundan doğrulandı.;https://www.cncdunyasi.com/urun/delta-0-40-kw-vfd-el-serisi-motor-surucu-vfd004el43a
Hız kontrol cihazları (AC sürücüler);Delta;VFD007E21T;;Delta VFD-E hız kontrol cihazı, 0,75 kW, 1 faz 230 V;Delta VFD-E;"Seri: Delta VFD-E; Ürün tipi: Kompakt AC motor sürücü; Motor gücü: 0,75 kW; Besleme gerilimi: 200–240 V AC; Giriş fazı: 1 faz; Nominal çıkış akımı: 4,2 A; Haberleşme: Modbus (RS-485); Koruma sınıfı: IP20; Ortam sıcaklığı: -10…50 °C; Çıkış frekansı: 0,1–599 Hz; Kontrol yöntemi: U/f, sensörsüz vektör; EMC filtresi: Dahili; Dahili fren transistörü: Var";Dahili PLC: Var (500 adım);Delta 0.75 Kw VFD-E Serisi Motor Sürücü - 220 V;Delta;Üretici görseli;https://www.deltaww.com/en-US/products/AC-Motor-Drives/126;Yüksek;;Kod ve akım Delta VFD-E veri sayfasından doğrulandı. 'T' son eki: A kasada dahili fren kıyıcısı.;https://www.cncdunyasi.com/urun/delta-0-75-kw-vfd-e-serisi-motor-surucu-vfd007e21t
Hız kontrol cihazları (AC sürücüler);Delta;VFD007E43T;;Delta VFD-E hız kontrol cihazı, 0,75 kW, 3 faz 400 V;Delta VFD-E;"Seri: Delta VFD-E; Ürün tipi: Kompakt AC motor sürücü; Motor gücü: 0,75 kW; Besleme gerilimi: 380–480 V AC; Giriş fazı: 3 faz; Nominal çıkış akımı: 2,5 A; Haberleşme: Modbus (RS-485); Koruma sınıfı: IP20; Ortam sıcaklığı: -10…50 °C; Çıkış frekansı: 0,1–599 Hz; Kontrol yöntemi: U/f, sensörsüz vektör; EMC filtresi: Dahili; Dahili fren transistörü: Var";Dahili PLC: Var (500 adım);Delta 0.75 Kw VFD-E Serisi Motor Sürücü - 380 V;Delta;Üretici görseli;https://www.deltaww.com/en-US/products/AC-Motor-Drives/126;Yüksek;;Kod ve akım Delta VFD-E veri sayfasından doğrulandı. 'T' son eki: A kasada dahili fren kıyıcısı.;https://www.cncdunyasi.com/urun/delta-0-75-kw-vfd-e-serisi-motor-surucu-vfd007e43t
Hız kontrol cihazları (AC sürücüler);Delta;VFD007EL21A;;Delta VFD-EL hız kontrol cihazı, 0,75 kW, 1 faz 230 V;Delta VFD-EL;"Seri: Delta VFD-EL; Ürün tipi: Kompakt AC motor sürücü; Motor gücü: 0,75 kW; Besleme gerilimi: 200–240 V AC; Giriş fazı: 1 faz; Nominal çıkış akımı: 4,2 A; Haberleşme: Modbus (RS-485); Koruma sınıfı: IP20; Ortam sıcaklığı: -10…50 °C; Çıkış frekansı: 0,1–599 Hz; Kontrol yöntemi: U/f (SPWM); EMC filtresi: Dahili; Dahili fren transistörü: Yok (harici fren ünitesi opsiyonel)";;Delta 0.75 Kw VFD-EL Serisi Motor Sürücü - 220 V;Delta;Üretici görseli;https://www.deltaww.com/en-US/products/AC-Motor-Drives/113;Yüksek;;Kod ve akım Delta VFD-EL kataloğundan doğrulandı.;https://www.cncdunyasi.com/urun/delta-0-75-kw-vfd-el-serisi-motor-surucu-vfd007el21a
Hız kontrol cihazları (AC sürücüler);Delta;VFD007EL21W-1;;Delta VFD-EL-W hız kontrol cihazı, 0,75 kW, 1 faz 230 V;Delta VFD-EL-W;"Seri: Delta VFD-EL-W; Ürün tipi: Kompakt AC motor sürücü; Motor gücü: 0,75 kW; Besleme gerilimi: 200–240 V AC; Giriş fazı: 1 faz; Nominal çıkış akımı: 4,2 A; Haberleşme: Modbus (RS-485); Koruma sınıfı: IP20; Ortam sıcaklığı: -10…50 °C; Çıkış frekansı: 0,1–400 Hz; Kontrol yöntemi: U/f, sensörsüz vektör";;Delta 0.75 Kw VFD-EL-W Serisi Motor Sürücü - 220 V;Delta;Üretici görseli;https://www.deltaww.com/en-US/products/AC-Motor-Drives/5695;Yüksek;;Kod ve akım Delta VFD-EL-W kataloğundan doğrulandı.;https://www.cncdunyasi.com/urun/delta-0-75-kw-vfd-el-w-serisi-motor-surucu-vfd007el21w-1
Hız kontrol cihazları (AC sürücüler);Delta;VFD007EL43A;;Delta VFD-EL hız kontrol cihazı, 0,75 kW, 3 faz 400 V;Delta VFD-EL;"Seri: Delta VFD-EL; Ürün tipi: Kompakt AC motor sürücü; Motor gücü: 0,75 kW; Besleme gerilimi: 380–480 V AC; Giriş fazı: 3 faz; Nominal çıkış akımı: 2,5 A; Haberleşme: Modbus (RS-485); Koruma sınıfı: IP20; Ortam sıcaklığı: -10…50 °C; Çıkış frekansı: 0,1–599 Hz; Kontrol yöntemi: U/f (SPWM); EMC filtresi: Dahili; Dahili fren transistörü: Yok (harici fren ünitesi opsiyonel)";;Delta 0.75 Kw VFD-EL Serisi Motor Sürücü - 380 V;Delta;Üretici görseli;https://www.deltaww.com/en-US/products/AC-Motor-Drives/113;Yüksek;;Kod ve akım Delta VFD-EL kataloğundan doğrulandı.;https://www.cncdunyasi.com/urun/delta-0-75-kw-vfd-el-serisi-motor-surucu-vfd007el43a
Hız kontrol cihazları (AC sürücüler);Delta;VFD007EL43W-1;;Delta VFD-EL-W hız kontrol cihazı, 0,75 kW, 3 faz 400 V;Delta VFD-EL-W;"Seri: Delta VFD-EL-W; Ürün tipi: Kompakt AC motor sürücü; Motor gücü: 0,75 kW; Besleme gerilimi: 380–480 V AC; Giriş fazı: 3 faz; Nominal çıkış akımı: 2,5 A; Haberleşme: Modbus (RS-485); Koruma sınıfı: IP20; Ortam sıcaklığı: -10…50 °C; Çıkış frekansı: 0,1–400 Hz; Kontrol yöntemi: U/f, sensörsüz vektör";;Delta 0.75 Kw VFD-EL-W Serisi Motor Sürücü - 380 V;Delta;Üretici görseli;https://www.deltaww.com/en-US/products/AC-Motor-Drives/5695;Yüksek;;Kod ve akım Delta VFD-EL-W kataloğundan doğrulandı.;https://www.cncdunyasi.com/urun/delta-0-75-kw-vfd-el-w-serisi-motor-surucu-vfd007el43w-1
Hız kontrol cihazları (AC sürücüler);Delta;VFD015E21A;;Delta VFD-E hız kontrol cihazı, 1,5 kW, 1 faz 230 V;Delta VFD-E;"Seri: Delta VFD-E; Ürün tipi: Kompakt AC motor sürücü; Motor gücü: 1,5 kW; Besleme gerilimi: 200–240 V AC; Giriş fazı: 1 faz; Nominal çıkış akımı: 7,5 A; Haberleşme: Modbus (RS-485); Koruma sınıfı: IP20; Ortam sıcaklığı: -10…50 °C; Çıkış frekansı: 0,1–599 Hz; Kontrol yöntemi: U/f, sensörsüz vektör; EMC filtresi: Dahili; Dahili fren transistörü: Var";Dahili PLC: Var (500 adım);Delta 1.5 Kw VFD-E Serisi Motor Sürücü - 220 V;Delta;Üretici görseli;https://www.deltaww.com/en-US/products/AC-Motor-Drives/126;Yüksek;;Kod ve akım Delta VFD-E veri sayfasından doğrulandı.;https://www.cncdunyasi.com/urun/delta-1-5-kw-vfd-e-serisi-motor-surucu-vfd015e21a
Hız kontrol cihazları (AC sürücüler);Delta;VFD015E43T;;Delta VFD-E hız kontrol cihazı, 1,5 kW, 3 faz 400 V;Delta VFD-E;"Seri: Delta VFD-E; Ürün tipi: Kompakt AC motor sürücü; Motor gücü: 1,5 kW; Besleme gerilimi: 380–480 V AC; Giriş fazı: 3 faz; Nominal çıkış akımı: 4,2 A; Haberleşme: Modbus (RS-485); Koruma sınıfı: IP20; Ortam sıcaklığı: -10…50 °C; Çıkış frekansı: 0,1–599 Hz; Kontrol yöntemi: U/f, sensörsüz vektör; EMC filtresi: Dahili; Dahili fren transistörü: Var";Dahili PLC: Var (500 adım);Delta 1.5 Kw VFD-E Serisi Motor Sürücü - 380 V;Delta;Üretici görseli;https://www.deltaww.com/en-US/products/AC-Motor-Drives/126;Yüksek;;Kod ve akım Delta VFD-E veri sayfasından doğrulandı. 'T' son eki: A kasada dahili fren kıyıcısı.;https://www.cncdunyasi.com/urun/delta-1-5-kw-vfd-e-serisi-motor-surucu-vfd015e43t
Hız kontrol cihazları (AC sürücüler);Delta;VFD015EL21A;;Delta VFD-EL hız kontrol cihazı, 1,5 kW, 1 faz 230 V;Delta VFD-EL;"Seri: Delta VFD-EL; Ürün tipi: Kompakt AC motor sürücü; Motor gücü: 1,5 kW; Besleme gerilimi: 200–240 V AC; Giriş fazı: 1 faz; Nominal çıkış akımı: 7,5 A; Haberleşme: Modbus (RS-485); Koruma sınıfı: IP20; Ortam sıcaklığı: -10…50 °C; Çıkış frekansı: 0,1–599 Hz; Kontrol yöntemi: U/f (SPWM); EMC filtresi: Dahili; Dahili fren transistörü: Yok (harici fren ünitesi opsiyonel)";;Delta 1.5 Kw VFD-EL Serisi Motor Sürücü - 220 V;Delta;Üretici görseli;https://www.deltaww.com/en-US/products/AC-Motor-Drives/113;Yüksek;;Kod ve akım Delta VFD-EL kataloğundan doğrulandı.;https://www.cncdunyasi.com/urun/delta-1-5-kw-vfd-el-serisi-motor-surucu-vfd015el21a
Hız kontrol cihazları (AC sürücüler);Delta;VFD015EL21W-1;;Delta VFD-EL-W hız kontrol cihazı, 1,5 kW, 1 faz 230 V;Delta VFD-EL-W;"Seri: Delta VFD-EL-W; Ürün tipi: Kompakt AC motor sürücü; Motor gücü: 1,5 kW; Besleme gerilimi: 200–240 V AC; Giriş fazı: 1 faz; Nominal çıkış akımı: 7,5 A; Haberleşme: Modbus (RS-485); Koruma sınıfı: IP20; Ortam sıcaklığı: -10…50 °C; Çıkış frekansı: 0,1–400 Hz; Kontrol yöntemi: U/f, sensörsüz vektör";;Delta 1.5 Kw VFD-EL-W Serisi Motor Sürücü - 220 V;Delta;Üretici görseli;https://www.deltaww.com/en-US/products/AC-Motor-Drives/5695;Yüksek;;Kod ve akım Delta VFD-EL-W kataloğundan doğrulandı.;https://www.cncdunyasi.com/urun/delta-1-5-kw-vfd-el-w-serisi-motor-surucu-vfd015el21w-1
Hız kontrol cihazları (AC sürücüler);Delta;VFD015EL43A;;Delta VFD-EL hız kontrol cihazı, 1,5 kW, 3 faz 400 V;Delta VFD-EL;"Seri: Delta VFD-EL; Ürün tipi: Kompakt AC motor sürücü; Motor gücü: 1,5 kW; Besleme gerilimi: 380–480 V AC; Giriş fazı: 3 faz; Nominal çıkış akımı: 4,2 A; Haberleşme: Modbus (RS-485); Koruma sınıfı: IP20; Ortam sıcaklığı: -10…50 °C; Çıkış frekansı: 0,1–599 Hz; Kontrol yöntemi: U/f (SPWM); EMC filtresi: Dahili; Dahili fren transistörü: Yok (harici fren ünitesi opsiyonel)";;Delta 1.5 Kw VFD-EL Serisi Motor Sürücü - 380 V;Delta;Üretici görseli;https://www.deltaww.com/en-US/products/AC-Motor-Drives/113;Yüksek;;Kod ve akım Delta VFD-EL kataloğundan doğrulandı.;https://www.cncdunyasi.com/urun/delta-1-5-kw-vfd-el-serisi-motor-surucu-vfd015el43a
Hız kontrol cihazları (AC sürücüler);Delta;VFD015EL43W-1;;Delta VFD-EL-W hız kontrol cihazı, 1,5 kW, 3 faz 400 V;Delta VFD-EL-W;"Seri: Delta VFD-EL-W; Ürün tipi: Kompakt AC motor sürücü; Motor gücü: 1,5 kW; Besleme gerilimi: 380–480 V AC; Giriş fazı: 3 faz; Nominal çıkış akımı: 4,2 A; Haberleşme: Modbus (RS-485); Koruma sınıfı: IP20; Ortam sıcaklığı: -10…50 °C; Çıkış frekansı: 0,1–400 Hz; Kontrol yöntemi: U/f, sensörsüz vektör";;Delta 1.5 Kw VFD-EL-W Serisi Motor Sürücü - 380 V;Delta;Üretici görseli;https://www.deltaww.com/en-US/products/AC-Motor-Drives/5695;Yüksek;;Kod ve akım Delta VFD-EL-W kataloğundan doğrulandı.;https://www.cncdunyasi.com/urun/delta-1-5-kw-vfd-el-w-serisi-motor-surucu-vfd015el43w-1
Hız kontrol cihazları (AC sürücüler);Delta;VFD022E21A;;Delta VFD-E hız kontrol cihazı, 2,2 kW, 1 faz 230 V;Delta VFD-E;"Seri: Delta VFD-E; Ürün tipi: Kompakt AC motor sürücü; Motor gücü: 2,2 kW; Besleme gerilimi: 200–240 V AC; Giriş fazı: 1 faz; Nominal çıkış akımı: 11 A; Haberleşme: Modbus (RS-485); Koruma sınıfı: IP20; Ortam sıcaklığı: -10…50 °C; Çıkış frekansı: 0,1–599 Hz; Kontrol yöntemi: U/f, sensörsüz vektör; EMC filtresi: Dahili; Dahili fren transistörü: Var";Dahili PLC: Var (500 adım);Delta 2.2 Kw VFD-E Serisi Motor Sürücü - 220 V;Delta;Üretici görseli;https://www.deltaww.com/en-US/products/AC-Motor-Drives/126;Yüksek;;Kod ve akım Delta VFD-E veri sayfasından doğrulandı.;https://www.cncdunyasi.com/urun/delta-2-2-kw-vfd-e-serisi-motor-surucu-vfd022e21a
Hız kontrol cihazları (AC sürücüler);Delta;VFD022E43A;;Delta VFD-E hız kontrol cihazı, 2,2 kW, 3 faz 400 V;Delta VFD-E;"Seri: Delta VFD-E; Ürün tipi: Kompakt AC motor sürücü; Motor gücü: 2,2 kW; Besleme gerilimi: 380–480 V AC; Giriş fazı: 3 faz; Nominal çıkış akımı: 5,5 A; Haberleşme: Modbus (RS-485); Koruma sınıfı: IP20; Ortam sıcaklığı: -10…50 °C; Çıkış frekansı: 0,1–599 Hz; Kontrol yöntemi: U/f, sensörsüz vektör; EMC filtresi: Dahili; Dahili fren transistörü: Var";Dahili PLC: Var (500 adım);Delta 2.2 Kw VFD-E Serisi Motor Sürücü - 380 V;Delta;Üretici görseli;https://www.deltaww.com/en-US/products/AC-Motor-Drives/126;Yüksek;;Kod ve akım Delta VFD-E veri sayfasından doğrulandı.;https://www.cncdunyasi.com/urun/delta-2-2-kw-vfd-e-serisi-motor-surucu-vfd022e43a
Hız kontrol cihazları (AC sürücüler);Delta;VFD022EL21A;;Delta VFD-EL hız kontrol cihazı, 2,2 kW, 1 faz 230 V;Delta VFD-EL;"Seri: Delta VFD-EL; Ürün tipi: Kompakt AC motor sürücü; Motor gücü: 2,2 kW; Besleme gerilimi: 200–240 V AC; Giriş fazı: 1 faz; Nominal çıkış akımı: 11 A; Haberleşme: Modbus (RS-485); Koruma sınıfı: IP20; Ortam sıcaklığı: -10…50 °C; Çıkış frekansı: 0,1–599 Hz; Kontrol yöntemi: U/f (SPWM); EMC filtresi: Dahili; Dahili fren transistörü: Yok (harici fren ünitesi opsiyonel)";;Delta 2.2 Kw VFD-EL Serisi Motor Sürücü - 220 V;Delta;Üretici görseli;https://www.deltaww.com/en-US/products/AC-Motor-Drives/113;Yüksek;"Site model alanında 'VFD015EL21A' yazıyor; ürün 2,2 kW olduğundan doğru kod VFD022EL21A.";Kod ve akım Delta VFD-EL kataloğundan doğrulandı.;https://www.cncdunyasi.com/urun/delta-2-2-kw-vfd-el-serisi-motor-surucu-vfd022el21a
Hız kontrol cihazları (AC sürücüler);Delta;VFD022EL21W-1;;Delta VFD-EL-W hız kontrol cihazı, 2,2 kW, 1 faz 230 V;Delta VFD-EL-W;"Seri: Delta VFD-EL-W; Ürün tipi: Kompakt AC motor sürücü; Motor gücü: 2,2 kW; Besleme gerilimi: 200–240 V AC; Giriş fazı: 1 faz; Nominal çıkış akımı: 11 A; Haberleşme: Modbus (RS-485); Koruma sınıfı: IP20; Ortam sıcaklığı: -10…50 °C; Çıkış frekansı: 0,1–400 Hz; Kontrol yöntemi: U/f, sensörsüz vektör";;Delta 2.2 Kw VFD-EL-W Serisi Motor Sürücü - 220 V;Delta;Üretici görseli;https://www.deltaww.com/en-US/products/AC-Motor-Drives/5695;Yüksek;;Kod ve akım Delta VFD-EL-W kataloğundan doğrulandı.;https://www.cncdunyasi.com/urun/delta-2-2-kw-vfd-el-w-serisi-motor-surucu-vfd022el21w-1
Hız kontrol cihazları (AC sürücüler);Delta;VFD022EL43A;;Delta VFD-EL hız kontrol cihazı, 2,2 kW, 3 faz 400 V;Delta VFD-EL;"Seri: Delta VFD-EL; Ürün tipi: Kompakt AC motor sürücü; Motor gücü: 2,2 kW; Besleme gerilimi: 380–480 V AC; Giriş fazı: 3 faz; Nominal çıkış akımı: 5,5 A; Haberleşme: Modbus (RS-485); Koruma sınıfı: IP20; Ortam sıcaklığı: -10…50 °C; Çıkış frekansı: 0,1–599 Hz; Kontrol yöntemi: U/f (SPWM); EMC filtresi: Dahili; Dahili fren transistörü: Yok (harici fren ünitesi opsiyonel)";;Delta 2.2 Kw VFD-EL Serisi Motor Sürücü - 380 V;Delta;Üretici görseli;https://www.deltaww.com/en-US/products/AC-Motor-Drives/113;Yüksek;;Kod ve akım Delta VFD-EL kataloğundan doğrulandı.;https://www.cncdunyasi.com/urun/delta-2-2-kw-vfd-el-serisi-motor-surucu-vfd022el43a
Hız kontrol cihazları (AC sürücüler);Delta;VFD022EL43W-1;;Delta VFD-EL-W hız kontrol cihazı, 2,2 kW, 3 faz 400 V;Delta VFD-EL-W;"Seri: Delta VFD-EL-W; Ürün tipi: Kompakt AC motor sürücü; Motor gücü: 2,2 kW; Besleme gerilimi: 380–480 V AC; Giriş fazı: 3 faz; Nominal çıkış akımı: 5,5 A; Haberleşme: Modbus (RS-485); Koruma sınıfı: IP20; Ortam sıcaklığı: -10…50 °C; Çıkış frekansı: 0,1–400 Hz; Kontrol yöntemi: U/f, sensörsüz vektör";;Delta 2.2 Kw VFD-EL-W Serisi Motor Sürücü - 380 V;Delta;Üretici görseli;https://www.deltaww.com/en-US/products/AC-Motor-Drives/5695;Yüksek;;Kod ve akım Delta VFD-EL-W kataloğundan doğrulandı.;https://www.cncdunyasi.com/urun/delta-2-2-kw-vfd-el-w-serisi-motor-surucu-vfd022el43w-1
Hız kontrol cihazları (AC sürücüler);Delta;VFD037E43A;;Delta VFD-E hız kontrol cihazı, 3,7 kW, 3 faz 400 V;Delta VFD-E;"Seri: Delta VFD-E; Ürün tipi: Kompakt AC motor sürücü; Motor gücü: 3,7 kW; Besleme gerilimi: 380–480 V AC; Giriş fazı: 3 faz; Nominal çıkış akımı: 8,2 A; Haberleşme: Modbus (RS-485); Koruma sınıfı: IP20; Ortam sıcaklığı: -10…50 °C; Çıkış frekansı: 0,1–599 Hz; Kontrol yöntemi: U/f, sensörsüz vektör; EMC filtresi: Dahili; Dahili fren transistörü: Var";Dahili PLC: Var (500 adım);Delta 3.7 Kw VFD-E Serisi Motor Sürücü - 380 V;Delta;Üretici görseli;https://www.deltaww.com/en-US/products/AC-Motor-Drives/126;Yüksek;;Kod ve akım Delta VFD-E veri sayfasından doğrulandı.;https://www.cncdunyasi.com/urun/delta-3-7-kw-vfd-e-serisi-motor-surucu-vfd037e43a
Hız kontrol cihazları (AC sürücüler);Delta;VFD037EL43A;;Delta VFD-EL hız kontrol cihazı, 3,7 kW, 3 faz 400 V;Delta VFD-EL;"Seri: Delta VFD-EL; Ürün tipi: Kompakt AC motor sürücü; Motor gücü: 3,7 kW; Besleme gerilimi: 380–480 V AC; Giriş fazı: 3 faz; Nominal çıkış akımı: 8,2 A; Haberleşme: Modbus (RS-485); Koruma sınıfı: IP20; Ortam sıcaklığı: -10…50 °C; Çıkış frekansı: 0,1–599 Hz; Kontrol yöntemi: U/f (SPWM); EMC filtresi: Dahili; Dahili fren transistörü: Yok (harici fren ünitesi opsiyonel)";;Delta 3.7 Kw VFD-EL Serisi Motor Sürücü - 380 V;Delta;Üretici görseli;https://www.deltaww.com/en-US/products/AC-Motor-Drives/113;Yüksek;;Kod ve akım Delta VFD-EL kataloğundan doğrulandı.;https://www.cncdunyasi.com/urun/delta-3-7-kw-vfd-el-serisi-motor-surucu-vfd037el43a
Hız kontrol cihazları (AC sürücüler);Delta;VFD040EL43W-1;;Delta VFD-EL-W hız kontrol cihazı, 4 kW, 3 faz 400 V;Delta VFD-EL-W;"Seri: Delta VFD-EL-W; Ürün tipi: Kompakt AC motor sürücü; Motor gücü: 4 kW; Besleme gerilimi: 380–480 V AC; Giriş fazı: 3 faz; Nominal çıkış akımı: 9 A; Haberleşme: Modbus (RS-485); Koruma sınıfı: IP20; Ortam sıcaklığı: -10…50 °C; Çıkış frekansı: 0,1–400 Hz; Kontrol yöntemi: U/f, sensörsüz vektör";;Delta 4 Kw VFD-EL-W Serisi Motor Sürücü - 380 V;Delta;Üretici görseli;https://www.deltaww.com/en-US/products/AC-Motor-Drives/5695;Yüksek;;Kod ve akım Delta VFD-EL-W kataloğundan doğrulandı.;https://www.cncdunyasi.com/urun/delta-4-kw-vfd-el-w-serisi-motor-surucu-vfd040el43w-1
Hız kontrol cihazları (AC sürücüler);Delta;VFD055E43A;;Delta VFD-E hız kontrol cihazı, 5,5 kW, 3 faz 400 V;Delta VFD-E;"Seri: Delta VFD-E; Ürün tipi: Kompakt AC motor sürücü; Motor gücü: 5,5 kW; Besleme gerilimi: 380–480 V AC; Giriş fazı: 3 faz; Nominal çıkış akımı: 13 A; Haberleşme: Modbus (RS-485); Koruma sınıfı: IP20; Ortam sıcaklığı: -10…50 °C; Çıkış frekansı: 0,1–599 Hz; Kontrol yöntemi: U/f, sensörsüz vektör; EMC filtresi: Dahili; Dahili fren transistörü: Var";Dahili PLC: Var (500 adım);Delta 5.5 Kw VFD-E Serisi Motor Sürücü - 380 V;Delta;Üretici görseli;https://www.deltaww.com/en-US/products/AC-Motor-Drives/126;Yüksek;;Kod ve akım Delta VFD-E veri sayfasından doğrulandı.;https://www.cncdunyasi.com/urun/delta-5-5-kw-vfd-e-serisi-motor-surucu-vfd055e43a
Hız kontrol cihazları (AC sürücüler);Delta;VFD055EL43W-1;;Delta VFD-EL-W hız kontrol cihazı, 5,5 kW, 3 faz 400 V;Delta VFD-EL-W;"Seri: Delta VFD-EL-W; Ürün tipi: Kompakt AC motor sürücü; Motor gücü: 5,5 kW; Besleme gerilimi: 380–480 V AC; Giriş fazı: 3 faz; Nominal çıkış akımı: 13 A; Haberleşme: Modbus (RS-485); Koruma sınıfı: IP20; Ortam sıcaklığı: -10…50 °C; Çıkış frekansı: 0,1–400 Hz; Kontrol yöntemi: U/f, sensörsüz vektör";;Delta 5.5 Kw VFD-EL-W Serisi Motor Sürücü - 380 V;Delta;Üretici görseli;https://www.deltaww.com/en-US/products/AC-Motor-Drives/5695;Orta;;"Delta VFD-EL-W kataloğunun (2021) model tablosunda 5,5 kW modeli listelenmiyor; seri akım aralığının üst değeri 13 A [TEYİT].";https://www.cncdunyasi.com/urun/delta-5-5-kw-vfd-el-w-serisi-motor-surucu-vfd055el43w-1
Hız kontrol cihazları (AC sürücüler);Delta;VFD075E43A;;Delta VFD-E hız kontrol cihazı, 7,5 kW, 3 faz 400 V;Delta VFD-E;"Seri: Delta VFD-E; Ürün tipi: Kompakt AC motor sürücü; Motor gücü: 7,5 kW; Besleme gerilimi: 380–480 V AC; Giriş fazı: 3 faz; Nominal çıkış akımı: 18 A; Haberleşme: Modbus (RS-485); Koruma sınıfı: IP20; Ortam sıcaklığı: -10…50 °C; Çıkış frekansı: 0,1–599 Hz; Kontrol yöntemi: U/f, sensörsüz vektör; EMC filtresi: Dahili; Dahili fren transistörü: Var";Dahili PLC: Var (500 adım);Delta 7.5 Kw VFD-E Serisi Motor Sürücü - 380 V;Delta;Üretici görseli;https://www.deltaww.com/en-US/products/AC-Motor-Drives/126;Yüksek;;Kod ve akım Delta VFD-E veri sayfasından doğrulandı.;https://www.cncdunyasi.com/urun/delta-7-5-kw-vfd-e-serisi-motor-surucu-vfd075e43a
Hız kontrol cihazları (AC sürücüler);Shihlin Electric;SC3-021-0.4K;;Shihlin SC3 hız kontrol cihazı, 0,4 kW, 1 faz 230 V;Shihlin SC3;"Seri: Shihlin SC3; Ürün tipi: Kompakt AC motor sürücü; Motor gücü: 0,4 kW; Besleme gerilimi: 200–240 V AC; Giriş fazı: 1 faz; Nominal çıkış akımı: 2,3 A; Çıkış frekansı: 0–599 Hz; Haberleşme: Modbus RTU/ASCII, Shihlin protokolü (RS-485); Koruma sınıfı: IP20; Kontrol yöntemi: U/f, vektör kontrol; EMC filtresi: Dahili RFI filtresi; Ortam sıcaklığı: -10…50 °C";Montaj: DIN ray veya vida;Shihlin 0.4 Kw SC3 Serisi Motor Sürücü - 220 V;Shihlin;Üretici görseli;https://global.seec.com.tw/en/product/compact-vector-control-drives_SC3.html;Orta;"Site açıklamasında giriş '3 faz 200–240 V / 380–480 V' genel ifadesi var; 021 kodlu modeller 1 faz 200–240 V beslemelidir.";Kod formatı ve akım Shihlin SC3 kullanım kılavuzundan.;https://www.cncdunyasi.com/urun/shihlin-0-4-kw-sc3-serisi-motor-surucu-sc3-021-0-4-k
Hız kontrol cihazları (AC sürücüler);Shihlin Electric;SC3-021-0.75K;;Shihlin SC3 hız kontrol cihazı, 0,75 kW, 1 faz 230 V;Shihlin SC3;"Seri: Shihlin SC3; Ürün tipi: Kompakt AC motor sürücü; Motor gücü: 0,75 kW; Besleme gerilimi: 200–240 V AC; Giriş fazı: 1 faz; Nominal çıkış akımı: 4,2 A; Çıkış frekansı: 0–599 Hz; Haberleşme: Modbus RTU/ASCII, Shihlin protokolü (RS-485); Koruma sınıfı: IP20; Kontrol yöntemi: U/f, vektör kontrol; EMC filtresi: Dahili RFI filtresi; Ortam sıcaklığı: -10…50 °C";Montaj: DIN ray veya vida;Shihlin 0.75 Kw SC3 Serisi Motor Sürücü - 220 V;Shihlin;Üretici görseli;https://global.seec.com.tw/en/product/compact-vector-control-drives_SC3.html;Orta;"Site açıklamasında giriş '3 faz 200–240 V / 380–480 V' genel ifadesi var; 021 kodlu modeller 1 faz 200–240 V beslemelidir.";Kod formatı ve akım Shihlin SC3 kullanım kılavuzundan.;https://www.cncdunyasi.com/urun/shihlin-0-75-kw-sc3-serisi-motor-surucu-sc3-021-0-75-k
Hız kontrol cihazları (AC sürücüler);Shihlin Electric;SC3-021-1.5K;;Shihlin SC3 hız kontrol cihazı, 1,5 kW, 1 faz 230 V;Shihlin SC3;"Seri: Shihlin SC3; Ürün tipi: Kompakt AC motor sürücü; Motor gücü: 1,5 kW; Besleme gerilimi: 200–240 V AC; Giriş fazı: 1 faz; Nominal çıkış akımı: 8,3 A; Çıkış frekansı: 0–599 Hz; Haberleşme: Modbus RTU/ASCII, Shihlin protokolü (RS-485); Koruma sınıfı: IP20; Kontrol yöntemi: U/f, vektör kontrol; EMC filtresi: Dahili RFI filtresi; Ortam sıcaklığı: -10…50 °C";Montaj: DIN ray veya vida;Shihlin 1.5 Kw SC3 Serisi Motor Sürücü - 220 V;Shihlin;Üretici görseli;https://global.seec.com.tw/en/product/compact-vector-control-drives_SC3.html;Orta;"Site açıklamasında giriş '3 faz 200–240 V / 380–480 V' genel ifadesi var; 021 kodlu modeller 1 faz 200–240 V beslemelidir.";Kod formatı ve akım Shihlin SC3 kullanım kılavuzundan.;https://www.cncdunyasi.com/urun/shihlin-1-5-kw-sc3-serisi-motor-surucu-sc3-021-1-5-k
Hız kontrol cihazları (AC sürücüler);Shihlin Electric;SC3-021-2.2K;;Shihlin SC3 hız kontrol cihazı, 2,2 kW, 1 faz 230 V;Shihlin SC3;"Seri: Shihlin SC3; Ürün tipi: Kompakt AC motor sürücü; Motor gücü: 2,2 kW; Besleme gerilimi: 200–240 V AC; Giriş fazı: 1 faz; Nominal çıkış akımı: 11,5 A; Çıkış frekansı: 0–599 Hz; Haberleşme: Modbus RTU/ASCII, Shihlin protokolü (RS-485); Koruma sınıfı: IP20; Kontrol yöntemi: U/f, vektör kontrol; EMC filtresi: Dahili RFI filtresi; Ortam sıcaklığı: -10…50 °C";Montaj: DIN ray veya vida;Shihlin 2.2 Kw SC3 Serisi Motor Sürücü - 220 V;Shihlin;Üretici görseli;https://global.seec.com.tw/en/product/compact-vector-control-drives_SC3.html;Orta;"Site açıklamasında giriş '3 faz 200–240 V / 380–480 V' genel ifadesi var; 021 kodlu modeller 1 faz 200–240 V beslemelidir.";Kod formatı ve akım Shihlin SC3 kullanım kılavuzundan.;https://www.cncdunyasi.com/urun/shihlin-2-2-kw-sc3-serisi-motor-surucu-sc3-021-2-2-k
Hız kontrol cihazları (AC sürücüler);Shihlin Electric;SC3-043-0.75K;;Shihlin SC3 hız kontrol cihazı, 0,75 kW, 3 faz 400 V;Shihlin SC3;"Seri: Shihlin SC3; Ürün tipi: Kompakt AC motor sürücü; Motor gücü: 0,75 kW; Besleme gerilimi: 380–480 V AC; Giriş fazı: 3 faz; Nominal çıkış akımı: 1,8 A; Çıkış frekansı: 0–599 Hz; Haberleşme: Modbus RTU/ASCII, Shihlin protokolü (RS-485); Koruma sınıfı: IP20; Kontrol yöntemi: U/f, vektör kontrol; EMC filtresi: Dahili RFI filtresi; Ortam sıcaklığı: -10…50 °C";Montaj: DIN ray veya vida;Shihlin 0.75 Kw SC3 Serisi Motor Sürücü - 380 V;Shihlin;Üretici görseli;https://global.seec.com.tw/en/product/compact-vector-control-drives_SC3.html;Orta;"Site açıklamasında giriş '3 faz 200–240 V / 380–480 V' genel ifadesi var; 021 kodlu modeller 1 faz 200–240 V beslemelidir.";Kod formatı ve akım Shihlin SC3 kullanım kılavuzundan. 400 V akım değerleri ikincil kopyadan okundu [TEYİT].;https://www.cncdunyasi.com/urun/shihlin-0-75-kw-sc3-serisi-motor-surucu-sc3-043-0-75-k
Hız kontrol cihazları (AC sürücüler);Shihlin Electric;SC3-043-1.5K;;Shihlin SC3 hız kontrol cihazı, 1,5 kW, 3 faz 400 V;Shihlin SC3;"Seri: Shihlin SC3; Ürün tipi: Kompakt AC motor sürücü; Motor gücü: 1,5 kW; Besleme gerilimi: 380–480 V AC; Giriş fazı: 3 faz; Nominal çıkış akımı: 3,5 A; Çıkış frekansı: 0–599 Hz; Haberleşme: Modbus RTU/ASCII, Shihlin protokolü (RS-485); Koruma sınıfı: IP20; Kontrol yöntemi: U/f, vektör kontrol; EMC filtresi: Dahili RFI filtresi; Ortam sıcaklığı: -10…50 °C";Montaj: DIN ray veya vida;Shihlin 1.5 Kw SC3 Serisi Motor Sürücü - 380 V;Shihlin;Üretici görseli;https://global.seec.com.tw/en/product/compact-vector-control-drives_SC3.html;Orta;"Site açıklamasında giriş '3 faz 200–240 V / 380–480 V' genel ifadesi var; 021 kodlu modeller 1 faz 200–240 V beslemelidir.";Kod formatı ve akım Shihlin SC3 kullanım kılavuzundan. 400 V akım değerleri ikincil kopyadan okundu [TEYİT].;https://www.cncdunyasi.com/urun/shihlin-1-5-kw-sc3-serisi-motor-surucu-sc3-043-1-5-k
Hız kontrol cihazları (AC sürücüler);Shihlin Electric;SC3-043-2.2K;;Shihlin SC3 hız kontrol cihazı, 2,2 kW, 3 faz 400 V;Shihlin SC3;"Seri: Shihlin SC3; Ürün tipi: Kompakt AC motor sürücü; Motor gücü: 2,2 kW; Besleme gerilimi: 380–480 V AC; Giriş fazı: 3 faz; Nominal çıkış akımı: 5,2 A; Çıkış frekansı: 0–599 Hz; Haberleşme: Modbus RTU/ASCII, Shihlin protokolü (RS-485); Koruma sınıfı: IP20; Kontrol yöntemi: U/f, vektör kontrol; EMC filtresi: Dahili RFI filtresi; Ortam sıcaklığı: -10…50 °C";Montaj: DIN ray veya vida;Shihlin 2.2 Kw SC3 Serisi Motor Sürücü - 380 V;Shihlin;Üretici görseli;https://global.seec.com.tw/en/product/compact-vector-control-drives_SC3.html;Orta;"Site açıklamasında giriş '3 faz 200–240 V / 380–480 V' genel ifadesi var; 021 kodlu modeller 1 faz 200–240 V beslemelidir.";Kod formatı ve akım Shihlin SC3 kullanım kılavuzundan. 400 V akım değerleri ikincil kopyadan okundu [TEYİT].;https://www.cncdunyasi.com/urun/shihlin-2-2-kw-sc3-serisi-motor-surucu-sc3-043-2-2-k
Hız kontrol cihazları (AC sürücüler);Shihlin Electric;SC3-043-3.7K;;Shihlin SC3 hız kontrol cihazı, 3,7 kW, 3 faz 400 V;Shihlin SC3;"Seri: Shihlin SC3; Ürün tipi: Kompakt AC motor sürücü; Motor gücü: 3,7 kW; Besleme gerilimi: 380–480 V AC; Giriş fazı: 3 faz; Nominal çıkış akımı: 8,8 A; Çıkış frekansı: 0–599 Hz; Haberleşme: Modbus RTU/ASCII, Shihlin protokolü (RS-485); Koruma sınıfı: IP20; Kontrol yöntemi: U/f, vektör kontrol; EMC filtresi: Dahili RFI filtresi; Ortam sıcaklığı: -10…50 °C";Montaj: DIN ray veya vida;Shihlin 3.7 Kw SC3 Serisi Motor Sürücü - 380 V;Shihlin;Üretici görseli;https://global.seec.com.tw/en/product/compact-vector-control-drives_SC3.html;Orta;"Site açıklamasında giriş '3 faz 200–240 V / 380–480 V' genel ifadesi var; 021 kodlu modeller 1 faz 200–240 V beslemelidir.";Kod formatı ve akım Shihlin SC3 kullanım kılavuzundan. 400 V akım değerleri ikincil kopyadan okundu [TEYİT].;https://www.cncdunyasi.com/urun/shihlin-3-7-kw-sc3-serisi-motor-surucu-sc3-043-3-7-k
Hız kontrol cihazları (AC sürücüler);Shihlin Electric;SC3-043-5.5K;;Shihlin SC3 hız kontrol cihazı, 5,5 kW, 3 faz 400 V;Shihlin SC3;"Seri: Shihlin SC3; Ürün tipi: Kompakt AC motor sürücü; Motor gücü: 5,5 kW; Besleme gerilimi: 380–480 V AC; Giriş fazı: 3 faz; Nominal çıkış akımı: 13 A; Çıkış frekansı: 0–599 Hz; Haberleşme: Modbus RTU/ASCII, Shihlin protokolü (RS-485); Koruma sınıfı: IP20; Kontrol yöntemi: U/f, vektör kontrol; EMC filtresi: Dahili RFI filtresi; Ortam sıcaklığı: -10…50 °C";Montaj: DIN ray veya vida;Shihlin 5.5 Kw SC3 Serisi Motor Sürücü - 380 V;Shihlin;Üretici görseli;https://global.seec.com.tw/en/product/compact-vector-control-drives_SC3.html;Orta;"Site açıklamasında giriş '3 faz 200–240 V / 380–480 V' genel ifadesi var; 021 kodlu modeller 1 faz 200–240 V beslemelidir.";Kod formatı ve akım Shihlin SC3 kullanım kılavuzundan. 400 V akım değerleri ikincil kopyadan okundu [TEYİT].;https://www.cncdunyasi.com/urun/shihlin-5-5-kw-sc3-serisi-motor-surucu-sc3-043-5-5-k
Hız kontrol cihazları (AC sürücüler);Shihlin Electric;SE3-021-0.75K;;Shihlin SE3 hız kontrol cihazı, 0,75 kW, 1 faz 230 V;Shihlin SE3;"Seri: Shihlin SE3; Ürün tipi: Kompakt AC motor sürücü; Motor gücü: 0,75 kW; Besleme gerilimi: 200–240 V AC; Giriş fazı: 1 faz; Nominal çıkış akımı: 4,5 A (HD) / 5 A (ND); Çıkış frekansı: 0–599 Hz; Haberleşme: Modbus RTU/ASCII, Shihlin protokolü (RS-485); Koruma sınıfı: IP20; Kontrol yöntemi: U/f, kapalı çevrim U/f, vektör kontrol (asenkron ve PM motor); Dahili fren transistörü: Var";"Dahili PLC: Var; Genişleme: 1 opsiyon kartı yuvası (enkoder/haberleşme)";Shihlin 0.75 Kw SE3 Serisi Motor Sürücü - 220 V;Shihlin;Üretici görseli;https://global.seec.com.tw/en/product/high-performance-vector-control-drives_SE3.html;Yüksek;"Site açıklamasında giriş '3 faz 200–240 V / 380–480 V' genel ifadesi var; 021 kodlu modeller 1 faz 200–240 V beslemelidir.";Kod formatı ve akım Shihlin SE3 kullanım kılavuzundan.;https://www.cncdunyasi.com/urun/shihlin-0-75-kw-se3-serisi-motor-surucu-se3-021-0-7-5-k
Hız kontrol cihazları (AC sürücüler);Shihlin Electric;SE3-021-1.5K;;Shihlin SE3 hız kontrol cihazı, 1,5 kW, 1 faz 230 V;Shihlin SE3;"Seri: Shihlin SE3; Ürün tipi: Kompakt AC motor sürücü; Motor gücü: 1,5 kW; Besleme gerilimi: 200–240 V AC; Giriş fazı: 1 faz; Nominal çıkış akımı: 8 A (HD) / 8,5 A (ND); Çıkış frekansı: 0–599 Hz; Haberleşme: Modbus RTU/ASCII, Shihlin protokolü (RS-485); Koruma sınıfı: IP20; Kontrol yöntemi: U/f, kapalı çevrim U/f, vektör kontrol (asenkron ve PM motor); Dahili fren transistörü: Var";"Dahili PLC: Var; Genişleme: 1 opsiyon kartı yuvası (enkoder/haberleşme)";Shihlin 1.5 Kw SE3 Serisi Motor Sürücü - 220 V;Shihlin;Üretici görseli;https://global.seec.com.tw/en/product/high-performance-vector-control-drives_SE3.html;Yüksek;"Site açıklamasında giriş '3 faz 200–240 V / 380–480 V' genel ifadesi var; 021 kodlu modeller 1 faz 200–240 V beslemelidir.";Kod formatı ve akım Shihlin SE3 kullanım kılavuzundan.;https://www.cncdunyasi.com/urun/shihlin-1-5-kw-se3-serisi-motor-surucu-se3-021-1-5-k
Hız kontrol cihazları (AC sürücüler);Shihlin Electric;SE3-021-2.2K;;Shihlin SE3 hız kontrol cihazı, 2,2 kW, 1 faz 230 V;Shihlin SE3;"Seri: Shihlin SE3; Ürün tipi: Kompakt AC motor sürücü; Motor gücü: 2,2 kW; Besleme gerilimi: 200–240 V AC; Giriş fazı: 1 faz; Nominal çıkış akımı: 11 A (HD) / 12,5 A (ND); Çıkış frekansı: 0–599 Hz; Haberleşme: Modbus RTU/ASCII, Shihlin protokolü (RS-485); Koruma sınıfı: IP20; Kontrol yöntemi: U/f, kapalı çevrim U/f, vektör kontrol (asenkron ve PM motor); Dahili fren transistörü: Var";"Dahili PLC: Var; Genişleme: 1 opsiyon kartı yuvası (enkoder/haberleşme)";Shihlin 2.2 Kw SE3 Serisi Motor Sürücü - 220 V;Shihlin;Üretici görseli;https://global.seec.com.tw/en/product/high-performance-vector-control-drives_SE3.html;Yüksek;"Site açıklamasında giriş '3 faz 200–240 V / 380–480 V' genel ifadesi var; 021 kodlu modeller 1 faz 200–240 V beslemelidir.";Kod formatı ve akım Shihlin SE3 kullanım kılavuzundan.;https://www.cncdunyasi.com/urun/shihlin-2-2-kw-se3-serisi-motor-surucu-se3-021-2-2-k
Hız kontrol cihazları (AC sürücüler);Shihlin Electric;SE3-043-1.5K;;Shihlin SE3 hız kontrol cihazı, 1,5 kW, 3 faz 400 V;Shihlin SE3;"Seri: Shihlin SE3; Ürün tipi: Kompakt AC motor sürücü; Motor gücü: 1,5 kW; Besleme gerilimi: 380–480 V AC; Giriş fazı: 3 faz; Nominal çıkış akımı: 4,2 A (HD) / 4,6 A (ND); Çıkış frekansı: 0–599 Hz; Haberleşme: Modbus RTU/ASCII, Shihlin protokolü (RS-485); Koruma sınıfı: IP20; Kontrol yöntemi: U/f, kapalı çevrim U/f, vektör kontrol (asenkron ve PM motor); Dahili fren transistörü: Var";"Dahili PLC: Var; Genişleme: 1 opsiyon kartı yuvası (enkoder/haberleşme)";Shihlin 1.5 Kw SE3 Serisi Motor Sürücü - 380 V;Shihlin;Üretici görseli;https://global.seec.com.tw/en/product/high-performance-vector-control-drives_SE3.html;Yüksek;"Site açıklamasında giriş '3 faz 200–240 V / 380–480 V' genel ifadesi var; 021 kodlu modeller 1 faz 200–240 V beslemelidir.";Kod formatı ve akım Shihlin SE3 kullanım kılavuzundan.;https://www.cncdunyasi.com/urun/shihlin-1-5-kw-se3-serisi-motor-surucu-se3-043-1-5-k
Hız kontrol cihazları (AC sürücüler);Shihlin Electric;SE3-043-11K;;Shihlin SE3 hız kontrol cihazı, 11 kW, 3 faz 400 V;Shihlin SE3;"Seri: Shihlin SE3; Ürün tipi: Kompakt AC motor sürücü; Motor gücü: 11 kW; Besleme gerilimi: 380–480 V AC; Giriş fazı: 3 faz; Nominal çıkış akımı: 24 A (HD) / 28 A (ND); Çıkış frekansı: 0–599 Hz; Haberleşme: Modbus RTU/ASCII, Shihlin protokolü (RS-485); Koruma sınıfı: IP20; Kontrol yöntemi: U/f, kapalı çevrim U/f, vektör kontrol (asenkron ve PM motor); Dahili fren transistörü: Var";"Dahili PLC: Var; Genişleme: 1 opsiyon kartı yuvası (enkoder/haberleşme)";Shihlin 11 Kw SE3 Serisi Motor Sürücü - 380 V;Shihlin;Üretici görseli;https://global.seec.com.tw/en/product/high-performance-vector-control-drives_SE3.html;Yüksek;"Site açıklamasında giriş '3 faz 200–240 V / 380–480 V' genel ifadesi var; 021 kodlu modeller 1 faz 200–240 V beslemelidir.";Kod formatı ve akım Shihlin SE3 kullanım kılavuzundan.;https://www.cncdunyasi.com/urun/shihlin-11-kw-se3-serisi-motor-surucu-se3-043-11-k
Hız kontrol cihazları (AC sürücüler);Shihlin Electric;SE3-043-15K;;Shihlin SE3 hız kontrol cihazı, 15 kW, 3 faz 400 V;Shihlin SE3;"Seri: Shihlin SE3; Ürün tipi: Kompakt AC motor sürücü; Motor gücü: 15 kW; Besleme gerilimi: 380–480 V AC; Giriş fazı: 3 faz; Nominal çıkış akımı: 32 A (HD) / 36 A (ND); Çıkış frekansı: 0–599 Hz; Haberleşme: Modbus RTU/ASCII, Shihlin protokolü (RS-485); Koruma sınıfı: IP20; Kontrol yöntemi: U/f, kapalı çevrim U/f, vektör kontrol (asenkron ve PM motor); Dahili fren transistörü: Var";"Dahili PLC: Var; Genişleme: 1 opsiyon kartı yuvası (enkoder/haberleşme)";Shihlin 15 Kw SE3 Serisi Motor Sürücü - 380 V;Shihlin;Üretici görseli;https://global.seec.com.tw/en/product/high-performance-vector-control-drives_SE3.html;Yüksek;"Site açıklamasında giriş '3 faz 200–240 V / 380–480 V' genel ifadesi var; 021 kodlu modeller 1 faz 200–240 V beslemelidir.";Kod formatı ve akım Shihlin SE3 kullanım kılavuzundan.;https://www.cncdunyasi.com/urun/shihlin-15-kw-se3-serisi-motor-surucu-se3-043-15-k
Hız kontrol cihazları (AC sürücüler);Shihlin Electric;SE3-043-2.2K;;Shihlin SE3 hız kontrol cihazı, 2,2 kW, 3 faz 400 V;Shihlin SE3;"Seri: Shihlin SE3; Ürün tipi: Kompakt AC motor sürücü; Motor gücü: 2,2 kW; Besleme gerilimi: 380–480 V AC; Giriş fazı: 3 faz; Nominal çıkış akımı: 6 A (HD) / 6,5 A (ND); Çıkış frekansı: 0–599 Hz; Haberleşme: Modbus RTU/ASCII, Shihlin protokolü (RS-485); Koruma sınıfı: IP20; Kontrol yöntemi: U/f, kapalı çevrim U/f, vektör kontrol (asenkron ve PM motor); Dahili fren transistörü: Var";"Dahili PLC: Var; Genişleme: 1 opsiyon kartı yuvası (enkoder/haberleşme)";Shihlin 2.2 Kw SE3 Serisi Motor Sürücü - 380 V;Shihlin;Üretici görseli;https://global.seec.com.tw/en/product/high-performance-vector-control-drives_SE3.html;Yüksek;"Site açıklamasında giriş '3 faz 200–240 V / 380–480 V' genel ifadesi var; 021 kodlu modeller 1 faz 200–240 V beslemelidir.";Kod formatı ve akım Shihlin SE3 kullanım kılavuzundan.;https://www.cncdunyasi.com/urun/shihlin-2-2-kw-se3-serisi-motor-surucu-se3-043-2-2-k
Hız kontrol cihazları (AC sürücüler);Shihlin Electric;SE3-043-3.7K;;Shihlin SE3 hız kontrol cihazı, 3,7 kW, 3 faz 400 V;Shihlin SE3;"Seri: Shihlin SE3; Ürün tipi: Kompakt AC motor sürücü; Motor gücü: 3,7 kW; Besleme gerilimi: 380–480 V AC; Giriş fazı: 3 faz; Nominal çıkış akımı: 9 A (HD) / 10,5 A (ND); Çıkış frekansı: 0–599 Hz; Haberleşme: Modbus RTU/ASCII, Shihlin protokolü (RS-485); Koruma sınıfı: IP20; Kontrol yöntemi: U/f, kapalı çevrim U/f, vektör kontrol (asenkron ve PM motor); Dahili fren transistörü: Var";"Dahili PLC: Var; Genişleme: 1 opsiyon kartı yuvası (enkoder/haberleşme)";Shihlin 3.7 Kw SE3 Serisi Motor Sürücü - 380 V;Shihlin;Üretici görseli;https://global.seec.com.tw/en/product/high-performance-vector-control-drives_SE3.html;Yüksek;"Site açıklamasında giriş '3 faz 200–240 V / 380–480 V' genel ifadesi var; 021 kodlu modeller 1 faz 200–240 V beslemelidir.";Kod formatı ve akım Shihlin SE3 kullanım kılavuzundan.;https://www.cncdunyasi.com/urun/shihlin-3-7-kw-se3-serisi-motor-surucu-se3-043-3-7-k
Hız kontrol cihazları (AC sürücüler);Shihlin Electric;SE3-043-5.5K;;Shihlin SE3 hız kontrol cihazı, 5,5 kW, 3 faz 400 V;Shihlin SE3;"Seri: Shihlin SE3; Ürün tipi: Kompakt AC motor sürücü; Motor gücü: 5,5 kW; Besleme gerilimi: 380–480 V AC; Giriş fazı: 3 faz; Nominal çıkış akımı: 12 A (HD) / 15,7 A (ND); Çıkış frekansı: 0–599 Hz; Haberleşme: Modbus RTU/ASCII, Shihlin protokolü (RS-485); Koruma sınıfı: IP20; Kontrol yöntemi: U/f, kapalı çevrim U/f, vektör kontrol (asenkron ve PM motor); Dahili fren transistörü: Var";"Dahili PLC: Var; Genişleme: 1 opsiyon kartı yuvası (enkoder/haberleşme)";Shihlin 5.5 Kw SE3 Serisi Motor Sürücü - 380 V;Shihlin;Üretici görseli;https://global.seec.com.tw/en/product/high-performance-vector-control-drives_SE3.html;Yüksek;"Site açıklamasında giriş '3 faz 200–240 V / 380–480 V' genel ifadesi var; 021 kodlu modeller 1 faz 200–240 V beslemelidir.";Kod formatı ve akım Shihlin SE3 kullanım kılavuzundan.;https://www.cncdunyasi.com/urun/shihlin-5-5-kw-se3-serisi-motor-surucu-se3-043-5-5-k
Hız kontrol cihazları (AC sürücüler);Shihlin Electric;SE3-043-7.5K;;Shihlin SE3 hız kontrol cihazı, 7,5 kW, 3 faz 400 V;Shihlin SE3;"Seri: Shihlin SE3; Ürün tipi: Kompakt AC motor sürücü; Motor gücü: 7,5 kW; Besleme gerilimi: 380–480 V AC; Giriş fazı: 3 faz; Nominal çıkış akımı: 17 A (HD) / 20,5 A (ND); Çıkış frekansı: 0–599 Hz; Haberleşme: Modbus RTU/ASCII, Shihlin protokolü (RS-485); Koruma sınıfı: IP20; Kontrol yöntemi: U/f, kapalı çevrim U/f, vektör kontrol (asenkron ve PM motor); Dahili fren transistörü: Var";"Dahili PLC: Var; Genişleme: 1 opsiyon kartı yuvası (enkoder/haberleşme)";Shihlin 7.5 Kw SE3 Serisi Motor Sürücü - 380 V;Shihlin;Üretici görseli;https://global.seec.com.tw/en/product/high-performance-vector-control-drives_SE3.html;Yüksek;"Site açıklamasında giriş '3 faz 200–240 V / 380–480 V' genel ifadesi var; 021 kodlu modeller 1 faz 200–240 V beslemelidir.";Kod formatı ve akım Shihlin SE3 kullanım kılavuzundan.;https://www.cncdunyasi.com/urun/shihlin-7-5-kw-se3-serisi-motor-surucu-se3-043-7-5-k
Hız kontrol cihazları (AC sürücüler);Shihlin Electric;SL3-021-0.4K;;Shihlin SL3 hız kontrol cihazı, 0,4 kW, 1 faz 230 V;Shihlin SL3;"Seri: Shihlin SL3; Ürün tipi: Kompakt AC motor sürücü; Motor gücü: 0,4 kW; Besleme gerilimi: 200–240 V AC; Giriş fazı: 1 faz; Nominal çıkış akımı: 2,7 A; Çıkış frekansı: 0–599 Hz; Haberleşme: Modbus RTU/ASCII, Shihlin protokolü (RS-485); Koruma sınıfı: IP20; Kontrol yöntemi: U/f; EMC filtresi: Dahili RFI filtresi; Ortam sıcaklığı: -10…40 °C";Montaj: DIN ray veya vida;Shihlin 0.4 Kw SL3 Serisi Motor Sürücü;Shihlin;Üretici görseli;https://global.seec.com.tw/en/product/Simple-inverter-SL3.html;Yüksek;"Site model alanı 'SL3-021-04K' yazımı hatalı; doğru kod SL3-021-0.4K.";Kod formatı ve akım Shihlin SL3 kullanım kılavuzundan.;https://www.cncdunyasi.com/urun/shihlin-0-4-kw-sl3-serisi-motor-surucu-sl3-021-04k
Hız kontrol cihazları (AC sürücüler);Shihlin Electric;SL3-021-0.75K;;Shihlin SL3 hız kontrol cihazı, 0,75 kW, 1 faz 230 V;Shihlin SL3;"Seri: Shihlin SL3; Ürün tipi: Kompakt AC motor sürücü; Motor gücü: 0,75 kW; Besleme gerilimi: 200–240 V AC; Giriş fazı: 1 faz; Nominal çıkış akımı: 4,5 A; Çıkış frekansı: 0–599 Hz; Haberleşme: Modbus RTU/ASCII, Shihlin protokolü (RS-485); Koruma sınıfı: IP20; Kontrol yöntemi: U/f; EMC filtresi: Dahili RFI filtresi; Ortam sıcaklığı: -10…40 °C";Montaj: DIN ray veya vida;Shihlin 0.75 Kw SL3 Serisi Motor Sürücü;Shihlin;Üretici görseli;https://global.seec.com.tw/en/product/Simple-inverter-SL3.html;Yüksek;;Kod formatı ve akım Shihlin SL3 kullanım kılavuzundan.;https://www.cncdunyasi.com/urun/shihlin-0-75-kw-sl3-serisi-motor-surucu-sl3-021-075k
Hız kontrol cihazları (AC sürücüler);Shihlin Electric;SL3-021-1.5K;;Shihlin SL3 hız kontrol cihazı, 1,5 kW, 1 faz 230 V;Shihlin SL3;"Seri: Shihlin SL3; Ürün tipi: Kompakt AC motor sürücü; Motor gücü: 1,5 kW; Besleme gerilimi: 200–240 V AC; Giriş fazı: 1 faz; Nominal çıkış akımı: 8 A; Çıkış frekansı: 0–599 Hz; Haberleşme: Modbus RTU/ASCII, Shihlin protokolü (RS-485); Koruma sınıfı: IP20; Kontrol yöntemi: U/f; EMC filtresi: Dahili RFI filtresi; Ortam sıcaklığı: -10…40 °C";Montaj: DIN ray veya vida;Shihlin 1.5 Kw SL3 Serisi Motor Sürücü;Shihlin;Üretici görseli;https://global.seec.com.tw/en/product/Simple-inverter-SL3.html;Yüksek;;Kod formatı ve akım Shihlin SL3 kullanım kılavuzundan.;https://www.cncdunyasi.com/urun/shihlin-1-5-kw-sl3-serisi-motor-surucu-sl3-021-1-5k
Hız kontrol cihazları (AC sürücüler);Shihlin Electric;SL3-021-2.2K;;Shihlin SL3 hız kontrol cihazı, 2,2 kW, 1 faz 230 V;Shihlin SL3;"Seri: Shihlin SL3; Ürün tipi: Kompakt AC motor sürücü; Motor gücü: 2,2 kW; Besleme gerilimi: 200–240 V AC; Giriş fazı: 1 faz; Nominal çıkış akımı: 11 A; Çıkış frekansı: 0–599 Hz; Haberleşme: Modbus RTU/ASCII, Shihlin protokolü (RS-485); Koruma sınıfı: IP20; Kontrol yöntemi: U/f; EMC filtresi: Dahili RFI filtresi; Ortam sıcaklığı: -10…40 °C";Montaj: DIN ray veya vida;Shihlin 2.2 Kw SL3 Serisi Motor Sürücü;Shihlin;Üretici görseli;https://global.seec.com.tw/en/product/Simple-inverter-SL3.html;Yüksek;;Kod formatı ve akım Shihlin SL3 kullanım kılavuzundan.;https://www.cncdunyasi.com/urun/shihlin-2-2-kw-sl3-serisi-motor-surucu-sl3-021-2-2k
Hız kontrol cihazları (AC sürücüler);Siemens;6SL3210-5BB11-2UV1;;Siemens SINAMICS V20 hız kontrol cihazı, 0,12 kW, 1 faz 230 V;Siemens SINAMICS V20;"Seri: Siemens SINAMICS V20; Ürün tipi: Kompakt frekans konvertörü (AC sürücü); Motor gücü: 0,12 kW; Besleme gerilimi: 200–240 V AC; Giriş fazı: 1 faz; Nominal çıkış akımı: 0,9 A; Çıkış frekansı: 0–550 Hz; Kontrol yöntemi: U/f, kare U/f, FCC; EMC filtresi: Yok (filtresiz versiyon); Haberleşme: USS / Modbus RTU (RS-485); Koruma sınıfı: IP20; Ortam sıcaklığı: -10…60 °C (40 °C üzeri değer düşümüyle); Ölçüler: 68 × 142 × 107,8 mm (G × Y × D); Ağırlık: 0,6 kg";Kasa boyutu: FSAA;0.12 Kw Siemens Hız Kontrol Cihazı;Siemens;Yok;https://sieportal.siemens.com/en-ww/products-services/detail/6SL3210-5BB11-2UV1;Yüksek;;Kod Siemens V20 seçim tablosu/veri sayfasıyla doğrulandı (kasa FSAA).;https://www.cncdunyasi.com/urun/0-12-kw-siemens-v20-hiz-kontrol-cihazi
Hız kontrol cihazları (AC sürücüler);Siemens;6SL3210-5BB12-5UV1;;Siemens SINAMICS V20 hız kontrol cihazı, 0,25 kW, 1 faz 230 V;Siemens SINAMICS V20;"Seri: Siemens SINAMICS V20; Ürün tipi: Kompakt frekans konvertörü (AC sürücü); Motor gücü: 0,25 kW; Besleme gerilimi: 200–240 V AC; Giriş fazı: 1 faz; Nominal çıkış akımı: 1,7 A; Çıkış frekansı: 0–550 Hz; Kontrol yöntemi: U/f, kare U/f, FCC; EMC filtresi: Yok (filtresiz versiyon); Haberleşme: USS / Modbus RTU (RS-485); Koruma sınıfı: IP20; Ortam sıcaklığı: -10…60 °C (40 °C üzeri değer düşümüyle); Ölçüler: 68 × 142 × 107,8 mm (G × Y × D); Ağırlık: 0,6 kg";Kasa boyutu: FSAA;0.25 Kw Siemens Hız Kontrol Cihazı;Siemens;Yok;https://sieportal.siemens.com/en-ww/products-services/detail/6SL3210-5BB12-5UV1;Yüksek;;Kod Siemens V20 seçim tablosu/veri sayfasıyla doğrulandı (kasa FSAA).;https://www.cncdunyasi.com/urun/0-25-kw-siemens-v20-hiz-kontrol-cihazi
Hız kontrol cihazları (AC sürücüler);Siemens;6SL3210-5BB13-7UV1;;Siemens SINAMICS V20 hız kontrol cihazı, 0,37 kW, 1 faz 230 V;Siemens SINAMICS V20;"Seri: Siemens SINAMICS V20; Ürün tipi: Kompakt frekans konvertörü (AC sürücü); Motor gücü: 0,37 kW; Besleme gerilimi: 200–240 V AC; Giriş fazı: 1 faz; Nominal çıkış akımı: 2,3 A; Çıkış frekansı: 0–550 Hz; Kontrol yöntemi: U/f, kare U/f, FCC; EMC filtresi: Yok (filtresiz versiyon); Haberleşme: USS / Modbus RTU (RS-485); Koruma sınıfı: IP20; Ortam sıcaklığı: -10…60 °C (40 °C üzeri değer düşümüyle); Ölçüler: 68 × 142 × 107,8 mm (G × Y × D); Ağırlık: 0,6 kg";Kasa boyutu: FSAA;0.37 Kw Siemens Hız Kontrol Cihazı;Siemens;Yok;https://sieportal.siemens.com/en-ww/products-services/detail/6SL3210-5BB13-7UV1;Yüksek;;Kod Siemens V20 seçim tablosu/veri sayfasıyla doğrulandı (kasa FSAA).;https://www.cncdunyasi.com/urun/0-37-kw-siemens-v20-hiz-kontrol-cihazi
Hız kontrol cihazları (AC sürücüler);Siemens;6SL3210-5BB15-5UV1;;Siemens SINAMICS V20 hız kontrol cihazı, 0,55 kW, 1 faz 230 V;Siemens SINAMICS V20;"Seri: Siemens SINAMICS V20; Ürün tipi: Kompakt frekans konvertörü (AC sürücü); Motor gücü: 0,55 kW; Besleme gerilimi: 200–240 V AC; Giriş fazı: 1 faz; Nominal çıkış akımı: 3,2 A; Çıkış frekansı: 0–550 Hz; Kontrol yöntemi: U/f, kare U/f, FCC; EMC filtresi: Yok (filtresiz versiyon); Haberleşme: USS / Modbus RTU (RS-485); Koruma sınıfı: IP20; Ortam sıcaklığı: -10…60 °C (40 °C üzeri değer düşümüyle); Ölçüler: 68 × 142 × 127,8 mm (G × Y × D); Ağırlık: 0,8 kg";Kasa boyutu: FSAB;0.55 Kw Siemens Hız Kontrol Cihazı;Siemens;Yok;https://sieportal.siemens.com/en-ww/products-services/detail/6SL3210-5BB15-5UV1;Yüksek;;Kod Siemens V20 seçim tablosu/veri sayfasıyla doğrulandı (kasa FSAB).;https://www.cncdunyasi.com/urun/0-55-kw-siemens-v20-hiz-kontrol-cihazi
Hız kontrol cihazları (AC sürücüler);Siemens;6SL3210-5BB17-5UV1;;Siemens SINAMICS V20 hız kontrol cihazı, 0,75 kW, 1 faz 230 V;Siemens SINAMICS V20;"Seri: Siemens SINAMICS V20; Ürün tipi: Kompakt frekans konvertörü (AC sürücü); Motor gücü: 0,75 kW; Besleme gerilimi: 200–240 V AC; Giriş fazı: 1 faz; Nominal çıkış akımı: 4,2 A; Çıkış frekansı: 0–550 Hz; Kontrol yöntemi: U/f, kare U/f, FCC; EMC filtresi: Yok (filtresiz versiyon); Haberleşme: USS / Modbus RTU (RS-485); Koruma sınıfı: IP20; Ortam sıcaklığı: -10…60 °C (40 °C üzeri değer düşümüyle); Ölçüler: 68 × 142 × 127,8 mm (G × Y × D); Ağırlık: 0,8 kg";Kasa boyutu: FSAB;0.75 Kw Siemens Hız Kontrol Cihazı;Siemens;Yok;https://sieportal.siemens.com/en-ww/products-services/detail/6SL3210-5BB17-5UV1;Yüksek;;Kod Siemens V20 seçim tablosu/veri sayfasıyla doğrulandı (kasa FSAB).;https://www.cncdunyasi.com/urun/0-75-kw-siemens-v20-hiz-kontrol-cihazi
Hız kontrol cihazları (AC sürücüler);Siemens;6SL3210-5BB21-1UV1;;Siemens SINAMICS V20 hız kontrol cihazı, 1,1 kW, 1 faz 230 V;Siemens SINAMICS V20;"Seri: Siemens SINAMICS V20; Ürün tipi: Kompakt frekans konvertörü (AC sürücü); Motor gücü: 1,1 kW; Besleme gerilimi: 200–240 V AC; Giriş fazı: 1 faz; Nominal çıkış akımı: 6 A; Çıkış frekansı: 0–550 Hz; Kontrol yöntemi: U/f, kare U/f, FCC; EMC filtresi: Yok (filtresiz versiyon); Haberleşme: USS / Modbus RTU (RS-485); Koruma sınıfı: IP20; Ortam sıcaklığı: -10…60 °C (40 °C üzeri değer düşümüyle); Ölçüler: 90,8 × 160,9 × 147 mm (G × Y × D); Ağırlık: 1,2 kg";Kasa boyutu: FSAC;1.1 Kw Siemens Hız Kontrol Cihazı;Siemens;Yok;https://sieportal.siemens.com/en-ww/products-services/detail/6SL3210-5BB21-1UV1;Yüksek;;Kod Siemens V20 seçim tablosu/veri sayfasıyla doğrulandı (kasa FSAC).;https://www.cncdunyasi.com/urun/1-1-kw-siemens-v20-hiz-kontrol-cihazi
Hız kontrol cihazları (AC sürücüler);Siemens;6SL3210-5BB21-5UV1;;Siemens SINAMICS V20 hız kontrol cihazı, 1,5 kW, 1 faz 230 V;Siemens SINAMICS V20;"Seri: Siemens SINAMICS V20; Ürün tipi: Kompakt frekans konvertörü (AC sürücü); Motor gücü: 1,5 kW; Besleme gerilimi: 200–240 V AC; Giriş fazı: 1 faz; Nominal çıkış akımı: 7,8 A; Çıkış frekansı: 0–550 Hz; Kontrol yöntemi: U/f, kare U/f, FCC; EMC filtresi: Yok (filtresiz versiyon); Haberleşme: USS / Modbus RTU (RS-485); Koruma sınıfı: IP20; Ortam sıcaklığı: -10…60 °C (40 °C üzeri değer düşümüyle); Ölçüler: 90,8 × 160,9 × 147 mm (G × Y × D); Ağırlık: 1,2 kg";Kasa boyutu: FSAC;1.5 Kw Siemens Hız Kontrol Cihazı;Siemens;Yok;https://sieportal.siemens.com/en-ww/products-services/detail/6SL3210-5BB21-5UV1;Yüksek;;Kod Siemens V20 seçim tablosu/veri sayfasıyla doğrulandı (kasa FSAC).;https://www.cncdunyasi.com/urun/1-5-kw-siemens-v20-hiz-kontrol-cihazi
Hız kontrol cihazları (AC sürücüler);Siemens;6SL3210-5BB22-2UV1;;Siemens SINAMICS V20 hız kontrol cihazı, 2,2 kW, 1 faz 230 V;Siemens SINAMICS V20;"Seri: Siemens SINAMICS V20; Ürün tipi: Kompakt frekans konvertörü (AC sürücü); Motor gücü: 2,2 kW; Besleme gerilimi: 200–240 V AC; Giriş fazı: 1 faz; Nominal çıkış akımı: 11 A; Çıkış frekansı: 0–550 Hz; Kontrol yöntemi: U/f, kare U/f, FCC; EMC filtresi: Yok (filtresiz versiyon); Haberleşme: USS / Modbus RTU (RS-485); Koruma sınıfı: IP20; Ortam sıcaklığı: -10…60 °C (40 °C üzeri değer düşümüyle); Ölçüler: 136,6 × 176,5 × 158,8 mm (G × Y × D)";Kasa boyutu: FSAD;2.2 Kw Siemens Hız Kontrol Cihazı;Siemens;Yok;https://sieportal.siemens.com/en-ww/products-services/detail/6SL3210-5BB22-2UV1;Yüksek;;Kod Siemens V20 seçim tablosu/veri sayfasıyla doğrulandı (kasa FSAD).;https://www.cncdunyasi.com/urun/2-2-kw-siemens-v20-hiz-kontrol-cihazi
Hız kontrol cihazları (AC sürücüler);Siemens;6SL3210-5BB23-0UV1;;Siemens SINAMICS V20 hız kontrol cihazı, 3 kW, 1 faz 230 V;Siemens SINAMICS V20;"Seri: Siemens SINAMICS V20; Ürün tipi: Kompakt frekans konvertörü (AC sürücü); Motor gücü: 3 kW; Besleme gerilimi: 200–240 V AC; Giriş fazı: 1 faz; Nominal çıkış akımı: 13,6 A; Çıkış frekansı: 0–550 Hz; Kontrol yöntemi: U/f, kare U/f, FCC; EMC filtresi: Yok (filtresiz versiyon); Haberleşme: USS / Modbus RTU (RS-485); Koruma sınıfı: IP20; Ortam sıcaklığı: -10…60 °C (40 °C üzeri değer düşümüyle); Ölçüler: 136,6 × 176,5 × 158,8 mm (G × Y × D); Ağırlık: 1,9 kg";Kasa boyutu: FSAD;3 Kw Siemens Hız Kontrol Cihazı;Siemens;Yok;https://sieportal.siemens.com/en-ww/products-services/detail/6SL3210-5BB23-0UV1;Yüksek;;Kod Siemens V20 seçim tablosu/veri sayfasıyla doğrulandı (kasa FSAD).;https://www.cncdunyasi.com/urun/3-kw-siemens-v20-hiz-kontrol-cihazi
Hız kontrol cihazları (AC sürücüler);Siemens;6SL3210-5BE24-0UV0;;Siemens SINAMICS V20 hız kontrol cihazı, 4 kW, 3 faz 400 V;Siemens SINAMICS V20;"Seri: Siemens SINAMICS V20; Ürün tipi: Kompakt frekans konvertörü (AC sürücü); Motor gücü: 4 kW; Besleme gerilimi: 380–480 V AC; Giriş fazı: 3 faz; Nominal çıkış akımı: 8,8 A (400 V); Çıkış frekansı: 0–550 Hz; Kontrol yöntemi: U/f, kare U/f, FCC; EMC filtresi: Yok (filtresiz versiyon); Haberleşme: USS / Modbus RTU (RS-485); Koruma sınıfı: IP20; Ortam sıcaklığı: -10…60 °C (40 °C üzeri değer düşümüyle); Ölçüler: 140 × 160 × 164,5 mm (G × Y × D); Dahili fren transistörü: Var; Ağırlık: 1,6 kg";Kasa boyutu: FSB;4 Kw Siemens Hız Kontrol Cihazı;Siemens;Yok;https://sieportal.siemens.com/en-ww/products-services/detail/6SL3210-5BE24-0UV0;Yüksek;;Kod Siemens V20 seçim tablosu/veri sayfasıyla doğrulandı (kasa FSB). 480 V'ta nominal akım daha düşüktür. 400 V V20'nin yeni sürümlerinde bazı kodlar ...UV1 ile bitebilir [TEYİT: stok kodu].;https://www.cncdunyasi.com/urun/4-kw-siemens-v20-hiz-kontrol-cihazi
Hız kontrol cihazları (AC sürücüler);Siemens;6SL3210-5BE25-5UV0;;Siemens SINAMICS V20 hız kontrol cihazı, 5,5 kW, 3 faz 400 V;Siemens SINAMICS V20;"Seri: Siemens SINAMICS V20; Ürün tipi: Kompakt frekans konvertörü (AC sürücü); Motor gücü: 5,5 kW; Besleme gerilimi: 380–480 V AC; Giriş fazı: 3 faz; Nominal çıkış akımı: 12,5 A (400 V); Çıkış frekansı: 0–550 Hz; Kontrol yöntemi: U/f, kare U/f, FCC; EMC filtresi: Yok (filtresiz versiyon); Haberleşme: USS / Modbus RTU (RS-485); Koruma sınıfı: IP20; Ortam sıcaklığı: -10…60 °C (40 °C üzeri değer düşümüyle); Ölçüler: 184 × 182 × 169 mm (G × Y × D); Dahili fren transistörü: Var; Ağırlık: 2,4 kg";Kasa boyutu: FSC;5.5 Kw Siemens Hız Kontrol Cihazı;Siemens;Yok;https://sieportal.siemens.com/en-ww/products-services/detail/6SL3210-5BE25-5UV0;Yüksek;;Kod Siemens V20 seçim tablosu/veri sayfasıyla doğrulandı (kasa FSC). 480 V'ta nominal akım daha düşüktür. 400 V V20'nin yeni sürümlerinde bazı kodlar ...UV1 ile bitebilir [TEYİT: stok kodu].;https://www.cncdunyasi.com/urun/5-5-kw-siemens-v20-hiz-kontrol-cihazi
Hız kontrol cihazları (AC sürücüler);Siemens;6SL3210-5BE25-5UV0;;Siemens SINAMICS V20 hız kontrol cihazı, 5,5 kW, 3 faz 400 V;Siemens SINAMICS V20;"Seri: Siemens SINAMICS V20; Ürün tipi: Kompakt frekans konvertörü (AC sürücü); Motor gücü: 5,5 kW; Besleme gerilimi: 380–480 V AC; Giriş fazı: 3 faz; Nominal çıkış akımı: 12,5 A (400 V); Çıkış frekansı: 0–550 Hz; Kontrol yöntemi: U/f, kare U/f, FCC; EMC filtresi: Yok (filtresiz versiyon); Haberleşme: USS / Modbus RTU (RS-485); Koruma sınıfı: IP20; Ortam sıcaklığı: -10…60 °C (40 °C üzeri değer düşümüyle); Ölçüler: 184 × 182 × 169 mm (G × Y × D); Dahili fren transistörü: Var; Ağırlık: 2,4 kg";Kasa boyutu: FSC;7.5 Kw Siemens Hız Kontrol Cihazı;Siemens;Yok;https://sieportal.siemens.com/en-ww/products-services/detail/6SL3210-5BE25-5UV0;Yüksek;;Kod Siemens V20 seçim tablosu/veri sayfasıyla doğrulandı (kasa FSC). 480 V'ta nominal akım daha düşüktür. 400 V V20'nin yeni sürümlerinde bazı kodlar ...UV1 ile bitebilir [TEYİT: stok kodu].;https://www.cncdunyasi.com/urun/7-5-kw-siemens-v20-hiz-kontrol-cihazi
Hız kontrol cihazları (AC sürücüler);Siemens;6SL3210-5BE31-1UV0;;Siemens SINAMICS V20 hız kontrol cihazı, 11 kW, 3 faz 400 V;Siemens SINAMICS V20;"Seri: Siemens SINAMICS V20; Ürün tipi: Kompakt frekans konvertörü (AC sürücü); Motor gücü: 11 kW; Besleme gerilimi: 380–480 V AC; Giriş fazı: 3 faz; Nominal çıkış akımı: 25 A (400 V); Çıkış frekansı: 0–550 Hz; Kontrol yöntemi: U/f, kare U/f, FCC; EMC filtresi: Yok (filtresiz versiyon); Haberleşme: USS / Modbus RTU (RS-485); Koruma sınıfı: IP20; Ortam sıcaklığı: -10…60 °C (40 °C üzeri değer düşümüyle); Ölçüler: 240 × 206,5 × 172,5 mm (G × Y × D); Dahili fren transistörü: Var; Ağırlık: 3,9 kg";Kasa boyutu: FSD;11 Kw Siemens Hız Kontrol Cihazı;Siemens;Yok;https://sieportal.siemens.com/en-ww/products-services/detail/6SL3210-5BE31-1UV0;Yüksek;;Kod Siemens V20 seçim tablosu/veri sayfasıyla doğrulandı (kasa FSD). 480 V'ta nominal akım daha düşüktür. 400 V V20'nin yeni sürümlerinde bazı kodlar ...UV1 ile bitebilir [TEYİT: stok kodu].;https://www.cncdunyasi.com/urun/11-kw-siemens-v20-hiz-kontrol-cihazi
Hız kontrol cihazları (AC sürücüler);Siemens;6SL3210-5BE31-5UV0;;Siemens SINAMICS V20 hız kontrol cihazı, 15 kW, 3 faz 400 V;Siemens SINAMICS V20;"Seri: Siemens SINAMICS V20; Ürün tipi: Kompakt frekans konvertörü (AC sürücü); Motor gücü: 15 kW; Besleme gerilimi: 380–480 V AC; Giriş fazı: 3 faz; Nominal çıkış akımı: 31 A (400 V); Çıkış frekansı: 0–550 Hz; Kontrol yöntemi: U/f, kare U/f, FCC; EMC filtresi: Yok (filtresiz versiyon); Haberleşme: USS / Modbus RTU (RS-485); Koruma sınıfı: IP20; Ortam sıcaklığı: -10…60 °C (40 °C üzeri değer düşümüyle); Ölçüler: 240 × 206,5 × 172,5 mm (G × Y × D); Dahili fren transistörü: Var; Ağırlık: 3,9 kg";Kasa boyutu: FSD;15 Kw Siemens Hız Kontrol Cihazı;Siemens;Yok;https://sieportal.siemens.com/en-ww/products-services/detail/6SL3210-5BE31-5UV0;Yüksek;;Kod Siemens V20 seçim tablosu/veri sayfasıyla doğrulandı (kasa FSD). 480 V'ta nominal akım daha düşüktür. 400 V V20'nin yeni sürümlerinde bazı kodlar ...UV1 ile bitebilir [TEYİT: stok kodu].;https://www.cncdunyasi.com/urun/15-kw-siemens-v20-hiz-kontrol-cihazi
Lineer hareket sistemleri;(markasız);BF10;;BF10 vidalı mil uç yatağı, kare gövdeli serbest taraf yatak, Ø8 mm mil ucu;BF vidalı mil destek yatağı (THK tip tanımı);"Seri: BF; Ürün tipi: Vidalı mil uç yatağı – kare gövdeli serbest taraf yatak; Boyut: BF10; Mil çapı: 8 mm (yatak iç çapı)";"Rulman (THK ref.): 608ZZ; Kullanım: Serbest taraf; BK ile çift";BF10 Vidalı Mil Uç Yatağı;MKA;Yok;;Yüksek;"Açıklama BF için ""açısal temaslı rulman"" ve ""flanşlı gövde"" diyor; BF tek sabit bilyalı rulmanlı, kare blok gövdelidir.";"BF10 yatak iç çapı 8 mm (model numarası mil ucunu değil uyumlu boyutu gösterir). THK Support Unit kataloğu (BK/BF/FK/FF) ile karşılaştırıldı; muadil üretim, marka belirsiz.";https://www.cncdunyasi.com/urun/bf10-vidali-mil-uc-yataklari
Lineer hareket sistemleri;(markasız);BF12;;BF12 vidalı mil uç yatağı, kare gövdeli serbest taraf yatak, Ø10 mm mil ucu;BF vidalı mil destek yatağı (THK tip tanımı);"Seri: BF; Ürün tipi: Vidalı mil uç yatağı – kare gövdeli serbest taraf yatak; Boyut: BF12; Mil çapı: 10 mm (yatak iç çapı)";"Rulman (THK ref.): 6000ZZ; Kullanım: Serbest taraf; BK ile çift";BF12 Vidalı Mil Uç Yatağı;MKA;Yok;;Yüksek;"Açıklama BF için ""açısal temaslı rulman"" ve ""flanşlı gövde"" diyor; BF tek sabit bilyalı rulmanlı, kare blok gövdelidir.";"BF12 yatak iç çapı 10 mm (model numarası mil ucunu değil uyumlu boyutu gösterir). THK Support Unit kataloğu (BK/BF/FK/FF) ile karşılaştırıldı; muadil üretim, marka belirsiz.";https://www.cncdunyasi.com/urun/bf12-vidali-mil-uc-yataklari
Lineer hareket sistemleri;(markasız);BF15;;BF15 vidalı mil uç yatağı, kare gövdeli serbest taraf yatak, Ø15 mm mil ucu;BF vidalı mil destek yatağı (THK tip tanımı);"Seri: BF; Ürün tipi: Vidalı mil uç yatağı – kare gövdeli serbest taraf yatak; Boyut: BF15; Mil çapı: 15 mm (yatak iç çapı)";"Rulman (THK ref.): 6002ZZ; Kullanım: Serbest taraf; BK ile çift";BF15 Vidalı Mil Uç Yatağı;MKA;Yok;;Yüksek;"Açıklama BF için ""açısal temaslı rulman"" ve ""flanşlı gövde"" diyor; BF tek sabit bilyalı rulmanlı, kare blok gövdelidir.";"THK Support Unit kataloğu (BK/BF/FK/FF) ile karşılaştırıldı; muadil üretim, marka belirsiz.";https://www.cncdunyasi.com/urun/bf15-vidali-mil-uc-yataklari
Lineer hareket sistemleri;(markasız);BF17;;BF17 vidalı mil uç yatağı, kare gövdeli serbest taraf yatak, Ø17 mm mil ucu;BF vidalı mil destek yatağı (THK tip tanımı);"Seri: BF; Ürün tipi: Vidalı mil uç yatağı – kare gövdeli serbest taraf yatak; Boyut: BF17; Mil çapı: 17 mm (yatak iç çapı)";"Rulman (THK ref.): 6203ZZ; Kullanım: Serbest taraf; BK ile çift";BF17 Vidalı Mil Uç Yatağı;MKA;Yok;;Yüksek;"Açıklama BF için ""açısal temaslı rulman"" ve ""flanşlı gövde"" diyor; BF tek sabit bilyalı rulmanlı, kare blok gövdelidir.";"THK Support Unit kataloğu (BK/BF/FK/FF) ile karşılaştırıldı; muadil üretim, marka belirsiz.";https://www.cncdunyasi.com/urun/bf17-vidali-mil-uc-yataklari
Lineer hareket sistemleri;(markasız);BF20;;BF20 vidalı mil uç yatağı, kare gövdeli serbest taraf yatak, Ø20 mm mil ucu;BF vidalı mil destek yatağı (THK tip tanımı);"Seri: BF; Ürün tipi: Vidalı mil uç yatağı – kare gövdeli serbest taraf yatak; Boyut: BF20; Mil çapı: 20 mm (yatak iç çapı)";"Rulman (THK ref.): 6004ZZ; Kullanım: Serbest taraf; BK ile çift";BF20 Vidalı Mil Uç Yatağı;MKA;Yok;;Yüksek;"Açıklama BF için ""açısal temaslı rulman"" ve ""flanşlı gövde"" diyor; BF tek sabit bilyalı rulmanlı, kare blok gövdelidir.";"THK Support Unit kataloğu (BK/BF/FK/FF) ile karşılaştırıldı; muadil üretim, marka belirsiz.";https://www.cncdunyasi.com/urun/bf20-vidali-mil-uc-yataklari
Lineer hareket sistemleri;(markasız);BF25;;BF25 vidalı mil uç yatağı, kare gövdeli serbest taraf yatak, Ø25 mm mil ucu;BF vidalı mil destek yatağı (THK tip tanımı);"Seri: BF; Ürün tipi: Vidalı mil uç yatağı – kare gövdeli serbest taraf yatak; Boyut: BF25; Mil çapı: 25 mm (yatak iç çapı)";"Rulman (THK ref.): 6205ZZ; Kullanım: Serbest taraf; BK ile çift";BF25 Vidalı Mil Uç Yatağı;MKA;Yok;;Yüksek;"Açıklama BF için ""açısal temaslı rulman"" ve ""flanşlı gövde"" diyor; BF tek sabit bilyalı rulmanlı, kare blok gövdelidir.";"THK Support Unit kataloğu (BK/BF/FK/FF) ile karşılaştırıldı; muadil üretim, marka belirsiz.";https://www.cncdunyasi.com/urun/bf25-vidali-mil-uc-yataklari
Lineer hareket sistemleri;(markasız);BF30;;BF30 vidalı mil uç yatağı, kare gövdeli serbest taraf yatak, Ø30 mm mil ucu;BF vidalı mil destek yatağı (THK tip tanımı);"Seri: BF; Ürün tipi: Vidalı mil uç yatağı – kare gövdeli serbest taraf yatak; Boyut: BF30; Mil çapı: 30 mm (yatak iç çapı)";"Rulman (THK ref.): 6206ZZ; Kullanım: Serbest taraf; BK ile çift";BF30 Vidalı Mil Uç Yatağı;MKA;Yok;;Yüksek;"Açıklama BF için ""açısal temaslı rulman"" ve ""flanşlı gövde"" diyor; BF tek sabit bilyalı rulmanlı, kare blok gövdelidir.";"THK Support Unit kataloğu (BK/BF/FK/FF) ile karşılaştırıldı; muadil üretim, marka belirsiz.";https://www.cncdunyasi.com/urun/bf30-vidali-mil-uc-yataklari
Lineer hareket sistemleri;(markasız);BF35;;BF35 vidalı mil uç yatağı, kare gövdeli serbest taraf yatak, Ø35 mm mil ucu;BF vidalı mil destek yatağı (THK tip tanımı);"Seri: BF; Ürün tipi: Vidalı mil uç yatağı – kare gövdeli serbest taraf yatak; Boyut: BF35; Mil çapı: 35 mm (yatak iç çapı)";"Rulman (THK ref.): 6207ZZ; Kullanım: Serbest taraf; BK ile çift";BF35 Vidalı Mil Uç Yatağı;MKA;Yok;;Yüksek;"Açıklama BF için ""açısal temaslı rulman"" ve ""flanşlı gövde"" diyor; BF tek sabit bilyalı rulmanlı, kare blok gövdelidir.";"THK Support Unit kataloğu (BK/BF/FK/FF) ile karşılaştırıldı; muadil üretim, marka belirsiz.";https://www.cncdunyasi.com/urun/bf35-vidali-mil-uc-yataklari
Lineer hareket sistemleri;(markasız);BK10;;BK10 vidalı mil uç yatağı, kare gövdeli sabit taraf yatak, Ø10 mm mil ucu;BK vidalı mil destek yatağı (THK tip tanımı);"Seri: BK; Ürün tipi: Vidalı mil uç yatağı – kare gövdeli sabit taraf yatak; Boyut: BK10; Mil çapı: 10 mm (yatak iç çapı)";"Rulman (THK ref.): 7000 (çift açısal temaslı); Kullanım: Sabit taraf; BF ile çift";BK10 Vidalı Mil Uç Yatağı;MKA;Yok;;Yüksek;"Açıklama BK için ""flanşlı gövde"" diyor; BK kare blok (ayaklı) gövdelidir.";"THK Support Unit kataloğu (BK/BF/FK/FF) ile karşılaştırıldı; muadil üretim, marka belirsiz.";https://www.cncdunyasi.com/urun/bk10-vidali-mil-uc-yataklari
Lineer hareket sistemleri;(markasız);BK12;;BK12 vidalı mil uç yatağı, kare gövdeli sabit taraf yatak, Ø12 mm mil ucu;BK vidalı mil destek yatağı (THK tip tanımı);"Seri: BK; Ürün tipi: Vidalı mil uç yatağı – kare gövdeli sabit taraf yatak; Boyut: BK12; Mil çapı: 12 mm (yatak iç çapı)";"Rulman (THK ref.): 7001 (çift açısal temaslı); Kullanım: Sabit taraf; BF ile çift";BK12 Vidalı Mil Uç Yatağı;MKA;Yok;;Yüksek;"Açıklama BK için ""flanşlı gövde"" diyor; BK kare blok (ayaklı) gövdelidir.";"THK Support Unit kataloğu (BK/BF/FK/FF) ile karşılaştırıldı; muadil üretim, marka belirsiz.";https://www.cncdunyasi.com/urun/bk12-vidali-mil-uc-yataklari
Lineer hareket sistemleri;(markasız);BK15;;BK15 vidalı mil uç yatağı, kare gövdeli sabit taraf yatak, Ø15 mm mil ucu;BK vidalı mil destek yatağı (THK tip tanımı);"Seri: BK; Ürün tipi: Vidalı mil uç yatağı – kare gövdeli sabit taraf yatak; Boyut: BK15; Mil çapı: 15 mm (yatak iç çapı)";"Rulman (THK ref.): 7002 (çift açısal temaslı); Kullanım: Sabit taraf; BF ile çift";BK15 Vidalı Mil Uç Yatağı;MKA;Yok;;Yüksek;"Açıklama BK için ""flanşlı gövde"" diyor; BK kare blok (ayaklı) gövdelidir.";"THK Support Unit kataloğu (BK/BF/FK/FF) ile karşılaştırıldı; muadil üretim, marka belirsiz.";https://www.cncdunyasi.com/urun/bk15-vidali-mil-uc-yataklari
Lineer hareket sistemleri;(markasız);BK17;;BK17 vidalı mil uç yatağı, kare gövdeli sabit taraf yatak, Ø17 mm mil ucu;BK vidalı mil destek yatağı (THK tip tanımı);"Seri: BK; Ürün tipi: Vidalı mil uç yatağı – kare gövdeli sabit taraf yatak; Boyut: BK17; Mil çapı: 17 mm (yatak iç çapı)";"Rulman (THK ref.): 7203 (çift açısal temaslı); Kullanım: Sabit taraf; BF ile çift";BK17 Vidalı Mil Uç Yatağı;MKA;Yok;;Yüksek;"Açıklama BK için ""flanşlı gövde"" diyor; BK kare blok (ayaklı) gövdelidir.";"THK Support Unit kataloğu (BK/BF/FK/FF) ile karşılaştırıldı; muadil üretim, marka belirsiz.";https://www.cncdunyasi.com/urun/bk17-vidali-mil-uc-yataklari
Lineer hareket sistemleri;(markasız);BK20;;BK20 vidalı mil uç yatağı, kare gövdeli sabit taraf yatak, Ø20 mm mil ucu;BK vidalı mil destek yatağı (THK tip tanımı);"Seri: BK; Ürün tipi: Vidalı mil uç yatağı – kare gövdeli sabit taraf yatak; Boyut: BK20; Mil çapı: 20 mm (yatak iç çapı)";"Rulman (THK ref.): 7004 (çift açısal temaslı); Kullanım: Sabit taraf; BF ile çift";BK20 Vidalı Mil Uç Yatağı;MKA;Yok;;Yüksek;"Açıklama BK için ""flanşlı gövde"" diyor; BK kare blok (ayaklı) gövdelidir.";"THK Support Unit kataloğu (BK/BF/FK/FF) ile karşılaştırıldı; muadil üretim, marka belirsiz.";https://www.cncdunyasi.com/urun/bk20-vidali-mil-uc-yataklari
Lineer hareket sistemleri;(markasız);BK25;;BK25 vidalı mil uç yatağı, kare gövdeli sabit taraf yatak, Ø25 mm mil ucu;BK vidalı mil destek yatağı (THK tip tanımı);"Seri: BK; Ürün tipi: Vidalı mil uç yatağı – kare gövdeli sabit taraf yatak; Boyut: BK25; Mil çapı: 25 mm (yatak iç çapı)";"Rulman (THK ref.): 7205 (çift açısal temaslı); Kullanım: Sabit taraf; BF ile çift";BK25 Vidalı Mil Uç Yatağı;MKA;Yok;;Yüksek;"Açıklama BK için ""flanşlı gövde"" diyor; BK kare blok (ayaklı) gövdelidir.";"THK Support Unit kataloğu (BK/BF/FK/FF) ile karşılaştırıldı; muadil üretim, marka belirsiz.";https://www.cncdunyasi.com/urun/bk25-vidali-mil-uc-yataklari
Lineer hareket sistemleri;(markasız);BK30;;BK30 vidalı mil uç yatağı, kare gövdeli sabit taraf yatak, Ø30 mm mil ucu;BK vidalı mil destek yatağı (THK tip tanımı);"Seri: BK; Ürün tipi: Vidalı mil uç yatağı – kare gövdeli sabit taraf yatak; Boyut: BK30; Mil çapı: 30 mm (yatak iç çapı)";"Rulman (THK ref.): 7206 (çift açısal temaslı); Kullanım: Sabit taraf; BF ile çift";BK30 Vidalı Mil Uç Yatağı;MKA;Yok;;Yüksek;"Açıklama BK için ""flanşlı gövde"" diyor; BK kare blok (ayaklı) gövdelidir.";"THK Support Unit kataloğu (BK/BF/FK/FF) ile karşılaştırıldı; muadil üretim, marka belirsiz.";https://www.cncdunyasi.com/urun/bk30-vidali-mil-uc-yataklari
Lineer hareket sistemleri;(markasız);BK35;;BK35 vidalı mil uç yatağı, kare gövdeli sabit taraf yatak, Ø35 mm mil ucu;BK vidalı mil destek yatağı (THK tip tanımı);"Seri: BK; Ürün tipi: Vidalı mil uç yatağı – kare gövdeli sabit taraf yatak; Boyut: BK35; Mil çapı: 35 mm (yatak iç çapı)";"Rulman (THK ref.): 7207 (çift açısal temaslı); Kullanım: Sabit taraf; BF ile çift";BK35 Vidalı Mil Uç Yatağı;MKA;Yok;;Yüksek;"Açıklama BK için ""flanşlı gövde"" diyor; BK kare blok (ayaklı) gövdelidir.";"THK Support Unit kataloğu (BK/BF/FK/FF) ile karşılaştırıldı; muadil üretim, marka belirsiz.";https://www.cncdunyasi.com/urun/bk35-vidali-mil-uc-yataklari
Lineer hareket sistemleri;(markasız);DSG16;DSG16H;DSG16 vidalı mil somun gövdesi, Ø16 mm SFU somun için, alüminyum;DSG vidalı mil somun gövdesi;"Seri: DSG; Ürün tipi: Bilyalı somun (SFU) bağlantı gövdesi; Boyut: DSG16; Mil çapı: 16 mm; Malzeme: Alüminyum (CNC işlenmiş)";Uyumlu somun: SFU16xx (Ø16 mm mil);DSG16 Vidalı Mil Somun Gövdesi;MKA;Yok;;Orta;;"Jenerik standart parça; gövde ölçüleri açıklamada yok. Site markası ""MKA"" jenerik/ithalatçı etiketi; gerçek üretici belirlenemedi.";https://www.cncdunyasi.com/urun/dsg-16-vidali-mil-somun-govdesi
Lineer hareket sistemleri;(markasız);DSG20;DSG20H;DSG20 vidalı mil somun gövdesi, Ø20 mm SFU somun için, alüminyum;DSG vidalı mil somun gövdesi;"Seri: DSG; Ürün tipi: Bilyalı somun (SFU) bağlantı gövdesi; Boyut: DSG20; Mil çapı: 20 mm; Malzeme: Alüminyum (CNC işlenmiş)";Uyumlu somun: SFU20xx (Ø20 mm mil);DSG20 Vidalı Mil Somun Gövdesi;MKA;Yok;;Orta;;"Jenerik standart parça; gövde ölçüleri açıklamada yok. Site markası ""MKA"" jenerik/ithalatçı etiketi; gerçek üretici belirlenemedi.";https://www.cncdunyasi.com/urun/dsg-20-vidali-mil-somun-govdesi
Lineer hareket sistemleri;(markasız);DSG25;DSG25H;DSG25 vidalı mil somun gövdesi, Ø25 mm SFU somun için, alüminyum;DSG vidalı mil somun gövdesi;"Seri: DSG; Ürün tipi: Bilyalı somun (SFU) bağlantı gövdesi; Boyut: DSG25; Mil çapı: 25 mm; Malzeme: Alüminyum (CNC işlenmiş)";Uyumlu somun: SFU25xx (Ø25 mm mil);DSG25 Vidalı Mil Somun Gövdesi;MKA;Yok;;Orta;;"Jenerik standart parça; gövde ölçüleri açıklamada yok. Site markası ""MKA"" jenerik/ithalatçı etiketi; gerçek üretici belirlenemedi.";https://www.cncdunyasi.com/urun/dsg-25-vidali-mil-somun-govdesi
Lineer hareket sistemleri;(markasız);DSG32;DSG32H;DSG32 vidalı mil somun gövdesi, Ø32 mm SFU somun için, alüminyum;DSG vidalı mil somun gövdesi;"Seri: DSG; Ürün tipi: Bilyalı somun (SFU) bağlantı gövdesi; Boyut: DSG32; Mil çapı: 32 mm; Malzeme: Alüminyum (CNC işlenmiş)";Uyumlu somun: SFU32xx (Ø32 mm mil);DSG32 Vidalı Mil Somun Gövdesi;MKA;Yok;;Orta;;"Jenerik standart parça; gövde ölçüleri açıklamada yok. Site markası ""MKA"" jenerik/ithalatçı etiketi; gerçek üretici belirlenemedi.";https://www.cncdunyasi.com/urun/dsg-32-vidali-mil-somun-govdesi
Lineer hareket sistemleri;(markasız);DSG40;DSG40H;DSG40 vidalı mil somun gövdesi, Ø40 mm SFU somun için, alüminyum;DSG vidalı mil somun gövdesi;"Seri: DSG; Ürün tipi: Bilyalı somun (SFU) bağlantı gövdesi; Boyut: DSG40; Mil çapı: 40 mm; Malzeme: Alüminyum (CNC işlenmiş)";Uyumlu somun: SFU40xx (Ø40 mm mil);DSG40 Vidalı Mil Somun Gövdesi;MKA;Yok;;Orta;;"Jenerik standart parça; gövde ölçüleri açıklamada yok. Site markası ""MKA"" jenerik/ithalatçı etiketi; gerçek üretici belirlenemedi.";https://www.cncdunyasi.com/urun/dsg-40-vidali-mil-somun-govdesi
Lineer hareket sistemleri;(markasız);FF10;;FF10 vidalı mil uç yatağı, yuvarlak flanşlı serbest taraf yatak, Ø8 mm mil ucu;FF vidalı mil destek yatağı (THK tip tanımı);"Seri: FF; Ürün tipi: Vidalı mil uç yatağı – yuvarlak flanşlı serbest taraf yatak; Boyut: FF10; Mil çapı: 8 mm (yatak iç çapı)";"Rulman (THK ref.): 608ZZ; Kullanım: Serbest taraf; FK ile çift";FF10 Vidalı Mil Uç Yatağı;MKA;Yok;;Yüksek;;"FF10 yatak iç çapı 8 mm (model numarası mil ucunu değil uyumlu boyutu gösterir). THK Support Unit kataloğu (BK/BF/FK/FF) ile karşılaştırıldı; muadil üretim, marka belirsiz.";https://www.cncdunyasi.com/urun/ff10-vidali-mil-uc-yataklari
Lineer hareket sistemleri;(markasız);FF12;;FF12 vidalı mil uç yatağı, yuvarlak flanşlı serbest taraf yatak, Ø10 mm mil ucu;FF vidalı mil destek yatağı (THK tip tanımı);"Seri: FF; Ürün tipi: Vidalı mil uç yatağı – yuvarlak flanşlı serbest taraf yatak; Boyut: FF12; Mil çapı: 10 mm (yatak iç çapı)";"Rulman (THK ref.): 6000ZZ; Kullanım: Serbest taraf; FK ile çift";FF12 Vidalı Mil Uç Yatağı;MKA;Yok;;Yüksek;;"FF12 yatak iç çapı 10 mm (model numarası mil ucunu değil uyumlu boyutu gösterir). THK Support Unit kataloğu (BK/BF/FK/FF) ile karşılaştırıldı; muadil üretim, marka belirsiz.";https://www.cncdunyasi.com/urun/ff12-vidali-mil-uc-yataklari
Lineer hareket sistemleri;(markasız);FF15;;FF15 vidalı mil uç yatağı, yuvarlak flanşlı serbest taraf yatak, Ø15 mm mil ucu;FF vidalı mil destek yatağı (THK tip tanımı);"Seri: FF; Ürün tipi: Vidalı mil uç yatağı – yuvarlak flanşlı serbest taraf yatak; Boyut: FF15; Mil çapı: 15 mm (yatak iç çapı)";"Rulman (THK ref.): 6002ZZ; Kullanım: Serbest taraf; FK ile çift";FF15 Vidalı Mil Uç Yatağı;MKA;Yok;;Yüksek;;"THK Support Unit kataloğu (BK/BF/FK/FF) ile karşılaştırıldı; muadil üretim, marka belirsiz.";https://www.cncdunyasi.com/urun/ff15-vidali-mil-uc-yataklari
Lineer hareket sistemleri;(markasız);FF17;;FF17 vidalı mil uç yatağı, yuvarlak flanşlı serbest taraf yatak;FF vidalı mil destek yatağı (THK tip tanımı);"Seri: FF; Ürün tipi: Vidalı mil uç yatağı – yuvarlak flanşlı serbest taraf yatak; Boyut: FF17";"Kullanım: Serbest taraf; FK ile çift";FF17 Vidalı Mil Uç Yatağı;MKA;Yok;;Düşük;;"[TEYİT] FF17 THK standart serisinde yok (THK FK/FF: 10,12,15,20,25,30); muadil boyut, iç çap ve rulman teyit edilmeli.";https://www.cncdunyasi.com/urun/ff17-vidali-mil-uc-yataklari
Lineer hareket sistemleri;(markasız);FF20;;FF20 vidalı mil uç yatağı, yuvarlak flanşlı serbest taraf yatak, Ø20 mm mil ucu;FF vidalı mil destek yatağı (THK tip tanımı);"Seri: FF; Ürün tipi: Vidalı mil uç yatağı – yuvarlak flanşlı serbest taraf yatak; Boyut: FF20; Mil çapı: 20 mm (yatak iç çapı)";"Rulman (THK ref.): 6204ZZ; Kullanım: Serbest taraf; FK ile çift";FF20 Vidalı Mil Uç Yatağı;MKA;Yok;;Yüksek;;"THK Support Unit kataloğu (BK/BF/FK/FF) ile karşılaştırıldı; muadil üretim, marka belirsiz.";https://www.cncdunyasi.com/urun/ff20-vidali-mil-uc-yataklari
Lineer hareket sistemleri;(markasız);FF25;;FF25 vidalı mil uç yatağı, yuvarlak flanşlı serbest taraf yatak, Ø25 mm mil ucu;FF vidalı mil destek yatağı (THK tip tanımı);"Seri: FF; Ürün tipi: Vidalı mil uç yatağı – yuvarlak flanşlı serbest taraf yatak; Boyut: FF25; Mil çapı: 25 mm (yatak iç çapı)";"Rulman (THK ref.): 6205ZZ; Kullanım: Serbest taraf; FK ile çift";FF25 Vidalı Mil Uç Yatağı;MKA;Yok;;Yüksek;;"THK Support Unit kataloğu (BK/BF/FK/FF) ile karşılaştırıldı; muadil üretim, marka belirsiz.";https://www.cncdunyasi.com/urun/ff25-vidali-mil-uc-yataklari
Lineer hareket sistemleri;(markasız);FF30;;FF30 vidalı mil uç yatağı, yuvarlak flanşlı serbest taraf yatak, Ø30 mm mil ucu;FF vidalı mil destek yatağı (THK tip tanımı);"Seri: FF; Ürün tipi: Vidalı mil uç yatağı – yuvarlak flanşlı serbest taraf yatak; Boyut: FF30; Mil çapı: 30 mm (yatak iç çapı)";"Rulman (THK ref.): 6206ZZ; Kullanım: Serbest taraf; FK ile çift";FF30 Vidalı Mil Uç Yatağı;MKA;Yok;;Yüksek;;"THK Support Unit kataloğu (BK/BF/FK/FF) ile karşılaştırıldı; muadil üretim, marka belirsiz.";https://www.cncdunyasi.com/urun/ff30-vidali-mil-uc-yataklari
Lineer hareket sistemleri;(markasız);FK10;;FK10 vidalı mil uç yatağı, yuvarlak flanşlı sabit taraf yatak, Ø10 mm mil ucu;FK vidalı mil destek yatağı (THK tip tanımı);"Seri: FK; Ürün tipi: Vidalı mil uç yatağı – yuvarlak flanşlı sabit taraf yatak; Boyut: FK10; Mil çapı: 10 mm (yatak iç çapı)";"Rulman (THK ref.): 7000 (çift açısal temaslı); Kullanım: Sabit taraf; FF ile çift";FK10 Vidalı Mil Uç Yatağı;MKA;Yok;;Yüksek;"Açıklama FK'yi yalnız radyal yataklanan serbest taraf gibi tarif ediyor; FK sabit taraf (eksenel+radyal) yataktır. Metin FF ile aynı.";"THK Support Unit kataloğu (BK/BF/FK/FF) ile karşılaştırıldı; muadil üretim, marka belirsiz.";https://www.cncdunyasi.com/urun/fk10-vidali-mil-uc-yataklari
Lineer hareket sistemleri;(markasız);FK12;;FK12 vidalı mil uç yatağı, yuvarlak flanşlı sabit taraf yatak, Ø12 mm mil ucu;FK vidalı mil destek yatağı (THK tip tanımı);"Seri: FK; Ürün tipi: Vidalı mil uç yatağı – yuvarlak flanşlı sabit taraf yatak; Boyut: FK12; Mil çapı: 12 mm (yatak iç çapı)";"Rulman (THK ref.): 7001 (çift açısal temaslı); Kullanım: Sabit taraf; FF ile çift";FK12 Vidalı Mil Uç Yatağı;MKA;Yok;;Yüksek;"Açıklama FK'yi yalnız radyal yataklanan serbest taraf gibi tarif ediyor; FK sabit taraf (eksenel+radyal) yataktır. Metin FF ile aynı.";"THK Support Unit kataloğu (BK/BF/FK/FF) ile karşılaştırıldı; muadil üretim, marka belirsiz.";https://www.cncdunyasi.com/urun/fk12-vidali-mil-uc-yataklari
Lineer hareket sistemleri;(markasız);FK15;;FK15 vidalı mil uç yatağı, yuvarlak flanşlı sabit taraf yatak, Ø15 mm mil ucu;FK vidalı mil destek yatağı (THK tip tanımı);"Seri: FK; Ürün tipi: Vidalı mil uç yatağı – yuvarlak flanşlı sabit taraf yatak; Boyut: FK15; Mil çapı: 15 mm (yatak iç çapı)";"Rulman (THK ref.): 7002 (çift açısal temaslı); Kullanım: Sabit taraf; FF ile çift";FK15 Vidalı Mil Uç Yatağı;MKA;Yok;;Yüksek;"Açıklama FK'yi yalnız radyal yataklanan serbest taraf gibi tarif ediyor; FK sabit taraf (eksenel+radyal) yataktır. Metin FF ile aynı.";"THK Support Unit kataloğu (BK/BF/FK/FF) ile karşılaştırıldı; muadil üretim, marka belirsiz.";https://www.cncdunyasi.com/urun/fk15-vidali-mil-uc-yataklari
Lineer hareket sistemleri;(markasız);FK17;;FK17 vidalı mil uç yatağı, yuvarlak flanşlı sabit taraf yatak;FK vidalı mil destek yatağı (THK tip tanımı);"Seri: FK; Ürün tipi: Vidalı mil uç yatağı – yuvarlak flanşlı sabit taraf yatak; Boyut: FK17";"Kullanım: Sabit taraf; FF ile çift";FK17 Vidalı Mil Uç Yatağı;MKA;Yok;;Düşük;"Açıklama FK'yi yalnız radyal yataklanan serbest taraf gibi tarif ediyor; FK sabit taraf (eksenel+radyal) yataktır. Metin FF ile aynı.";"[TEYİT] FK17 THK standart serisinde yok (THK FK/FF: 10,12,15,20,25,30); muadil boyut, iç çap ve rulman teyit edilmeli.";https://www.cncdunyasi.com/urun/fk17-vidali-mil-uc-yataklari
Lineer hareket sistemleri;(markasız);FK20;;FK20 vidalı mil uç yatağı, yuvarlak flanşlı sabit taraf yatak, Ø20 mm mil ucu;FK vidalı mil destek yatağı (THK tip tanımı);"Seri: FK; Ürün tipi: Vidalı mil uç yatağı – yuvarlak flanşlı sabit taraf yatak; Boyut: FK20; Mil çapı: 20 mm (yatak iç çapı)";"Rulman (THK ref.): 7204 (çift açısal temaslı); Kullanım: Sabit taraf; FF ile çift";FK20 Vidalı Mil Uç Yatağı;MKA;Yok;;Yüksek;"Açıklama FK'yi yalnız radyal yataklanan serbest taraf gibi tarif ediyor; FK sabit taraf (eksenel+radyal) yataktır. Metin FF ile aynı.";"THK Support Unit kataloğu (BK/BF/FK/FF) ile karşılaştırıldı; muadil üretim, marka belirsiz.";https://www.cncdunyasi.com/urun/fk20-vidali-mil-uc-yataklari
Lineer hareket sistemleri;(markasız);FK25;;FK25 vidalı mil uç yatağı, yuvarlak flanşlı sabit taraf yatak, Ø25 mm mil ucu;FK vidalı mil destek yatağı (THK tip tanımı);"Seri: FK; Ürün tipi: Vidalı mil uç yatağı – yuvarlak flanşlı sabit taraf yatak; Boyut: FK25; Mil çapı: 25 mm (yatak iç çapı)";"Rulman (THK ref.): 7205 (çift açısal temaslı); Kullanım: Sabit taraf; FF ile çift";FK25 Vidalı Mil Uç Yatağı;MKA;Yok;;Yüksek;"Açıklama FK'yi yalnız radyal yataklanan serbest taraf gibi tarif ediyor; FK sabit taraf (eksenel+radyal) yataktır. Metin FF ile aynı.";"THK Support Unit kataloğu (BK/BF/FK/FF) ile karşılaştırıldı; muadil üretim, marka belirsiz.";https://www.cncdunyasi.com/urun/fk25-vidali-mil-uc-yataklari
Lineer hareket sistemleri;(markasız);FK30;;FK30 vidalı mil uç yatağı, yuvarlak flanşlı sabit taraf yatak, Ø30 mm mil ucu;FK vidalı mil destek yatağı (THK tip tanımı);"Seri: FK; Ürün tipi: Vidalı mil uç yatağı – yuvarlak flanşlı sabit taraf yatak; Boyut: FK30; Mil çapı: 30 mm (yatak iç çapı)";"Rulman (THK ref.): 7206 (çift açısal temaslı); Kullanım: Sabit taraf; FF ile çift";FK30 Vidalı Mil Uç Yatağı;MKA;Yok;;Yüksek;"Açıklama FK'yi yalnız radyal yataklanan serbest taraf gibi tarif ediyor; FK sabit taraf (eksenel+radyal) yataktır. Metin FF ile aynı.";"THK Support Unit kataloğu (BK/BF/FK/FF) ile karşılaştırıldı; muadil üretim, marka belirsiz.";https://www.cncdunyasi.com/urun/fk30-vidali-mil-uc-yataklari
Lineer hareket sistemleri;(markasız);GS09;GS9;GS09 boşluksuz yıldız (çeneli) kaplin, Ø20 × 30 mm;GS boşluksuz kaplin (KTR ROTEX GS boyut standardı);"Seri: GS (ROTEX GS tipi); Ürün tipi: Boşluksuz yıldız elemanlı (çeneli) kaplin; Boyut: GS09; Ölçüler: Ø20 × 30 mm (dış çap × boy)";;GS09 Kaplin;MKA;Yok;;Orta;;"Mil delik çapları açıklamada yok; sipariş öncesi delik ölçüsü sorulmalı. Site markası ""MKA"" jenerik/ithalatçı etiketi; gerçek üretici belirlenemedi.";https://www.cncdunyasi.com/urun/bosluksuz-gs-09-kaplin
Lineer hareket sistemleri;(markasız);GS12;;GS12 boşluksuz yıldız (çeneli) kaplin, Ø25 × 34 mm;GS boşluksuz kaplin (KTR ROTEX GS boyut standardı);"Seri: GS (ROTEX GS tipi); Ürün tipi: Boşluksuz yıldız elemanlı (çeneli) kaplin; Boyut: GS12; Ölçüler: Ø25 × 34 mm (dış çap × boy)";;GS12 Kaplin;MKA;Yok;;Orta;;"Mil delik çapları açıklamada yok; sipariş öncesi delik ölçüsü sorulmalı. Site markası ""MKA"" jenerik/ithalatçı etiketi; gerçek üretici belirlenemedi.";https://www.cncdunyasi.com/urun/bosluksuz-gs-12-kaplin
Lineer hareket sistemleri;(markasız);GS14;;GS14 boşluksuz yıldız (çeneli) kaplin, Ø30 × 40 mm;GS boşluksuz kaplin (KTR ROTEX GS boyut standardı);"Seri: GS (ROTEX GS tipi); Ürün tipi: Boşluksuz yıldız elemanlı (çeneli) kaplin; Boyut: GS14; Ölçüler: Ø30 × 40 mm (dış çap × boy)";;GS14 Kaplin;MKA;Yok;;Orta;"Site ölçüsü Ø30×40 mm; KTR ROTEX GS 14 standart göbekte Ø30×35 mm. Muadil üründe ölçü teyit edilmeli.";"[TEYİT] ölçüler. Mil delik çapları açıklamada yok; sipariş öncesi delik ölçüsü sorulmalı. Site markası ""MKA"" jenerik/ithalatçı etiketi; gerçek üretici belirlenemedi.";https://www.cncdunyasi.com/urun/bosluksuz-gs-14-kaplin
Lineer hareket sistemleri;(markasız);GS19;;GS19 boşluksuz yıldız (çeneli) kaplin, Ø40 × 66 mm;GS boşluksuz kaplin (KTR ROTEX GS boyut standardı);"Seri: GS (ROTEX GS tipi); Ürün tipi: Boşluksuz yıldız elemanlı (çeneli) kaplin; Boyut: GS19; Ölçüler: Ø40 × 66 mm (dış çap × boy)";;GS19 Kaplin;MKA;Yok;;Orta;;"Mil delik çapları açıklamada yok; sipariş öncesi delik ölçüsü sorulmalı. Site markası ""MKA"" jenerik/ithalatçı etiketi; gerçek üretici belirlenemedi.";https://www.cncdunyasi.com/urun/bosluksuz-gs-19-kaplin
Lineer hareket sistemleri;(markasız);GS24;;GS24 boşluksuz yıldız (çeneli) kaplin, Ø55 × 75 mm;GS boşluksuz kaplin (KTR ROTEX GS boyut standardı);"Seri: GS (ROTEX GS tipi); Ürün tipi: Boşluksuz yıldız elemanlı (çeneli) kaplin; Boyut: GS24; Ölçüler: Ø55 × 75 mm (dış çap × boy)";;GS24 Kaplin;MKA;Yok;;Orta;"Site ölçüsü Ø55×75 mm; KTR ROTEX GS 24 standart göbekte Ø55×78 mm. Muadil üründe ölçü teyit edilmeli.";"[TEYİT] ölçüler. Mil delik çapları açıklamada yok; sipariş öncesi delik ölçüsü sorulmalı. Site markası ""MKA"" jenerik/ithalatçı etiketi; gerçek üretici belirlenemedi.";https://www.cncdunyasi.com/urun/bosluksuz-gs-24-kaplin
Lineer hareket sistemleri;(markasız);GS28;;GS28 boşluksuz yıldız (çeneli) kaplin, Ø65 × 90 mm;GS boşluksuz kaplin (KTR ROTEX GS boyut standardı);"Seri: GS (ROTEX GS tipi); Ürün tipi: Boşluksuz yıldız elemanlı (çeneli) kaplin; Boyut: GS28; Ölçüler: Ø65 × 90 mm (dış çap × boy)";;GS28 Kaplin;MKA;Yok;;Orta;;"Mil delik çapları açıklamada yok; sipariş öncesi delik ölçüsü sorulmalı. Site markası ""MKA"" jenerik/ithalatçı etiketi; gerçek üretici belirlenemedi.";https://www.cncdunyasi.com/urun/bosluksuz-gs-28-kaplin
Lineer hareket sistemleri;(markasız);GS38;;GS38 boşluksuz yıldız (çeneli) kaplin, Ø80 × 114 mm;GS boşluksuz kaplin (KTR ROTEX GS boyut standardı);"Seri: GS (ROTEX GS tipi); Ürün tipi: Boşluksuz yıldız elemanlı (çeneli) kaplin; Boyut: GS38; Ölçüler: Ø80 × 114 mm (dış çap × boy)";;GS38 Kaplin;MKA;Yok;;Orta;;"Mil delik çapları açıklamada yok; sipariş öncesi delik ölçüsü sorulmalı. Site markası ""MKA"" jenerik/ithalatçı etiketi; gerçek üretici belirlenemedi.";https://www.cncdunyasi.com/urun/bosluksuz-gs-38-kaplin
Lineer hareket sistemleri;(markasız);GS42;;GS42 boşluksuz yıldız (çeneli) kaplin, Ø95 × 126 mm;GS boşluksuz kaplin (KTR ROTEX GS boyut standardı);"Seri: GS (ROTEX GS tipi); Ürün tipi: Boşluksuz yıldız elemanlı (çeneli) kaplin; Boyut: GS42; Ölçüler: Ø95 × 126 mm (dış çap × boy)";;GS42 Kaplin;MKA;Yok;;Orta;"Site ölçüsü Ø95×126 mm; KTR ROTEX GS 42 standart göbekte Ø85×126 mm. Muadil üründe ölçü teyit edilmeli.";"[TEYİT] ölçüler. Mil delik çapları açıklamada yok; sipariş öncesi delik ölçüsü sorulmalı. Site markası ""MKA"" jenerik/ithalatçı etiketi; gerçek üretici belirlenemedi.";https://www.cncdunyasi.com/urun/bosluksuz-gs-42-kaplin
Lineer hareket sistemleri;(markasız);GS48;;GS48 boşluksuz yıldız (çeneli) kaplin, Ø105 × 140 mm;GS boşluksuz kaplin (KTR ROTEX GS boyut standardı);"Seri: GS (ROTEX GS tipi); Ürün tipi: Boşluksuz yıldız elemanlı (çeneli) kaplin; Boyut: GS48; Ölçüler: Ø105 × 140 mm (dış çap × boy)";;GS48 Kaplin;MKA;Yok;;Orta;"Site ölçüsü Ø105×140 mm; KTR ROTEX GS 48 standart göbekte Ø95×140 mm. Muadil üründe ölçü teyit edilmeli.";"[TEYİT] ölçüler. Mil delik çapları açıklamada yok; sipariş öncesi delik ölçüsü sorulmalı. Site markası ""MKA"" jenerik/ithalatçı etiketi; gerçek üretici belirlenemedi.";https://www.cncdunyasi.com/urun/bosluksuz-gs-48-kaplin
Lineer hareket sistemleri;(markasız);HGH15CA araba;HGH15CA;HGH15CA lineer araba, 15 mm, flanşsız dar tip, HIWIN HG uyumlu;HG (HIWIN HG uyumlu) lineer araba;"Seri: HG (HIWIN HG uyumlu); Ürün tipi: Lineer kızak arabası – flanşsız kare (dar), standart boy; Boyut: 15; Ray genişliği: 15 mm (HGR15)";"Bağlama: Üstten (CA); Uyumlu ray: HGR15; Bilye düzeni: 4 sıra";15 mm Dar Lineer Araba - HGH15CA;KBL;Yok;;Yüksek;;"Kod tanımı HIWIN HG şemasına göre (H/W tip, C ağır yük, A/C bağlama); ön yük ve hassasiyet sınıfı belirtilmemiş. Ürün ""HIWIN uyumlu"" muadil. Site markası ""KBL"" jenerik/ithalatçı etiketi; gerçek üretici belirlenemedi.";https://www.cncdunyasi.com/urun/15-mm-dar-lineer-kizak-araba-hgh15ca
Lineer hareket sistemleri;(markasız);HGH20CA araba;HGH20CA;HGH20CA lineer araba, 20 mm, flanşsız dar tip, HIWIN HG uyumlu;HG (HIWIN HG uyumlu) lineer araba;"Seri: HG (HIWIN HG uyumlu); Ürün tipi: Lineer kızak arabası – flanşsız kare (dar), standart boy; Boyut: 20; Ray genişliği: 20 mm (HGR20)";"Bağlama: Üstten (CA); Uyumlu ray: HGR20; Bilye düzeni: 4 sıra";20 mm Dar Lineer Araba - HGH20CA;KBL;Yok;;Yüksek;;"Kod tanımı HIWIN HG şemasına göre (H/W tip, C ağır yük, A/C bağlama); ön yük ve hassasiyet sınıfı belirtilmemiş. Ürün ""HIWIN uyumlu"" muadil. Site markası ""KBL"" jenerik/ithalatçı etiketi; gerçek üretici belirlenemedi.";https://www.cncdunyasi.com/urun/20-mm-dar-lineer-kizak-araba-hgh20ca
Lineer hareket sistemleri;(markasız);HGH25CA araba;HGH25CA;HGH25CA lineer araba, 25 mm, flanşsız dar tip, HIWIN HG uyumlu;HG (HIWIN HG uyumlu) lineer araba;"Seri: HG (HIWIN HG uyumlu); Ürün tipi: Lineer kızak arabası – flanşsız kare (dar), standart boy; Boyut: 25; Ray genişliği: 23 mm (HGR25)";"Bağlama: Üstten (CA); Uyumlu ray: HGR25; Bilye düzeni: 4 sıra";25 mm Dar Lineer Araba - HGH25CA;KBL;Yok;;Yüksek;Kayıt anahtarı (u) tam URL olarak gelmiş.;"Kod tanımı HIWIN HG şemasına göre (H/W tip, C ağır yük, A/C bağlama); ön yük ve hassasiyet sınıfı belirtilmemiş. Ürün ""HIWIN uyumlu"" muadil. Site markası ""KBL"" jenerik/ithalatçı etiketi; gerçek üretici belirlenemedi.";https://www.cncdunyasi.com/urun/https://www.cncdunyasi.com/25-mm-dar-lineer-araba-hgh25ca
Lineer hareket sistemleri;(markasız);HGH30CA araba;HGH30CA;HGH30CA lineer araba, 30 mm, flanşsız dar tip, HIWIN HG uyumlu;HG (HIWIN HG uyumlu) lineer araba;"Seri: HG (HIWIN HG uyumlu); Ürün tipi: Lineer kızak arabası – flanşsız kare (dar), standart boy; Boyut: 30; Ray genişliği: 28 mm (HGR30)";"Bağlama: Üstten (CA); Uyumlu ray: HGR30; Bilye düzeni: 4 sıra";30 mm Dar Lineer Araba - HGH30CA;KBL;Yok;;Yüksek;Kayıt anahtarı (u) tam URL olarak gelmiş.;"Kod tanımı HIWIN HG şemasına göre (H/W tip, C ağır yük, A/C bağlama); ön yük ve hassasiyet sınıfı belirtilmemiş. Ürün ""HIWIN uyumlu"" muadil. Site markası ""KBL"" jenerik/ithalatçı etiketi; gerçek üretici belirlenemedi.";https://www.cncdunyasi.com/urun/https://www.cncdunyasi.com/30-mm-dar-lineer-araba-hgh30ca
Lineer hareket sistemleri;(markasız);HGH35CA araba;HGH35CA;HGH35CA lineer araba, 35 mm, flanşsız dar tip, HIWIN HG uyumlu;HG (HIWIN HG uyumlu) lineer araba;"Seri: HG (HIWIN HG uyumlu); Ürün tipi: Lineer kızak arabası – flanşsız kare (dar), standart boy; Boyut: 35; Ray genişliği: 34 mm (HGR35)";"Bağlama: Üstten (CA); Uyumlu ray: HGR35; Bilye düzeni: 4 sıra";35 mm Dar Lineer Araba - HGH35CA;KBL;Yok;;Yüksek;Kayıt anahtarı (u) tam URL olarak gelmiş.;"Kod tanımı HIWIN HG şemasına göre (H/W tip, C ağır yük, A/C bağlama); ön yük ve hassasiyet sınıfı belirtilmemiş. Ürün ""HIWIN uyumlu"" muadil. Site markası ""KBL"" jenerik/ithalatçı etiketi; gerçek üretici belirlenemedi.";https://www.cncdunyasi.com/urun/https://www.cncdunyasi.com/35-mm-dar-lineer-araba-hgh35ca
Lineer hareket sistemleri;(markasız);HGR15 ray;HGR15;HGR15 lineer ray, 15 mm boyut, HIWIN HG uyumlu (metre);HGR (HIWIN HG uyumlu) lineer ray;"Seri: HGR (HIWIN HG uyumlu); Ürün tipi: Profil lineer ray (bilyalı kızak rayı), metre satış; Boyut: 15; Ray genişliği: 15 mm; Uzunluk: Metre; kesim yapılır; Ölçüler: 15 × 15 mm (genişlik × yükseklik, HGR standardı)";"Delik aralığı (HGR std.): 60 mm; Uyumlu arabalar: HGH15CA, HGW15CC";15 mm Lineer Ray;KBL;Yok;;Yüksek;"Açıklamada ""paslanmaz çelik gövde"" deniyor; HG tipi raylar standartta paslanmaz değildir, doğrulanamadı.";"Ölçüler HIWIN HGR kataloğundan; ürün ""HIWIN uyumlu"" muadil, orijinal HIWIN değil. Site markası ""KBL"" jenerik/ithalatçı etiketi; gerçek üretici belirlenemedi.";https://www.cncdunyasi.com/urun/lineer-ray-kizak-15-mm
Lineer hareket sistemleri;(markasız);HGR20 ray;HGR20;HGR20 lineer ray, 20 mm boyut, HIWIN HG uyumlu (metre);HGR (HIWIN HG uyumlu) lineer ray;"Seri: HGR (HIWIN HG uyumlu); Ürün tipi: Profil lineer ray (bilyalı kızak rayı), metre satış; Boyut: 20; Ray genişliği: 20 mm; Uzunluk: Metre; kesim yapılır; Ölçüler: 20 × 17,5 mm (genişlik × yükseklik, HGR standardı)";"Delik aralığı (HGR std.): 60 mm; Uyumlu arabalar: HGH20CA, HGW20CC";20 mm Lineer Ray;KBL;Yok;;Yüksek;"Açıklamada ""paslanmaz çelik gövde"" deniyor; HG tipi raylar standartta paslanmaz değildir, doğrulanamadı.";"Ölçüler HIWIN HGR kataloğundan; ürün ""HIWIN uyumlu"" muadil, orijinal HIWIN değil. Site markası ""KBL"" jenerik/ithalatçı etiketi; gerçek üretici belirlenemedi.";https://www.cncdunyasi.com/urun/lineer-ray-kizak-20-mm
Lineer hareket sistemleri;(markasız);HGR25 ray;HGR25;HGR25 lineer ray, 25 mm boyut, HIWIN HG uyumlu (metre);HGR (HIWIN HG uyumlu) lineer ray;"Seri: HGR (HIWIN HG uyumlu); Ürün tipi: Profil lineer ray (bilyalı kızak rayı), metre satış; Boyut: 25; Ray genişliği: 23 mm; Uzunluk: Metre; kesim yapılır; Ölçüler: 23 × 22 mm (genişlik × yükseklik, HGR standardı)";"Delik aralığı (HGR std.): 60 mm; Uyumlu arabalar: HGH25CA, HGW25CC";25 mm Lineer Ray;KBL;Yok;;Yüksek;"Açıklamada ""paslanmaz çelik gövde"" deniyor; HG tipi raylar standartta paslanmaz değildir, doğrulanamadı.";"Dikkat: HGR25 ray genişliği 23 mm (boyut ≠ genişlik). Ölçüler HIWIN HGR kataloğundan; ürün ""HIWIN uyumlu"" muadil, orijinal HIWIN değil. Site markası ""KBL"" jenerik/ithalatçı etiketi; gerçek üretici belirlenemedi.";https://www.cncdunyasi.com/urun/lineer-ray-kizak-25-mm
Lineer hareket sistemleri;(markasız);HGR30 ray;HGR30;HGR30 lineer ray, 30 mm boyut, HIWIN HG uyumlu (metre);HGR (HIWIN HG uyumlu) lineer ray;"Seri: HGR (HIWIN HG uyumlu); Ürün tipi: Profil lineer ray (bilyalı kızak rayı), metre satış; Boyut: 30; Ray genişliği: 28 mm; Uzunluk: Metre; kesim yapılır; Ölçüler: 28 × 26 mm (genişlik × yükseklik, HGR standardı)";"Delik aralığı (HGR std.): 80 mm; Uyumlu arabalar: HGH30CA, HGW30CC";30 mm Lineer Ray;KBL;Yok;;Yüksek;"Açıklamada ""paslanmaz çelik gövde"" deniyor; HG tipi raylar standartta paslanmaz değildir, doğrulanamadı.";"Dikkat: HGR30 ray genişliği 28 mm (boyut ≠ genişlik). Ölçüler HIWIN HGR kataloğundan; ürün ""HIWIN uyumlu"" muadil, orijinal HIWIN değil. Site markası ""KBL"" jenerik/ithalatçı etiketi; gerçek üretici belirlenemedi.";https://www.cncdunyasi.com/urun/lineer-ray-kizak-30-mm
Lineer hareket sistemleri;(markasız);HGR35 ray;HGR35;HGR35 lineer ray, 35 mm boyut, HIWIN HG uyumlu (metre);HGR (HIWIN HG uyumlu) lineer ray;"Seri: HGR (HIWIN HG uyumlu); Ürün tipi: Profil lineer ray (bilyalı kızak rayı), metre satış; Boyut: 35; Ray genişliği: 34 mm; Uzunluk: Metre; kesim yapılır; Ölçüler: 34 × 29 mm (genişlik × yükseklik, HGR standardı)";"Delik aralığı (HGR std.): 80 mm; Uyumlu arabalar: HGH35CA, HGW35CC";35 mm Lineer Ray;KBL;Yok;;Yüksek;"Açıklamada ""paslanmaz çelik gövde"" deniyor; HG tipi raylar standartta paslanmaz değildir, doğrulanamadı.";"Dikkat: HGR35 ray genişliği 34 mm (boyut ≠ genişlik). Ölçüler HIWIN HGR kataloğundan; ürün ""HIWIN uyumlu"" muadil, orijinal HIWIN değil. Site markası ""KBL"" jenerik/ithalatçı etiketi; gerçek üretici belirlenemedi.";https://www.cncdunyasi.com/urun/lineer-ray-kizak-35-mm
Lineer hareket sistemleri;(markasız);HGW15CC araba;HGW15CC;HGW15CC lineer araba, 15 mm, flanşlı geniş tip, HIWIN HG uyumlu;HG (HIWIN HG uyumlu) lineer araba;"Seri: HG (HIWIN HG uyumlu); Ürün tipi: Lineer kızak arabası – flanşlı (geniş), standart boy; Boyut: 15; Ray genişliği: 15 mm (HGR15)";"Bağlama: Üstten veya alttan (CC); Uyumlu ray: HGR15; Bilye düzeni: 4 sıra";15 mm Geniş Lineer Araba - HGW15CC;KBL;Yok;;Yüksek;"Açıklamada ürün ""Geniş Ray"" olarak anılıyor; ürün araba (blok). Kayıt anahtarı (u) tam URL olarak gelmiş.";"Kod tanımı HIWIN HG şemasına göre (H/W tip, C ağır yük, A/C bağlama); ön yük ve hassasiyet sınıfı belirtilmemiş. Ürün ""HIWIN uyumlu"" muadil. Site markası ""KBL"" jenerik/ithalatçı etiketi; gerçek üretici belirlenemedi.";https://www.cncdunyasi.com/urun/https://www.cncdunyasi.com/15-mm-genis-lineer-araba-hgw15cc
Lineer hareket sistemleri;(markasız);HGW20CC araba;HGW20CC;HGW20CC lineer araba, 20 mm, flanşlı geniş tip, HIWIN HG uyumlu;HG (HIWIN HG uyumlu) lineer araba;"Seri: HG (HIWIN HG uyumlu); Ürün tipi: Lineer kızak arabası – flanşlı (geniş), standart boy; Boyut: 20; Ray genişliği: 20 mm (HGR20)";"Bağlama: Üstten veya alttan (CC); Uyumlu ray: HGR20; Bilye düzeni: 4 sıra";20 mm Geniş Lineer Araba - HGW20CC;KBL;Yok;;Yüksek;"Açıklamada ürün ""Geniş Ray"" olarak anılıyor; ürün araba (blok). Kayıt anahtarı (u) tam URL olarak gelmiş.";"Kod tanımı HIWIN HG şemasına göre (H/W tip, C ağır yük, A/C bağlama); ön yük ve hassasiyet sınıfı belirtilmemiş. Ürün ""HIWIN uyumlu"" muadil. Site markası ""KBL"" jenerik/ithalatçı etiketi; gerçek üretici belirlenemedi.";https://www.cncdunyasi.com/urun/https://www.cncdunyasi.com/20-mm-genis-lineer-araba-hgw20cc
Lineer hareket sistemleri;(markasız);HGW25CC araba;HGW25CC;HGW25CC lineer araba, 25 mm, flanşlı geniş tip, HIWIN HG uyumlu;HG (HIWIN HG uyumlu) lineer araba;"Seri: HG (HIWIN HG uyumlu); Ürün tipi: Lineer kızak arabası – flanşlı (geniş), standart boy; Boyut: 25; Ray genişliği: 23 mm (HGR25)";"Bağlama: Üstten veya alttan (CC); Uyumlu ray: HGR25; Bilye düzeni: 4 sıra";25 mm Geniş Lineer Araba - HGW25CC;KBL;Yok;;Yüksek;"Açıklamada ürün ""Geniş Ray"" olarak anılıyor; ürün araba (blok). Kayıt anahtarı (u) tam URL olarak gelmiş.";"Kod tanımı HIWIN HG şemasına göre (H/W tip, C ağır yük, A/C bağlama); ön yük ve hassasiyet sınıfı belirtilmemiş. Ürün ""HIWIN uyumlu"" muadil. Site markası ""KBL"" jenerik/ithalatçı etiketi; gerçek üretici belirlenemedi.";https://www.cncdunyasi.com/urun/https://www.cncdunyasi.com/25-mm-genis-lineer-araba-hgw25cc
Lineer hareket sistemleri;(markasız);HGW30CC araba;HGW30CC;HGW30CC lineer araba, 30 mm, flanşlı geniş tip, HIWIN HG uyumlu;HG (HIWIN HG uyumlu) lineer araba;"Seri: HG (HIWIN HG uyumlu); Ürün tipi: Lineer kızak arabası – flanşlı (geniş), standart boy; Boyut: 30; Ray genişliği: 28 mm (HGR30)";"Bağlama: Üstten veya alttan (CC); Uyumlu ray: HGR30; Bilye düzeni: 4 sıra";30 mm Geniş Lineer Araba - HGW30CC;KBL;Yok;;Yüksek;"Açıklamada ürün ""Geniş Ray"" olarak anılıyor; ürün araba (blok). Kayıt anahtarı (u) tam URL olarak gelmiş.";"Kod tanımı HIWIN HG şemasına göre (H/W tip, C ağır yük, A/C bağlama); ön yük ve hassasiyet sınıfı belirtilmemiş. Ürün ""HIWIN uyumlu"" muadil. Site markası ""KBL"" jenerik/ithalatçı etiketi; gerçek üretici belirlenemedi.";https://www.cncdunyasi.com/urun/https://www.cncdunyasi.com/30-mm-genis-lineer-araba-hgw30cc
Lineer hareket sistemleri;(markasız);HGW35CC araba;HGW35CC;HGW35CC lineer araba, 35 mm, flanşlı geniş tip, HIWIN HG uyumlu;HG (HIWIN HG uyumlu) lineer araba;"Seri: HG (HIWIN HG uyumlu); Ürün tipi: Lineer kızak arabası – flanşlı (geniş), standart boy; Boyut: 35; Ray genişliği: 34 mm (HGR35)";"Bağlama: Üstten veya alttan (CC); Uyumlu ray: HGR35; Bilye düzeni: 4 sıra";35 mm Geniş Lineer Araba - HGW35CC;KBL;Yok;;Yüksek;"Açıklamada ürün ""Geniş Ray"" olarak anılıyor; ürün araba (blok). Kayıt anahtarı (u) tam URL olarak gelmiş.";"Kod tanımı HIWIN HG şemasına göre (H/W tip, C ağır yük, A/C bağlama); ön yük ve hassasiyet sınıfı belirtilmemiş. Ürün ""HIWIN uyumlu"" muadil. Site markası ""KBL"" jenerik/ithalatçı etiketi; gerçek üretici belirlenemedi.";https://www.cncdunyasi.com/urun/https://www.cncdunyasi.com/35-mm-genis-lineer-araba-hgw35cc
Lineer hareket sistemleri;(markasız);M1 Z16 helis pinyon;;Modül 1 Z16 helis pinyon dişli, pilot delikli, çelik;Helis pinyon dişli;"Seri: Helis pinyon; Ürün tipi: Helis dişli pinyon (pilot delikli); Modül: 1; Malzeme: Yüksek mukavemetli çelik";Diş sayısı: 16;1 Modül Z16 Helis Pinyon Dişli;MKA;Yok;;Orta;;"Helis açısı ve yönü açıklamada yok; uyumlu helis kremayerle eşleştirilmeli [TEYİT]. Delik pilot (ham) delikli; göbek ölçüsü ve diş genişliği açıklamada yok. Jenerik parça. Site markası ""MKA"" jenerik/ithalatçı etiketi; gerçek üretici belirlenemedi.";https://www.cncdunyasi.com/urun/1-modul-16-dis-helis-pinyon-disli
Lineer hareket sistemleri;(markasız);M1 Z18 düz pinyon;;Modül 1 Z18 düz pinyon dişli, pilot delikli, çelik;Düz pinyon dişli;"Seri: Düz pinyon; Ürün tipi: Düz dişli pinyon (pilot delikli); Modül: 1; Malzeme: Yüksek mukavemetli çelik";"Diş sayısı: 18; Bölüm dairesi çapı: 18 mm (m×z); Dış çap: 20 mm (m×(z+2))";1 Modül Z18 Düz Pinyon Dişli;MKA;Yok;;Orta;;"Delik pilot (ham) delikli; göbek ölçüsü ve diş genişliği açıklamada yok. Jenerik parça. Site markası ""MKA"" jenerik/ithalatçı etiketi; gerçek üretici belirlenemedi.";https://www.cncdunyasi.com/urun/1-modul-18-dis-duz-pinyon-disli
Lineer hareket sistemleri;(markasız);M1 Z18 helis pinyon;;Modül 1 Z18 helis pinyon dişli, pilot delikli, çelik;Helis pinyon dişli;"Seri: Helis pinyon; Ürün tipi: Helis dişli pinyon (pilot delikli); Modül: 1; Malzeme: Yüksek mukavemetli çelik";Diş sayısı: 18;1 Modül Z18 Helis Pinyon Dişli;MKA;Yok;;Orta;;"Helis açısı ve yönü açıklamada yok; uyumlu helis kremayerle eşleştirilmeli [TEYİT]. Delik pilot (ham) delikli; göbek ölçüsü ve diş genişliği açıklamada yok. Jenerik parça. Site markası ""MKA"" jenerik/ithalatçı etiketi; gerçek üretici belirlenemedi.";https://www.cncdunyasi.com/urun/1-modul-18-dis-helis-pinyon-disli
Lineer hareket sistemleri;(markasız);M1 Z20 düz pinyon;;Modül 1 Z20 düz pinyon dişli, pilot delikli, çelik;Düz pinyon dişli;"Seri: Düz pinyon; Ürün tipi: Düz dişli pinyon (pilot delikli); Modül: 1; Malzeme: Yüksek mukavemetli çelik";"Diş sayısı: 20; Bölüm dairesi çapı: 20 mm (m×z); Dış çap: 22 mm (m×(z+2))";1 Modül Z20 Düz Pinyon Dişli;MKA;Yok;;Orta;;"Delik pilot (ham) delikli; göbek ölçüsü ve diş genişliği açıklamada yok. Jenerik parça. Site markası ""MKA"" jenerik/ithalatçı etiketi; gerçek üretici belirlenemedi.";https://www.cncdunyasi.com/urun/1-modul-20-dis-duz-pinyon-disli
Lineer hareket sistemleri;(markasız);M1 Z20 helis pinyon;;Modül 1 Z20 helis pinyon dişli, pilot delikli, çelik;Helis pinyon dişli;"Seri: Helis pinyon; Ürün tipi: Helis dişli pinyon (pilot delikli); Modül: 1; Malzeme: Yüksek mukavemetli çelik";Diş sayısı: 20;1 Modül Z20 Helis Pinyon Dişli;MKA;Yok;;Orta;;"Helis açısı ve yönü açıklamada yok; uyumlu helis kremayerle eşleştirilmeli [TEYİT]. Delik pilot (ham) delikli; göbek ölçüsü ve diş genişliği açıklamada yok. Jenerik parça. Site markası ""MKA"" jenerik/ithalatçı etiketi; gerçek üretici belirlenemedi.";https://www.cncdunyasi.com/urun/1-modul-20-dis-helis-pinyon-disli
Lineer hareket sistemleri;(markasız);M1 Z22 düz pinyon;;Modül 1 Z22 düz pinyon dişli, pilot delikli, çelik;Düz pinyon dişli;"Seri: Düz pinyon; Ürün tipi: Düz dişli pinyon (pilot delikli); Modül: 1; Malzeme: Yüksek mukavemetli çelik";"Diş sayısı: 22; Bölüm dairesi çapı: 22 mm (m×z); Dış çap: 24 mm (m×(z+2))";1 Modül Z22 Düz Pinyon Dişli;MKA;Yok;;Orta;;"Delik pilot (ham) delikli; göbek ölçüsü ve diş genişliği açıklamada yok. Jenerik parça. Site markası ""MKA"" jenerik/ithalatçı etiketi; gerçek üretici belirlenemedi.";https://www.cncdunyasi.com/urun/1-modul-22-dis-duz-pinyon-disli
Lineer hareket sistemleri;(markasız);M1 Z22 helis pinyon;;Modül 1 Z22 helis pinyon dişli, pilot delikli, çelik;Helis pinyon dişli;"Seri: Helis pinyon; Ürün tipi: Helis dişli pinyon (pilot delikli); Modül: 1; Malzeme: Yüksek mukavemetli çelik";Diş sayısı: 22;1 Modül Z22 Helis Pinyon Dişli;MKA;Yok;;Orta;;"Helis açısı ve yönü açıklamada yok; uyumlu helis kremayerle eşleştirilmeli [TEYİT]. Delik pilot (ham) delikli; göbek ölçüsü ve diş genişliği açıklamada yok. Jenerik parça. Site markası ""MKA"" jenerik/ithalatçı etiketi; gerçek üretici belirlenemedi.";https://www.cncdunyasi.com/urun/1-modul-22-dis-helis-pinyon-disli
Lineer hareket sistemleri;(markasız);M1 Z25 düz pinyon;;Modül 1 Z25 düz pinyon dişli, pilot delikli, çelik;Düz pinyon dişli;"Seri: Düz pinyon; Ürün tipi: Düz dişli pinyon (pilot delikli); Modül: 1; Malzeme: Yüksek mukavemetli çelik";"Diş sayısı: 25; Bölüm dairesi çapı: 25 mm (m×z); Dış çap: 27 mm (m×(z+2))";1 Modül Z25 Düz Pinyon Dişli;MKA;Yok;;Orta;;"Delik pilot (ham) delikli; göbek ölçüsü ve diş genişliği açıklamada yok. Jenerik parça. Site markası ""MKA"" jenerik/ithalatçı etiketi; gerçek üretici belirlenemedi.";https://www.cncdunyasi.com/urun/1-modul-25-dis-duz-pinyon-disli
Lineer hareket sistemleri;(markasız);M1 Z30 düz pinyon;;Modül 1 Z30 düz pinyon dişli, pilot delikli, çelik;Düz pinyon dişli;"Seri: Düz pinyon; Ürün tipi: Düz dişli pinyon (pilot delikli); Modül: 1; Malzeme: Yüksek mukavemetli çelik";"Diş sayısı: 30; Bölüm dairesi çapı: 30 mm (m×z); Dış çap: 32 mm (m×(z+2))";1 Modül Z30 Düz Pinyon Dişli;MKA;Yok;;Orta;;"Delik pilot (ham) delikli; göbek ölçüsü ve diş genişliği açıklamada yok. Jenerik parça. Site markası ""MKA"" jenerik/ithalatçı etiketi; gerçek üretici belirlenemedi.";https://www.cncdunyasi.com/urun/1-modul-30-dis-duz-pinyon-disli
Lineer hareket sistemleri;(markasız);M1 Z40 düz pinyon;;Modül 1 Z40 düz pinyon dişli, pilot delikli, çelik;Düz pinyon dişli;"Seri: Düz pinyon; Ürün tipi: Düz dişli pinyon (pilot delikli); Modül: 1; Malzeme: Yüksek mukavemetli çelik";"Diş sayısı: 40; Bölüm dairesi çapı: 40 mm (m×z); Dış çap: 42 mm (m×(z+2))";1 Modül Z40 Düz Pinyon Dişli;MKA;Yok;;Orta;;"Delik pilot (ham) delikli; göbek ölçüsü ve diş genişliği açıklamada yok. Jenerik parça. Site markası ""MKA"" jenerik/ithalatçı etiketi; gerçek üretici belirlenemedi.";https://www.cncdunyasi.com/urun/1-modul-40-dis-duz-pinyon-disli
Lineer hareket sistemleri;(markasız);M1 düz kremayer 15x15;;Modül 1 düz kremayer dişli, 15×15 mm kesit, 2 m, montaj deliksiz;Düz kremayer dişli;"Seri: Düz kremayer; Ürün tipi: Düz dişli kremayer, montaj deliksiz; Modül: 1; Uzunluk: 2 m; Ölçüler: 15 × 15 mm kesit";Satış birimi: Metre;Modül 1 Düz Kremayer (15X15);MKA;Yok;;Orta;;"Jenerik standart parça; üretici belirsiz. Site markası ""MKA"" jenerik/ithalatçı etiketi; gerçek üretici belirlenemedi.";https://www.cncdunyasi.com/urun/modul-1-duz-kremayer-disli
Lineer hareket sistemleri;(markasız);M1,5 Z20 düz pinyon;;Modül 1,5 Z20 düz pinyon dişli, pilot delikli, çelik;Düz pinyon dişli;"Seri: Düz pinyon; Ürün tipi: Düz dişli pinyon (pilot delikli); Modül: 1,5; Malzeme: Yüksek mukavemetli çelik";"Diş sayısı: 20; Bölüm dairesi çapı: 30 mm (m×z); Dış çap: 33 mm (m×(z+2))";1.5 Modül Z20 Düz Pinyon Dişli;MKA;Yok;;Orta;;"Delik pilot (ham) delikli; göbek ölçüsü ve diş genişliği açıklamada yok. Jenerik parça. Site markası ""MKA"" jenerik/ithalatçı etiketi; gerçek üretici belirlenemedi.";https://www.cncdunyasi.com/urun/1-5-modul-20-dis-duz-pinyon-disli
Lineer hareket sistemleri;(markasız);M1,5 Z20 helis pinyon;;Modül 1,5 Z20 helis pinyon dişli, pilot delikli, çelik;Helis pinyon dişli;"Seri: Helis pinyon; Ürün tipi: Helis dişli pinyon (pilot delikli); Modül: 1,5; Malzeme: Yüksek mukavemetli çelik";Diş sayısı: 20;1,5 Modül Z20 Helis Pinyon Dişli;MKA;Yok;;Orta;;"Helis açısı ve yönü açıklamada yok; uyumlu helis kremayerle eşleştirilmeli [TEYİT]. Delik pilot (ham) delikli; göbek ölçüsü ve diş genişliği açıklamada yok. Jenerik parça. Site markası ""MKA"" jenerik/ithalatçı etiketi; gerçek üretici belirlenemedi.";https://www.cncdunyasi.com/urun/1-5-modul-20-dis-helis-pinyon-disli
Lineer hareket sistemleri;(markasız);M1,5 Z22 düz pinyon;;Modül 1,5 Z22 düz pinyon dişli, pilot delikli, çelik;Düz pinyon dişli;"Seri: Düz pinyon; Ürün tipi: Düz dişli pinyon (pilot delikli); Modül: 1,5; Malzeme: Yüksek mukavemetli çelik";"Diş sayısı: 22; Bölüm dairesi çapı: 33 mm (m×z); Dış çap: 36 mm (m×(z+2))";1.5 Modül Z22 Düz Pinyon Dişli;MKA;Yok;;Orta;;"Delik pilot (ham) delikli; göbek ölçüsü ve diş genişliği açıklamada yok. Jenerik parça. Site markası ""MKA"" jenerik/ithalatçı etiketi; gerçek üretici belirlenemedi.";https://www.cncdunyasi.com/urun/1-5-modul-22-dis-duz-pinyon-disli
Lineer hareket sistemleri;(markasız);M1,5 Z22 helis pinyon;;Modül 1,5 Z22 helis pinyon dişli, pilot delikli, çelik;Helis pinyon dişli;"Seri: Helis pinyon; Ürün tipi: Helis dişli pinyon (pilot delikli); Modül: 1,5; Malzeme: Yüksek mukavemetli çelik";Diş sayısı: 22;1,5 Modül Z22 Helis Pinyon Dişli;MKA;Yok;;Orta;;"Helis açısı ve yönü açıklamada yok; uyumlu helis kremayerle eşleştirilmeli [TEYİT]. Delik pilot (ham) delikli; göbek ölçüsü ve diş genişliği açıklamada yok. Jenerik parça. Site markası ""MKA"" jenerik/ithalatçı etiketi; gerçek üretici belirlenemedi.";https://www.cncdunyasi.com/urun/1-5-modul-22-dis-helis-pinyon-disli
Lineer hareket sistemleri;(markasız);M1,5 Z25 düz pinyon;;Modül 1,5 Z25 düz pinyon dişli, pilot delikli, çelik;Düz pinyon dişli;"Seri: Düz pinyon; Ürün tipi: Düz dişli pinyon (pilot delikli); Modül: 1,5; Malzeme: Yüksek mukavemetli çelik";"Diş sayısı: 25; Bölüm dairesi çapı: 37,5 mm (m×z); Dış çap: 40,5 mm (m×(z+2))";1.5 Modül Z25 Düz Pinyon Dişli;MKA;Yok;;Orta;;"Delik pilot (ham) delikli; göbek ölçüsü ve diş genişliği açıklamada yok. Jenerik parça. Site markası ""MKA"" jenerik/ithalatçı etiketi; gerçek üretici belirlenemedi.";https://www.cncdunyasi.com/urun/1-5-modul-25-dis-duz-pinyon-disli
Lineer hareket sistemleri;(markasız);M1,5 Z25 helis pinyon;;Modül 1,5 Z25 helis pinyon dişli, pilot delikli, çelik;Helis pinyon dişli;"Seri: Helis pinyon; Ürün tipi: Helis dişli pinyon (pilot delikli); Modül: 1,5; Malzeme: Yüksek mukavemetli çelik";Diş sayısı: 25;1,5 Modül Z25 Helis Pinyon Dişli;MKA;Yok;;Orta;;"Helis açısı ve yönü açıklamada yok; uyumlu helis kremayerle eşleştirilmeli [TEYİT]. Delik pilot (ham) delikli; göbek ölçüsü ve diş genişliği açıklamada yok. Jenerik parça. Site markası ""MKA"" jenerik/ithalatçı etiketi; gerçek üretici belirlenemedi.";https://www.cncdunyasi.com/urun/1-5-modul-25-dis-helis-pinyon-disli
Lineer hareket sistemleri;(markasız);M1,5 Z30 düz pinyon;;Modül 1,5 Z30 düz pinyon dişli, pilot delikli, çelik;Düz pinyon dişli;"Seri: Düz pinyon; Ürün tipi: Düz dişli pinyon (pilot delikli); Modül: 1,5; Malzeme: Yüksek mukavemetli çelik";"Diş sayısı: 30; Bölüm dairesi çapı: 45 mm (m×z); Dış çap: 48 mm (m×(z+2))";1.5 Modül Z30 Düz Pinyon Dişli;MKA;Yok;;Orta;;"Delik pilot (ham) delikli; göbek ölçüsü ve diş genişliği açıklamada yok. Jenerik parça. Site markası ""MKA"" jenerik/ithalatçı etiketi; gerçek üretici belirlenemedi.";https://www.cncdunyasi.com/urun/1-5-modul-30-dis-duz-pinyon-disli
Lineer hareket sistemleri;(markasız);M1,5 Z30 helis pinyon;;Modül 1,5 Z30 helis pinyon dişli, pilot delikli, çelik;Helis pinyon dişli;"Seri: Helis pinyon; Ürün tipi: Helis dişli pinyon (pilot delikli); Modül: 1,5; Malzeme: Yüksek mukavemetli çelik";Diş sayısı: 30;1,5 Modül Z30 Helis Pinyon Dişli;MKA;Yok;;Orta;;"Helis açısı ve yönü açıklamada yok; uyumlu helis kremayerle eşleştirilmeli [TEYİT]. Delik pilot (ham) delikli; göbek ölçüsü ve diş genişliği açıklamada yok. Jenerik parça. Site markası ""MKA"" jenerik/ithalatçı etiketi; gerçek üretici belirlenemedi.";https://www.cncdunyasi.com/urun/1-5-modul-30-dis-helis-pinyon-disli
Lineer hareket sistemleri;(markasız);M1,5 Z32 düz pinyon;;Modül 1,5 Z32 düz pinyon dişli, pilot delikli, çelik;Düz pinyon dişli;"Seri: Düz pinyon; Ürün tipi: Düz dişli pinyon (pilot delikli); Modül: 1,5; Malzeme: Yüksek mukavemetli çelik";"Diş sayısı: 32; Bölüm dairesi çapı: 48 mm (m×z); Dış çap: 51 mm (m×(z+2))";1.5 Modül Z32 Düz Pinyon Dişli;MKA;Yok;;Orta;;"Delik pilot (ham) delikli; göbek ölçüsü ve diş genişliği açıklamada yok. Jenerik parça. Site markası ""MKA"" jenerik/ithalatçı etiketi; gerçek üretici belirlenemedi.";https://www.cncdunyasi.com/urun/1-5-modul-32-dis-duz-pinyon-disli
Lineer hareket sistemleri;(markasız);M1,5 Z40 düz pinyon;;Modül 1,5 Z40 düz pinyon dişli, pilot delikli, çelik;Düz pinyon dişli;"Seri: Düz pinyon; Ürün tipi: Düz dişli pinyon (pilot delikli); Modül: 1,5; Malzeme: Yüksek mukavemetli çelik";"Diş sayısı: 40; Bölüm dairesi çapı: 60 mm (m×z); Dış çap: 63 mm (m×(z+2))";1.5 Modül Z40 Düz Pinyon Dişli;MKA;Yok;;Orta;;"Delik pilot (ham) delikli; göbek ölçüsü ve diş genişliği açıklamada yok. Jenerik parça. Site markası ""MKA"" jenerik/ithalatçı etiketi; gerçek üretici belirlenemedi.";https://www.cncdunyasi.com/urun/1-5-modul-40-dis-duz-pinyon-disli
Lineer hareket sistemleri;(markasız);M1,5 Z42 düz pinyon;;Modül 1,5 Z42 düz pinyon dişli, pilot delikli, çelik;Düz pinyon dişli;"Seri: Düz pinyon; Ürün tipi: Düz dişli pinyon (pilot delikli); Modül: 1,5; Malzeme: Yüksek mukavemetli çelik";"Diş sayısı: 42; Bölüm dairesi çapı: 63 mm (m×z); Dış çap: 66 mm (m×(z+2))";1.5 Modül Z42 Düz Pinyon Dişli;MKA;Yok;;Orta;;"Delik pilot (ham) delikli; göbek ölçüsü ve diş genişliği açıklamada yok. Jenerik parça. Site markası ""MKA"" jenerik/ithalatçı etiketi; gerçek üretici belirlenemedi.";https://www.cncdunyasi.com/urun/1-5-modul-42-dis-duz-pinyon-disli
Lineer hareket sistemleri;(markasız);M1,5 düz kremayer 17x17;;Modül 1,5 düz kremayer dişli, 17×17 mm kesit, 2 m, montaj deliksiz;Düz kremayer dişli;"Seri: Düz kremayer; Ürün tipi: Düz dişli kremayer, montaj deliksiz; Modül: 1,5; Uzunluk: 2 m; Ölçüler: 17 × 17 mm kesit";Satış birimi: Metre;Modül 1.5 Düz Kremayer (17X17);MKA;Yok;;Orta;;"Jenerik standart parça; üretici belirsiz. Site markası ""MKA"" jenerik/ithalatçı etiketi; gerçek üretici belirlenemedi.";https://www.cncdunyasi.com/urun/modul-1-5-duz-kremayer-disli
Lineer hareket sistemleri;(markasız);M1,5 helis kremayer 17x17;;Modül 1,5 helis kremayer dişli, 17×17 mm kesit, 2 m;Helis kremayer dişli;"Seri: Helis kremayer; Ürün tipi: Helis dişli kremayer; Modül: 1,5; Uzunluk: 2 m; Ölçüler: 17 × 17 mm kesit";;Modül 1.5 Helis Kremayer (17x17);MKA;Yok;;Orta;;"Helis açısı ve montaj deliği bilgisi açıklamada yok [TEYİT]. Jenerik standart parça; üretici belirsiz. Site markası ""MKA"" jenerik/ithalatçı etiketi; gerçek üretici belirlenemedi.";https://www.cncdunyasi.com/urun/modul-1-5-helis-kremayer
Lineer hareket sistemleri;(markasız);M2 Z16 düz pinyon;;Modül 2 Z16 düz pinyon dişli, pilot delikli, çelik;Düz pinyon dişli;"Seri: Düz pinyon; Ürün tipi: Düz dişli pinyon (pilot delikli); Modül: 2; Malzeme: Yüksek mukavemetli çelik";"Diş sayısı: 16; Bölüm dairesi çapı: 32 mm (m×z); Dış çap: 36 mm (m×(z+2))";2 Modül Z16 Düz Pinyon Dişli;MKA;Yok;;Orta;;"Delik pilot (ham) delikli; göbek ölçüsü ve diş genişliği açıklamada yok. Jenerik parça. Site markası ""MKA"" jenerik/ithalatçı etiketi; gerçek üretici belirlenemedi.";https://www.cncdunyasi.com/urun/2-modul-16-dis-duz-pinyon-disli
Lineer hareket sistemleri;(markasız);M2 Z18 düz pinyon;;Modül 2 Z18 düz pinyon dişli, pilot delikli, çelik;Düz pinyon dişli;"Seri: Düz pinyon; Ürün tipi: Düz dişli pinyon (pilot delikli); Modül: 2; Malzeme: Yüksek mukavemetli çelik";"Diş sayısı: 18; Bölüm dairesi çapı: 36 mm (m×z); Dış çap: 40 mm (m×(z+2))";2 Modül Z18 Düz Pinyon Dişli;MKA;Yok;;Orta;;"Delik pilot (ham) delikli; göbek ölçüsü ve diş genişliği açıklamada yok. Jenerik parça. Site markası ""MKA"" jenerik/ithalatçı etiketi; gerçek üretici belirlenemedi.";https://www.cncdunyasi.com/urun/2-modul-18-dis-duz-pinyon-disli
Lineer hareket sistemleri;(markasız);M2 Z20 düz pinyon;;Modül 2 Z20 düz pinyon dişli, pilot delikli, çelik;Düz pinyon dişli;"Seri: Düz pinyon; Ürün tipi: Düz dişli pinyon (pilot delikli); Modül: 2; Malzeme: Yüksek mukavemetli çelik";"Diş sayısı: 20; Bölüm dairesi çapı: 40 mm (m×z); Dış çap: 44 mm (m×(z+2))";2 Modül Z20 Düz Pinyon Dişli;MKA;Yok;;Orta;;"Delik pilot (ham) delikli; göbek ölçüsü ve diş genişliği açıklamada yok. Jenerik parça. Site markası ""MKA"" jenerik/ithalatçı etiketi; gerçek üretici belirlenemedi.";https://www.cncdunyasi.com/urun/2-modul-20-dis-duz-pinyon-disli
Lineer hareket sistemleri;(markasız);M2 Z20 helis pinyon;;Modül 2 Z20 helis pinyon dişli, pilot delikli, çelik;Helis pinyon dişli;"Seri: Helis pinyon; Ürün tipi: Helis dişli pinyon (pilot delikli); Modül: 2; Malzeme: Yüksek mukavemetli çelik";Diş sayısı: 20;2 Modül Z20 Helis Pinyon Dişli;MKA;Yok;;Orta;;"Helis açısı ve yönü açıklamada yok; uyumlu helis kremayerle eşleştirilmeli [TEYİT]. Delik pilot (ham) delikli; göbek ölçüsü ve diş genişliği açıklamada yok. Jenerik parça. Site markası ""MKA"" jenerik/ithalatçı etiketi; gerçek üretici belirlenemedi.";https://www.cncdunyasi.com/urun/2-modul-20-dis-helis-pinyon-disli
Lineer hareket sistemleri;(markasız);M2 Z22 düz pinyon;;Modül 2 Z22 düz pinyon dişli, pilot delikli, çelik;Düz pinyon dişli;"Seri: Düz pinyon; Ürün tipi: Düz dişli pinyon (pilot delikli); Modül: 2; Malzeme: Yüksek mukavemetli çelik";"Diş sayısı: 22; Bölüm dairesi çapı: 44 mm (m×z); Dış çap: 48 mm (m×(z+2))";2 Modül Z22 Düz Pinyon Dişli;MKA;Yok;;Orta;;"Delik pilot (ham) delikli; göbek ölçüsü ve diş genişliği açıklamada yok. Jenerik parça. Site markası ""MKA"" jenerik/ithalatçı etiketi; gerçek üretici belirlenemedi.";https://www.cncdunyasi.com/urun/2-modul-22-dis-duz-pinyon-disli
Lineer hareket sistemleri;(markasız);M2 Z22 helis pinyon;;Modül 2 Z22 helis pinyon dişli, pilot delikli, çelik;Helis pinyon dişli;"Seri: Helis pinyon; Ürün tipi: Helis dişli pinyon (pilot delikli); Modül: 2; Malzeme: Yüksek mukavemetli çelik";Diş sayısı: 22;2 Modül Z22 Helis Pinyon Dişli;MKA;Yok;;Orta;;"Helis açısı ve yönü açıklamada yok; uyumlu helis kremayerle eşleştirilmeli [TEYİT]. Delik pilot (ham) delikli; göbek ölçüsü ve diş genişliği açıklamada yok. Jenerik parça. Site markası ""MKA"" jenerik/ithalatçı etiketi; gerçek üretici belirlenemedi.";https://www.cncdunyasi.com/urun/2-modul-22-dis-helis-pinyon-disli
Lineer hareket sistemleri;(markasız);M2 Z25 düz pinyon;;Modül 2 Z25 düz pinyon dişli, pilot delikli, çelik;Düz pinyon dişli;"Seri: Düz pinyon; Ürün tipi: Düz dişli pinyon (pilot delikli); Modül: 2; Malzeme: Yüksek mukavemetli çelik";"Diş sayısı: 25; Bölüm dairesi çapı: 50 mm (m×z); Dış çap: 54 mm (m×(z+2))";2 Modül Z25 Düz Pinyon Dişli;MKA;Yok;;Orta;;"Delik pilot (ham) delikli; göbek ölçüsü ve diş genişliği açıklamada yok. Jenerik parça. Site markası ""MKA"" jenerik/ithalatçı etiketi; gerçek üretici belirlenemedi.";https://www.cncdunyasi.com/urun/2-modul-25-dis-duz-pinyon-disli
Lineer hareket sistemleri;(markasız);M2 Z25 helis pinyon;;Modül 2 Z25 helis pinyon dişli, pilot delikli, çelik;Helis pinyon dişli;"Seri: Helis pinyon; Ürün tipi: Helis dişli pinyon (pilot delikli); Modül: 2; Malzeme: Yüksek mukavemetli çelik";Diş sayısı: 25;2 Modül Z25 Helis Pinyon Dişli;MKA;Yok;;Orta;;"Helis açısı ve yönü açıklamada yok; uyumlu helis kremayerle eşleştirilmeli [TEYİT]. Delik pilot (ham) delikli; göbek ölçüsü ve diş genişliği açıklamada yok. Jenerik parça. Site markası ""MKA"" jenerik/ithalatçı etiketi; gerçek üretici belirlenemedi.";https://www.cncdunyasi.com/urun/2-modul-25-dis-helis-pinyon-disli
Lineer hareket sistemleri;(markasız);M2 Z28 düz pinyon;;Modül 2 Z28 düz pinyon dişli, pilot delikli, çelik;Düz pinyon dişli;"Seri: Düz pinyon; Ürün tipi: Düz dişli pinyon (pilot delikli); Modül: 2; Malzeme: Yüksek mukavemetli çelik";"Diş sayısı: 28; Bölüm dairesi çapı: 56 mm (m×z); Dış çap: 60 mm (m×(z+2))";2 Modül Z28 Düz Pinyon Dişli;MKA;Yok;;Orta;;"Delik pilot (ham) delikli; göbek ölçüsü ve diş genişliği açıklamada yok. Jenerik parça. Site markası ""MKA"" jenerik/ithalatçı etiketi; gerçek üretici belirlenemedi.";https://www.cncdunyasi.com/urun/2-modul-28-dis-duz-pinyon-disli
Lineer hareket sistemleri;(markasız);M2 Z30 düz pinyon;;Modül 2 Z30 düz pinyon dişli, pilot delikli, çelik;Düz pinyon dişli;"Seri: Düz pinyon; Ürün tipi: Düz dişli pinyon (pilot delikli); Modül: 2; Malzeme: Yüksek mukavemetli çelik";"Diş sayısı: 30; Bölüm dairesi çapı: 60 mm (m×z); Dış çap: 64 mm (m×(z+2))";2 Modül Z30 Düz Pinyon Dişli;MKA;Yok;;Orta;;"Delik pilot (ham) delikli; göbek ölçüsü ve diş genişliği açıklamada yok. Jenerik parça. Site markası ""MKA"" jenerik/ithalatçı etiketi; gerçek üretici belirlenemedi.";https://www.cncdunyasi.com/urun/2-modul-30-dis-duz-pinyon-disli
Lineer hareket sistemleri;(markasız);M2 Z30 helis pinyon;;Modül 2 Z30 helis pinyon dişli, pilot delikli, çelik;Helis pinyon dişli;"Seri: Helis pinyon; Ürün tipi: Helis dişli pinyon (pilot delikli); Modül: 2; Malzeme: Yüksek mukavemetli çelik";Diş sayısı: 30;2 Modül Z30 Helis Pinyon Dişli;MKA;Yok;;Orta;;"Helis açısı ve yönü açıklamada yok; uyumlu helis kremayerle eşleştirilmeli [TEYİT]. Delik pilot (ham) delikli; göbek ölçüsü ve diş genişliği açıklamada yok. Jenerik parça. Site markası ""MKA"" jenerik/ithalatçı etiketi; gerçek üretici belirlenemedi.";https://www.cncdunyasi.com/urun/2-modul-30-dis-helis-pinyon-disli
Lineer hareket sistemleri;(markasız);M2 Z32 düz pinyon;;Modül 2 Z32 düz pinyon dişli, pilot delikli, çelik;Düz pinyon dişli;"Seri: Düz pinyon; Ürün tipi: Düz dişli pinyon (pilot delikli); Modül: 2; Malzeme: Yüksek mukavemetli çelik";"Diş sayısı: 32; Bölüm dairesi çapı: 64 mm (m×z); Dış çap: 68 mm (m×(z+2))";2 Modül Z32 Düz Pinyon Dişli;MKA;Yok;;Orta;;"Delik pilot (ham) delikli; göbek ölçüsü ve diş genişliği açıklamada yok. Jenerik parça. Site markası ""MKA"" jenerik/ithalatçı etiketi; gerçek üretici belirlenemedi.";https://www.cncdunyasi.com/urun/2-modul-32-dis-duz-pinyon-disli
Lineer hareket sistemleri;(markasız);M2 Z34 düz pinyon;;Modül 2 Z34 düz pinyon dişli, pilot delikli, çelik;Düz pinyon dişli;"Seri: Düz pinyon; Ürün tipi: Düz dişli pinyon (pilot delikli); Modül: 2; Malzeme: Yüksek mukavemetli çelik";"Diş sayısı: 34; Bölüm dairesi çapı: 68 mm (m×z); Dış çap: 72 mm (m×(z+2))";2 Modül Z34 Düz Pinyon Dişli;MKA;Yok;;Orta;;"Delik pilot (ham) delikli; göbek ölçüsü ve diş genişliği açıklamada yok. Jenerik parça. Site markası ""MKA"" jenerik/ithalatçı etiketi; gerçek üretici belirlenemedi.";https://www.cncdunyasi.com/urun/2-modul-34-dis-duz-pinyon-disli
Lineer hareket sistemleri;(markasız);M2 Z36 düz pinyon;;Modül 2 Z36 düz pinyon dişli, pilot delikli, çelik;Düz pinyon dişli;"Seri: Düz pinyon; Ürün tipi: Düz dişli pinyon (pilot delikli); Modül: 2; Malzeme: Yüksek mukavemetli çelik";"Diş sayısı: 36; Bölüm dairesi çapı: 72 mm (m×z); Dış çap: 76 mm (m×(z+2))";2 Modül Z36 Düz Pinyon Dişli;MKA;Yok;;Orta;;"Delik pilot (ham) delikli; göbek ölçüsü ve diş genişliği açıklamada yok. Jenerik parça. Site markası ""MKA"" jenerik/ithalatçı etiketi; gerçek üretici belirlenemedi.";https://www.cncdunyasi.com/urun/2-modul-36-dis-duz-pinyon-disli
Lineer hareket sistemleri;(markasız);M2 Z38 düz pinyon;;Modül 2 Z38 düz pinyon dişli, pilot delikli, çelik;Düz pinyon dişli;"Seri: Düz pinyon; Ürün tipi: Düz dişli pinyon (pilot delikli); Modül: 2; Malzeme: Yüksek mukavemetli çelik";"Diş sayısı: 38; Bölüm dairesi çapı: 76 mm (m×z); Dış çap: 80 mm (m×(z+2))";2 Modül Z38 Düz Pinyon Dişli;MKA;Yok;;Orta;;"Delik pilot (ham) delikli; göbek ölçüsü ve diş genişliği açıklamada yok. Jenerik parça. Site markası ""MKA"" jenerik/ithalatçı etiketi; gerçek üretici belirlenemedi.";https://www.cncdunyasi.com/urun/2-modul-38-dis-duz-pinyon-disli
Lineer hareket sistemleri;(markasız);M2 Z40 düz pinyon;;Modül 2 Z40 düz pinyon dişli, pilot delikli, çelik;Düz pinyon dişli;"Seri: Düz pinyon; Ürün tipi: Düz dişli pinyon (pilot delikli); Modül: 2; Malzeme: Yüksek mukavemetli çelik";"Diş sayısı: 40; Bölüm dairesi çapı: 80 mm (m×z); Dış çap: 84 mm (m×(z+2))";2 Modül Z40 Düz Pinyon Dişli;MKA;Yok;;Orta;;"Delik pilot (ham) delikli; göbek ölçüsü ve diş genişliği açıklamada yok. Jenerik parça. Site markası ""MKA"" jenerik/ithalatçı etiketi; gerçek üretici belirlenemedi.";https://www.cncdunyasi.com/urun/2-modul-40-dis-duz-pinyon-disli
Lineer hareket sistemleri;(markasız);M2 Z42 düz pinyon;;Modül 2 Z42 düz pinyon dişli, pilot delikli, çelik;Düz pinyon dişli;"Seri: Düz pinyon; Ürün tipi: Düz dişli pinyon (pilot delikli); Modül: 2; Malzeme: Yüksek mukavemetli çelik";"Diş sayısı: 42; Bölüm dairesi çapı: 84 mm (m×z); Dış çap: 88 mm (m×(z+2))";2 Modül Z42 Düz Pinyon Dişli;MKA;Yok;;Orta;;"Delik pilot (ham) delikli; göbek ölçüsü ve diş genişliği açıklamada yok. Jenerik parça. Site markası ""MKA"" jenerik/ithalatçı etiketi; gerçek üretici belirlenemedi.";https://www.cncdunyasi.com/urun/2-modul-42-dis-duz-pinyon-disli
Lineer hareket sistemleri;(markasız);M2 Z44 düz pinyon;;Modül 2 Z44 düz pinyon dişli, pilot delikli, çelik;Düz pinyon dişli;"Seri: Düz pinyon; Ürün tipi: Düz dişli pinyon (pilot delikli); Modül: 2; Malzeme: Yüksek mukavemetli çelik";"Diş sayısı: 44; Bölüm dairesi çapı: 88 mm (m×z); Dış çap: 92 mm (m×(z+2))";2 Modül Z44 Düz Pinyon Dişli;MKA;Yok;;Orta;;"Delik pilot (ham) delikli; göbek ölçüsü ve diş genişliği açıklamada yok. Jenerik parça. Site markası ""MKA"" jenerik/ithalatçı etiketi; gerçek üretici belirlenemedi.";https://www.cncdunyasi.com/urun/2-modul-44-dis-duz-pinyon-disli
Lineer hareket sistemleri;(markasız);M2 Z46 düz pinyon;;Modül 2 Z46 düz pinyon dişli, pilot delikli, çelik;Düz pinyon dişli;"Seri: Düz pinyon; Ürün tipi: Düz dişli pinyon (pilot delikli); Modül: 2; Malzeme: Yüksek mukavemetli çelik";"Diş sayısı: 46; Bölüm dairesi çapı: 92 mm (m×z); Dış çap: 96 mm (m×(z+2))";2 Modül Z46 Düz Pinyon Dişli;MKA;Yok;;Orta;;"Delik pilot (ham) delikli; göbek ölçüsü ve diş genişliği açıklamada yok. Jenerik parça. Site markası ""MKA"" jenerik/ithalatçı etiketi; gerçek üretici belirlenemedi.";https://www.cncdunyasi.com/urun/2-modul-46-dis-duz-pinyon-disli
Lineer hareket sistemleri;(markasız);M2 Z50 düz pinyon;;Modül 2 Z50 düz pinyon dişli, pilot delikli, çelik;Düz pinyon dişli;"Seri: Düz pinyon; Ürün tipi: Düz dişli pinyon (pilot delikli); Modül: 2; Malzeme: Yüksek mukavemetli çelik";"Diş sayısı: 50; Bölüm dairesi çapı: 100 mm (m×z); Dış çap: 104 mm (m×(z+2))";2 Modül Z50 Düz Pinyon Dişli;MKA;Yok;;Orta;;"Delik pilot (ham) delikli; göbek ölçüsü ve diş genişliği açıklamada yok. Jenerik parça. Site markası ""MKA"" jenerik/ithalatçı etiketi; gerçek üretici belirlenemedi.";https://www.cncdunyasi.com/urun/2-modul-50-dis-duz-pinyon-disli
Lineer hareket sistemleri;(markasız);M2 düz kremayer 20x20;;Modül 2 düz kremayer dişli, 20×20 mm kesit, 1 m, montaj deliksiz;Düz kremayer dişli;"Seri: Düz kremayer; Ürün tipi: Düz dişli kremayer, montaj deliksiz; Modül: 2; Uzunluk: 1 m; Ölçüler: 20 × 20 mm kesit";Satış birimi: Metre;Modül 2 Düz Kremayer (20X20);MKA;Yok;;Orta;"Bu üründe boy ""1 metre"", diğer kremayerlerde 2 metre yazıyor; teyit edilmeli.";"[TEYİT] boy. Jenerik standart parça; üretici belirsiz. Site markası ""MKA"" jenerik/ithalatçı etiketi; gerçek üretici belirlenemedi.";https://www.cncdunyasi.com/urun/modul-2-duz-kremayer-disli
Lineer hareket sistemleri;(markasız);M2 helis kremayer 20x20;;Modül 2 helis kremayer dişli, 20×20 mm kesit, 2 m;Helis kremayer dişli;"Seri: Helis kremayer; Ürün tipi: Helis dişli kremayer; Modül: 2; Uzunluk: 2 m; Ölçüler: 20 × 20 mm kesit";;Modül 2 Helis Kremayer (20x20);MKA;Yok;;Orta;;"Helis açısı ve montaj deliği bilgisi açıklamada yok [TEYİT]. Jenerik standart parça; üretici belirsiz. Site markası ""MKA"" jenerik/ithalatçı etiketi; gerçek üretici belirlenemedi.";https://www.cncdunyasi.com/urun/modul-2-helis-kremayer-20x20
Lineer hareket sistemleri;(markasız);M2 helis kremayer 24x25;;Modül 2 helis kremayer dişli, 24×25 mm kesit, 2 m, montaj delikli;Helis kremayer dişli;"Seri: Helis kremayer; Ürün tipi: Helis dişli kremayer, montaj delikli; Modül: 2; Uzunluk: 2 m; Ölçüler: 24 × 25 mm kesit";Satış birimi: Metre;Modül 2 Helis Kremayer (24x25) (Montaj Delikli);MKA;Yok;;Orta;;"Jenerik standart parça; üretici belirsiz. Site markası ""MKA"" jenerik/ithalatçı etiketi; gerçek üretici belirlenemedi.";https://www.cncdunyasi.com/urun/modul-2-helis-kremayer
Lineer hareket sistemleri;(markasız);M2,5 Z18 düz pinyon;;Modül 2,5 Z18 düz pinyon dişli, pilot delikli, çelik;Düz pinyon dişli;"Seri: Düz pinyon; Ürün tipi: Düz dişli pinyon (pilot delikli); Modül: 2,5; Malzeme: Yüksek mukavemetli çelik";"Diş sayısı: 18; Bölüm dairesi çapı: 45 mm (m×z); Dış çap: 50 mm (m×(z+2))";2.5 Modül Z18 Düz Pinyon Dişli;MKA;Yok;;Orta;;"Delik pilot (ham) delikli; göbek ölçüsü ve diş genişliği açıklamada yok. Jenerik parça. Site markası ""MKA"" jenerik/ithalatçı etiketi; gerçek üretici belirlenemedi.";https://www.cncdunyasi.com/urun/2-5-modul-18-dis-duz-pinyon-disli
Lineer hareket sistemleri;(markasız);M2,5 Z20 düz pinyon;;Modül 2,5 Z20 düz pinyon dişli, pilot delikli, çelik;Düz pinyon dişli;"Seri: Düz pinyon; Ürün tipi: Düz dişli pinyon (pilot delikli); Modül: 2,5; Malzeme: Yüksek mukavemetli çelik";"Diş sayısı: 20; Bölüm dairesi çapı: 50 mm (m×z); Dış çap: 55 mm (m×(z+2))";2.5 Modül Z20 Düz Pinyon Dişli;MKA;Yok;;Orta;;"Delik pilot (ham) delikli; göbek ölçüsü ve diş genişliği açıklamada yok. Jenerik parça. Site markası ""MKA"" jenerik/ithalatçı etiketi; gerçek üretici belirlenemedi.";https://www.cncdunyasi.com/urun/2-5-modul-20-dis-duz-pinyon-disli
Lineer hareket sistemleri;(markasız);M2,5 Z20 helis pinyon;;Modül 2,5 Z20 helis pinyon dişli, pilot delikli, çelik;Helis pinyon dişli;"Seri: Helis pinyon; Ürün tipi: Helis dişli pinyon (pilot delikli); Modül: 2,5; Malzeme: Yüksek mukavemetli çelik";Diş sayısı: 20;2,5 Modül Z20 Helis Pinyon Dişli;MKA;Yok;;Orta;;"Helis açısı ve yönü açıklamada yok; uyumlu helis kremayerle eşleştirilmeli [TEYİT]. Delik pilot (ham) delikli; göbek ölçüsü ve diş genişliği açıklamada yok. Jenerik parça. Site markası ""MKA"" jenerik/ithalatçı etiketi; gerçek üretici belirlenemedi.";https://www.cncdunyasi.com/urun/2-5-modul-20-dis-helis-pinyon-disli
Lineer hareket sistemleri;(markasız);M2,5 Z22 düz pinyon;;Modül 2,5 Z22 düz pinyon dişli, pilot delikli, çelik;Düz pinyon dişli;"Seri: Düz pinyon; Ürün tipi: Düz dişli pinyon (pilot delikli); Modül: 2,5; Malzeme: Yüksek mukavemetli çelik";"Diş sayısı: 22; Bölüm dairesi çapı: 55 mm (m×z); Dış çap: 60 mm (m×(z+2))";2.5 Modül Z22 Düz Pinyon Dişli;MKA;Yok;;Orta;;"Delik pilot (ham) delikli; göbek ölçüsü ve diş genişliği açıklamada yok. Jenerik parça. Site markası ""MKA"" jenerik/ithalatçı etiketi; gerçek üretici belirlenemedi.";https://www.cncdunyasi.com/urun/2-5-modul-22-dis-duz-pinyon-disli
Lineer hareket sistemleri;(markasız);M2,5 Z22 helis pinyon;;Modül 2,5 Z22 helis pinyon dişli, pilot delikli, çelik;Helis pinyon dişli;"Seri: Helis pinyon; Ürün tipi: Helis dişli pinyon (pilot delikli); Modül: 2,5; Malzeme: Yüksek mukavemetli çelik";Diş sayısı: 22;2,5 Modül Z22 Helis Pinyon Dişli;MKA;Yok;;Orta;;"Helis açısı ve yönü açıklamada yok; uyumlu helis kremayerle eşleştirilmeli [TEYİT]. Delik pilot (ham) delikli; göbek ölçüsü ve diş genişliği açıklamada yok. Jenerik parça. Site markası ""MKA"" jenerik/ithalatçı etiketi; gerçek üretici belirlenemedi.";https://www.cncdunyasi.com/urun/2-5-modul-22-dis-helis-pinyon-disli
Lineer hareket sistemleri;(markasız);M2,5 Z25 düz pinyon;;Modül 2,5 Z25 düz pinyon dişli, pilot delikli, çelik;Düz pinyon dişli;"Seri: Düz pinyon; Ürün tipi: Düz dişli pinyon (pilot delikli); Modül: 2,5; Malzeme: Yüksek mukavemetli çelik";"Diş sayısı: 25; Bölüm dairesi çapı: 62,5 mm (m×z); Dış çap: 67,5 mm (m×(z+2))";2.5 Modül Z25 Düz Pinyon Dişli;MKA;Yok;;Orta;;"Delik pilot (ham) delikli; göbek ölçüsü ve diş genişliği açıklamada yok. Jenerik parça. Site markası ""MKA"" jenerik/ithalatçı etiketi; gerçek üretici belirlenemedi.";https://www.cncdunyasi.com/urun/2-5-modul-25-dis-duz-pinyon-disli
Lineer hareket sistemleri;(markasız);M2,5 Z25 helis pinyon;;Modül 2,5 Z25 helis pinyon dişli, pilot delikli, çelik;Helis pinyon dişli;"Seri: Helis pinyon; Ürün tipi: Helis dişli pinyon (pilot delikli); Modül: 2,5; Malzeme: Yüksek mukavemetli çelik";Diş sayısı: 25;2,5 Modül Z25 Helis Pinyon Dişli;MKA;Yok;;Orta;;"Helis açısı ve yönü açıklamada yok; uyumlu helis kremayerle eşleştirilmeli [TEYİT]. Delik pilot (ham) delikli; göbek ölçüsü ve diş genişliği açıklamada yok. Jenerik parça. Site markası ""MKA"" jenerik/ithalatçı etiketi; gerçek üretici belirlenemedi.";https://www.cncdunyasi.com/urun/2-5-modul-25-dis-helis-pinyon-disli
Lineer hareket sistemleri;(markasız);M2,5 Z26 düz pinyon;;Modül 2,5 Z26 düz pinyon dişli, pilot delikli, çelik;Düz pinyon dişli;"Seri: Düz pinyon; Ürün tipi: Düz dişli pinyon (pilot delikli); Modül: 2,5; Malzeme: Yüksek mukavemetli çelik";"Diş sayısı: 26; Bölüm dairesi çapı: 65 mm (m×z); Dış çap: 70 mm (m×(z+2))";2.5 Modül Z26 Düz Pinyon Dişli;MKA;Yok;;Orta;;"Delik pilot (ham) delikli; göbek ölçüsü ve diş genişliği açıklamada yok. Jenerik parça. Site markası ""MKA"" jenerik/ithalatçı etiketi; gerçek üretici belirlenemedi.";https://www.cncdunyasi.com/urun/2-5-modul-26-dis-duz-pinyon-disli
Lineer hareket sistemleri;(markasız);M2,5 Z28 düz pinyon;;Modül 2,5 Z28 düz pinyon dişli, pilot delikli, çelik;Düz pinyon dişli;"Seri: Düz pinyon; Ürün tipi: Düz dişli pinyon (pilot delikli); Modül: 2,5; Malzeme: Yüksek mukavemetli çelik";"Diş sayısı: 28; Bölüm dairesi çapı: 70 mm (m×z); Dış çap: 75 mm (m×(z+2))";2.5 Modül Z28 Düz Pinyon Dişli;MKA;Yok;;Orta;;"Delik pilot (ham) delikli; göbek ölçüsü ve diş genişliği açıklamada yok. Jenerik parça. Site markası ""MKA"" jenerik/ithalatçı etiketi; gerçek üretici belirlenemedi.";https://www.cncdunyasi.com/urun/2-5-modul-28-dis-duz-pinyon-disli
Lineer hareket sistemleri;(markasız);M2,5 Z30 düz pinyon;;Modül 2,5 Z30 düz pinyon dişli, pilot delikli, çelik;Düz pinyon dişli;"Seri: Düz pinyon; Ürün tipi: Düz dişli pinyon (pilot delikli); Modül: 2,5; Malzeme: Yüksek mukavemetli çelik";"Diş sayısı: 30; Bölüm dairesi çapı: 75 mm (m×z); Dış çap: 80 mm (m×(z+2))";2.5 Modül Z30 Düz Pinyon Dişli;MKA;Yok;;Orta;;"Delik pilot (ham) delikli; göbek ölçüsü ve diş genişliği açıklamada yok. Jenerik parça. Site markası ""MKA"" jenerik/ithalatçı etiketi; gerçek üretici belirlenemedi.";https://www.cncdunyasi.com/urun/2-5-modul-30-dis-duz-pinyon-disli
Lineer hareket sistemleri;(markasız);M2,5 Z30 helis pinyon;;Modül 2,5 Z30 helis pinyon dişli, pilot delikli, çelik;Helis pinyon dişli;"Seri: Helis pinyon; Ürün tipi: Helis dişli pinyon (pilot delikli); Modül: 2,5; Malzeme: Yüksek mukavemetli çelik";Diş sayısı: 30;2,5 Modül Z30 Helis Pinyon Dişli;MKA;Yok;;Orta;;"Helis açısı ve yönü açıklamada yok; uyumlu helis kremayerle eşleştirilmeli [TEYİT]. Delik pilot (ham) delikli; göbek ölçüsü ve diş genişliği açıklamada yok. Jenerik parça. Site markası ""MKA"" jenerik/ithalatçı etiketi; gerçek üretici belirlenemedi.";https://www.cncdunyasi.com/urun/2-5-modul-30-dis-helis-pinyon-disli
Lineer hareket sistemleri;(markasız);M2,5 Z32 düz pinyon;;Modül 2,5 Z32 düz pinyon dişli, pilot delikli, çelik;Düz pinyon dişli;"Seri: Düz pinyon; Ürün tipi: Düz dişli pinyon (pilot delikli); Modül: 2,5; Malzeme: Yüksek mukavemetli çelik";"Diş sayısı: 32; Bölüm dairesi çapı: 80 mm (m×z); Dış çap: 85 mm (m×(z+2))";2.5 Modül Z32 Düz Pinyon Dişli;MKA;Yok;;Orta;;"Delik pilot (ham) delikli; göbek ölçüsü ve diş genişliği açıklamada yok. Jenerik parça. Site markası ""MKA"" jenerik/ithalatçı etiketi; gerçek üretici belirlenemedi.";https://www.cncdunyasi.com/urun/2-5-modul-32-dis-duz-pinyon-disli
Lineer hareket sistemleri;(markasız);M2,5 Z34 düz pinyon;;Modül 2,5 Z34 düz pinyon dişli, pilot delikli, çelik;Düz pinyon dişli;"Seri: Düz pinyon; Ürün tipi: Düz dişli pinyon (pilot delikli); Modül: 2,5; Malzeme: Yüksek mukavemetli çelik";"Diş sayısı: 34; Bölüm dairesi çapı: 85 mm (m×z); Dış çap: 90 mm (m×(z+2))";2.5 Modül Z34 Düz Pinyon Dişli;MKA;Yok;;Orta;;"Delik pilot (ham) delikli; göbek ölçüsü ve diş genişliği açıklamada yok. Jenerik parça. Site markası ""MKA"" jenerik/ithalatçı etiketi; gerçek üretici belirlenemedi.";https://www.cncdunyasi.com/urun/2-5-modul-34-dis-duz-pinyon-disli
Lineer hareket sistemleri;(markasız);M2,5 Z38 düz pinyon;;Modül 2,5 Z38 düz pinyon dişli, pilot delikli, çelik;Düz pinyon dişli;"Seri: Düz pinyon; Ürün tipi: Düz dişli pinyon (pilot delikli); Modül: 2,5; Malzeme: Yüksek mukavemetli çelik";"Diş sayısı: 38; Bölüm dairesi çapı: 95 mm (m×z); Dış çap: 100 mm (m×(z+2))";2.5 Modül Z38 Düz Pinyon Dişli;MKA;Yok;;Orta;;"Delik pilot (ham) delikli; göbek ölçüsü ve diş genişliği açıklamada yok. Jenerik parça. Site markası ""MKA"" jenerik/ithalatçı etiketi; gerçek üretici belirlenemedi.";https://www.cncdunyasi.com/urun/2-5-modul-38-dis-duz-pinyon-disli
Lineer hareket sistemleri;(markasız);M2,5 Z40 düz pinyon;;Modül 2,5 Z40 düz pinyon dişli, pilot delikli, çelik;Düz pinyon dişli;"Seri: Düz pinyon; Ürün tipi: Düz dişli pinyon (pilot delikli); Modül: 2,5; Malzeme: Yüksek mukavemetli çelik";"Diş sayısı: 40; Bölüm dairesi çapı: 100 mm (m×z); Dış çap: 105 mm (m×(z+2))";2.5 Modül Z40 Düz Pinyon Dişli;MKA;Yok;;Orta;;"Delik pilot (ham) delikli; göbek ölçüsü ve diş genişliği açıklamada yok. Jenerik parça. Site markası ""MKA"" jenerik/ithalatçı etiketi; gerçek üretici belirlenemedi.";https://www.cncdunyasi.com/urun/2-5-modul-40-dis-duz-pinyon-disli
Lineer hareket sistemleri;(markasız);M2,5 Z42 düz pinyon;;Modül 2,5 Z42 düz pinyon dişli, pilot delikli, çelik;Düz pinyon dişli;"Seri: Düz pinyon; Ürün tipi: Düz dişli pinyon (pilot delikli); Modül: 2,5; Malzeme: Yüksek mukavemetli çelik";"Diş sayısı: 42; Bölüm dairesi çapı: 105 mm (m×z); Dış çap: 110 mm (m×(z+2))";2.5 Modül Z42 Düz Pinyon Dişli;MKA;Yok;;Orta;;"Delik pilot (ham) delikli; göbek ölçüsü ve diş genişliği açıklamada yok. Jenerik parça. Site markası ""MKA"" jenerik/ithalatçı etiketi; gerçek üretici belirlenemedi.";https://www.cncdunyasi.com/urun/2-5-modul-42-dis-duz-pinyon-disli
Lineer hareket sistemleri;(markasız);M2,5 Z48 düz pinyon;;Modül 2,5 Z48 düz pinyon dişli, pilot delikli, çelik;Düz pinyon dişli;"Seri: Düz pinyon; Ürün tipi: Düz dişli pinyon (pilot delikli); Modül: 2,5; Malzeme: Yüksek mukavemetli çelik";"Diş sayısı: 48; Bölüm dairesi çapı: 120 mm (m×z); Dış çap: 125 mm (m×(z+2))";2.5 Modül Z48 Düz Pinyon Dişli;MKA;Yok;;Orta;;"Delik pilot (ham) delikli; göbek ölçüsü ve diş genişliği açıklamada yok. Jenerik parça. Site markası ""MKA"" jenerik/ithalatçı etiketi; gerçek üretici belirlenemedi.";https://www.cncdunyasi.com/urun/2-5-modul-48-dis-duz-pinyon-disli
Lineer hareket sistemleri;(markasız);M2,5 Z50 düz pinyon;;Modül 2,5 Z50 düz pinyon dişli, pilot delikli, çelik;Düz pinyon dişli;"Seri: Düz pinyon; Ürün tipi: Düz dişli pinyon (pilot delikli); Modül: 2,5; Malzeme: Yüksek mukavemetli çelik";"Diş sayısı: 50; Bölüm dairesi çapı: 125 mm (m×z); Dış çap: 130 mm (m×(z+2))";2.5 Modül Z50 Düz Pinyon Dişli;MKA;Yok;;Orta;;"Delik pilot (ham) delikli; göbek ölçüsü ve diş genişliği açıklamada yok. Jenerik parça. Site markası ""MKA"" jenerik/ithalatçı etiketi; gerçek üretici belirlenemedi.";https://www.cncdunyasi.com/urun/2-5-modul-50-dis-duz-pinyon-disli
Lineer hareket sistemleri;(markasız);M2,5 düz kremayer 25x25;;Modül 2,5 düz kremayer dişli, 25×25 mm kesit, 2 m, montaj deliksiz;Düz kremayer dişli;"Seri: Düz kremayer; Ürün tipi: Düz dişli kremayer, montaj deliksiz; Modül: 2,5; Uzunluk: 2 m; Ölçüler: 25 × 25 mm kesit";Satış birimi: Metre;Modül 2.5 Düz Kremayer (25X25);MKA;Yok;;Orta;;"Jenerik standart parça; üretici belirsiz. Site markası ""MKA"" jenerik/ithalatçı etiketi; gerçek üretici belirlenemedi.";https://www.cncdunyasi.com/urun/modul-2-5-duz-kremayer-disli
Lineer hareket sistemleri;(markasız);M2,5 helis kremayer 25x25;;Modül 2,5 helis kremayer dişli, 25×25 mm kesit, 2 m;Helis kremayer dişli;"Seri: Helis kremayer; Ürün tipi: Helis dişli kremayer; Modül: 2,5; Uzunluk: 2 m; Ölçüler: 25 × 25 mm kesit";;Modül 2.5 Helis Kremayer (25x25);MKA;Yok;;Orta;;"Helis açısı ve montaj deliği bilgisi açıklamada yok [TEYİT]. Jenerik standart parça; üretici belirsiz. Site markası ""MKA"" jenerik/ithalatçı etiketi; gerçek üretici belirlenemedi.";https://www.cncdunyasi.com/urun/modul-2-5-helis-kremayer
Lineer hareket sistemleri;(markasız);M3 düz kremayer 30x30;;Modül 3 düz kremayer dişli, 30×30 mm kesit, 2 m, montaj deliksiz;Düz kremayer dişli;"Seri: Düz kremayer; Ürün tipi: Düz dişli kremayer, montaj deliksiz; Modül: 3; Uzunluk: 2 m; Ölçüler: 30 × 30 mm kesit";Satış birimi: Metre;Modül 3 Düz Kremayer (30X30);MKA;Yok;;Orta;;"Jenerik standart parça; üretici belirsiz. Site markası ""MKA"" jenerik/ithalatçı etiketi; gerçek üretici belirlenemedi.";https://www.cncdunyasi.com/urun/modul-3-duz-kremayer-disli
Lineer hareket sistemleri;(markasız);M3 helis kremayer 30x30;;Modül 3 helis kremayer dişli, 30×30 mm kesit, 2 m;Helis kremayer dişli;"Seri: Helis kremayer; Ürün tipi: Helis dişli kremayer; Modül: 3; Uzunluk: 2 m; Ölçüler: 30 × 30 mm kesit";;Modül 3 Helis Kremayer (30x30);MKA;Yok;;Orta;;"Helis açısı ve montaj deliği bilgisi açıklamada yok [TEYİT]. Jenerik standart parça; üretici belirsiz. Site markası ""MKA"" jenerik/ithalatçı etiketi; gerçek üretici belirlenemedi.";https://www.cncdunyasi.com/urun/modul-3-helis-kremayer
Lineer hareket sistemleri;(markasız);SFR1605;R16-5, SFU1605 mil;SFR1605 bilyalı vidalı mil, Ø16 mm, 5 mm hatve (metre);SFR/SFU bilyalı vidalı mil;"Seri: SFR (SFU somunla uyumlu); Ürün tipi: Bilyalı vidalı mil (ballscrew), metre satış; Boyut: 1605; Mil çapı: 16 mm; Hatve: 5 mm; Uzunluk: Metre; 100–4000 mm arası kesim; Malzeme: Sertleştirilmiş alaşımlı çelik";Uyumlu somun: SFUR/SFU1605;1605 Vidalı Mil;KBL;Yok;;Orta;"Metinde mil için ""SFU1605 vidalı mil"" deniyor; SFU somun tanımıdır, mil SFR1605. ""Taşlanmış"" mil iddiası doğrulanamadı (bu sınıf miller genelde haddelenmiş C7).";"Hassasiyet sınıfı açıklamada yok. Jenerik standart parça. Site markası ""KBL"" jenerik/ithalatçı etiketi; gerçek üretici belirlenemedi.";https://www.cncdunyasi.com/urun/vidali-mil-1605-sfr
Lineer hareket sistemleri;(markasız);SFR1610;R16-10, SFU1610 mil;SFR1610 bilyalı vidalı mil, Ø16 mm, 10 mm hatve (metre);SFR/SFU bilyalı vidalı mil;"Seri: SFR (SFU somunla uyumlu); Ürün tipi: Bilyalı vidalı mil (ballscrew), metre satış; Boyut: 1610; Mil çapı: 16 mm; Hatve: 10 mm; Uzunluk: Metre; 100–4000 mm arası kesim; Malzeme: Sertleştirilmiş alaşımlı çelik";Uyumlu somun: SFUR/SFU1610;1610 Vidalı Mil;KBL;Yok;;Orta;"Açıklamada uyumlu somun ""SFU1605"" yazıyor; doğrusu SFU1610 (kopyala-yapıştır hatası). Metinde mil için ""SFU1610 vidalı mil"" deniyor; SFU somun tanımıdır, mil SFR1610. ""Taşlanmış"" mil iddiası doğrulanamadı (bu sınıf miller genelde haddelenmiş C7).";"Hassasiyet sınıfı açıklamada yok. Jenerik standart parça. Site markası ""KBL"" jenerik/ithalatçı etiketi; gerçek üretici belirlenemedi.";https://www.cncdunyasi.com/urun/vidali-mil-1610-sfr
Lineer hareket sistemleri;(markasız);SFR2005;R20-5, SFU2005 mil;SFR2005 bilyalı vidalı mil, Ø20 mm, 5 mm hatve (metre);SFR/SFU bilyalı vidalı mil;"Seri: SFR (SFU somunla uyumlu); Ürün tipi: Bilyalı vidalı mil (ballscrew), metre satış; Boyut: 2005; Mil çapı: 20 mm; Hatve: 5 mm; Uzunluk: Metre; 100–4000 mm arası kesim; Malzeme: Sertleştirilmiş alaşımlı çelik";Uyumlu somun: SFUR/SFU2005;2005 Vidalı Mil;KBL;Yok;;Orta;"Açıklamada uyumlu somun ""SFU1605"" yazıyor; doğrusu SFU2005 (kopyala-yapıştır hatası). Metinde mil için ""SFU2005 vidalı mil"" deniyor; SFU somun tanımıdır, mil SFR2005. ""Taşlanmış"" mil iddiası doğrulanamadı (bu sınıf miller genelde haddelenmiş C7).";"Hassasiyet sınıfı açıklamada yok. Jenerik standart parça. Site markası ""KBL"" jenerik/ithalatçı etiketi; gerçek üretici belirlenemedi.";https://www.cncdunyasi.com/urun/vidali-mil-2005-sfr
Lineer hareket sistemleri;(markasız);SFR2010;R20-10, SFU2010 mil;SFR2010 bilyalı vidalı mil, Ø20 mm, 10 mm hatve (metre);SFR/SFU bilyalı vidalı mil;"Seri: SFR (SFU somunla uyumlu); Ürün tipi: Bilyalı vidalı mil (ballscrew), metre satış; Boyut: 2010; Mil çapı: 20 mm; Hatve: 10 mm; Uzunluk: Metre; 100–4000 mm arası kesim; Malzeme: Sertleştirilmiş alaşımlı çelik";Uyumlu somun: SFUR/SFU2010;2010 Vidalı Mil;KBL;Yok;;Orta;"Metinde mil için ""SFU2010 vidalı mil"" deniyor; SFU somun tanımıdır, mil SFR2010. ""Taşlanmış"" mil iddiası doğrulanamadı (bu sınıf miller genelde haddelenmiş C7).";"Hassasiyet sınıfı açıklamada yok. Jenerik standart parça. Site markası ""KBL"" jenerik/ithalatçı etiketi; gerçek üretici belirlenemedi.";https://www.cncdunyasi.com/urun/vidali-mil-2010-sfr
Lineer hareket sistemleri;(markasız);SFR2505;R25-5, SFU2505 mil;SFR2505 bilyalı vidalı mil, Ø25 mm, 5 mm hatve (metre);SFR/SFU bilyalı vidalı mil;"Seri: SFR (SFU somunla uyumlu); Ürün tipi: Bilyalı vidalı mil (ballscrew), metre satış; Boyut: 2505; Mil çapı: 25 mm; Hatve: 5 mm; Uzunluk: Metre; 100–4000 mm arası kesim; Malzeme: Sertleştirilmiş alaşımlı çelik";Uyumlu somun: SFUR/SFU2505;2505 Vidalı Mil;KBL;Yok;;Orta;"Metinde mil için ""SFU2505 vidalı mil"" deniyor; SFU somun tanımıdır, mil SFR2505. ""Taşlanmış"" mil iddiası doğrulanamadı (bu sınıf miller genelde haddelenmiş C7).";"Hassasiyet sınıfı açıklamada yok. Jenerik standart parça. Site markası ""KBL"" jenerik/ithalatçı etiketi; gerçek üretici belirlenemedi.";https://www.cncdunyasi.com/urun/vidali-mil-2505-sfr
Lineer hareket sistemleri;(markasız);SFR2510;R25-10, SFU2510 mil;SFR2510 bilyalı vidalı mil, Ø25 mm, 10 mm hatve (metre);SFR/SFU bilyalı vidalı mil;"Seri: SFR (SFU somunla uyumlu); Ürün tipi: Bilyalı vidalı mil (ballscrew), metre satış; Boyut: 2510; Mil çapı: 25 mm; Hatve: 10 mm; Uzunluk: Metre; 100–4000 mm arası kesim; Malzeme: Sertleştirilmiş alaşımlı çelik";Uyumlu somun: SFUR/SFU2510;2510 Vidalı Mil;KBL;Yok;;Orta;"Metinde mil için ""SFU2510 vidalı mil"" deniyor; SFU somun tanımıdır, mil SFR2510. ""Taşlanmış"" mil iddiası doğrulanamadı (bu sınıf miller genelde haddelenmiş C7).";"Hassasiyet sınıfı açıklamada yok. Jenerik standart parça. Site markası ""KBL"" jenerik/ithalatçı etiketi; gerçek üretici belirlenemedi.";https://www.cncdunyasi.com/urun/vidali-mil-2510-sfr
Lineer hareket sistemleri;(markasız);SFR3205;R32-5, SFU3205 mil;SFR3205 bilyalı vidalı mil, Ø32 mm, 5 mm hatve (metre);SFR/SFU bilyalı vidalı mil;"Seri: SFR (SFU somunla uyumlu); Ürün tipi: Bilyalı vidalı mil (ballscrew), metre satış; Boyut: 3205; Mil çapı: 32 mm; Hatve: 5 mm; Uzunluk: Metre; 100–4000 mm arası kesim; Malzeme: Sertleştirilmiş alaşımlı çelik";Uyumlu somun: SFUR/SFU3205;3205 Vidalı Mil;KBL;Yok;;Orta;"Metinde mil için ""SFU3205 vidalı mil"" deniyor; SFU somun tanımıdır, mil SFR3205. ""Taşlanmış"" mil iddiası doğrulanamadı (bu sınıf miller genelde haddelenmiş C7).";"Hassasiyet sınıfı açıklamada yok. Jenerik standart parça. Site markası ""KBL"" jenerik/ithalatçı etiketi; gerçek üretici belirlenemedi.";https://www.cncdunyasi.com/urun/vidali-mil-3205-sfr
Lineer hareket sistemleri;(markasız);SFR3210;R32-10, SFU3210 mil;SFR3210 bilyalı vidalı mil, Ø32 mm, 10 mm hatve (metre);SFR/SFU bilyalı vidalı mil;"Seri: SFR (SFU somunla uyumlu); Ürün tipi: Bilyalı vidalı mil (ballscrew), metre satış; Boyut: 3210; Mil çapı: 32 mm; Hatve: 10 mm; Uzunluk: Metre; 100–4000 mm arası kesim; Malzeme: Sertleştirilmiş alaşımlı çelik";Uyumlu somun: SFUR/SFU3210;3210 Vidalı Mil;KBL;Yok;;Orta;"Metinde mil için ""SFU3210 vidalı mil"" deniyor; SFU somun tanımıdır, mil SFR3210. ""Taşlanmış"" mil iddiası doğrulanamadı (bu sınıf miller genelde haddelenmiş C7).";"Hassasiyet sınıfı açıklamada yok. Jenerik standart parça. Site markası ""KBL"" jenerik/ithalatçı etiketi; gerçek üretici belirlenemedi.";https://www.cncdunyasi.com/urun/vidali-mil-3210-sfr
Lineer hareket sistemleri;(markasız);SFUR1605;SFU1605;SFUR1605 bilyalı vidalı mil somunu, Ø16 mm, 5 mm hatve, flanşlı;SFU/SFUR bilyalı somun;"Seri: SFUR (SFU tipi flanşlı tek somun); Ürün tipi: Bilyalı vidalı mil somunu; Boyut: 1605; Mil çapı: 16 mm; Hatve: 5 mm; Malzeme: Sertleştirilmiş çelik";"Uyumlu mil: SFR1605 (Ø16, 5 mm hatve); Uyumlu gövde: DSG16";1605 Vidalı Mil Somunu;KBL;Yok;;Orta;"Açıklama metninde ""10 mm hatve"" yazıyor; doğru hatve 5 mm (teknik tablo ve kod).";"Jenerik standart parça (SFU/SFUR tanımı). Site markası ""KBL"" jenerik/ithalatçı etiketi; gerçek üretici belirlenemedi. KBL başka Türk satıcılarda da (ör. cncotomasyon.com) marka etiketi olarak kullanılıyor; üretici değil.";https://www.cncdunyasi.com/urun/vidali-mil-somunu-1605-sfur
Lineer hareket sistemleri;(markasız);SFUR1610;SFU1610;SFUR1610 bilyalı vidalı mil somunu, Ø16 mm, 10 mm hatve, flanşlı;SFU/SFUR bilyalı somun;"Seri: SFUR (SFU tipi flanşlı tek somun); Ürün tipi: Bilyalı vidalı mil somunu; Boyut: 1610; Mil çapı: 16 mm; Hatve: 10 mm; Malzeme: Sertleştirilmiş çelik";"Uyumlu mil: SFR1610 (Ø16, 10 mm hatve); Uyumlu gövde: DSG16";1610 Vidalı Mil Somunu;KBL;Yok;;Orta;;"Jenerik standart parça (SFU/SFUR tanımı). Site markası ""KBL"" jenerik/ithalatçı etiketi; gerçek üretici belirlenemedi. KBL başka Türk satıcılarda da (ör. cncotomasyon.com) marka etiketi olarak kullanılıyor; üretici değil.";https://www.cncdunyasi.com/urun/vidali-mil-somunu-1610-sfur
Lineer hareket sistemleri;(markasız);SFUR2005;SFU2005;SFUR2005 bilyalı vidalı mil somunu, Ø20 mm, 5 mm hatve, flanşlı;SFU/SFUR bilyalı somun;"Seri: SFUR (SFU tipi flanşlı tek somun); Ürün tipi: Bilyalı vidalı mil somunu; Boyut: 2005; Mil çapı: 20 mm; Hatve: 5 mm; Malzeme: Sertleştirilmiş çelik";"Uyumlu mil: SFR2005 (Ø20, 5 mm hatve); Uyumlu gövde: DSG20";2005 Vidalı Mil Somunu;KBL;Yok;;Orta;;"Jenerik standart parça (SFU/SFUR tanımı). Site markası ""KBL"" jenerik/ithalatçı etiketi; gerçek üretici belirlenemedi. KBL başka Türk satıcılarda da (ör. cncotomasyon.com) marka etiketi olarak kullanılıyor; üretici değil.";https://www.cncdunyasi.com/urun/vidali-mil-somunu-2005-sfur
Lineer hareket sistemleri;(markasız);SFUR2010;SFU2010;SFUR2010 bilyalı vidalı mil somunu, Ø20 mm, 10 mm hatve, flanşlı;SFU/SFUR bilyalı somun;"Seri: SFUR (SFU tipi flanşlı tek somun); Ürün tipi: Bilyalı vidalı mil somunu; Boyut: 2010; Mil çapı: 20 mm; Hatve: 10 mm; Malzeme: Sertleştirilmiş çelik";"Uyumlu mil: SFR2010 (Ø20, 10 mm hatve); Uyumlu gövde: DSG20";2010 Vidalı Mil Somunu;KBL;Yok;;Orta;;"Jenerik standart parça (SFU/SFUR tanımı). Site markası ""KBL"" jenerik/ithalatçı etiketi; gerçek üretici belirlenemedi. KBL başka Türk satıcılarda da (ör. cncotomasyon.com) marka etiketi olarak kullanılıyor; üretici değil.";https://www.cncdunyasi.com/urun/vidali-mil-somunu-2010-sfur
Lineer hareket sistemleri;(markasız);SFUR2505;SFU2505;SFUR2505 bilyalı vidalı mil somunu, Ø25 mm, 5 mm hatve, flanşlı;SFU/SFUR bilyalı somun;"Seri: SFUR (SFU tipi flanşlı tek somun); Ürün tipi: Bilyalı vidalı mil somunu; Boyut: 2505; Mil çapı: 25 mm; Hatve: 5 mm; Malzeme: Sertleştirilmiş çelik";"Uyumlu mil: SFR2505 (Ø25, 5 mm hatve); Uyumlu gövde: DSG25";2505 Vidalı Mil Somunu;KBL;Yok;;Orta;;"Jenerik standart parça (SFU/SFUR tanımı). Site markası ""KBL"" jenerik/ithalatçı etiketi; gerçek üretici belirlenemedi. KBL başka Türk satıcılarda da (ör. cncotomasyon.com) marka etiketi olarak kullanılıyor; üretici değil.";https://www.cncdunyasi.com/urun/vidali-mil-somunu-2505-sfur
Lineer hareket sistemleri;(markasız);SFUR2510;SFU2510;SFUR2510 bilyalı vidalı mil somunu, Ø25 mm, 10 mm hatve, flanşlı;SFU/SFUR bilyalı somun;"Seri: SFUR (SFU tipi flanşlı tek somun); Ürün tipi: Bilyalı vidalı mil somunu; Boyut: 2510; Mil çapı: 25 mm; Hatve: 10 mm; Malzeme: Sertleştirilmiş çelik";"Uyumlu mil: SFR2510 (Ø25, 10 mm hatve); Uyumlu gövde: DSG25";2510 Vidalı Mil Somunu;KBL;Yok;;Orta;;"Jenerik standart parça (SFU/SFUR tanımı). Site markası ""KBL"" jenerik/ithalatçı etiketi; gerçek üretici belirlenemedi. KBL başka Türk satıcılarda da (ör. cncotomasyon.com) marka etiketi olarak kullanılıyor; üretici değil.";https://www.cncdunyasi.com/urun/vidali-mil-somunu-2510-sfur
Lineer hareket sistemleri;(markasız);SFUR3205;SFU3205;SFUR3205 bilyalı vidalı mil somunu, Ø32 mm, 5 mm hatve, flanşlı;SFU/SFUR bilyalı somun;"Seri: SFUR (SFU tipi flanşlı tek somun); Ürün tipi: Bilyalı vidalı mil somunu; Boyut: 3205; Mil çapı: 32 mm; Hatve: 5 mm; Malzeme: Sertleştirilmiş çelik";"Uyumlu mil: SFR3205 (Ø32, 5 mm hatve); Uyumlu gövde: DSG32";3205 Vidalı Mil Somunu;KBL;Yok;;Orta;"Ad/URL SFUR3205, teknik tabloda model ""SFU3205"" yazıyor.";"Jenerik standart parça (SFU/SFUR tanımı). Site markası ""KBL"" jenerik/ithalatçı etiketi; gerçek üretici belirlenemedi. KBL başka Türk satıcılarda da (ör. cncotomasyon.com) marka etiketi olarak kullanılıyor; üretici değil.";https://www.cncdunyasi.com/urun/vidali-mil-somunu-3205-sfur
Lineer hareket sistemleri;(markasız);SFUR3210;SFU3210;SFUR3210 bilyalı vidalı mil somunu, Ø32 mm, 10 mm hatve, flanşlı;SFU/SFUR bilyalı somun;"Seri: SFUR (SFU tipi flanşlı tek somun); Ürün tipi: Bilyalı vidalı mil somunu; Boyut: 3210; Mil çapı: 32 mm; Hatve: 10 mm; Malzeme: Sertleştirilmiş çelik";"Uyumlu mil: SFR3210 (Ø32, 10 mm hatve); Uyumlu gövde: DSG32";3210 Vidalı Mil Somunu;KBL;Yok;;Orta;"Ad/URL SFUR3210, teknik tabloda model ""SFU3210"" yazıyor.";"Jenerik standart parça (SFU/SFUR tanımı). Site markası ""KBL"" jenerik/ithalatçı etiketi; gerçek üretici belirlenemedi. KBL başka Türk satıcılarda da (ör. cncotomasyon.com) marka etiketi olarak kullanılıyor; üretici değil.";https://www.cncdunyasi.com/urun/vidali-mil-somunu-3210-sfur
Rulmanlar, kilit somunları ve yaylar;NSK;20TAC47CDDGSUHPN7C;;NSK 20TAC47CDDGSUHPN7C vidalı mil destek rulmanı, 20x47x15, contalı;NSK TAC C (NSKTAC C);"Seri: NSK TAC C; Ürün tipi: Süper hassas eğik bilyalı eksenel rulman (vidalı mil desteği), contalı; İç çap: 20 mm; Dış çap: 47 mm; Genişlik: 15 mm; Temas açısı: 60°; Standart: NSK PN7C hassasiyet sınıfı; Ağırlık: 0,135 kg";;20TAC47 CDDGSUHPN7C VİDALI MİL EĞİK BİLYALI EKSENEL RULMANI;NSK;Üretici görseli;https://www.nsk.com/engineering/products/super-precision-bearings/super-precision-angular-contact-thrust-ball-bearings-for-ball-screw-support/for-high-rigidity-applications-nsktac-c-series/20tac47cddg-sp-actbb-tac-c.html;Yüksek;Site model alanında yalnız sonek (CDDGSUHPN7C) var.;"Kod ve ölçüler nsk.com'da doğrulandı. DDG: iki tarafı temassız contalı, gresli tip; SU: üniversal eşleşme; H: ağır ön yük (NSK adlandırması).";https://www.cncdunyasi.com/urun/nsk-20tac47-cddgsuhpn7c-eksen-rulmani
Rulmanlar, kilit somunları ve yaylar;NSK;20TAC47CSUHPN7C;20TAC47BSUC10PN7B (eski kod);NSK 20TAC47CSUHPN7C vidalı mil destek rulmanı, 20x47x15;NSK TAC C (NSKTAC C);"Seri: NSK TAC C; Ürün tipi: Süper hassas eğik bilyalı eksenel rulman (vidalı mil desteği), açık tip; İç çap: 20 mm; Dış çap: 47 mm; Genişlik: 15 mm; Temas açısı: 60°; Standart: NSK PN7C hassasiyet sınıfı; Ağırlık: 0,135 kg";"Dinamik yük (tek sıra): 27,6 kN; Statik yük (tek sıra): 26,6 kN; Limit devir (gres): 6.900 d/dk; Ön yük (H): 1.450 N";20TAC47 CSUHPN7C VİDALI MİL EĞİK BİLYALI EKSENEL RULMANI;NSK;Üretici görseli;https://www.nsk.com/am-en/engineering/products/super-precision-bearings/super-precision-angular-contact-thrust-ball-bearings-for-ball-screw-support/for-high-rigidity-applications-nsktac-c-series/20tac47csuhpn7c-apn.html;Yüksek;Site model alanı bozuk ('20TAC47CSUHPN7Cİç Çap:').;Kod, ölçü ve yük değerleri nsk.com'da doğrulandı. Eski 20TAC47BSUC10PN7B kodunun yerini alır (bayi kaynakları).;https://www.cncdunyasi.com/urun/nsk-20tac47-csuhpn7c-eksen-rulmani
Rulmanlar, kilit somunları ve yaylar;NSK;25TAC62CDDGSUHPN7C;;NSK 25TAC62CDDGSUHPN7C vidalı mil destek rulmanı, 25x62x15, contalı;NSK TAC C (NSKTAC C);"Seri: NSK TAC C; Ürün tipi: Süper hassas eğik bilyalı eksenel rulman (vidalı mil desteği), contalı; İç çap: 25 mm; Dış çap: 62 mm; Genişlik: 15 mm; Temas açısı: 60°; Standart: NSK PN7C hassasiyet sınıfı";;25TAC62 CDDGSUHPN7C VİDALI MİL EĞİK BİLYALI EKSENEL RULMANI;NSK;Üretici görseli;;Orta;"Ürün adında kod bölünmüş ('25TAC62 CDDGSUHPN7C'); site açıklamasında iç/dış çap ve genişlik verilmemiş.";"25TAC62C seri ölçüleri NSK TAC C kataloğu standardı (25x62x15, 60°); bu sızdırmaz (DDG) varyantın nsk.com sayfası doğrudan açılamadı [TEYİT]. Görsel NSK TAC C DDG seri görseli.";https://www.cncdunyasi.com/urun/nsk-25tac62-cddgsuhpn7c-eksen-rulmani
Sigma profiller;(markasız);Sigma profil 20x20 kanal 6;;Sigma profil 20x20 mm, kanal 6;;"Ürün tipi: Alüminyum sigma (T-kanallı) profil; Kanal: 6 mm; Kesit ölçüsü: 20 x 20 mm; Uzunluk: 6 m üretim boyu; ölçüye kesilir; Malzeme: Alüminyum, eloksal kaplı";;20x20 Sigma Profil;Sigma Profil;Yok;;Orta;Metre ağırlığı sitede 'bilgi yok'.;"Jenerik alüminyum sigma profil; üretici belirtilmemiş. Ağırlık site açıklamasından.";https://www.cncdunyasi.com/urun/20-20-sigma-profil-kanal-6
Sigma profiller;(markasız);Sigma profil 20x40 kanal 6;;Sigma profil 20x40 mm, kanal 6;;"Ürün tipi: Alüminyum sigma (T-kanallı) profil; Kanal: 6 mm; Kesit ölçüsü: 20 x 40 mm; Uzunluk: 6 m üretim boyu; ölçüye kesilir; Malzeme: Alüminyum, eloksal kaplı";;20x40 Sigma Profil;Sigma Profil;Yok;;Orta;Metre ağırlığı sitede 'bilgi yok'.;"Jenerik alüminyum sigma profil; üretici belirtilmemiş. Ağırlık site açıklamasından.";https://www.cncdunyasi.com/urun/20-40-sigma-profil-kanal-6
Sigma profiller;(markasız);Sigma profil 25x25 kanal 6;;Sigma profil 25x25 mm, kanal 6;;"Ürün tipi: Alüminyum sigma (T-kanallı) profil; Kanal: 6 mm; Kesit ölçüsü: 25 x 25 mm; Uzunluk: 6 m üretim boyu; ölçüye kesilir; Malzeme: Alüminyum, eloksal kaplı";;25x25 Sigma Profil;Sigma Profil;Yok;;Orta;Metre ağırlığı sitede 'bilgi yok'.;"Jenerik alüminyum sigma profil; üretici belirtilmemiş. Ağırlık site açıklamasından.";https://www.cncdunyasi.com/urun/25-25-sigma-profil-kanal-6
Sigma profiller;(markasız);Sigma profil 30x30 kanal 8;;Sigma profil 30x30 mm, kanal 8;;"Ürün tipi: Alüminyum sigma (T-kanallı) profil; Kanal: 8 mm; Kesit ölçüsü: 30 x 30 mm; Uzunluk: 6 m üretim boyu; ölçüye kesilir; Malzeme: Alüminyum, eloksal kaplı";;30x30 Sigma Profil;Sigma Profil;Yok;;Orta;"Metre ağırlığı sitede 'bilgi yok'. 30x30 hafif seri ile aynı açıklama; standart/hafif farkı belirtilmemiş.";"Jenerik alüminyum sigma profil; üretici belirtilmemiş. Ağırlık site açıklamasından.";https://www.cncdunyasi.com/urun/30-30-sigma-profil-kanal-8
Sigma profiller;(markasız);Sigma profil 30x30 kanal 8 (hafif seri);;Sigma profil 30x30 mm, kanal 8, hafif seri;;"Ürün tipi: Alüminyum sigma (T-kanallı) profil; Kanal: 8 mm; Kesit ölçüsü: 30 x 30 mm; Uzunluk: 6 m üretim boyu; ölçüye kesilir; Malzeme: Alüminyum, eloksal kaplı; Seri: Hafif seri";;30x30 Hafif Seri Sigma Profil;Sigma Profil;Yok;;Orta;Metre ağırlığı sitede 'bilgi yok'.;"Jenerik alüminyum sigma profil; üretici belirtilmemiş. Ağırlık site açıklamasından.";https://www.cncdunyasi.com/urun/30-30-h-sigma-profil-kanal-8
Sigma profiller;(markasız);Sigma profil 30x60 kanal 8;;Sigma profil 30x60 mm, kanal 8;;"Ürün tipi: Alüminyum sigma (T-kanallı) profil; Kanal: 8 mm; Kesit ölçüsü: 30 x 60 mm; Uzunluk: 6 m üretim boyu; ölçüye kesilir; Malzeme: Alüminyum, eloksal kaplı; Ağırlık: ≈1,516 kg/m";;30x60 Sigma Profil;Sigma Profil;Yok;;Orta;;"Jenerik alüminyum sigma profil; üretici belirtilmemiş. Ağırlık site açıklamasından.";https://www.cncdunyasi.com/urun/30-60-sigma-profil-kanal-8
Sigma profiller;(markasız);Sigma profil 35x35 kanal 8;;Sigma profil 35x35 mm, kanal 8;;"Ürün tipi: Alüminyum sigma (T-kanallı) profil; Kanal: 8 mm; Kesit ölçüsü: 35 x 35 mm; Uzunluk: 6 m üretim boyu; ölçüye kesilir; Malzeme: Alüminyum, eloksal kaplı; Ağırlık: ≈1,029 kg/m";;35x35 Sigma Profil;Sigma Profil;Yok;;Orta;;"Jenerik alüminyum sigma profil; üretici belirtilmemiş. Ağırlık site açıklamasından.";https://www.cncdunyasi.com/urun/35-35-sigma-profil-kanal-8
Sigma profiller;(markasız);Sigma profil 40x40 kanal 10 (ağır seri);;Sigma profil 40x40 mm, kanal 10, ağır seri;;"Ürün tipi: Alüminyum sigma (T-kanallı) profil; Kanal: 10 mm; Kesit ölçüsü: 40 x 40 mm; Uzunluk: 6 m üretim boyu; ölçüye kesilir; Malzeme: Alüminyum, eloksal kaplı; Seri: Ağır seri; Ağırlık: ≈1,65 kg/m";;40x40 Ağır Seri Sigma Profil;Sigma Profil;Yok;;Orta;;"Jenerik alüminyum sigma profil; üretici belirtilmemiş. Ağırlık site açıklamasından.";https://www.cncdunyasi.com/urun/40-40-a-sigma-profil-kanal-10
Sigma profiller;(markasız);Sigma profil 40x40 kanal 10 (hafif seri);;Sigma profil 40x40 mm, kanal 10, hafif seri;;"Ürün tipi: Alüminyum sigma (T-kanallı) profil; Kanal: 10 mm; Kesit ölçüsü: 40 x 40 mm; Uzunluk: 6 m üretim boyu; ölçüye kesilir; Malzeme: Alüminyum, eloksal kaplı; Seri: Hafif seri; Ağırlık: ≈1,196 kg/m";;40x40 Hafif Seri Sigma Profil;Sigma Profil;Yok;;Orta;;"Jenerik alüminyum sigma profil; üretici belirtilmemiş. Ağırlık site açıklamasından.";https://www.cncdunyasi.com/urun/40-40-h-sigma-profil-kanal-10
Sigma profiller;(markasız);Sigma profil 40x40 kanal 10 (ultra hafif seri);;Sigma profil 40x40 mm, kanal 10, ultra hafif seri;;"Ürün tipi: Alüminyum sigma (T-kanallı) profil; Kanal: 10 mm; Kesit ölçüsü: 40 x 40 mm; Uzunluk: 6 m üretim boyu; ölçüye kesilir; Malzeme: Alüminyum, eloksal kaplı; Seri: Ultra hafif seri; Ağırlık: ≈1,065 kg/m";;40x40 Ultra Hafif Seri Sigma Profil;Sigma Profil;Yok;;Orta;;"Jenerik alüminyum sigma profil; üretici belirtilmemiş. Ağırlık site açıklamasından.";https://www.cncdunyasi.com/urun/40-40-u-h-sigma-profil-kanal-10
Sigma profiller;(markasız);Sigma profil 40x40 kanal 8 (ağır seri);;Sigma profil 40x40 mm, kanal 8, ağır seri;;"Ürün tipi: Alüminyum sigma (T-kanallı) profil; Kanal: 8 mm; Kesit ölçüsü: 40 x 40 mm; Uzunluk: 6 m üretim boyu; ölçüye kesilir; Malzeme: Alüminyum, eloksal kaplı; Seri: Ağır seri; Ağırlık: ≈1,775 kg/m";;40x40 Ağır Seri Sigma Profil;Sigma Profil;Yok;;Orta;;"Jenerik alüminyum sigma profil; üretici belirtilmemiş. Ağırlık site açıklamasından.";https://www.cncdunyasi.com/urun/40-40-a-sigma-profil-kanal-8
Sigma profiller;(markasız);Sigma profil 40x40 kanal 8 (hafif seri);;Sigma profil 40x40 mm, kanal 8, hafif seri;;"Ürün tipi: Alüminyum sigma (T-kanallı) profil; Kanal: 8 mm; Kesit ölçüsü: 40 x 40 mm; Uzunluk: 6 m üretim boyu; ölçüye kesilir; Malzeme: Alüminyum, eloksal kaplı; Seri: Hafif seri; Ağırlık: ≈1,135 kg/m";;40x40 Hafif Seri Sigma Profil;Sigma Profil;Yok;;Orta;;"Jenerik alüminyum sigma profil; üretici belirtilmemiş. Ağırlık site açıklamasından.";https://www.cncdunyasi.com/urun/40-40-h-sigma-profil-kanal-8
Sigma profiller;(markasız);Sigma profil 40x80 kanal 8 (ağır seri);;Sigma profil 40x80 mm, kanal 8, ağır seri;;"Ürün tipi: Alüminyum sigma (T-kanallı) profil; Kanal: 8 mm; Kesit ölçüsü: 40 x 80 mm; Uzunluk: 6 m üretim boyu; ölçüye kesilir; Malzeme: Alüminyum, eloksal kaplı; Seri: Ağır seri; Ağırlık: ≈3,079 kg/m";;40x80 Ağır Seri Sigma Profil;Sigma Profil;Yok;;Orta;;"Jenerik alüminyum sigma profil; üretici belirtilmemiş. Ağırlık site açıklamasından.";https://www.cncdunyasi.com/urun/40-80-a-sigma-profil-kanal-8
Sigma profiller;(markasız);Sigma profil 40x80 kanal 8 (hafif seri);;Sigma profil 40x80 mm, kanal 8, hafif seri;;"Ürün tipi: Alüminyum sigma (T-kanallı) profil; Kanal: 8 mm; Kesit ölçüsü: 40 x 80 mm; Uzunluk: 6 m üretim boyu; ölçüye kesilir; Malzeme: Alüminyum, eloksal kaplı; Seri: Hafif seri; Ağırlık: ≈1,877 kg/m";;40x80 Hafif Seri Sigma Profil;Sigma Profil;Yok;;Orta;;"Jenerik alüminyum sigma profil; üretici belirtilmemiş. Ağırlık site açıklamasından.";https://www.cncdunyasi.com/urun/40-80-h-sigma-profil-kanal-8
Sigma profiller;(markasız);Sigma profil 60x60 kanal 8;;Sigma profil 60x60 mm, kanal 8;;"Ürün tipi: Alüminyum sigma (T-kanallı) profil; Kanal: 8 mm; Kesit ölçüsü: 60 x 60 mm; Uzunluk: 6 m üretim boyu; ölçüye kesilir; Malzeme: Alüminyum, eloksal kaplı; Ağırlık: ≈2,413 kg/m";;60x60 Sigma Profil;Sigma Profil;Yok;;Orta;;"Jenerik alüminyum sigma profil; üretici belirtilmemiş. Ağırlık site açıklamasından.";https://www.cncdunyasi.com/urun/60-60-sigma-profil-kanal-8
Spindle motorlar;Arel;ARES-131;ARES.131;Arel ARES-131 spindle motor, 4 kW, 18.000 d/dk, SK30, otomatik takım değiştirmeli;Arel ARES;"Seri: Arel ARES; Ürün tipi: Yüksek frekanslı spindle motor, otomatik takım değiştirmeli; Güç: 4 kW; Maksimum devir: 18.000 d/dk; Gerilim: 3 faz 380 V (Y); Frekans: 300 Hz; Akım: 8,8 A; Takım bağlama: SK30 (ATC konik); Ağırlık: 23,6 kg; Takım değiştirme: Otomatik (ATC)";;4 Kw Ares 18.000 Devir Takım Değiştirmeli Spindle Motoru (SK-30);Arel Spindle;Üretici görseli;https://www.arelspindle.com/ares-takim-degistirmeli-motorlar-urunu-348?category=urunler;Yüksek;;"Takım tutucu: SK30. Kod/değerler arelspindle.com seri tablosundan doğrulandı (katalog yazımı ARES.131); kutu içeriğinde pens/somun/anahtar yok (site).";https://www.cncdunyasi.com/urun/arel-ares-131-takim-degistirmeli-spindle-motoru-4-kw-18000-devir-sk-30-atc
Spindle motorlar;Arel;ARES-141;ARES.141;Arel ARES-141 spindle motor, 5,5 kW, 24.000 d/dk, SK30, otomatik takım değiştirmeli;Arel ARES;"Seri: Arel ARES; Ürün tipi: Yüksek frekanslı spindle motor, otomatik takım değiştirmeli; Güç: 5,5 kW; Maksimum devir: 24.000 d/dk; Gerilim: 3 faz 380 V (Y); Frekans: 400 Hz; Akım: 12 A; Takım bağlama: SK30 (ATC konik); Ağırlık: 23,6 kg; Takım değiştirme: Otomatik (ATC)";;5.5 Kw Ares 24.000 Devir Takım Değiştirmeli Spindle Motoru (SK-30);Arel Spindle;Üretici görseli;https://www.arelspindle.com/ares-takim-degistirmeli-motorlar-urunu-348?category=urunler;Yüksek;;"Takım tutucu: SK30. Kod/değerler arelspindle.com seri tablosundan doğrulandı (katalog yazımı ARES.141); kutu içeriğinde pens/somun/anahtar yok (site).";https://www.cncdunyasi.com/urun/arel-ares-141-takim-degistirmeli-spindle-motoru-5-5-kw-24000-devir-sk-30-atc
Spindle motorlar;Arel;ARES-321;ARES.321;Arel ARES-321 spindle motor, 5,5 kW, 12.000 d/dk, SK30, otomatik takım değiştirmeli;Arel ARES;"Seri: Arel ARES; Ürün tipi: Yüksek frekanslı spindle motor, otomatik takım değiştirmeli; Güç: 5,5 kW; Maksimum devir: 12.000 d/dk; Gerilim: 3 faz 380 V (Δ); Frekans: 400 Hz; Akım: 12 A; Takım bağlama: SK30 (ATC konik); Ağırlık: 30,8 kg; Takım değiştirme: Otomatik (ATC)";;5.5 Kw Ares 12.000 Devir Takım Değiştirmeli Spindle Motoru (SK-30);Arel Spindle;Üretici görseli;https://www.arelspindle.com/ares-takim-degistirmeli-motorlar-urunu-348?category=urunler;Yüksek;;"Takım tutucu: SK30. Kod/değerler arelspindle.com seri tablosundan doğrulandı (katalog yazımı ARES.321); kutu içeriğinde pens/somun/anahtar yok (site).";https://www.cncdunyasi.com/urun/arel-ares-321-takim-degistirmeli-spindle-motoru-5-5-kw-12000-devir-sk-30-atc
Spindle motorlar;Arel;ARES-331;ARES.331;Arel ARES-331 spindle motor, 7,5 kW, 18.000 d/dk, SK30, otomatik takım değiştirmeli;Arel ARES;"Seri: Arel ARES; Ürün tipi: Yüksek frekanslı spindle motor, otomatik takım değiştirmeli; Güç: 7,5 kW; Maksimum devir: 18.000 d/dk; Gerilim: 3 faz 380 V (Y); Frekans: 300 Hz; Akım: 15,5 A; Takım bağlama: SK30 (ATC konik); Ağırlık: 30,8 kg; Takım değiştirme: Otomatik (ATC)";;7.5 Kw Ares 18.000 Devir Takım Değiştirmeli Spindle Motoru (SK-30);Arel Spindle;Üretici görseli;https://www.arelspindle.com/ares-takim-degistirmeli-motorlar-urunu-348?category=urunler;Yüksek;;"Takım tutucu: SK30. Kod/değerler arelspindle.com seri tablosundan doğrulandı (katalog yazımı ARES.331); kutu içeriğinde pens/somun/anahtar yok (site).";https://www.cncdunyasi.com/urun/arel-ares-331-takim-degistirmeli-spindle-motoru-7-5-kw-18000-devir-sk-30-atc
Spindle motorlar;Arel;ARES-341;ARES.341;Arel ARES-341 spindle motor, 9 kW, 24.000 d/dk, SK30, otomatik takım değiştirmeli;Arel ARES;"Seri: Arel ARES; Ürün tipi: Yüksek frekanslı spindle motor, otomatik takım değiştirmeli; Güç: 9 kW; Maksimum devir: 24.000 d/dk; Gerilim: 3 faz 380 V (Y); Frekans: 400 Hz; Akım: 18,5 A; Takım bağlama: SK30 (ATC konik); Ağırlık: 30,8 kg; Takım değiştirme: Otomatik (ATC)";;9 Kw Ares 24.000 Devir Takım Değiştirmeli Spindle Motoru (SK-30);Arel Spindle;Üretici görseli;https://www.arelspindle.com/ares-takim-degistirmeli-motorlar-urunu-348?category=urunler;Yüksek;"Adres kısaltmasında 18.000 d/dk yazıyor; ARES.341 kataloğa göre 24.000 d/dk'dır (ürün adı doğru).";"Takım tutucu: SK30. Kod/değerler arelspindle.com seri tablosundan doğrulandı (katalog yazımı ARES.341); kutu içeriğinde pens/somun/anahtar yok (site).";https://www.cncdunyasi.com/urun/arel-ares-341-takim-degistirmeli-spindle-motoru-9-kw-18000-devir-sk-30-atc
Spindle motorlar;Arel;ARFM-1Y-M2;ARFM.1Y-M2;Arel ARFM-1Y-M2 spindle motor, 0,37 kW, 12.000 d/dk, ER16;Arel ARFM.1Y;"Seri: Arel ARFM.1Y; Ürün tipi: Yüksek frekanslı spindle motor, yuvarlak gövde; Güç: 0,37 kW; Maksimum devir: 12.000 d/dk; Gerilim: 3 faz 220 V; Frekans: 200 Hz; Akım: 1,6 A; Takım bağlama: ER16; Ağırlık: 3,1 kg; Takım değiştirme: Manuel (pens somunlu)";Katalog pens seçenekleri: ER11 / ER16;0.37 Kw 12.000 Devir Spindle Motoru (ER16);Arel Spindle;Üretici görseli;https://www.arelspindle.com/arfm1y-urunu-339?category=urunler;Yüksek;;"Sitede ER16 pensli varyant satılıyor; Arel'de aynı model ER11 / ER16 seçenekli, siparişte pens belirtilmeli. Kod/değerler arelspindle.com seri tablosundan doğrulandı (katalog yazımı ARFM.1Y-M2); kutu içeriğinde pens/somun/anahtar yok (site).";https://www.cncdunyasi.com/urun/arel-spindle-motor-0-37-kw-12000-devir-er16-arfm-1y-m2
Spindle motorlar;Arel;ARFM-1Y-M3;ARFM.1Y-M3;Arel ARFM-1Y-M3 spindle motor, 0,55 kW, 18.000 d/dk, ER16;Arel ARFM.1Y;"Seri: Arel ARFM.1Y; Ürün tipi: Yüksek frekanslı spindle motor, yuvarlak gövde; Güç: 0,55 kW; Maksimum devir: 18.000 d/dk; Gerilim: 3 faz 220 V; Frekans: 300 Hz; Akım: 2,2 A; Takım bağlama: ER16; Ağırlık: 3,1 kg; Takım değiştirme: Manuel (pens somunlu)";Katalog pens seçenekleri: ER11 / ER16;0.55 Kw 18.000 Devir Spindle Motoru (ER16);Arel Spindle;Üretici görseli;https://www.arelspindle.com/arfm1y-urunu-339?category=urunler;Yüksek;;"Sitede ER16 pensli varyant satılıyor; Arel'de aynı model ER11 / ER16 seçenekli, siparişte pens belirtilmeli. Kod/değerler arelspindle.com seri tablosundan doğrulandı (katalog yazımı ARFM.1Y-M3); kutu içeriğinde pens/somun/anahtar yok (site).";https://www.cncdunyasi.com/urun/arel-spindle-motor-0-55-kw-18000-devir-er16-arfm-1y-m3
Spindle motorlar;Arel;ARFM-1Y-M4;ARFM.1Y-M4;Arel ARFM-1Y-M4 spindle motor, 0,75 kW, 24.000 d/dk, ER16;Arel ARFM.1Y;"Seri: Arel ARFM.1Y; Ürün tipi: Yüksek frekanslı spindle motor, yuvarlak gövde; Güç: 0,75 kW; Maksimum devir: 24.000 d/dk; Gerilim: 3 faz 220 V; Frekans: 400 Hz; Akım: 2,6 A; Takım bağlama: ER16; Ağırlık: 3,1 kg; Takım değiştirme: Manuel (pens somunlu)";Katalog pens seçenekleri: ER11 / ER16;0.75 Kw 24.000 Devir Spindle Motoru (ER16);Arel Spindle;Üretici görseli;https://www.arelspindle.com/arfm1y-urunu-339?category=urunler;Yüksek;;"Sitede ER16 pensli varyant satılıyor; Arel'de aynı model ER11 / ER16 seçenekli, siparişte pens belirtilmeli. Kod/değerler arelspindle.com seri tablosundan doğrulandı (katalog yazımı ARFM.1Y-M4); kutu içeriğinde pens/somun/anahtar yok (site).";https://www.cncdunyasi.com/urun/arel-spindle-motor-0-75-kw-24000-devir-er16-arfm-1y-m4
Spindle motorlar;Arel;ARFM-1Y-S2;ARFM.1Y-S2;Arel ARFM-1Y-S2 spindle motor, 0,18 kW, 12.000 d/dk, ER16;Arel ARFM.1Y;"Seri: Arel ARFM.1Y; Ürün tipi: Yüksek frekanslı spindle motor, yuvarlak gövde; Güç: 0,18 kW; Maksimum devir: 12.000 d/dk; Gerilim: 3 faz 220 V; Frekans: 200 Hz; Akım: 0,8 A; Takım bağlama: ER16; Ağırlık: 2,1 kg; Takım değiştirme: Manuel (pens somunlu)";Katalog pens seçenekleri: ER11 / ER16;0.18 Kw 12.000 Devir Spindle Motoru (ER16);Arel Spindle;Üretici görseli;https://www.arelspindle.com/arfm1y-urunu-339?category=urunler;Yüksek;;"Sitede ER16 pensli varyant satılıyor; Arel'de aynı model ER11 / ER16 seçenekli, siparişte pens belirtilmeli. Kod/değerler arelspindle.com seri tablosundan doğrulandı (katalog yazımı ARFM.1Y-S2); kutu içeriğinde pens/somun/anahtar yok (site).";https://www.cncdunyasi.com/urun/arel-spindle-motor-0-18-kw-12000-devir-er16-arfm-1y-s2
Spindle motorlar;Arel;ARFM-1Y-S3;ARFM.1Y-S3;Arel ARFM-1Y-S3 spindle motor, 0,25 kW, 18.000 d/dk, ER16;Arel ARFM.1Y;"Seri: Arel ARFM.1Y; Ürün tipi: Yüksek frekanslı spindle motor, yuvarlak gövde; Güç: 0,25 kW; Maksimum devir: 18.000 d/dk; Gerilim: 3 faz 220 V; Frekans: 300 Hz; Akım: 1,1 A; Takım bağlama: ER16; Ağırlık: 2,1 kg; Takım değiştirme: Manuel (pens somunlu)";Katalog pens seçenekleri: ER11 / ER16;0.25 Kw 18.000 Devir Spindle Motoru (ER16);Arel Spindle;Üretici görseli;https://www.arelspindle.com/arfm1y-urunu-339?category=urunler;Yüksek;;"Sitede ER16 pensli varyant satılıyor; Arel'de aynı model ER11 / ER16 seçenekli, siparişte pens belirtilmeli. Kod/değerler arelspindle.com seri tablosundan doğrulandı (katalog yazımı ARFM.1Y-S3); kutu içeriğinde pens/somun/anahtar yok (site).";https://www.cncdunyasi.com/urun/arel-spindle-motor-0-25-kw-18000-devir-er16-arfm-1y-s3
Spindle motorlar;Arel;ARFM-2Y-L2;ARFM.2Y-L2;Arel ARFM-2Y-L2 spindle motor, 1,3 kW, 12.000 d/dk, ER20;Arel ARFM.2Y;"Seri: Arel ARFM.2Y; Ürün tipi: Yüksek frekanslı spindle motor, yuvarlak gövde; Güç: 1,3 kW; Maksimum devir: 12.000 d/dk; Gerilim: 3 faz 220 V; Frekans: 200 Hz; Akım: 4,25 A; Takım bağlama: ER20; Ağırlık: 6,35 kg; Takım değiştirme: Manuel (pens somunlu)";Katalog pens seçenekleri: ER16 / ER20;1.3 Kw 12.000 Devir Spindle Motoru (ER20);Arel Spindle;Üretici görseli;https://www.arelspindle.com/arfm2y-urunu-340?category=urunler;Yüksek;;"Sitede ER20 pensli varyant satılıyor; Arel'de aynı model ER16 / ER20 seçenekli, siparişte pens belirtilmeli. Kod/değerler arelspindle.com seri tablosundan doğrulandı (katalog yazımı ARFM.2Y-L2); kutu içeriğinde pens/somun/anahtar yok (site).";https://www.cncdunyasi.com/urun/arel-spindle-motor-1-3-kw-12000-devir-er20-arfm-2y-l2
Spindle motorlar;Arel;ARFM-2Y-L3;ARFM.2Y-L3;Arel ARFM-2Y-L3 spindle motor, 2 kW, 18.000 d/dk, ER20;Arel ARFM.2Y;"Seri: Arel ARFM.2Y; Ürün tipi: Yüksek frekanslı spindle motor, yuvarlak gövde; Güç: 2 kW; Maksimum devir: 18.000 d/dk; Gerilim: 3 faz 220 V; Frekans: 300 Hz; Akım: 6,7 A; Takım bağlama: ER20; Ağırlık: 6,35 kg; Takım değiştirme: Manuel (pens somunlu)";Katalog pens seçenekleri: ER16 / ER20;2 Kw 18.000 Devir Spindle Motoru (ER20);Arel Spindle;Üretici görseli;https://www.arelspindle.com/arfm2y-urunu-340?category=urunler;Yüksek;;"Sitede ER20 pensli varyant satılıyor; Arel'de aynı model ER16 / ER20 seçenekli, siparişte pens belirtilmeli. Kod/değerler arelspindle.com seri tablosundan doğrulandı (katalog yazımı ARFM.2Y-L3); kutu içeriğinde pens/somun/anahtar yok (site).";https://www.cncdunyasi.com/urun/arel-spindle-motor-2-kw-18000-devir-er20-arfm-2y-l3
Spindle motorlar;Arel;ARFM-2Y-L4;ARFM.2Y-L4;Arel ARFM-2Y-L4 spindle motor, 0,37 kW, 3.000 d/dk, ER20;Arel ARFM.2Y;"Seri: Arel ARFM.2Y; Ürün tipi: Yüksek frekanslı spindle motor, yuvarlak gövde; Güç: 0,37 kW; Maksimum devir: 3.000 d/dk; Gerilim: 3 faz 380 V; Frekans: 50 Hz; Akım: 0,8 A; Takım bağlama: ER20; Ağırlık: 6,35 kg; Takım değiştirme: Manuel (pens somunlu)";Katalog pens seçenekleri: ER16 / ER20;0.37 Kw 3.000 Devir Spindle Motoru (ER20);Arel Spindle;Üretici görseli;https://www.arelspindle.com/arfm2y-urunu-340?category=urunler;Yüksek;;"Sitede ER20 pensli varyant satılıyor; Arel'de aynı model ER16 / ER20 seçenekli, siparişte pens belirtilmeli. Kod/değerler arelspindle.com seri tablosundan doğrulandı (katalog yazımı ARFM.2Y-L4); kutu içeriğinde pens/somun/anahtar yok (site).";https://www.cncdunyasi.com/urun/arel-spindle-motor-0-37-kw-3000-devir-er20-arfm-2y-l4
Spindle motorlar;Arel;ARFM-2Y-M2;ARFM.2Y-M2;Arel ARFM-2Y-M2 spindle motor, 0,9 kW, 12.000 d/dk, ER20;Arel ARFM.2Y;"Seri: Arel ARFM.2Y; Ürün tipi: Yüksek frekanslı spindle motor, yuvarlak gövde; Güç: 0,9 kW; Maksimum devir: 12.000 d/dk; Gerilim: 3 faz 220 V; Frekans: 200 Hz; Akım: 3,0 A; Takım bağlama: ER20; Ağırlık: 4,95 kg; Takım değiştirme: Manuel (pens somunlu)";Katalog pens seçenekleri: ER16 / ER20;0.9 Kw 12.000 Devir Spindle Motoru (ER20);Arel Spindle;Üretici görseli;https://www.arelspindle.com/arfm2y-urunu-340?category=urunler;Yüksek;;"Sitede ER20 pensli varyant satılıyor; Arel'de aynı model ER16 / ER20 seçenekli, siparişte pens belirtilmeli. Kod/değerler arelspindle.com seri tablosundan doğrulandı (katalog yazımı ARFM.2Y-M2); kutu içeriğinde pens/somun/anahtar yok (site).";https://www.cncdunyasi.com/urun/arel-spindle-motor-0-9-kw-12000-devir-er20-arfm-2y-m2
Spindle motorlar;Arel;ARFM-2Y-M3;ARFM.2Y-M3;Arel ARFM-2Y-M3 spindle motor, 1,4 kW, 18.000 d/dk, ER20;Arel ARFM.2Y;"Seri: Arel ARFM.2Y; Ürün tipi: Yüksek frekanslı spindle motor, yuvarlak gövde; Güç: 1,4 kW; Maksimum devir: 18.000 d/dk; Gerilim: 3 faz 220 V; Frekans: 300 Hz; Akım: 4,6 A; Takım bağlama: ER20; Ağırlık: 4,95 kg; Takım değiştirme: Manuel (pens somunlu)";Katalog pens seçenekleri: ER16 / ER20;1.4 Kw 18.000 Devir Spindle Motoru (ER20);Arel Spindle;Üretici görseli;https://www.arelspindle.com/arfm2y-urunu-340?category=urunler;Yüksek;;"Sitede ER20 pensli varyant satılıyor; Arel'de aynı model ER16 / ER20 seçenekli, siparişte pens belirtilmeli. Kod/değerler arelspindle.com seri tablosundan doğrulandı (katalog yazımı ARFM.2Y-M3); kutu içeriğinde pens/somun/anahtar yok (site).";https://www.cncdunyasi.com/urun/arel-spindle-motor-1-4-kw-18000-devir-er20-arfm-2y-m3
Spindle motorlar;Arel;ARFM-2Y-M4;ARFM.2Y-M4;Arel ARFM-2Y-M4 spindle motor, 0,18 kW, 3.000 d/dk, ER20;Arel ARFM.2Y;"Seri: Arel ARFM.2Y; Ürün tipi: Yüksek frekanslı spindle motor, yuvarlak gövde; Güç: 0,18 kW; Maksimum devir: 3.000 d/dk; Gerilim: 3 faz 380 V; Frekans: 50 Hz; Akım: 0,35 A; Takım bağlama: ER20; Ağırlık: 4,95 kg; Takım değiştirme: Manuel (pens somunlu)";Katalog pens seçenekleri: ER16 / ER20;0.18 Kw 3.000 Devir Spindle Motoru (ER20);Arel Spindle;Üretici görseli;https://www.arelspindle.com/arfm2y-urunu-340?category=urunler;Yüksek;;"Sitede ER20 pensli varyant satılıyor; Arel'de aynı model ER16 / ER20 seçenekli, siparişte pens belirtilmeli. Kod/değerler arelspindle.com seri tablosundan doğrulandı (katalog yazımı ARFM.2Y-M4); kutu içeriğinde pens/somun/anahtar yok (site).";https://www.cncdunyasi.com/urun/arel-spindle-motor-0-18-kw-3000-devir-er20-arfm-2y-m4
Spindle motorlar;Arel;ARFM-2Y-S2;ARFM.2Y-S2;Arel ARFM-2Y-S2 spindle motor, 0,5 kW, 12.000 d/dk, ER20;Arel ARFM.2Y;"Seri: Arel ARFM.2Y; Ürün tipi: Yüksek frekanslı spindle motor, yuvarlak gövde; Güç: 0,5 kW; Maksimum devir: 12.000 d/dk; Gerilim: 3 faz 220 V; Frekans: 200 Hz; Akım: 1,8 A; Takım bağlama: ER20; Ağırlık: 3,8 kg; Takım değiştirme: Manuel (pens somunlu)";Katalog pens seçenekleri: ER16 / ER20;0.50 Kw 12.000 Devir Spindle Motoru (ER20);Arel Spindle;Üretici görseli;https://www.arelspindle.com/arfm2y-urunu-340?category=urunler;Yüksek;;"Sitede ER20 pensli varyant satılıyor; Arel'de aynı model ER16 / ER20 seçenekli, siparişte pens belirtilmeli. Kod/değerler arelspindle.com seri tablosundan doğrulandı (katalog yazımı ARFM.2Y-S2); kutu içeriğinde pens/somun/anahtar yok (site).";https://www.cncdunyasi.com/urun/arel-spindle-motor-0-50-kw-12000-devir-er20-arfm-2y-s2
Spindle motorlar;Arel;ARFM-2Y-S3;ARFM.2Y-S3;Arel ARFM-2Y-S3 spindle motor, 0,75 kW, 18.000 d/dk, ER20;Arel ARFM.2Y;"Seri: Arel ARFM.2Y; Ürün tipi: Yüksek frekanslı spindle motor, yuvarlak gövde; Güç: 0,75 kW; Maksimum devir: 18.000 d/dk; Gerilim: 3 faz 220 V; Frekans: 300 Hz; Akım: 2,6 A; Takım bağlama: ER20; Ağırlık: 3,8 kg; Takım değiştirme: Manuel (pens somunlu); Soğutma: Hava soğutmalı (site)";Katalog pens seçenekleri: ER16 / ER20;0.75 Kw 18.000 Devir Spindle Motoru (ER20);Arel Spindle;Üretici görseli;https://www.arelspindle.com/arfm2y-urunu-340?category=urunler;Yüksek;;"Sitede ER20 pensli varyant satılıyor; Arel'de aynı model ER16 / ER20 seçenekli, siparişte pens belirtilmeli. Kod/değerler arelspindle.com seri tablosundan doğrulandı (katalog yazımı ARFM.2Y-S3); kutu içeriğinde pens/somun/anahtar yok (site).";https://www.cncdunyasi.com/urun/arel-spindle-motor-0-75-kw-18000-devir-er20-arfm-2y-s3
Spindle motorlar;Arel;ARFM-3K-L3;ARFM.3K-L3;Arel ARFM-3K-L3 spindle motor, 4 kW, 18.000 d/dk, ER20;Arel ARFM.3K;"Seri: Arel ARFM.3K; Ürün tipi: Yüksek frekanslı spindle motor, kare gövde; Güç: 4 kW; Maksimum devir: 18.000 d/dk; Gerilim: 3 faz Δ220 V / Y380 V; Frekans: 300 Hz; Akım: 14,2 / 8,2 A; Takım bağlama: ER20; Ağırlık: 12,8 kg; Takım değiştirme: Manuel (pens somunlu)";Katalog pens seçenekleri: ER20 / ER25;4 Kw 18.000 Devir Spindle Motoru (ER20);Arel Spindle;Üretici görseli;https://www.arelspindle.com/arfm3k-urunu-343?category=urunler;Yüksek;;"Sitede ER20 pensli varyant satılıyor; Arel'de aynı model ER20 / ER25 seçenekli, siparişte pens belirtilmeli. Kod/değerler arelspindle.com seri tablosundan doğrulandı (katalog yazımı ARFM.3K-L3); kutu içeriğinde pens/somun/anahtar yok (site).";https://www.cncdunyasi.com/urun/arel-spindle-motor-4-kw-18000-devir-er20-arfm-3k-l3
Spindle motorlar;Arel;ARFM-3K-L3;ARFM.3K-L3;Arel ARFM-3K-L3 spindle motor, 4 kW, 18.000 d/dk, ER25;Arel ARFM.3K;"Seri: Arel ARFM.3K; Ürün tipi: Yüksek frekanslı spindle motor, kare gövde; Güç: 4 kW; Maksimum devir: 18.000 d/dk; Gerilim: 3 faz Δ220 V / Y380 V; Frekans: 300 Hz; Akım: 14,2 / 8,2 A; Takım bağlama: ER25; Ağırlık: 12,8 kg; Takım değiştirme: Manuel (pens somunlu)";Katalog pens seçenekleri: ER20 / ER25;4 Kw 18.000 Devir Spindle Motoru (ER25);Arel Spindle;Üretici görseli;https://www.arelspindle.com/arfm3k-urunu-343?category=urunler;Yüksek;;"Sitede ER25 pensli varyant satılıyor; Arel'de aynı model ER20 / ER25 seçenekli, siparişte pens belirtilmeli. Kod/değerler arelspindle.com seri tablosundan doğrulandı (katalog yazımı ARFM.3K-L3); kutu içeriğinde pens/somun/anahtar yok (site).";https://www.cncdunyasi.com/urun/arel-spindle-motor-4-kw-18000-devir-er25-arfm-3k-l3
Spindle motorlar;Arel;ARFM-3K-M2;ARFM.3K-M2;Arel ARFM-3K-M2 spindle motor, 2,2 kW, 12.000 d/dk, ER20;Arel ARFM.3K;"Seri: Arel ARFM.3K; Ürün tipi: Yüksek frekanslı spindle motor, kare gövde; Güç: 2,2 kW; Maksimum devir: 12.000 d/dk; Gerilim: 3 faz Δ220 V / Y380 V; Frekans: 200 Hz; Akım: 8 / 4,6 A; Takım bağlama: ER20; Ağırlık: 11 kg; Takım değiştirme: Manuel (pens somunlu)";Katalog pens seçenekleri: ER20 / ER25;2.2 Kw 12.000 Devir Spindle Motoru (ER20);Arel Spindle;Üretici görseli;https://www.arelspindle.com/arfm3k-urunu-343?category=urunler;Yüksek;"Adres kısaltmasındaki ve model alanındaki kod (ARFM.3K-S3) yanlış; ürün adındaki 2,2 kW / 12.000 d/dk değerleri Arel kataloğunda ARFM.3K-M2 modeline karşılık gelir.";"Sitede ER20 pensli varyant satılıyor; Arel'de aynı model ER20 / ER25 seçenekli, siparişte pens belirtilmeli. Kod/değerler arelspindle.com seri tablosundan doğrulandı (katalog yazımı ARFM.3K-M2); kutu içeriğinde pens/somun/anahtar yok (site).";https://www.cncdunyasi.com/urun/arel-spindle-motor-2-2-kw-12000-devir-er20-arfm-3k-s3
Spindle motorlar;Arel;ARFM-3K-M2;ARFM.3K-M2;Arel ARFM-3K-M2 spindle motor, 2,2 kW, 12.000 d/dk, ER25;Arel ARFM.3K;"Seri: Arel ARFM.3K; Ürün tipi: Yüksek frekanslı spindle motor, kare gövde; Güç: 2,2 kW; Maksimum devir: 12.000 d/dk; Gerilim: 3 faz Δ220 V / Y380 V; Frekans: 200 Hz; Akım: 8 / 4,6 A; Takım bağlama: ER25; Ağırlık: 11 kg; Takım değiştirme: Manuel (pens somunlu)";Katalog pens seçenekleri: ER20 / ER25;2.2 Kw 12.000 Devir Spindle Motoru (ER25);Arel Spindle;Üretici görseli;https://www.arelspindle.com/arfm3k-urunu-343?category=urunler;Yüksek;;"Sitede ER25 pensli varyant satılıyor; Arel'de aynı model ER20 / ER25 seçenekli, siparişte pens belirtilmeli. Kod/değerler arelspindle.com seri tablosundan doğrulandı (katalog yazımı ARFM.3K-M2); kutu içeriğinde pens/somun/anahtar yok (site).";https://www.cncdunyasi.com/urun/arel-spindle-motor-2-2-kw-12000-devir-er-25-arfm-3k-m2
Spindle motorlar;Arel;ARFM-3K-M3;ARFM.3K-M3;Arel ARFM-3K-M3 spindle motor, 3 kW, 18.000 d/dk, ER20;Arel ARFM.3K;"Seri: Arel ARFM.3K; Ürün tipi: Yüksek frekanslı spindle motor, kare gövde; Güç: 3 kW; Maksimum devir: 18.000 d/dk; Gerilim: 3 faz Δ220 V / Y380 V; Frekans: 300 Hz; Akım: 10,5 / 6 A; Takım bağlama: ER20; Ağırlık: 11 kg; Takım değiştirme: Manuel (pens somunlu)";Katalog pens seçenekleri: ER20 / ER25;3 Kw 18.000 Devir Spindle Motoru (ER20);Arel Spindle;Üretici görseli;https://www.arelspindle.com/arfm3k-urunu-343?category=urunler;Yüksek;;"Sitede ER20 pensli varyant satılıyor; Arel'de aynı model ER20 / ER25 seçenekli, siparişte pens belirtilmeli. Kod/değerler arelspindle.com seri tablosundan doğrulandı (katalog yazımı ARFM.3K-M3); kutu içeriğinde pens/somun/anahtar yok (site).";https://www.cncdunyasi.com/urun/arel-spindle-motor-3-kw-18000-devir-er20-arfm-3k-m3
Spindle motorlar;Arel;ARFM-3K-M3;ARFM.3K-M3;Arel ARFM-3K-M3 spindle motor, 3 kW, 18.000 d/dk, ER25;Arel ARFM.3K;"Seri: Arel ARFM.3K; Ürün tipi: Yüksek frekanslı spindle motor, kare gövde; Güç: 3 kW; Maksimum devir: 18.000 d/dk; Gerilim: 3 faz Δ220 V / Y380 V; Frekans: 300 Hz; Akım: 10,5 / 6 A; Takım bağlama: ER25; Ağırlık: 11 kg; Takım değiştirme: Manuel (pens somunlu)";Katalog pens seçenekleri: ER20 / ER25;3 Kw 18.000 Devir Spindle Motoru (ER25);Arel Spindle;Üretici görseli;https://www.arelspindle.com/arfm3k-urunu-343?category=urunler;Yüksek;;"Sitede ER25 pensli varyant satılıyor; Arel'de aynı model ER20 / ER25 seçenekli, siparişte pens belirtilmeli. Kod/değerler arelspindle.com seri tablosundan doğrulandı (katalog yazımı ARFM.3K-M3); kutu içeriğinde pens/somun/anahtar yok (site).";https://www.cncdunyasi.com/urun/arel-spindle-motor-3-kw-18000-devir-er25-arfm-3k-m3
Spindle motorlar;Arel;ARFM-3K-S2;ARFM.3K-S2;Arel ARFM-3K-S2 spindle motor, 1,5 kW, 12.000 d/dk, ER20;Arel ARFM.3K;"Seri: Arel ARFM.3K; Ürün tipi: Yüksek frekanslı spindle motor, kare gövde; Güç: 1,5 kW; Maksimum devir: 12.000 d/dk; Gerilim: 3 faz Δ220 V / Y380 V; Frekans: 200 Hz; Akım: 5,3 / 3,1 A; Takım bağlama: ER20; Ağırlık: 8,85 kg; Takım değiştirme: Manuel (pens somunlu)";Katalog pens seçenekleri: ER20 / ER25;1.5 Kw 12.000 Devir Spindle Motoru (ER20);Arel Spindle;Üretici görseli;https://www.arelspindle.com/arfm3k-urunu-343?category=urunler;Yüksek;Site model alanı boş.;"Sitede ER20 pensli varyant satılıyor; Arel'de aynı model ER20 / ER25 seçenekli, siparişte pens belirtilmeli. Kod/değerler arelspindle.com seri tablosundan doğrulandı (katalog yazımı ARFM.3K-S2); kutu içeriğinde pens/somun/anahtar yok (site).";https://www.cncdunyasi.com/urun/arel-spindle-motor-1-5-kw-12000-devir-er20-arfm-3k-s2
Spindle motorlar;Arel;ARFM-3K-S3;ARFM.3K-S3;Arel ARFM-3K-S3 spindle motor, 2,2 kW, 18.000 d/dk, ER20;Arel ARFM.3K;"Seri: Arel ARFM.3K; Ürün tipi: Yüksek frekanslı spindle motor, kare gövde; Güç: 2,2 kW; Maksimum devir: 18.000 d/dk; Gerilim: 3 faz Δ220 V / Y380 V; Frekans: 300 Hz; Akım: 8 / 4,6 A; Takım bağlama: ER20; Ağırlık: 8,85 kg; Takım değiştirme: Manuel (pens somunlu)";Katalog pens seçenekleri: ER20 / ER25;2.2 Kw 18.000 Devir Spindle Motoru (ER20);Arel Spindle;Üretici görseli;https://www.arelspindle.com/arfm3k-urunu-343?category=urunler;Yüksek;;"Sitede ER20 pensli varyant satılıyor; Arel'de aynı model ER20 / ER25 seçenekli, siparişte pens belirtilmeli. Kod/değerler arelspindle.com seri tablosundan doğrulandı (katalog yazımı ARFM.3K-S3); kutu içeriğinde pens/somun/anahtar yok (site).";https://www.cncdunyasi.com/urun/arel-spindle-motor-2-2-kw-18000-devir-er20-arfm-3k-s3
Spindle motorlar;Arel;ARFM-3K-S3;ARFM.3K-S3;Arel ARFM-3K-S3 spindle motor, 2,2 kW, 18.000 d/dk, ER25;Arel ARFM.3K;"Seri: Arel ARFM.3K; Ürün tipi: Yüksek frekanslı spindle motor, kare gövde; Güç: 2,2 kW; Maksimum devir: 18.000 d/dk; Gerilim: 3 faz Δ220 V / Y380 V; Frekans: 300 Hz; Akım: 8 / 4,6 A; Takım bağlama: ER25; Ağırlık: 8,85 kg; Takım değiştirme: Manuel (pens somunlu)";Katalog pens seçenekleri: ER20 / ER25;2.2 Kw 18.000 Devir Spindle Motoru (ER25);Arel Spindle;Üretici görseli;https://www.arelspindle.com/arfm3k-urunu-343?category=urunler;Yüksek;;"Sitede ER25 pensli varyant satılıyor; Arel'de aynı model ER20 / ER25 seçenekli, siparişte pens belirtilmeli. Kod/değerler arelspindle.com seri tablosundan doğrulandı (katalog yazımı ARFM.3K-S3); kutu içeriğinde pens/somun/anahtar yok (site).";https://www.cncdunyasi.com/urun/arel-spindle-motor-2-2-kw-18000-devir-er-25-arfm-3k-s3
Spindle motorlar;Arel;ARFM-3Y-L2;ARFM.3Y-L2;Arel ARFM-3Y-L2 spindle motor, 3 kW, 12.000 d/dk, ER20;Arel ARFM.3Y;"Seri: Arel ARFM.3Y; Ürün tipi: Yüksek frekanslı spindle motor, yuvarlak gövde; Güç: 3 kW; Maksimum devir: 12.000 d/dk; Gerilim: 3 faz Δ220 V / Y380 V; Frekans: 200 Hz; Akım: 10,4 / 6 A; Takım bağlama: ER20; Ağırlık: 10,85 kg; Takım değiştirme: Manuel (pens somunlu)";Katalog pens seçenekleri: ER20 / ER25;3 Kw 12.000 Devir Spindle Motoru (ER20);Arel Spindle;Üretici görseli;https://www.arelspindle.com/arfm3y-urunu-342?category=urunler;Yüksek;;"Sitede ER20 pensli varyant satılıyor; Arel'de aynı model ER20 / ER25 seçenekli, siparişte pens belirtilmeli. Kod/değerler arelspindle.com seri tablosundan doğrulandı (katalog yazımı ARFM.3Y-L2); kutu içeriğinde pens/somun/anahtar yok (site).";https://www.cncdunyasi.com/urun/arel-spindle-motor-3-kw-12000-devir-er20-arfm-3y-l2
Spindle motorlar;Arel;ARFM-3Y-L2;ARFM.3Y-L2;Arel ARFM-3Y-L2 spindle motor, 3 kW, 12.000 d/dk, ER25;Arel ARFM.3Y;"Seri: Arel ARFM.3Y; Ürün tipi: Yüksek frekanslı spindle motor, yuvarlak gövde; Güç: 3 kW; Maksimum devir: 12.000 d/dk; Gerilim: 3 faz Δ220 V / Y380 V; Frekans: 200 Hz; Akım: 10,4 / 6 A; Takım bağlama: ER25; Ağırlık: 10,85 kg; Takım değiştirme: Manuel (pens somunlu)";Katalog pens seçenekleri: ER20 / ER25;3 Kw 12.000 Devir Spindle Motoru (ER25);Arel Spindle;Üretici görseli;https://www.arelspindle.com/arfm3y-urunu-342?category=urunler;Yüksek;;"Sitede ER25 pensli varyant satılıyor; Arel'de aynı model ER20 / ER25 seçenekli, siparişte pens belirtilmeli. Kod/değerler arelspindle.com seri tablosundan doğrulandı (katalog yazımı ARFM.3Y-L2); kutu içeriğinde pens/somun/anahtar yok (site).";https://www.cncdunyasi.com/urun/arel-spindle-motor-3-kw-12000-devir-er25-arfm-3y-l2
Spindle motorlar;Arel;ARFM-3Y-L3;ARFM.3Y-L3;Arel ARFM-3Y-L3 spindle motor, 4 kW, 18.000 d/dk, ER20;Arel ARFM.3Y;"Seri: Arel ARFM.3Y; Ürün tipi: Yüksek frekanslı spindle motor, yuvarlak gövde; Güç: 4 kW; Maksimum devir: 18.000 d/dk; Gerilim: 3 faz Δ220 V / Y380 V; Frekans: 300 Hz; Akım: 14,2 / 8,2 A; Takım bağlama: ER20; Ağırlık: 10,85 kg; Takım değiştirme: Manuel (pens somunlu)";Katalog pens seçenekleri: ER20 / ER25;4 Kw 18.000 Devir Spindle Motoru (ER20);Arel Spindle;Üretici görseli;https://www.arelspindle.com/arfm3y-urunu-342?category=urunler;Yüksek;;"Sitede ER20 pensli varyant satılıyor; Arel'de aynı model ER20 / ER25 seçenekli, siparişte pens belirtilmeli. Kod/değerler arelspindle.com seri tablosundan doğrulandı (katalog yazımı ARFM.3Y-L3); kutu içeriğinde pens/somun/anahtar yok (site).";https://www.cncdunyasi.com/urun/arel-spindle-motor-4-kw-18000-devir-er20-arfm-3y-l3
Spindle motorlar;Arel;ARFM-3Y-L3;ARFM.3Y-L3;Arel ARFM-3Y-L3 spindle motor, 4 kW, 18.000 d/dk, ER25;Arel ARFM.3Y;"Seri: Arel ARFM.3Y; Ürün tipi: Yüksek frekanslı spindle motor, yuvarlak gövde; Güç: 4 kW; Maksimum devir: 18.000 d/dk; Gerilim: 3 faz Δ220 V / Y380 V; Frekans: 300 Hz; Akım: 14,2 / 8,2 A; Takım bağlama: ER25; Ağırlık: 10,85 kg; Takım değiştirme: Manuel (pens somunlu)";Katalog pens seçenekleri: ER20 / ER25;4 Kw 18.000 Devir Spindle Motoru (ER25);Arel Spindle;Üretici görseli;https://www.arelspindle.com/arfm3y-urunu-342?category=urunler;Yüksek;;"Sitede ER25 pensli varyant satılıyor; Arel'de aynı model ER20 / ER25 seçenekli, siparişte pens belirtilmeli. Kod/değerler arelspindle.com seri tablosundan doğrulandı (katalog yazımı ARFM.3Y-L3); kutu içeriğinde pens/somun/anahtar yok (site).";https://www.cncdunyasi.com/urun/arel-spindle-motor-4-kw-18000-devir-er-25-arfm-3y-l3
Spindle motorlar;Arel;ARFM-3Y-M2;ARFM.3Y-M2;Arel ARFM-3Y-M2 spindle motor, 2,2 kW, 12.000 d/dk, ER20;Arel ARFM.3Y;"Seri: Arel ARFM.3Y; Ürün tipi: Yüksek frekanslı spindle motor, yuvarlak gövde; Güç: 2,2 kW; Maksimum devir: 12.000 d/dk; Gerilim: 3 faz Δ220 V / Y380 V; Frekans: 200 Hz; Akım: 8 / 4,6 A; Takım bağlama: ER20; Ağırlık: 9 kg; Takım değiştirme: Manuel (pens somunlu)";Katalog pens seçenekleri: ER20 / ER25;2.2 Kw 12.000 Devir Spindle Motoru (ER20);Arel Spindle;Üretici görseli;https://www.arelspindle.com/arfm3y-urunu-342?category=urunler;Yüksek;;"Sitede ER20 pensli varyant satılıyor; Arel'de aynı model ER20 / ER25 seçenekli, siparişte pens belirtilmeli. Kod/değerler arelspindle.com seri tablosundan doğrulandı (katalog yazımı ARFM.3Y-M2); kutu içeriğinde pens/somun/anahtar yok (site).";https://www.cncdunyasi.com/urun/arel-spindle-motor-2-2-kw-12000-devir-er20-arfm-3y-m2
Spindle motorlar;Arel;ARFM-3Y-M3;ARFM.3Y-M3;Arel ARFM-3Y-M3 spindle motor, 3 kW, 18.000 d/dk, ER20;Arel ARFM.3Y;"Seri: Arel ARFM.3Y; Ürün tipi: Yüksek frekanslı spindle motor, yuvarlak gövde; Güç: 3 kW; Maksimum devir: 18.000 d/dk; Gerilim: 3 faz Δ220 V / Y380 V; Frekans: 300 Hz; Akım: 10,5 / 6 A; Takım bağlama: ER20; Ağırlık: 9 kg; Takım değiştirme: Manuel (pens somunlu)";Katalog pens seçenekleri: ER20 / ER25;3 Kw 18.000 Devir Spindle Motoru (ER20);Arel Spindle;Üretici görseli;https://www.arelspindle.com/arfm3y-urunu-342?category=urunler;Yüksek;;"Sitede ER20 pensli varyant satılıyor; Arel'de aynı model ER20 / ER25 seçenekli, siparişte pens belirtilmeli. Kod/değerler arelspindle.com seri tablosundan doğrulandı (katalog yazımı ARFM.3Y-M3); kutu içeriğinde pens/somun/anahtar yok (site).";https://www.cncdunyasi.com/urun/arel-spindle-motor-3-kw-18000-devir-er20-arfm-3y-m3
Spindle motorlar;Arel;ARFM-3Y-M3;ARFM.3Y-M3;Arel ARFM-3Y-M3 spindle motor, 3 kW, 18.000 d/dk, ER25;Arel ARFM.3Y;"Seri: Arel ARFM.3Y; Ürün tipi: Yüksek frekanslı spindle motor, yuvarlak gövde; Güç: 3 kW; Maksimum devir: 18.000 d/dk; Gerilim: 3 faz Δ220 V / Y380 V; Frekans: 300 Hz; Akım: 10,5 / 6 A; Takım bağlama: ER25; Ağırlık: 9 kg; Takım değiştirme: Manuel (pens somunlu)";Katalog pens seçenekleri: ER20 / ER25;3 Kw 18.000 Devir Spindle Motoru (ER25);Arel Spindle;Üretici görseli;https://www.arelspindle.com/arfm3y-urunu-342?category=urunler;Yüksek;;"Sitede ER25 pensli varyant satılıyor; Arel'de aynı model ER20 / ER25 seçenekli, siparişte pens belirtilmeli. Kod/değerler arelspindle.com seri tablosundan doğrulandı (katalog yazımı ARFM.3Y-M3); kutu içeriğinde pens/somun/anahtar yok (site).";https://www.cncdunyasi.com/urun/arel-spindle-motor-3-kw-18000-devir-er-25-arfm-3y-m3
Spindle motorlar;Arel;ARFM-3Y-S2;ARFM.3Y-S2;Arel ARFM-3Y-S2 spindle motor, 1,5 kW, 12.000 d/dk, ER20;Arel ARFM.3Y;"Seri: Arel ARFM.3Y; Ürün tipi: Yüksek frekanslı spindle motor, yuvarlak gövde; Güç: 1,5 kW; Maksimum devir: 12.000 d/dk; Gerilim: 3 faz Δ220 V / Y380 V; Frekans: 200 Hz; Akım: 5,3 / 3,1 A; Takım bağlama: ER20; Ağırlık: 6,85 kg; Takım değiştirme: Manuel (pens somunlu)";Katalog pens seçenekleri: ER20 / ER25;1.5 Kw 12.000 Devir Spindle Motoru (ER20);Arel Spindle;Üretici görseli;https://www.arelspindle.com/arfm3y-urunu-342?category=urunler;Yüksek;;"Sitede ER20 pensli varyant satılıyor; Arel'de aynı model ER20 / ER25 seçenekli, siparişte pens belirtilmeli. Kod/değerler arelspindle.com seri tablosundan doğrulandı (katalog yazımı ARFM.3Y-S2); kutu içeriğinde pens/somun/anahtar yok (site).";https://www.cncdunyasi.com/urun/arel-spindle-motor-1-5-kw-12000-devir-er20-arfm-3y-s2
Spindle motorlar;Arel;ARFM-3Y-S3;ARFM.3Y-S3;Arel ARFM-3Y-S3 spindle motor, 2,2 kW, 18.000 d/dk, ER20;Arel ARFM.3Y;"Seri: Arel ARFM.3Y; Ürün tipi: Yüksek frekanslı spindle motor, yuvarlak gövde; Güç: 2,2 kW; Maksimum devir: 18.000 d/dk; Gerilim: 3 faz Δ220 V / Y380 V; Frekans: 300 Hz; Akım: 8 / 4,6 A; Takım bağlama: ER20; Ağırlık: 6,85 kg; Takım değiştirme: Manuel (pens somunlu)";Katalog pens seçenekleri: ER20 / ER25;2.2 Kw 18.000 Devir Spindle Motoru (ER20);Arel Spindle;Üretici görseli;https://www.arelspindle.com/arfm3y-urunu-342?category=urunler;Yüksek;;"Sitede ER20 pensli varyant satılıyor; Arel'de aynı model ER20 / ER25 seçenekli, siparişte pens belirtilmeli. Kod/değerler arelspindle.com seri tablosundan doğrulandı (katalog yazımı ARFM.3Y-S3); kutu içeriğinde pens/somun/anahtar yok (site).";https://www.cncdunyasi.com/urun/arel-spindle-motor-2-2-kw-18000-devir-er20-arfm-3y-s3
Spindle motorlar;Arel;ARFM-3Y-S3;ARFM.3Y-S3;Arel ARFM-3Y-S3 spindle motor, 2,2 kW, 18.000 d/dk, ER25;Arel ARFM.3Y;"Seri: Arel ARFM.3Y; Ürün tipi: Yüksek frekanslı spindle motor, yuvarlak gövde; Güç: 2,2 kW; Maksimum devir: 18.000 d/dk; Gerilim: 3 faz Δ220 V / Y380 V; Frekans: 300 Hz; Akım: 8 / 4,6 A; Takım bağlama: ER25; Ağırlık: 6,85 kg; Takım değiştirme: Manuel (pens somunlu)";Katalog pens seçenekleri: ER20 / ER25;2.2 Kw 18.000 Devir Spindle Motoru (ER25);Arel Spindle;Üretici görseli;https://www.arelspindle.com/arfm3y-urunu-342?category=urunler;Yüksek;;"Sitede ER25 pensli varyant satılıyor; Arel'de aynı model ER20 / ER25 seçenekli, siparişte pens belirtilmeli. Kod/değerler arelspindle.com seri tablosundan doğrulandı (katalog yazımı ARFM.3Y-S3); kutu içeriğinde pens/somun/anahtar yok (site).";https://www.cncdunyasi.com/urun/arel-spindle-motor-2-2-kw-18000-devir-er25-arfm-3y-s3
Spindle motorlar;Arel;ARFM-4K-L2;ARFM.4K-L2;Arel ARFM-4K-L2 spindle motor, 5,5 kW, 12.000 d/dk, ER32;Arel ARFM.4K;"Seri: Arel ARFM.4K; Ürün tipi: Yüksek frekanslı spindle motor, kare gövde; Güç: 5,5 kW; Maksimum devir: 12.000 d/dk; Gerilim: 3 faz 380 V (Δ); Frekans: 400 Hz; Akım: 12 A; Takım bağlama: ER32; Ağırlık: 21,5 kg; Takım değiştirme: Manuel (pens somunlu)";Katalog pens seçenekleri: ER32 / ER40;5.5 Kw 12.000 Devir Spindle Motoru (ER32);Arel Spindle;Üretici görseli;https://www.arelspindle.com/arfm4k-urunu-344?category=urunler;Yüksek;;"Sitede ER32 pensli varyant satılıyor; Arel'de aynı model ER32 / ER40 seçenekli, siparişte pens belirtilmeli. Kod/değerler arelspindle.com seri tablosundan doğrulandı (katalog yazımı ARFM.4K-L2); kutu içeriğinde pens/somun/anahtar yok (site).";https://www.cncdunyasi.com/urun/arel-spindle-motor-5-5-kw-12000-devir-er32-arfm-4k-l2
Spindle motorlar;Arel;ARFM-4K-L4;ARFM.4K-L4;Arel ARFM-4K-L4 spindle motor, 2,2 kW, 3.000 d/dk, ER32;Arel ARFM.4K;"Seri: Arel ARFM.4K; Ürün tipi: Yüksek frekanslı spindle motor, kare gövde; Güç: 2,2 kW; Maksimum devir: 3.000 d/dk; Gerilim: 3 faz Δ220 V / Y380 V; Frekans: 50 Hz; Akım: 7,8 / 4,5 A; Takım bağlama: ER32; Ağırlık: 21,5 kg; Takım değiştirme: Manuel (pens somunlu)";Katalog pens seçenekleri: ER32 / ER40;2.2 Kw 3.000 Devir Spindle Motoru (ER32);Arel Spindle;Üretici görseli;https://www.arelspindle.com/arfm4k-urunu-344?category=urunler;Yüksek;;"Sitede ER32 pensli varyant satılıyor; Arel'de aynı model ER32 / ER40 seçenekli, siparişte pens belirtilmeli. Kod/değerler arelspindle.com seri tablosundan doğrulandı (katalog yazımı ARFM.4K-L4); kutu içeriğinde pens/somun/anahtar yok (site).";https://www.cncdunyasi.com/urun/arel-spindle-motor-2-2-kw-3000-devir-er32-arfm-4k-l4
Spindle motorlar;Arel;ARFM-4K-M1;ARFM.4K-M1;Arel ARFM-4K-M1 spindle motor, 3 kW, 6.000 d/dk, ER32;Arel ARFM.4K;"Seri: Arel ARFM.4K; Ürün tipi: Yüksek frekanslı spindle motor, kare gövde; Güç: 3 kW; Maksimum devir: 6.000 d/dk; Gerilim: 3 faz Δ220 V / Y380 V; Frekans: 200 Hz; Akım: 10,4 / 6 A; Takım bağlama: ER32; Ağırlık: 17,5 kg; Takım değiştirme: Manuel (pens somunlu)";Katalog pens seçenekleri: ER32 / ER40;3 Kw 6.000 Devir Spindle Motoru (ER32);Arel Spindle;Üretici görseli;https://www.arelspindle.com/arfm4k-urunu-344?category=urunler;Yüksek;"Adres kısaltmasındaki kod (ARFM.3K-M1) yanlış; ürün adındaki 3 kW / 6.000 d/dk değerleri Arel kataloğunda ARFM.4K-M1 modeline karşılık gelir.";"Sitede ER32 pensli varyant satılıyor; Arel'de aynı model ER32 / ER40 seçenekli, siparişte pens belirtilmeli. Kod/değerler arelspindle.com seri tablosundan doğrulandı (katalog yazımı ARFM.4K-M1); kutu içeriğinde pens/somun/anahtar yok (site).";https://www.cncdunyasi.com/urun/arel-spindle-motor-3-kw-6000-devir-er32-arfm-3k-m1
Spindle motorlar;Arel;ARFM-4K-M2;ARFM.4K-M2;Arel ARFM-4K-M2 spindle motor, 4 kW, 12.000 d/dk, ER32;Arel ARFM.4K;"Seri: Arel ARFM.4K; Ürün tipi: Yüksek frekanslı spindle motor, kare gövde; Güç: 4 kW; Maksimum devir: 12.000 d/dk; Gerilim: 3 faz Δ220 V / Y380 V; Frekans: 200 Hz; Akım: 14 / 8,2 A; Takım bağlama: ER32; Ağırlık: 17,5 kg; Takım değiştirme: Manuel (pens somunlu)";Katalog pens seçenekleri: ER32 / ER40;4 Kw 12.000 Devir Spindle Motoru (ER32);Arel Spindle;Üretici görseli;https://www.arelspindle.com/arfm4k-urunu-344?category=urunler;Yüksek;;"Sitede ER32 pensli varyant satılıyor; Arel'de aynı model ER32 / ER40 seçenekli, siparişte pens belirtilmeli. Kod/değerler arelspindle.com seri tablosundan doğrulandı (katalog yazımı ARFM.4K-M2); kutu içeriğinde pens/somun/anahtar yok (site).";https://www.cncdunyasi.com/urun/arel-spindle-motor-4-kw-12000-devir-er32-arfm-4k-m2
Spindle motorlar;Arel;ARFM-4K-S2;ARFM.4K-S2;Arel ARFM-4K-S2 spindle motor, 3 kW, 12.000 d/dk, ER32;Arel ARFM.4K;"Seri: Arel ARFM.4K; Ürün tipi: Yüksek frekanslı spindle motor, kare gövde; Güç: 3 kW; Maksimum devir: 12.000 d/dk; Gerilim: 3 faz Δ220 V / Y380 V; Frekans: 200 Hz; Akım: 10,4 / 6 A; Takım bağlama: ER32; Ağırlık: 13,5 kg; Takım değiştirme: Manuel (pens somunlu)";Katalog pens seçenekleri: ER32 / ER40;3 Kw 12.000 Devir Spindle Motoru (ER32);Arel Spindle;Üretici görseli;https://www.arelspindle.com/arfm4k-urunu-344?category=urunler;Yüksek;;"Sitede ER32 pensli varyant satılıyor; Arel'de aynı model ER32 / ER40 seçenekli, siparişte pens belirtilmeli. Kod/değerler arelspindle.com seri tablosundan doğrulandı (katalog yazımı ARFM.4K-S2); kutu içeriğinde pens/somun/anahtar yok (site).";https://www.cncdunyasi.com/urun/arel-spindle-motor-3-kw-12000-devir-er32-arfm-4k-s2
Spindle motorlar;Arel;ARFM-4K-S2;ARFM.4K-S2;Arel ARFM-4K-S2 spindle motor, 3 kW, 12.000 d/dk, ER40;Arel ARFM.4K;"Seri: Arel ARFM.4K; Ürün tipi: Yüksek frekanslı spindle motor, kare gövde; Güç: 3 kW; Maksimum devir: 12.000 d/dk; Gerilim: 3 faz Δ220 V / Y380 V; Frekans: 200 Hz; Akım: 10,4 / 6 A; Takım bağlama: ER40; Ağırlık: 13,5 kg; Takım değiştirme: Manuel (pens somunlu)";Katalog pens seçenekleri: ER32 / ER40;3 Kw 12.000 Devir Spindle Motoru (ER40);Arel Spindle;Üretici görseli;https://www.arelspindle.com/arfm4k-urunu-344?category=urunler;Yüksek;;"Sitede ER40 pensli varyant satılıyor; Arel'de aynı model ER32 / ER40 seçenekli, siparişte pens belirtilmeli. Kod/değerler arelspindle.com seri tablosundan doğrulandı (katalog yazımı ARFM.4K-S2); kutu içeriğinde pens/somun/anahtar yok (site).";https://www.cncdunyasi.com/urun/arel-spindle-motor-3-kw-12000-devir-er40-arfm-4k-s2
Spindle motorlar;Arel;ARFM-4T-L2;ARFM.4T-L2;Arel ARFM-4T-L2 spindle motor, 5,5 kW, 12.000 d/dk, SK30, otomatik takım değiştirmeli;Arel ARFM-T;"Seri: Arel ARFM-T; Ürün tipi: Yüksek frekanslı spindle motor, otomatik takım değiştirmeli; Güç: 5,5 kW; Maksimum devir: 12.000 d/dk; Gerilim: 3 faz 380 V (Δ); Frekans: 400 Hz; Akım: 12 A; Takım bağlama: SK30 (ATC konik); Ağırlık: 27,5 kg; Takım değiştirme: Otomatik (ATC)";;5.5 Kw 12.000 Devir Takım Değiştirmeli Spindle Motoru;Arel Spindle;Üretici görseli;https://www.arelspindle.com/arfm-takim-degistirmeli-motorlar-urunu-347?category=urunler;Yüksek;;"Takım tutucu: SK30. Kod/değerler arelspindle.com seri tablosundan doğrulandı (katalog yazımı ARFM.4T-L2); kutu içeriğinde pens/somun/anahtar yok (site).";https://www.cncdunyasi.com/urun/arel-takim-degistirmeli-spindle-motoru-5-5-kw-12000-devir-sk-30-atc
Spindle motorlar;Arel;ARFM-4T-L3;ARFM.4T-L3;Arel ARFM-4T-L3 spindle motor, 7,5 kW, 18.000 d/dk, SK30, otomatik takım değiştirmeli;Arel ARFM-T;"Seri: Arel ARFM-T; Ürün tipi: Yüksek frekanslı spindle motor, otomatik takım değiştirmeli; Güç: 7,5 kW; Maksimum devir: 18.000 d/dk; Gerilim: 3 faz Δ220 V / Y380 V; Frekans: 300 Hz; Akım: 26,5 / 15,5 A; Takım bağlama: SK30 (ATC konik); Ağırlık: 27,5 kg; Takım değiştirme: Otomatik (ATC)";;7.5 Kw 18.000 Devir Takım Değiştirmeli Spindle Motoru;Arel Spindle;Üretici görseli;https://www.arelspindle.com/arfm-takim-degistirmeli-motorlar-urunu-347?category=urunler;Yüksek;;"Takım tutucu: SK30. Kod/değerler arelspindle.com seri tablosundan doğrulandı (katalog yazımı ARFM.4T-L3); kutu içeriğinde pens/somun/anahtar yok (site).";https://www.cncdunyasi.com/urun/arel-takim-degistirmeli-spindle-motoru-7-5-kw-18000-devir-sk-30-atc
Spindle motorlar;Arel;ARFM-4T-M2;ARFM.4T-M2;Arel ARFM-4T-M2 spindle motor, 4 kW, 12.000 d/dk, SK30, otomatik takım değiştirmeli;Arel ARFM-T;"Seri: Arel ARFM-T; Ürün tipi: Yüksek frekanslı spindle motor, otomatik takım değiştirmeli; Güç: 4 kW; Maksimum devir: 12.000 d/dk; Gerilim: 3 faz Δ220 V / Y380 V; Frekans: 200 Hz; Akım: 14 / 8,2 A; Takım bağlama: SK30 (ATC konik); Ağırlık: 24,5 kg; Takım değiştirme: Otomatik (ATC)";;4 Kw 12.000 Devir Takım Değiştirmeli Spindle Motoru;Arel Spindle;Üretici görseli;https://www.arelspindle.com/arfm-takim-degistirmeli-motorlar-urunu-347?category=urunler;Yüksek;;"Takım tutucu: SK30. Kod/değerler arelspindle.com seri tablosundan doğrulandı (katalog yazımı ARFM.4T-M2); kutu içeriğinde pens/somun/anahtar yok (site).";https://www.cncdunyasi.com/urun/arel-takim-degistirmeli-spindle-motoru-4-kw-12000-devir-sk-30-atc
Spindle motorlar;Arel;ARFM-4T-M3;ARFM.4T-M3;Arel ARFM-4T-M3 spindle motor, 5,5 kW, 18.000 d/dk, SK30, otomatik takım değiştirmeli;Arel ARFM-T;"Seri: Arel ARFM-T; Ürün tipi: Yüksek frekanslı spindle motor, otomatik takım değiştirmeli; Güç: 5,5 kW; Maksimum devir: 18.000 d/dk; Gerilim: 3 faz Δ220 V / Y380 V; Frekans: 300 Hz; Akım: 21 / 12 A; Takım bağlama: SK30 (ATC konik); Ağırlık: 24,5 kg; Takım değiştirme: Otomatik (ATC)";;5.5 Kw 18.000 Devir Takım Değiştirmeli Spindle Motoru;Arel Spindle;Üretici görseli;https://www.arelspindle.com/arfm-takim-degistirmeli-motorlar-urunu-347?category=urunler;Yüksek;;"Takım tutucu: SK30. Kod/değerler arelspindle.com seri tablosundan doğrulandı (katalog yazımı ARFM.4T-M3); kutu içeriğinde pens/somun/anahtar yok (site).";https://www.cncdunyasi.com/urun/arel-takim-degistirmeli-spindle-motoru-5-5-kw-18000-devir-sk-30-atc
Spindle motorlar;Arel;ARFM-4T-S2;ARFM.4T-S2;Arel ARFM-4T-S2 spindle motor, 3 kW, 12.000 d/dk, SK30, otomatik takım değiştirmeli;Arel ARFM-T;"Seri: Arel ARFM-T; Ürün tipi: Yüksek frekanslı spindle motor, otomatik takım değiştirmeli; Güç: 3 kW; Maksimum devir: 12.000 d/dk; Gerilim: 3 faz Δ220 V / Y380 V; Frekans: 200 Hz; Akım: 10,4 / 6 A; Takım bağlama: SK30 (ATC konik); Ağırlık: 20,5 kg; Takım değiştirme: Otomatik (ATC)";;3 Kw 12.000 Devir Takım Değiştirmeli Spindle Motoru;Arel Spindle;Üretici görseli;https://www.arelspindle.com/arfm-takim-degistirmeli-motorlar-urunu-347?category=urunler;Yüksek;;"Takım tutucu: SK30. Kod/değerler arelspindle.com seri tablosundan doğrulandı (katalog yazımı ARFM.4T-S2); kutu içeriğinde pens/somun/anahtar yok (site).";https://www.cncdunyasi.com/urun/arel-takim-degistirmeli-spindle-motoru-3-kw-12000-devir-sk-30-atc
Spindle motorlar;Arel;ARFM-4T-S3;ARFM.4T-S3;Arel ARFM-4T-S3 spindle motor, 4 kW, 18.000 d/dk, SK30, otomatik takım değiştirmeli;Arel ARFM-T;"Seri: Arel ARFM-T; Ürün tipi: Yüksek frekanslı spindle motor, otomatik takım değiştirmeli; Güç: 4 kW; Maksimum devir: 18.000 d/dk; Gerilim: 3 faz Δ220 V / Y380 V; Frekans: 300 Hz; Akım: 14 / 8,2 A; Takım bağlama: SK30 (ATC konik); Ağırlık: 20,5 kg; Takım değiştirme: Otomatik (ATC)";;4 Kw 18.000 Devir Takım Değiştirmeli Spindle Motoru;Arel Spindle;Üretici görseli;https://www.arelspindle.com/arfm-takim-degistirmeli-motorlar-urunu-347?category=urunler;Yüksek;;"Takım tutucu: SK30. Kod/değerler arelspindle.com seri tablosundan doğrulandı (katalog yazımı ARFM.4T-S3); kutu içeriğinde pens/somun/anahtar yok (site).";https://www.cncdunyasi.com/urun/arel-takim-degistirmeli-spindle-motoru-4-kw-18000-devir-sk-30-atc
Spindle motorlar;Arel;ARFM-5T-L1;ARFM.5T-L1;Arel ARFM-5T-L1 spindle motor, 6 kW, 6.000 d/dk, SK30, otomatik takım değiştirmeli;Arel ARFM-T;"Seri: Arel ARFM-T; Ürün tipi: Yüksek frekanslı spindle motor, otomatik takım değiştirmeli; Güç: 6 kW; Maksimum devir: 6.000 d/dk; Gerilim: 3 faz Δ220 V / Y380 V; Frekans: 200 Hz; Akım: 22,5 / 13 A; Takım bağlama: SK30 (ATC konik); Ağırlık: 44 kg; Takım değiştirme: Otomatik (ATC)";;6 Kw 6.000 Devir Takım Değiştirmeli Spindle Motoru;Arel Spindle;Üretici görseli;https://www.arelspindle.com/arfm-takim-degistirmeli-motorlar-urunu-347?category=urunler;Yüksek;;"Takım tutucu: SK30. Kod/değerler arelspindle.com seri tablosundan doğrulandı (katalog yazımı ARFM.5T-L1); kutu içeriğinde pens/somun/anahtar yok (site).";https://www.cncdunyasi.com/urun/arel-takim-degistirmeli-spindle-motoru-6-kw-6000-devir-sk-30-atc
Spindle motorlar;Arel;ARFM-5T-L2;ARFM.5T-L2;Arel ARFM-5T-L2 spindle motor, 9 kW, 12.000 d/dk, SK30, otomatik takım değiştirmeli;Arel ARFM-T;"Seri: Arel ARFM-T; Ürün tipi: Yüksek frekanslı spindle motor, otomatik takım değiştirmeli; Güç: 9 kW; Maksimum devir: 12.000 d/dk; Gerilim: 3 faz 380 V (Δ); Frekans: 400 Hz; Akım: 17 A; Takım bağlama: SK30 (ATC konik); Ağırlık: 44 kg; Takım değiştirme: Otomatik (ATC)";;9 Kw 12.000 Devir Takım Değiştirmeli Spindle Motoru;Arel Spindle;Üretici görseli;https://www.arelspindle.com/arfm-takim-degistirmeli-motorlar-urunu-347?category=urunler;Yüksek;;"Takım tutucu: SK30. Kod/değerler arelspindle.com seri tablosundan doğrulandı (katalog yazımı ARFM.5T-L2); kutu içeriğinde pens/somun/anahtar yok (site).";https://www.cncdunyasi.com/urun/arel-takim-degistirmeli-spindle-motoru-9-kw-12000-devir-sk-30-atc
Spindle motorlar;Arel;ARFM-5Y-L1;ARFM.5Y-L1;Arel ARFM-5Y-L1 spindle motor, 6 kW, 6.000 d/dk, ER32;Arel ARFM.5Y;"Seri: Arel ARFM.5Y; Ürün tipi: Yüksek frekanslı spindle motor, yuvarlak gövde; Güç: 6 kW; Maksimum devir: 6.000 d/dk; Gerilim: 3 faz Δ220 V / Y380 V; Frekans: 200 Hz; Akım: 22,5 / 13 A; Takım bağlama: ER32; Ağırlık: 41 kg; Takım değiştirme: Manuel (pens somunlu)";Katalog pens seçenekleri: ER32 / ER40;6 Kw 6.000 Devir Spindle Motoru (ER32);Arel Spindle;Üretici görseli;https://www.arelspindle.com/arfm5y-urunu-345?category=urunler;Yüksek;;"Sitede ER32 pensli varyant satılıyor; Arel'de aynı model ER32 / ER40 seçenekli, siparişte pens belirtilmeli. Kod/değerler arelspindle.com seri tablosundan doğrulandı (katalog yazımı ARFM.5Y-L1); kutu içeriğinde pens/somun/anahtar yok (site).";https://www.cncdunyasi.com/urun/arel-spindle-motor-6-kw-6000-devir-er32-arfm-5y-l1
Spindle motorlar;Arel;ARFM-5Y-L2;ARFM.5Y-L2;Arel ARFM-5Y-L2 spindle motor, 9 kW, 12.000 d/dk, ER32;Arel ARFM.5Y;"Seri: Arel ARFM.5Y; Ürün tipi: Yüksek frekanslı spindle motor, yuvarlak gövde; Güç: 9 kW; Maksimum devir: 12.000 d/dk; Gerilim: 3 faz 380 V (Δ); Frekans: 400 Hz; Akım: 17 A; Takım bağlama: ER32; Ağırlık: 41 kg; Takım değiştirme: Manuel (pens somunlu)";Katalog pens seçenekleri: ER32 / ER40;9 Kw 12.000 Devir Spindle Motoru (ER32);Arel Spindle;Üretici görseli;https://www.arelspindle.com/arfm5y-urunu-345?category=urunler;Yüksek;;"Sitede ER32 pensli varyant satılıyor; Arel'de aynı model ER32 / ER40 seçenekli, siparişte pens belirtilmeli. Kod/değerler arelspindle.com seri tablosundan doğrulandı (katalog yazımı ARFM.5Y-L2); kutu içeriğinde pens/somun/anahtar yok (site).";https://www.cncdunyasi.com/urun/arel-spindle-motor-9-kw-12000-devir-er32-arfm-5y-l2
Spindle motorlar;Arel;ARFM-5Y-M1;ARFM.5Y-M1;Arel ARFM-5Y-M1 spindle motor, 4 kW, 6.000 d/dk, ER32;Arel ARFM.5Y;"Seri: Arel ARFM.5Y; Ürün tipi: Yüksek frekanslı spindle motor, yuvarlak gövde; Güç: 4 kW; Maksimum devir: 6.000 d/dk; Gerilim: 3 faz Δ220 V / Y380 V; Frekans: 200 Hz; Akım: 14 / 8,2 A; Takım bağlama: ER32; Ağırlık: 29,5 kg; Takım değiştirme: Manuel (pens somunlu)";Katalog pens seçenekleri: ER32 / ER40;4 Kw 6.000 Devir Spindle Motoru (ER32);Arel Spindle;Üretici görseli;https://www.arelspindle.com/arfm5y-urunu-345?category=urunler;Yüksek;;"Sitede ER32 pensli varyant satılıyor; Arel'de aynı model ER32 / ER40 seçenekli, siparişte pens belirtilmeli. Kod/değerler arelspindle.com seri tablosundan doğrulandı (katalog yazımı ARFM.5Y-M1); kutu içeriğinde pens/somun/anahtar yok (site).";https://www.cncdunyasi.com/urun/arel-spindle-motor-4-kw-6000-devir-er32-arfm-5y-m1
Spindle motorlar;Arel;ARFM-5Y-M2;ARFM.5Y-M2;Arel ARFM-5Y-M2 spindle motor, 6 kW, 12.000 d/dk, ER32;Arel ARFM.5Y;"Seri: Arel ARFM.5Y; Ürün tipi: Yüksek frekanslı spindle motor, yuvarlak gövde; Güç: 6 kW; Maksimum devir: 12.000 d/dk; Gerilim: 3 faz 380 V (Δ); Frekans: 400 Hz; Akım: 13 A; Takım bağlama: ER32; Ağırlık: 29,5 kg; Takım değiştirme: Manuel (pens somunlu)";Katalog pens seçenekleri: ER32 / ER40;6 Kw 12.000 Devir Spindle Motoru (ER32);Arel Spindle;Üretici görseli;https://www.arelspindle.com/arfm5y-urunu-345?category=urunler;Yüksek;;"Sitede ER32 pensli varyant satılıyor; Arel'de aynı model ER32 / ER40 seçenekli, siparişte pens belirtilmeli. Kod/değerler arelspindle.com seri tablosundan doğrulandı (katalog yazımı ARFM.5Y-M2); kutu içeriğinde pens/somun/anahtar yok (site).";https://www.cncdunyasi.com/urun/arel-spindle-motor-6-kw-12000-devir-er32-arfm-5y-m2
Spindle motorlar;Arel;ARFM-6T-L1;ARFM.6T-L1;Arel ARFM-6T-L1 spindle motor, 9 kW, 6.000 d/dk, SK30, otomatik takım değiştirmeli;Arel ARFM-T;"Seri: Arel ARFM-T; Ürün tipi: Yüksek frekanslı spindle motor, otomatik takım değiştirmeli; Güç: 9 kW; Maksimum devir: 6.000 d/dk; Gerilim: 3 faz 380 V (Δ); Frekans: 200 Hz; Akım: 20 A; Takım bağlama: SK30 (ATC konik); Ağırlık: 54 kg; Takım değiştirme: Otomatik (ATC)";;9 Kw 6.000 Devir Takım Değiştirmeli Spindle Motoru (SK-30);Arel Spindle;Üretici görseli;https://www.arelspindle.com/arfm-takim-degistirmeli-motorlar-urunu-347?category=urunler;Yüksek;;"Takım tutucu: SK30. Kod/değerler arelspindle.com seri tablosundan doğrulandı (katalog yazımı ARFM.6T-L1); kutu içeriğinde pens/somun/anahtar yok (site).";https://www.cncdunyasi.com/urun/arel-takim-degistirmeli-spindle-motoru-9-kw-6000-devir-sk-30-atc
Spindle motorlar;Arel;ARFM-6T-L1;ARFM.6T-L1;Arel ARFM-6T-L1 spindle motor, 9 kW, 6.000 d/dk, BT40, otomatik takım değiştirmeli;Arel ARFM-T;"Seri: Arel ARFM-T; Ürün tipi: Yüksek frekanslı spindle motor, otomatik takım değiştirmeli; Güç: 9 kW; Maksimum devir: 6.000 d/dk; Gerilim: 3 faz 380 V (Δ); Frekans: 200 Hz; Akım: 20 A; Takım bağlama: BT40 (ATC konik); Ağırlık: 54 kg; Takım değiştirme: Otomatik (ATC)";;9 Kw 6.000 Devir Takım Değiştirmeli Spindle Motoru (BT-40);Arel Spindle;Üretici görseli;https://www.arelspindle.com/arfm-takim-degistirmeli-motorlar-urunu-347?category=urunler;Yüksek;;"Takım tutucu: BT40. Kod/değerler arelspindle.com seri tablosundan doğrulandı (katalog yazımı ARFM.6T-L1); kutu içeriğinde pens/somun/anahtar yok (site).";https://www.cncdunyasi.com/urun/arel-takim-degistirmeli-spindle-motoru-9-kw-6000-devir-bt-40-atc
Spindle motorlar;Arel;ARFM-6T-L2;ARFM.6T-L2;Arel ARFM-6T-L2 spindle motor, 12,5 kW, 12.000 d/dk, SK30, otomatik takım değiştirmeli;Arel ARFM-T;"Seri: Arel ARFM-T; Ürün tipi: Yüksek frekanslı spindle motor, otomatik takım değiştirmeli; Güç: 12,5 kW; Maksimum devir: 12.000 d/dk; Gerilim: 3 faz 380 V (Δ); Frekans: 400 Hz; Akım: 26 A; Takım bağlama: SK30 (ATC konik); Ağırlık: 54 kg; Takım değiştirme: Otomatik (ATC)";;12.5 Kw 12.000 Devir Takım Değiştirmeli Spindle Motoru (SK-30);Arel Spindle;Üretici görseli;https://www.arelspindle.com/arfm-takim-degistirmeli-motorlar-urunu-347?category=urunler;Yüksek;;"Takım tutucu: SK30. Kod/değerler arelspindle.com seri tablosundan doğrulandı (katalog yazımı ARFM.6T-L2); kutu içeriğinde pens/somun/anahtar yok (site).";https://www.cncdunyasi.com/urun/arel-takim-degistirmeli-spindle-motoru-12-5-kw-12000-devir-sk-30-atc
Spindle motorlar;Arel;ARFM-6T-L2;ARFM.6T-L2;Arel ARFM-6T-L2 spindle motor, 12,5 kW, 12.000 d/dk, BT40, otomatik takım değiştirmeli;Arel ARFM-T;"Seri: Arel ARFM-T; Ürün tipi: Yüksek frekanslı spindle motor, otomatik takım değiştirmeli; Güç: 12,5 kW; Maksimum devir: 12.000 d/dk; Gerilim: 3 faz 380 V (Δ); Frekans: 400 Hz; Akım: 26 A; Takım bağlama: BT40 (ATC konik); Ağırlık: 54 kg; Takım değiştirme: Otomatik (ATC)";;12.5 Kw 12.000 Devir Takım Değiştirmeli Spindle Motoru (BT-40);Arel Spindle;Üretici görseli;https://www.arelspindle.com/arfm-takim-degistirmeli-motorlar-urunu-347?category=urunler;Yüksek;;"Takım tutucu: BT40. Kod/değerler arelspindle.com seri tablosundan doğrulandı (katalog yazımı ARFM.6T-L2); kutu içeriğinde pens/somun/anahtar yok (site).";https://www.cncdunyasi.com/urun/arel-takim-degistirmeli-spindle-motoru-12-5-kw-12000-devir-bt-40-atc
Spindle motorlar;Arel;ARFM-6Y-L1;ARFM.6Y-L1;Arel ARFM-6Y-L1 spindle motor, 9 kW, 6.000 d/dk, ER32;Arel ARFM.6Y;"Seri: Arel ARFM.6Y; Ürün tipi: Yüksek frekanslı spindle motor, yuvarlak gövde; Güç: 9 kW; Maksimum devir: 6.000 d/dk; Gerilim: 3 faz 380 V (Δ); Frekans: 200 Hz; Akım: 20 A; Takım bağlama: ER32; Ağırlık: 50 kg; Takım değiştirme: Manuel (pens somunlu)";Katalog pens seçenekleri: ER32 / ER40;9 Kw 6.000 Devir Spindle Motoru (ER32);Arel Spindle;Üretici görseli;https://www.arelspindle.com/arfm6y-urunu-346?category=urunler;Yüksek;;"Sitede ER32 pensli varyant satılıyor; Arel'de aynı model ER32 / ER40 seçenekli, siparişte pens belirtilmeli. Kod/değerler arelspindle.com seri tablosundan doğrulandı (katalog yazımı ARFM.6Y-L1); kutu içeriğinde pens/somun/anahtar yok (site).";https://www.cncdunyasi.com/urun/arel-spindle-motor-9-kw-6000-devir-er32-arfm-6y-l1
Spindle motorlar;Arel;ARFM-6Y-L2;ARFM.6Y-L2;Arel ARFM-6Y-L2 spindle motor, 12,5 kW, 12.000 d/dk, ER32;Arel ARFM.6Y;"Seri: Arel ARFM.6Y; Ürün tipi: Yüksek frekanslı spindle motor, yuvarlak gövde; Güç: 12,5 kW; Maksimum devir: 12.000 d/dk; Gerilim: 3 faz 380 V (Δ); Frekans: 400 Hz; Akım: 26 A; Takım bağlama: ER32; Ağırlık: 50 kg; Takım değiştirme: Manuel (pens somunlu)";Katalog pens seçenekleri: ER32 / ER40;12.5 Kw 12.000 Devir Spindle Motoru (ER32);Arel Spindle;Üretici görseli;https://www.arelspindle.com/arfm6y-urunu-346?category=urunler;Yüksek;"Ürün adında ER32, açıklamada ER40 pens yazıyor; tutarsız.";"Sitede ER32 pensli varyant satılıyor; Arel'de aynı model ER32 / ER40 seçenekli, siparişte pens belirtilmeli. Kod/değerler arelspindle.com seri tablosundan doğrulandı (katalog yazımı ARFM.6Y-L2); kutu içeriğinde pens/somun/anahtar yok (site).";https://www.cncdunyasi.com/urun/arel-spindle-motor-12-5-kw-12000-devir-er32-arfm-6y-l2
Spindle motorlar;Arel;ARFM-6Y-L4;ARFM.6Y-L4;Arel ARFM-6Y-L4 spindle motor, 6 kW, 3.000 d/dk, ER32;Arel ARFM.6Y;"Seri: Arel ARFM.6Y; Ürün tipi: Yüksek frekanslı spindle motor, yuvarlak gövde; Güç: 6 kW; Maksimum devir: 3.000 d/dk; Gerilim: 3 faz Δ220 V / Y380 V; Frekans: 50 Hz; Akım: 18 / 10,5 A; Takım bağlama: ER32; Ağırlık: 50 kg; Takım değiştirme: Manuel (pens somunlu)";Katalog pens seçenekleri: ER32 / ER40;6 Kw 3.000 Devir Spindle Motoru (ER32);Arel Spindle;Üretici görseli;https://www.arelspindle.com/arfm6y-urunu-346?category=urunler;Yüksek;;"Sitede ER32 pensli varyant satılıyor; Arel'de aynı model ER32 / ER40 seçenekli, siparişte pens belirtilmeli. Kod/değerler arelspindle.com seri tablosundan doğrulandı (katalog yazımı ARFM.6Y-L4); kutu içeriğinde pens/somun/anahtar yok (site).";https://www.cncdunyasi.com/urun/arel-spindle-motor-6-kw-3000-devir-er32-arfm-6y-l4
Step ve servo motorlar, sürücüler;Jkon-Tek;EC57-23;EC5723;Jkon-Tek EC57-23 enkoderli (kapalı çevrim) step motor, 2,3 Nm, 1000 PPR;Jkon-Tek EC (kapalı çevrim);"Seri: Jkon-Tek EC (kapalı çevrim); Ürün tipi: Kapalı çevrim (enkoderli) hibrit step motor; Flanş (NEMA): NEMA 23 (57 mm); Tutma torku: 2,3 Nm; Faz akımı: 4,5 A; Adım açısı: 1,8°; Mil çapı: 8 mm; Gövde uzunluğu: 103 mm; Enkoder: Entegre, 1000 PPR; Fren: Yok";Önerilen sürücü: EC808D;2.3 Nm Enkoderli Step Motor;Jkon-tek;Yok;;Orta;"Site kodu tiresiz yazılmış (EC5723); distribütör listesinde EC57-23. Model alanı 'Tork:' etiketiyle birleşik.";"Kod ve değerler Jkon-Tek Türkiye distribütörü fiyat listesinden (Max Otomasyon, 2026) doğrulandı; üreticinin resmi ürün sitesi bulunamadı.";https://www.cncdunyasi.com/urun/2-3-nm-enkoderli-step-motor-ec5723
Step ve servo motorlar, sürücüler;Jkon-Tek;EC60-35;EC6035;Jkon-Tek EC60-35 enkoderli (kapalı çevrim) step motor, 3,5 Nm, 1000 PPR;Jkon-Tek EC (kapalı çevrim);"Seri: Jkon-Tek EC (kapalı çevrim); Ürün tipi: Kapalı çevrim (enkoderli) hibrit step motor; Flanş (NEMA): 60 mm flanş (NEMA 24); Tutma torku: 3,5 Nm; Faz akımı: 5,0 A; Adım açısı: 1,8°; Mil çapı: 8 mm; Gövde uzunluğu: 135 mm; Enkoder: Entegre, 1000 PPR; Fren: Yok";Önerilen sürücü: EC808D;3.5 Nm Enkoderli Step Motor;Jkon-tek;Yok;;Orta;"Site kodu tiresiz yazılmış (EC6035); distribütör listesinde EC60-35. Model alanı 'Tork:' etiketiyle birleşik.";"Kod ve değerler Jkon-Tek Türkiye distribütörü fiyat listesinden (Max Otomasyon, 2026) doğrulandı; üreticinin resmi ürün sitesi bulunamadı.";https://www.cncdunyasi.com/urun/3-5-nm-enkoderli-step-motor-ec6035
Step ve servo motorlar, sürücüler;Jkon-Tek;EC808AH;;Jkon-Tek EC808AH kapalı çevrim step motor sürücü, 24–110 V DC / 20–80 V AC, 8 A;Jkon-Tek EC (kapalı çevrim);"Seri: Jkon-Tek EC (kapalı çevrim); Ürün tipi: Kapalı çevrim (enkoderli) step motor sürücü; Besleme gerilimi: 24–110 V DC / 20–80 V AC; Faz akımı: 8,0 A sürekli, 10 A tepe; Enkoder: 500–5000 PPR ayarlanabilir (varsayılan 1000)";"Maks. pals frekansı: 500 kHz; Alarm: Hata LED'i ve alarm çıkışı; Uyumlu motorlar: EC57 / EC60 / EC86";EC808AH Kapalı Çevrim Step Motor Sürücü;Jkon-tek;Yok;;Orta;"Açıklama besleme gerilimini vermiyor (değer distribütör listesinden); açıklamada yalnız 86 flanş uyumlu denmiş, listede EC57/60/86.";"Kod ve değerler Jkon-Tek Türkiye distribütörü fiyat listesinden (Max Otomasyon, 2026) doğrulandı; üreticinin resmi ürün sitesi bulunamadı.";https://www.cncdunyasi.com/urun/ec808ah-kapali-cevrim-step-motor-surucu
Step ve servo motorlar, sürücüler;Jkon-Tek;EC808D;;Jkon-Tek EC808D kapalı çevrim step motor sürücü, 24–80 V DC, 8 A;Jkon-Tek EC (kapalı çevrim);"Seri: Jkon-Tek EC (kapalı çevrim); Ürün tipi: Kapalı çevrim (enkoderli) step motor sürücü; Besleme gerilimi: 24–80 V DC; Faz akımı: maks. 8,0 A sürekli; Enkoder: 500–5000 PPR ayarlanabilir (varsayılan 1000)";"Maks. pals frekansı: 500 kHz (varsayılan 200 kHz); Haberleşme: RJ45 seri port (TTL hata ayıklama); Uyumlu motorlar: 42 / 57 / 60 / 86 flanş";EC808D Kapalı Çevrim Step Motor Sürücü;Jkon-tek;Yok;;Orta;;"Kod ve değerler Jkon-Tek Türkiye distribütörü fiyat listesinden (Max Otomasyon, 2026) doğrulandı; üreticinin resmi ürün sitesi bulunamadı.";https://www.cncdunyasi.com/urun/ec808d-kapali-cevrim-step-motor-surucu
Step ve servo motorlar, sürücüler;Jkon-Tek;EC86-120;EC86120;Jkon-Tek EC86-120 enkoderli (kapalı çevrim) step motor, 12 Nm, 1000 PPR;Jkon-Tek EC (kapalı çevrim);"Seri: Jkon-Tek EC (kapalı çevrim); Ürün tipi: Kapalı çevrim (enkoderli) hibrit step motor; Flanş (NEMA): NEMA 34 (86 mm); Tutma torku: 12 Nm; Faz akımı: 6,0 A; Adım açısı: 1,8°; Mil çapı: 14 mm; Gövde uzunluğu: 150 mm; Enkoder: Entegre, 1000 PPR; Fren: Yok";Önerilen sürücü: EC808D / EC808AH;12 Nm Enkoderli Step Motor;Jkon-tek;Yok;;Orta;"Site kodu tiresiz yazılmış (EC86120); distribütör listesinde EC86-120. Model alanı 'Tork:' etiketiyle birleşik.";"Kod ve değerler Jkon-Tek Türkiye distribütörü fiyat listesinden (Max Otomasyon, 2026) doğrulandı; üreticinin resmi ürün sitesi bulunamadı.";https://www.cncdunyasi.com/urun/12-nm-enkoderli-step-motor-ec86120
Step ve servo motorlar, sürücüler;Jkon-Tek;EC86-45;EC8645;Jkon-Tek EC86-45 enkoderli (kapalı çevrim) step motor, 4,5 Nm, 1000 PPR;Jkon-Tek EC (kapalı çevrim);"Seri: Jkon-Tek EC (kapalı çevrim); Ürün tipi: Kapalı çevrim (enkoderli) hibrit step motor; Flanş (NEMA): NEMA 34 (86 mm); Tutma torku: 4,5 Nm; Faz akımı: 6,0 A; Adım açısı: 1,8°; Mil çapı: 14 mm; Gövde uzunluğu: 103 mm; Enkoder: Entegre, 1000 PPR; Fren: Yok";Önerilen sürücü: EC808D / EC808AH;4.5 Nm Enkoderli Step Motor;Jkon-tek;Yok;;Orta;"Site kodu tiresiz yazılmış (EC8645); distribütör listesinde EC86-45. Model alanı 'Tork:' etiketiyle birleşik.";"Kod ve değerler Jkon-Tek Türkiye distribütörü fiyat listesinden (Max Otomasyon, 2026) doğrulandı; üreticinin resmi ürün sitesi bulunamadı.";https://www.cncdunyasi.com/urun/4-5-nm-enkoderli-step-motor-ec8645
Step ve servo motorlar, sürücüler;Jkon-Tek;EC86-85;EC8685;Jkon-Tek EC86-85 enkoderli (kapalı çevrim) step motor, 8,5 Nm, 1000 PPR;Jkon-Tek EC (kapalı çevrim);"Seri: Jkon-Tek EC (kapalı çevrim); Ürün tipi: Kapalı çevrim (enkoderli) hibrit step motor; Flanş (NEMA): NEMA 34 (86 mm); Tutma torku: 8,5 Nm; Faz akımı: 6,0 A; Adım açısı: 1,8°; Mil çapı: 14 mm; Gövde uzunluğu: 144 mm; Enkoder: Entegre, 1000 PPR; Fren: Yok";Önerilen sürücü: EC808D / EC808AH;8.5 Nm Enkoderli Step Motor;Jkon-tek;Yok;;Orta;"Site kodu tiresiz yazılmış (EC8685); distribütör listesinde EC86-85. Model alanı 'Tork:' etiketiyle birleşik.";"Kod ve değerler Jkon-Tek Türkiye distribütörü fiyat listesinden (Max Otomasyon, 2026) doğrulandı; üreticinin resmi ürün sitesi bulunamadı.";https://www.cncdunyasi.com/urun/8-5-nm-enkoderli-step-motor-ec8685
Step ve servo motorlar, sürücüler;Jkon-Tek;EO42-04;;Jkon-Tek EO42-04 step motor, NEMA 17, 0,5 Nm, 1,5 A;Jkon-Tek EO;"Seri: Jkon-Tek EO; Ürün tipi: 2 fazlı hibrit step motor; Flanş (NEMA): NEMA 17 (42 mm); Tutma torku: 0,5 Nm; Faz akımı: 1,5 A; Adım açısı: 1,8° (200 adım/devir); Mil çapı: 5 mm; Gövde uzunluğu: 47 mm; Fren: Yok";Önerilen sürücü: EO556 / ES4A;0.4 Nm Nema17 Step Motor ;Jkon-tek;Yok;;Orta;"Model alanı 'Tork:' etiketiyle birleşik kaydedilmiş. Ürün adı ve açıklamada tork 0,4 Nm; distribütör listesinde EO42-04 = 0,5 Nm.";"Kod ve değerler Jkon-Tek Türkiye distribütörü fiyat listesinden (Max Otomasyon, 2026) doğrulandı; üreticinin resmi ürün sitesi bulunamadı.";https://www.cncdunyasi.com/urun/jkontek-0-4-nm-nema-17-step-motor-eo42-04
Step ve servo motorlar, sürücüler;Jkon-Tek;EO556;;Jkon-Tek EO556 dijital step motor sürücü, 24–50 V DC, 5,6 A;Jkon-Tek EO;"Seri: Jkon-Tek EO; Ürün tipi: 2 fazlı dijital step motor sürücü; Besleme gerilimi: 24–50 V DC; Faz akımı: maks. 5,6 A (tepe); Mikroadım: 200–51.200 adım/devir (15 kademe)";"Maks. pals frekansı: 500 kHz (varsayılan 200 kHz); Haberleşme: RS-232 (RS-485 opsiyonel); Uyumlu motorlar: EO42 / EO57 / EO60";EO556 Step Motor Sürücü;Jkon-tek;Yok;;Orta;;"Kod ve değerler Jkon-Tek Türkiye distribütörü fiyat listesinden (Max Otomasyon, 2026) doğrulandı; üreticinin resmi ürün sitesi bulunamadı.";https://www.cncdunyasi.com/urun/jkontek-eo556-step-motor-surucu
Step ve servo motorlar, sürücüler;Jkon-Tek;EO57-13;;Jkon-Tek EO57-13 step motor, NEMA 23, 1,3 Nm, 2,8 A;Jkon-Tek EO;"Seri: Jkon-Tek EO; Ürün tipi: 2 fazlı hibrit step motor; Flanş (NEMA): NEMA 23 (57 mm); Tutma torku: 1,3 Nm; Faz akımı: 2,8 A; Adım açısı: 1,8° (200 adım/devir); Mil çapı: 8 mm; Gövde uzunluğu: 54,5 mm; Fren: Yok";Önerilen sürücü: EO556 / ES4A;1.3 Nm Nema23 Step Motor;Jkon-tek;Yok;;Orta;Model alanı 'Tork:' etiketiyle birleşik kaydedilmiş.;"Kod ve değerler Jkon-Tek Türkiye distribütörü fiyat listesinden (Max Otomasyon, 2026) doğrulandı; üreticinin resmi ürün sitesi bulunamadı.";https://www.cncdunyasi.com/urun/jkontek-1-3-nm-nema-23-step-motor-eo57-13
Step ve servo motorlar, sürücüler;Jkon-Tek;EO57-23;;Jkon-Tek EO57-23 step motor, NEMA 23, 2,3 Nm, 5,0 A;Jkon-Tek EO;"Seri: Jkon-Tek EO; Ürün tipi: 2 fazlı hibrit step motor; Flanş (NEMA): NEMA 23 (57 mm); Tutma torku: 2,3 Nm; Faz akımı: 5,0 A; Adım açısı: 1,8° (200 adım/devir); Mil çapı: 8 mm; Gövde uzunluğu: 76 mm; Fren: Yok";Önerilen sürücü: EO556 / ES4A;2.3 Nm Nema23 Step Motor;Jkon-tek;Yok;;Orta;Model alanı 'Tork:' etiketiyle birleşik kaydedilmiş.;"Kod ve değerler Jkon-Tek Türkiye distribütörü fiyat listesinden (Max Otomasyon, 2026) doğrulandı; üreticinin resmi ürün sitesi bulunamadı.";https://www.cncdunyasi.com/urun/jkontek-2-3-nm-nema-23-step-motor-eo57-23
Step ve servo motorlar, sürücüler;Jkon-Tek;EO86-120;;Jkon-Tek EO86-120 step motor, NEMA 34, 12 Nm, 6,0 A;Jkon-Tek EO;"Seri: Jkon-Tek EO; Ürün tipi: 2 fazlı hibrit step motor; Flanş (NEMA): NEMA 34 (86 mm); Tutma torku: 12 Nm; Faz akımı: 6,0 A; Adım açısı: 1,8° (200 adım/devir); Mil çapı: 14 mm; Gövde uzunluğu: 150 mm; Fren: Yok";Önerilen sürücü: EO860AH / ES8A;12 Nm Nema34 Step Motor;Jkon-tek;Yok;;Orta;Model alanı 'Tork:' etiketiyle birleşik kaydedilmiş.;"Kod ve değerler Jkon-Tek Türkiye distribütörü fiyat listesinden (Max Otomasyon, 2026) doğrulandı; üreticinin resmi ürün sitesi bulunamadı.";https://www.cncdunyasi.com/urun/jkontek-12-nm-nema-34-step-motor-eo86-120
Step ve servo motorlar, sürücüler;Jkon-Tek;EO86-120BK;;Jkon-Tek EO86-120BK frenli step motor, NEMA 34, 12 Nm, 4,2 A;Jkon-Tek EO (frenli);"Seri: Jkon-Tek EO (frenli); Ürün tipi: 2 fazlı hibrit step motor, elektromanyetik frenli; Flanş (NEMA): NEMA 34 (86 mm); Tutma torku: 12 Nm; Faz akımı: 4,2 A; Adım açısı: 1,8°; Mil çapı: 14 mm; Gövde uzunluğu: 191 mm (frenli); Fren: Elektromanyetik, enerji kesilince devreye girer (24 V sistemler)";Önerilen sürücü: EO860AH / ES8A;12 Nm Frenli Step Motor Jkontek;Jkon-tek;Yok;;Orta;"Açıklama akım, mil ve gövde ölçüsü vermiyor; üç frenli modelde aynı genel metin.";"Kod ve değerler Jkon-Tek Türkiye distribütörü fiyat listesinden (Max Otomasyon, 2026) doğrulandı; üreticinin resmi ürün sitesi bulunamadı.";https://www.cncdunyasi.com/urun/jkontek-12-nm-frenli-step-motor
Step ve servo motorlar, sürücüler;Jkon-Tek;EO86-45;;Jkon-Tek EO86-45 step motor, NEMA 34, 4,5 Nm, 6,0 A;Jkon-Tek EO;"Seri: Jkon-Tek EO; Ürün tipi: 2 fazlı hibrit step motor; Flanş (NEMA): NEMA 34 (86 mm); Tutma torku: 4,5 Nm; Faz akımı: 6,0 A; Adım açısı: 1,8° (200 adım/devir); Mil çapı: 14 mm; Gövde uzunluğu: 80 mm; Fren: Yok";Önerilen sürücü: EO556 / ES6A;4.5 Nm Nema34 Step Motor;Jkon-tek;Yok;;Orta;;"Kod ve değerler Jkon-Tek Türkiye distribütörü fiyat listesinden (Max Otomasyon, 2026) doğrulandı; üreticinin resmi ürün sitesi bulunamadı.";https://www.cncdunyasi.com/urun/jkontek-4-5-nm-nema-34-step-motor-eo86-45
Step ve servo motorlar, sürücüler;Jkon-Tek;EO86-45BK;;Jkon-Tek EO86-45BK frenli step motor, NEMA 34, 4,5 Nm, 4,2 A;Jkon-Tek EO (frenli);"Seri: Jkon-Tek EO (frenli); Ürün tipi: 2 fazlı hibrit step motor, elektromanyetik frenli; Flanş (NEMA): NEMA 34 (86 mm); Tutma torku: 4,5 Nm; Faz akımı: 4,2 A; Adım açısı: 1,8°; Mil çapı: 12,7 mm; Gövde uzunluğu: 121 mm (frenli); Fren: Elektromanyetik, enerji kesilince devreye girer (24 V sistemler)";Önerilen sürücü: EO556 / ES6A;4,5 Nm Frenli Step Motor Jkontek;Jkon-tek;Yok;;Orta;"Açıklama akım, mil ve gövde ölçüsü vermiyor; üç frenli modelde aynı genel metin.";"Kod ve değerler Jkon-Tek Türkiye distribütörü fiyat listesinden (Max Otomasyon, 2026) doğrulandı; üreticinin resmi ürün sitesi bulunamadı.";https://www.cncdunyasi.com/urun/jkontek-4-5-nm-frenli-step-motor
Step ve servo motorlar, sürücüler;Jkon-Tek;EO86-85;;Jkon-Tek EO86-85 step motor, NEMA 34, 8,5 Nm, 6,0 A;Jkon-Tek EO;"Seri: Jkon-Tek EO; Ürün tipi: 2 fazlı hibrit step motor; Flanş (NEMA): NEMA 34 (86 mm); Tutma torku: 8,5 Nm; Faz akımı: 6,0 A; Adım açısı: 1,8° (200 adım/devir); Mil çapı: 14 mm; Gövde uzunluğu: 118 mm; Fren: Yok";Önerilen sürücü: EO860AH / ES6A / ES8A;8.5 Nm Nema34 Step Motor;Jkon-tek;Yok;;Orta;Model alanı 'Tork:' etiketiyle birleşik kaydedilmiş.;"Kod ve değerler Jkon-Tek Türkiye distribütörü fiyat listesinden (Max Otomasyon, 2026) doğrulandı; üreticinin resmi ürün sitesi bulunamadı.";https://www.cncdunyasi.com/urun/jkontek-8-5-nm-nema-34-step-motor-eo86-85
Step ve servo motorlar, sürücüler;Jkon-Tek;EO86-85BK;;Jkon-Tek EO86-85BK frenli step motor, NEMA 34, 8,5 Nm, 4,2 A;Jkon-Tek EO (frenli);"Seri: Jkon-Tek EO (frenli); Ürün tipi: 2 fazlı hibrit step motor, elektromanyetik frenli; Flanş (NEMA): NEMA 34 (86 mm); Tutma torku: 8,5 Nm; Faz akımı: 4,2 A; Adım açısı: 1,8°; Mil çapı: 12,7 mm; Gövde uzunluğu: 159 mm (frenli); Fren: Elektromanyetik, enerji kesilince devreye girer (24 V sistemler)";Önerilen sürücü: EO860AH / ES6A / ES8A;8,5 Nm Frenli Step Motor Jkontek;Jkon-tek;Yok;;Orta;"Açıklama akım, mil ve gövde ölçüsü vermiyor; üç frenli modelde aynı genel metin.";"Kod ve değerler Jkon-Tek Türkiye distribütörü fiyat listesinden (Max Otomasyon, 2026) doğrulandı; üreticinin resmi ürün sitesi bulunamadı.";https://www.cncdunyasi.com/urun/jkontek-8-5-nm-frenli-step-motor
Step ve servo motorlar, sürücüler;Jkon-Tek;EO860AH;;Jkon-Tek EO860AH dijital step motor sürücü, 24–110 V DC / 20–80 V AC, 7,2 A;Jkon-Tek EO;"Seri: Jkon-Tek EO; Ürün tipi: 2 fazlı dijital step motor sürücü (fanlı metal gövde); Besleme gerilimi: 24–110 V DC / 20–80 V AC; Faz akımı: maks. 7,2 A (tepe); Mikroadım: 16 kademe pals ayarı";"Maks. pals frekansı: 500 kHz (varsayılan 150 kHz); Uyumlu motorlar: EO86";EO860AH Step Motor Sürücü;Jkon-tek;Yok;;Orta;"Açıklamada AC giriş aralığı hem '18–80 V AC' hem '24–80 V AC' yazılmış; distribütör listesinde 20–80 V AC.";"Kod ve değerler Jkon-Tek Türkiye distribütörü fiyat listesinden (Max Otomasyon, 2026) doğrulandı; üreticinin resmi ürün sitesi bulunamadı.";https://www.cncdunyasi.com/urun/eo860ah-step-motor-surucu
Step ve servo motorlar, sürücüler;Jkon-Tek;ES6A;;Jkon-Tek ES6A alarm çıkışlı dijital step motor sürücü, 24–80 V DC / 20–60 V AC, 6 A;Jkon-Tek ES;"Seri: Jkon-Tek ES; Ürün tipi: 2 fazlı dijital step motor sürücü (32 bit DSP), alarm çıkışlı; Besleme gerilimi: 24–80 V DC / 20–60 V AC; Faz akımı: 1,0–6,0 A; Mikroadım: 200–51.200 adım/devir";"Maks. pals frekansı: 500 kHz (varsayılan 200 kHz); Uyumlu motorlar: EO57 / EO60 / EO86 (4, 6, 8 telli)";ES6A Alarm Çıkışlı Step Motor Sürücü;Jkon-tek;Yok;;Orta;;"Kod ve değerler Jkon-Tek Türkiye distribütörü fiyat listesinden (Max Otomasyon, 2026) doğrulandı; üreticinin resmi ürün sitesi bulunamadı.";https://www.cncdunyasi.com/urun/es6a-alarm-cikisli-step-motor-surucu
Step ve servo motorlar, sürücüler;Jkon-Tek;ES8A;;Jkon-Tek ES8A alarm çıkışlı dijital step motor sürücü, 24–110 V DC / 20–80 V AC, 8,4 A;Jkon-Tek ES;"Seri: Jkon-Tek ES; Ürün tipi: 2 fazlı dijital step motor sürücü (32 bit DSP), alarm çıkışlı; Besleme gerilimi: 24–110 V DC / 20–80 V AC; Faz akımı: 2,0–8,4 A; Mikroadım: 200–51.200 adım/devir";"Maks. pals frekansı: 500 kHz (varsayılan 200 kHz); Uyumlu motorlar: EO86";ES8A Alarm Çıkışlı Step Motor Sürücü;Jkon-tek;Yok;;Orta;;"Kod ve değerler Jkon-Tek Türkiye distribütörü fiyat listesinden (Max Otomasyon, 2026) doğrulandı; üreticinin resmi ürün sitesi bulunamadı.";https://www.cncdunyasi.com/urun/es8a-alarm-cikisli-step-motor-surucu
Step ve servo motorlar, sürücüler;Siemens;3RH2911-1LA11;;Siemens SIRIUS 3RH2911-1LA11 yardımcı kontak bloğu, önden, 1NO+1NC;Siemens SIRIUS 3RH29;"Seri: Siemens SIRIUS 3RH29; Ürün tipi: Yardımcı kontak bloğu (önden montaj)";"Kontak: 1 NO + 1 NC; Uyumlu ürünler: 3RT2 kontaktör / 3RH2 yardımcı röle (S00–S3); Bağlantı: Vidalı klemens, kablo girişi üstten";Siemens Yardımcı Kontak 1NO+1NC;SIEMENS;Yok;https://mall.industry.siemens.com/mall/en/WW/Catalog/Product/3RH2911-1LA11;Yüksek;"Model alanında yalnız 'S' yazıyor (kod açıklamada); ürün step/servo kategorisine yanlış konmuş (şalt aksesuarı).";Kod Siemens veri sayfası (3RH2911-1LA11 AUX.SWITCH BLOCK, FRONT, 1NO+1NC) ile doğrulandı.;https://www.cncdunyasi.com/urun/siemens-yardimci-kontak-1no-1nc
Step ve servo motorlar, sürücüler;(markasız);17HS4401;;17HS4401 NEMA 17 step motor, 0,40 Nm, 1,5 A, 38 mm;;"Ürün tipi: 2 fazlı bipolar hibrit step motor; Flanş (NEMA): NEMA 17 (42 × 42 mm); Tutma torku: 0,40 Nm (40 N·cm); Faz akımı: 1,5 A; Adım açısı: 1,8°; Gövde uzunluğu: 38 mm; Ağırlık: 300 g";"Faz direnci: 1,8 Ω; Faz endüktansı: 4,2 mH; Kablo: 4 pin konnektörlü, 1 m; Rotor ataleti: 47 g·cm²";17HS4401 Nema 17 Step Motor;;Yok;;Orta;Site markası boş. Model alanı 'Tip: Bipolar Nema boyu' metniyle birleşik kaydedilmiş.;Jenerik 17HS tipi motor, üretici belirsiz [TEYİT].;https://www.cncdunyasi.com/urun/17hs4401-nema17-step-motor
Step ve servo motorlar, sürücüler;(markasız);17HS4401S;;17HS4401S NEMA 17 step motor, 0,40 Nm, 1,5 A, 38 mm;;"Ürün tipi: 2 fazlı bipolar hibrit step motor; Flanş (NEMA): NEMA 17 (42 × 42 mm); Tutma torku: 0,40 Nm (40 N·cm); Faz akımı: 1,5 A; Adım açısı: 1,8°; Gövde uzunluğu: 38 mm; Ağırlık: 300 g";"Faz direnci: 1,8 Ω; Faz endüktansı: 4,2 mH; Rotor ataleti: 47 g·cm²";17HS4401S Nema 17 Step Motor;;Yok;;Orta;"Site markası boş. Model alanı birleşik; açıklama ve paket içeriği 17HS4401 metnini tekrarlıyor, 'S' sürümünün farkı belirtilmemiş.";Jenerik 17HS tipi motor, üretici belirsiz [TEYİT].;https://www.cncdunyasi.com/urun/17hs4401s-nema17-step-motor
Step ve servo motorlar, sürücüler;(markasız);17HS8401;;17HS8401 NEMA 17 step motor, 0,48 Nm, 1,7 A, 48 mm;;"Ürün tipi: 2 fazlı hibrit step motor; Flanş (NEMA): NEMA 17 (42 × 42 mm); Tutma torku: 0,48 Nm (48 N·cm); Faz akımı: 1,7 A; Adım açısı: 1,8° (200 adım/devir); Gövde uzunluğu: 48 mm";"Faz direnci: 1,8 Ω; Faz endüktansı: 3,2 mH; Kablo: 4 telli (bipolar), 1 m konnektörlü";17HS8401 Nema 17 Step Motor;CNCDunyasi;Yok;;Orta;Site markası 'CNCDunyasi' gerçek üretici değil. Model alanı 'Faz:' etiketiyle birleşik kaydedilmiş.;Jenerik 17HS tipi motor, üretici belirsiz [TEYİT].;https://www.cncdunyasi.com/urun/17hs8401-nema-17-step-motor
Step ve servo motorlar, sürücüler;(markasız);17HS8401S;;17HS8401S NEMA 17 step motor, 0,48 Nm, 1,7 A, 48 mm;;"Ürün tipi: 2 fazlı hibrit step motor; Flanş (NEMA): NEMA 17 (42 × 42 mm); Tutma torku: 0,48 Nm (48 N·cm); Faz akımı: 1,7 A; Adım açısı: 1,8° (200 adım/devir); Gövde uzunluğu: 48 mm";"Faz direnci: 1,8 Ω; Faz endüktansı: 3,2 mH; Kablo: 4 telli (bipolar)";17HS8401S Nema 17 Step Motor;CNCDunyasi;Yok;;Orta;"Site markası 'CNCDunyasi' gerçek üretici değil. Model alanı 'Faz:' etiketiyle birleşik; açıklama 17HS8401 ile aynı, 'S' sürümünün farkı belirtilmemiş.";"Jenerik 17HS tipi motor, üretici belirsiz [TEYİT]; 17HS8401 ile farkı (bağlantı/kablo tipi) teyit edilmeli.";https://www.cncdunyasi.com/urun/17hs8401s-nema-17-step-motor
Step ve servo motorlar, sürücüler;(markasız);28BYJ-48 5 V + ULN2003 sürücü kartı;;28BYJ-48 5 V redüktörlü step motor ve ULN2003 sürücü kartı seti;;"Ürün tipi: 4 fazlı unipolar redüktörlü step motor + ULN2003 sürücü kartı; Besleme gerilimi: 5 V DC";Kart: Motor soketi ve 4 faz LED göstergeli;28BYJ-48 Step Motor ve Uln2003 Sürücü;;Yok;;Orta;Site markası boş.;Jenerik hobi seti, üretici belirsiz.;https://www.cncdunyasi.com/urun/28byj-48-step-motor-ve-uln2003-surucu
Step ve servo motorlar, sürücüler;(markasız);86HS120Z;;12 Nm frenli NEMA 34 step motor (86HS120Z);;"Ürün tipi: 2 fazlı hibrit step motor, elektromanyetik frenli; Flanş (NEMA): NEMA 34 (86 mm); Tutma torku: 12 Nm; Fren: Elektromanyetik, enerji kesilince devreye girer (24 V sistemler)";;12 Nm Frenli Step Motor;JSS;Yok;;Düşük;"Site markası 'JSS' hiçbir üretici kaynağında doğrulanamadı; açıklama akım, mil ve gövde ölçüsü vermiyor (üç frenli modelde aynı metin).";"Kod (86HS120Z) yalnız site model alanından; 86HS…Z jenerik Çin adlandırması, üretici teyit edilemedi [TEYİT].";https://www.cncdunyasi.com/urun/jss-12-nm-frenli-step-motor
Step ve servo motorlar, sürücüler;(markasız);86HS45Z;;4,5 Nm frenli NEMA 34 step motor (86HS45Z);;"Ürün tipi: 2 fazlı hibrit step motor, elektromanyetik frenli; Flanş (NEMA): NEMA 34 (86 mm); Tutma torku: 4,5 Nm; Fren: Elektromanyetik, enerji kesilince devreye girer (24 V sistemler)";;4.5 Nm Frenli Step Motor;JSS;Yok;;Düşük;"Site markası 'JSS' hiçbir üretici kaynağında doğrulanamadı; açıklama akım, mil ve gövde ölçüsü vermiyor (üç frenli modelde aynı metin).";"Kod (86HS45Z) yalnız site model alanından; 86HS…Z jenerik Çin adlandırması, üretici teyit edilemedi [TEYİT].";https://www.cncdunyasi.com/urun/jss-4-5-nm-frenli-step-motor
Step ve servo motorlar, sürücüler;(markasız);86HS85Z;;8,5 Nm frenli NEMA 34 step motor (86HS85Z);;"Ürün tipi: 2 fazlı hibrit step motor, elektromanyetik frenli; Flanş (NEMA): NEMA 34 (86 mm); Tutma torku: 8,5 Nm; Fren: Elektromanyetik, enerji kesilince devreye girer (24 V sistemler)";;8.5 Nm Frenli Step Motor;JSS;Yok;;Düşük;"Site markası 'JSS' hiçbir üretici kaynağında doğrulanamadı; açıklama akım, mil ve gövde ölçüsü vermiyor (üç frenli modelde aynı metin).";"Kod (86HS85Z) yalnız site model alanından; 86HS…Z jenerik Çin adlandırması, üretici teyit edilemedi [TEYİT].";https://www.cncdunyasi.com/urun/jss-8-5-nm-frenli-step-motor
Step ve servo motorlar, sürücüler;(markasız);CWD556;;CWD556 dijital step motor sürücü, 24–50 V DC, 2,1–5,6 A;;"Ürün tipi: 2 fazlı dijital step motor sürücü (32 bit DSP); Besleme gerilimi: 24–50 V DC; Faz akımı: 2,1–5,6 A; Mikroadım: 40.000 adım/devire kadar";"Maks. giriş frekansı: 200 kpps; Koruma: Aşırı/düşük gerilim, aşırı akım; otomatik boşta akım azaltma";CWD556 Step Motor Sürücü;CNCDunyasi;Yok;;Orta;Site markası 'CNCDunyasi' gerçek üretici değil.;Jenerik Çin üretimi sürücü, üretici belirsiz [TEYİT].;https://www.cncdunyasi.com/urun/cwd556-step-motor-surucu
Step ve servo motorlar, sürücüler;(markasız);CWD860H;;CWD860H dijital step motor sürücü, 24–80 V DC, 2,4–7,2 A;;"Ürün tipi: 2 fazlı dijital step motor sürücü (32 bit DSP); Flanş (NEMA): NEMA 23 / 34 / 42 motorlar için; Besleme gerilimi: 24–80 V DC; Faz akımı: 2,4–7,2 A; Mikroadım: 200–51.200 adım/devir";"Sinyal girişi: PUL/DIR veya CW/CCW, 0–200 kHz; Koruma: Aşırı akım, aşırı gerilim, aşırı yük";CWD860H Step Motor Sürücü;CNCDunyasi;Yok;;Orta;Site markası 'CNCDunyasi' gerçek üretici değil.;Jenerik Çin üretimi sürücü, üretici belirsiz [TEYİT].;https://www.cncdunyasi.com/urun/cwd860h-step-motor-surucu
Step ve servo motorlar, sürücüler;(markasız);DM542;;DM542 dijital step motor sürücü, 20–50 V DC, maks. 4,2 A;;"Ürün tipi: 2 fazlı dijital step motor sürücü; Flanş (NEMA): NEMA 23 / NEMA 34 motorlar için; Besleme gerilimi: 20–50 V DC; Faz akımı: maks. 4,2 A; Mikroadım: 400–25.600 adım/devir (DIP switch)";Koruma: Aşırı akım ve aşırı ısınma;DM542 Step Motor Sürücü;CNCDunyasi;Yok;;Orta;Site markası 'CNCDunyasi' gerçek üretici değil.;"Jenerik/muadil sürücü; DM542 adı Leadshine kökenli, gerçek üretici belirsiz [TEYİT].";https://www.cncdunyasi.com/urun/dm542-step-motor-surucu
Step ve servo motorlar, sürücüler;(markasız);DM556;;DM556 dijital step motor sürücü, 20–50 V DC, NEMA 23/34 motorlar için;;"Ürün tipi: 2 fazlı dijital step motor sürücü; Flanş (NEMA): NEMA 23 / NEMA 34 motorlar için; Besleme gerilimi: 20–50 V DC; Mikroadım: DIP switch ile ayarlanır";Koruma: Aşırı akım ve aşırı ısınma;DM556 Step Motor Sürücü;CNCDunyasi;Yok;;Orta;Site markası 'CNCDunyasi' gerçek üretici değil. Çıkış akımı aralığı açıklamada verilmemiş.;"Jenerik/muadil sürücü; DM556 adı Leadshine kökenli, gerçek üretici belirsiz [TEYİT].";https://www.cncdunyasi.com/urun/dm556-step-motor-surucu
Step ve servo motorlar, sürücüler;(markasız);DM860H;;DM860H dijital step motor sürücü, 24–80 V DC, NEMA 34 motorlar için;;"Ürün tipi: 2 fazlı dijital step motor sürücü; Flanş (NEMA): NEMA 34 motorlar için; Besleme gerilimi: 24–80 V DC; Mikroadım: DIP switch ile ayarlanır";Koruma: Aşırı akım ve aşırı ısınma;DM860H Step Motor Sürücü;CNCDunyasi;Yok;;Orta;Site markası 'CNCDunyasi' gerçek üretici değil. Çıkış akımı aralığı açıklamada verilmemiş.;"Jenerik/muadil sürücü; DM serisi adlandırması Leadshine kökenli, gerçek üretici belirsiz [TEYİT]. Akım aralığı teslimatta etiketten kontrol edilmeli.";https://www.cncdunyasi.com/urun/dm860h-step-motor-surucu
Step ve servo motorlar, sürücüler;(markasız);HM12-57;;HM12-57 step motor bağlantı seti, NEMA 23, BK12 için;;"Ürün tipi: Motor bağlantı (montaj) seti – vidalı mil uç yatağına motor bağlantısı; Flanş (NEMA): NEMA 23 (57 mm)";Uyumlu uç yatağı: BK12;HM12-57 Nema 23 Step Motor Bağlantı Seti BK12;HM;Yok;;Düşük;"Site markası 'HM' bir üretici değil, set tanımı; açıklama set içeriğini ve ölçüleri vermiyor. Kategori (step/servo motor) yerine mekanik aktarma parçasıdır.";"Jenerik motor bağlantı seti; set içeriği (flanş, kaplin, yatak) ve ölçüler teyit edilmeli [TEYİT].";https://www.cncdunyasi.com/urun/hm12-57-nema-23-step-motor-baglanti-seti-bk12
Step ve servo motorlar, sürücüler;(markasız);HM12-60;;HM12-60 servo motor bağlantı seti, 60 mm flanş (400 W), BK12 için;;"Ürün tipi: Motor bağlantı (montaj) seti – vidalı mil uç yatağına motor bağlantısı; Flanş (NEMA): 60 mm servo flanşı (400 W)";Uyumlu uç yatağı: BK12;HM12-60 400 Watt Servo Motor Bağlantı Seti BK12;HM;Yok;;Düşük;"Site markası 'HM' bir üretici değil, set tanımı; açıklama set içeriğini ve ölçüleri vermiyor. Kategori (step/servo motor) yerine mekanik aktarma parçasıdır.";"Jenerik motor bağlantı seti; set içeriği (flanş, kaplin, yatak) ve ölçüler teyit edilmeli [TEYİT].";https://www.cncdunyasi.com/urun/hm12-60-400-watt-servo-motor-baglanti-seti-bk12
Step ve servo motorlar, sürücüler;(markasız);HM15-80;;HM15-80 servo motor bağlantı seti, 80 mm flanş (750 W–1 kW), BK15 için;;"Ürün tipi: Motor bağlantı (montaj) seti – vidalı mil uç yatağına motor bağlantısı; Flanş (NEMA): 80 mm servo flanşı (750 W – 1 kW)";Uyumlu uç yatağı: BK15;HM15-80 750 Watt - 1Kw Servo Motor Bağlantı Seti BK15;HM;Yok;;Düşük;"Site markası 'HM' bir üretici değil, set tanımı; açıklama set içeriğini ve ölçüleri vermiyor. Kategori (step/servo motor) yerine mekanik aktarma parçasıdır.";"Jenerik motor bağlantı seti; set içeriği (flanş, kaplin, yatak) ve ölçüler teyit edilmeli [TEYİT].";https://www.cncdunyasi.com/urun/hm15-80-750-watt-1-kw-servo-motor-baglanti-seti-bk15
Step ve servo motorlar, sürücüler;(markasız);HM15-86;;HM15-86 step motor bağlantı seti, NEMA 34, BK15 için;;"Ürün tipi: Motor bağlantı (montaj) seti – vidalı mil uç yatağına motor bağlantısı; Flanş (NEMA): NEMA 34 (86 mm)";Uyumlu uç yatağı: BK15;HM15-86 Nema 34 Step Motor Bağlantı Seti BK15;HM;Yok;;Düşük;"Site markası 'HM' bir üretici değil, set tanımı; açıklama set içeriğini ve ölçüleri vermiyor. Kategori (step/servo motor) yerine mekanik aktarma parçasıdır.";"Jenerik motor bağlantı seti; set içeriği (flanş, kaplin, yatak) ve ölçüler teyit edilmeli [TEYİT].";https://www.cncdunyasi.com/urun/hm15-86-nema-34-step-motor-baglanti-seti-bk15
Step ve servo motorlar, sürücüler;(markasız);TB6600;;TB6600 step motor sürücü, 2 faz bipolar, maks. 4 A / 42 V;;"Ürün tipi: 2 fazlı bipolar step motor sürücü; Flanş (NEMA): NEMA 17 / 23 / 24 / 34 motorlar için; Besleme gerilimi: maks. 42 V DC; Faz akımı: maks. 4 A";"Sürücü entegresi (site): Toshiba TB67S109AFTG; Koruma: Aşırı/düşük gerilim, aşırı akım, kısa devre";TB6600 4A Step Motor Sürücü;;Yok;;Orta;"Site markası boş. Ürün adı TB6600 iken açıklama TB67S109AFTG entegresinden söz ediyor (TB6600 adı Toshiba TB6600HG entegresinden gelir); '2 veya 4 fazlı' ifadesi hatalı, sürücü 2 faz bipolardır.";"Jenerik sürücü kartı, üretici belirsiz [TEYİT]; kart sürümü (entegre) teslimatta kontrol edilmeli.";https://www.cncdunyasi.com/urun/tb6600-step-motor-surucu
Sviç, sensör ve butonlar;(markasız);DCRS-01J;;DCRS-01J dijital kodlu döner mod anahtarı, 24 konum, IP65;DCRS;"Seri: DCRS; Ürün tipi: Dijital kodlu döner anahtar (mod/override seçici), i̇kili (binary) kod; Kontak: 24 konum, 15° adım; Akım: 0,25 A (5 V DC) / 0,5 A (25 V AC); Gerilim: 5 V DC / 25 V AC; Koruma: IP65";"Panel montaj deliği: M9×0,75 veya Ø6 (veri sayfası); Yalıtım direnci: 500 MΩ; Çalışma sıcaklığı: -20…+70 °C";DCRS-01J Dijital Mod Anahtarı;CNCDunyasi;Yok;;Orta;Site markası 'CNCDunyasi' gerçek üretici değil.;"DCRS tipi birçok Çin üreticisinin ortak tip tanımı; değerler DCRS veri sayfasıyla (ONPOW) karşılaştırıldı, üretici belirsiz.";https://www.cncdunyasi.com/urun/dcrs-01j-dijital-mod-anahtari
Sviç, sensör ve butonlar;(markasız);DCRS-01N;;DCRS-01N dijital kodlu döner mod anahtarı, 12 konum, IP65;DCRS;"Seri: DCRS; Ürün tipi: Dijital kodlu döner anahtar (mod/override seçici), i̇kili (binary) kod; Kontak: 12 konum, 30° adım; Akım: 0,25 A (5 V DC) / 0,5 A (25 V AC); Gerilim: 5 V DC / 25 V AC; Koruma: IP65";"Panel montaj deliği: M9×0,75 veya Ø6 (veri sayfası); Yalıtım direnci: 500 MΩ; Çalışma sıcaklığı: -20…+70 °C";DCRS-01N Dijital Mod Anahtarı;CNCDunyasi;Yok;;Orta;Site markası 'CNCDunyasi' gerçek üretici değil.;"DCRS tipi birçok Çin üreticisinin ortak tip tanımı; değerler DCRS veri sayfasıyla (ONPOW) karşılaştırıldı, üretici belirsiz.";https://www.cncdunyasi.com/urun/dcrs-01n-dijital-mod-anahtari
Sviç, sensör ve butonlar;(markasız);DCRS-02N;;DCRS-02N dijital kodlu döner mod anahtarı, 12 konum, IP65;DCRS;"Seri: DCRS; Ürün tipi: Dijital kodlu döner anahtar (mod/override seçici), i̇kili tümleyen (binary complementary) kod; Kontak: 12 konum, 30° adım; Akım: 0,25 A (5 V DC) / 0,5 A (25 V AC); Gerilim: 5 V DC / 25 V AC; Koruma: IP65";"Panel montaj deliği: M9×0,75 veya Ø6 (veri sayfası); Yalıtım direnci: 500 MΩ; Çalışma sıcaklığı: -20…+70 °C";DCRS-02N Dijital Mod Anahtarı;CNCDunyasi;Yok;;Orta;"Site markası 'CNCDunyasi' gerçek üretici değil. Açıklamada 16 konum / 22,5° yazıyor; DCRS veri sayfasına göre DCRS-02N 12 konum (0–11), 30° adımlıdır.";"DCRS tipi birçok Çin üreticisinin ortak tip tanımı; değerler DCRS veri sayfasıyla (ONPOW) karşılaştırıldı, üretici belirsiz.";https://www.cncdunyasi.com/urun/dcrs-02n-dijital-mod-anahtari
Sviç, sensör ve butonlar;(markasız);M12 endüktif yaklaşım sensörü, Sn 4 mm, NPN NO, 12–36 V DC;LJ12A3-4-Z/BX;M12 endüktif yaklaşım sensörü, 4 mm, NPN NO, 12–36 V DC, LED göstergeli;;"Ürün tipi: Endüktif yaklaşım sensörü, M12 silindirik gövde; Kontak: NO (normalde açık); Gerilim: 12–36 V DC; Algılama mesafesi: 4 mm; Çıkış: NPN; Bağlantı: 3 telli kablo (V+, GND, çıkış); Koruma: Aşırı akım ve ters polarite korumalı";Gösterge: LED;12mm NPN 12~36 Volt Işıklı Sensör;CNCDunyasi;Yok;;Düşük;"Site markası 'CNCDunyasi' gerçek üretici değil. Ürün adı/açıklama 'ışıklı/ışıksal sensör' diyor; model alanına göre endüktif sensördür (ışık = LED gösterge).";"Jenerik M12 sensör; yaygın muadil tip LJ12A3-4-Z/BX olabilir [TEYİT].";https://www.cncdunyasi.com/urun/npn-12-36-volt-isikli-sensor
Sviç, sensör ve butonlar;(markasız);M12 endüktif yaklaşım sensörü, Sn 4 mm, PNP NO, 12–36 V DC;LJ12A3-4-Z/BY;M12 endüktif yaklaşım sensörü, 4 mm, PNP NO, 12–36 V DC, LED göstergeli;;"Ürün tipi: Endüktif yaklaşım sensörü, M12 silindirik gövde; Kontak: NO (normalde açık); Gerilim: 12–36 V DC; Algılama mesafesi: 4 mm; Çıkış: PNP; Bağlantı: 3 telli kablo (V+, GND, çıkış); Koruma: Aşırı akım ve ters polarite korumalı";Gösterge: LED;12mm PNP 12~36 Volt Işıklı Sensör;CNCDunyasi;Yok;;Düşük;"Site markası 'CNCDunyasi' gerçek üretici değil. Ürün adı/açıklama 'ışıklı/ışıksal sensör' diyor; model alanına göre endüktif sensördür (ışık = LED gösterge). PNP için 'açık kolektör' ifadesi NPN metninden kopya.";"Jenerik M12 sensör; yaygın muadil tip LJ12A3-4-Z/BY olabilir [TEYİT].";https://www.cncdunyasi.com/urun/pnp-12-36-volt-isikli-sensor
Torna aynaları, pens ve takım tutucular;SANOU;K01-50;K11-50;SANOU K01-50 3 ayaklı mini torna aynası, Ø50 mm;SANOU K01;"Seri: SANOU K01 mini manuel ayna; Ürün tipi: 3 ayaklı, kendinden merkezlemeli mini torna aynası; Standart / tip: Manuel, dişli bağlantılı (kompakt); Ölçü: Ø50 mm; Bağlama aralığı: 1–33 mm (dış), 16–50 mm (iç); Ayak sayısı: 3; Bağlantı: Dişli bağlantı M14x1; Malzeme: Çelik gövde";Geçiş deliği: 15 mm;50 mm Torna Aynası;SANOU;Üretici görseli;https://en.sanouchuck.com/productshow.aspx?id=36;Orta;"Site adresi/kategori K11 serisini ima ediyor; SANOU'nun 50 mm 3 ayaklı aynası K01 mini manuel seri (M14x1 dişli bağlantı). Site kodu SAN.050/3 iç koddur.";"Üretici: Zhejiang San Ou Machinery Co., Ltd. (Taizhou). 50/63 mm boyutu üreticinin manuel ayna tablosunda; K01/K02 seri adı pazar yeri ilanlarından [TEYİT].";https://www.cncdunyasi.com/urun/50-mm-torna-aynasi-k11-50-3
Torna aynaları, pens ve takım tutucular;SANOU;K01-63;K11-63;SANOU K01-63 3 ayaklı mini torna aynası, Ø63 mm;SANOU K01;"Seri: SANOU K01 mini manuel ayna; Ürün tipi: 3 ayaklı, kendinden merkezlemeli mini torna aynası; Standart / tip: Manuel, dişli bağlantılı (kompakt); Ölçü: Ø63 mm; Bağlama aralığı: 1–50 mm (dış), 16–50 mm (iç); Ayak sayısı: 3; Bağlantı: Dişli bağlantı M14x1; Malzeme: Çelik gövde";Geçiş deliği: 15 mm;63 mm Torna Aynası;SANOU;Üretici görseli;https://en.sanouchuck.com/productshow.aspx?id=36;Orta;"Site adresi/kategori K11 serisini ima ediyor; SANOU'nun 63 mm 3 ayaklı aynası K01 mini manuel seri (M14x1 dişli bağlantı). Site kodu SAN.063/3 iç koddur.";"Üretici: Zhejiang San Ou Machinery Co., Ltd. (Taizhou). 50/63 mm boyutu üreticinin manuel ayna tablosunda; K01/K02 seri adı pazar yeri ilanlarından [TEYİT].";https://www.cncdunyasi.com/urun/63-mm-torna-aynasi-k11-63-3
Torna aynaları, pens ve takım tutucular;SANOU;K02-50;K12-50;SANOU K02-50 4 ayaklı mini torna aynası, Ø50 mm;SANOU K02;"Seri: SANOU K02 mini manuel ayna; Ürün tipi: 4 ayaklı, kendinden merkezlemeli mini torna aynası; Standart / tip: Manuel, dişli bağlantılı (kompakt); Ölçü: Ø50 mm; Bağlama aralığı: 1–33 mm (dış), 16–50 mm (iç); Ayak sayısı: 4; Bağlantı: Dişli bağlantı M14x1; Malzeme: Çelik gövde";Geçiş deliği: 15 mm;50 mm Torna Aynası;SANOU;Üretici görseli;https://en.sanouchuck.com/productshow.aspx?id=37;Orta;"Site adresi/kategori K12 serisini ima ediyor; SANOU'nun 50 mm 4 ayaklı aynası K02 mini manuel seri (M14x1 dişli bağlantı). Site kodu SAN.050/4 iç koddur.";"Üretici: Zhejiang San Ou Machinery Co., Ltd. (Taizhou). 50/63 mm boyutu üreticinin manuel ayna tablosunda; K01/K02 seri adı pazar yeri ilanlarından [TEYİT].";https://www.cncdunyasi.com/urun/50-mm-4-ayakli-torna-aynasi
Torna aynaları, pens ve takım tutucular;SANOU;K02-63;K12-63;SANOU K02-63 4 ayaklı mini torna aynası, Ø63 mm;SANOU K02;"Seri: SANOU K02 mini manuel ayna; Ürün tipi: 4 ayaklı, kendinden merkezlemeli mini torna aynası; Standart / tip: Manuel, dişli bağlantılı (kompakt); Ölçü: Ø63 mm; Bağlama aralığı: 1–50 mm (dış), 16–50 mm (iç); Ayak sayısı: 4; Bağlantı: Dişli bağlantı M14x1; Malzeme: Çelik gövde; Ağırlık: 0,5 kg";Geçiş deliği: 15 mm;63 mm Torna Aynası;SANOU;Üretici görseli;https://en.sanouchuck.com/productshow.aspx?id=37;Orta;"Site adresi/kategori K12 serisini ima ediyor; SANOU'nun 63 mm 4 ayaklı aynası K02 mini manuel seri (M14x1 dişli bağlantı). Site kodu SAN.063/4 iç koddur.";"Üretici: Zhejiang San Ou Machinery Co., Ltd. (Taizhou). 50/63 mm boyutu üreticinin manuel ayna tablosunda; K01/K02 seri adı pazar yeri ilanlarından [TEYİT].";https://www.cncdunyasi.com/urun/63-mm-4-ayakli-torna-aynasi
Torna aynaları, pens ve takım tutucular;SANOU;K11-100;;SANOU K11-100 3 ayaklı torna aynası, Ø100 mm;SANOU K11;"Seri: SANOU K11; Ürün tipi: 3 ayaklı kendinden merkezlemeli torna aynası; Standart / tip: Manuel spiral (scroll) ayna, ISO 3442; Ölçü: Ø100 mm; Ayak sayısı: 3; Bağlantı: Kısa silindirik merkezleme, arkadan 3-M8 cıvata; Malzeme: Dökme demir gövde (standart K11/K12); Ağırlık: 3,2 kg";"Geçiş deliği: 22 mm; Maks. devir: 4200 d/dk; Kutu içeriği: Ters ayak takımı, anahtar";100 mm Torna Aynası;SANOU;Üretici görseli;https://en.sanouchuck.com/productshow.aspx?id=1;Yüksek;"Site kodu SAN.100/3 iç koddur; üretici kodu K11-100.";"Üretici: Zhejiang San Ou Machinery Co., Ltd. (sanouchuck.com); ölçüler üretici K11/K12 tablosundan.";https://www.cncdunyasi.com/urun/100-mm-torna-aynasi-k11-100-3
Torna aynaları, pens ve takım tutucular;SANOU;K11-125;;SANOU K11-125 3 ayaklı torna aynası, Ø125 mm;SANOU K11;"Seri: SANOU K11; Ürün tipi: 3 ayaklı kendinden merkezlemeli torna aynası; Standart / tip: Manuel spiral (scroll) ayna, ISO 3442; Ölçü: Ø125 mm; Ayak sayısı: 3; Bağlantı: Kısa silindirik merkezleme, arkadan 3-M8 cıvata; Malzeme: Dökme demir gövde (standart K11/K12); Ağırlık: 5 kg";"Geçiş deliği: 30 mm; Maks. devir: 3800 d/dk; Kutu içeriği: Ters ayak takımı, anahtar";125 mm Torna Aynası;SANOU;Üretici görseli;https://en.sanouchuck.com/productshow.aspx?id=1;Yüksek;"Site kodu SAN.125/3 iç koddur; üretici kodu K11-125.";"Üretici: Zhejiang San Ou Machinery Co., Ltd. (sanouchuck.com); ölçüler üretici K11/K12 tablosundan.";https://www.cncdunyasi.com/urun/125-mm-torna-aynasi-k11-125-3
Torna aynaları, pens ve takım tutucular;SANOU;K11-160;;SANOU K11-160 3 ayaklı torna aynası, Ø160 mm;SANOU K11;"Seri: SANOU K11; Ürün tipi: 3 ayaklı kendinden merkezlemeli torna aynası; Standart / tip: Manuel spiral (scroll) ayna, ISO 3442; Ölçü: Ø160 mm; Ayak sayısı: 3; Bağlantı: Kısa silindirik merkezleme, arkadan 3-M8 cıvata; Malzeme: Dökme demir gövde (standart K11/K12); Ağırlık: 8,8 kg";"Geçiş deliği: 45 mm; Maks. devir: 3600 d/dk; Kutu içeriği: Ters ayak takımı, anahtar";160 mm Torna Aynası;SANOU;Üretici görseli;https://en.sanouchuck.com/productshow.aspx?id=1;Yüksek;"Site kodu SAN.160/3 iç koddur; üretici kodu K11-160.";"Üretici: Zhejiang San Ou Machinery Co., Ltd. (sanouchuck.com); ölçüler üretici K11/K12 tablosundan.";https://www.cncdunyasi.com/urun/160-mm-torna-aynasi-k11-160-3
Torna aynaları, pens ve takım tutucular;SANOU;K11-200;;SANOU K11-200 3 ayaklı torna aynası, Ø200 mm;SANOU K11;"Seri: SANOU K11; Ürün tipi: 3 ayaklı kendinden merkezlemeli torna aynası; Standart / tip: Manuel spiral (scroll) ayna, ISO 3442; Ölçü: Ø200 mm; Ayak sayısı: 3; Bağlantı: Kısa silindirik merkezleme, arkadan 3-M10 cıvata; Malzeme: Dökme demir gövde (standart K11/K12); Ağırlık: 15,5 kg";"Geçiş deliği: 65 mm; Maks. devir: 3000 d/dk; Kutu içeriği: Ters ayak takımı, anahtar";200 mm Torna Aynası;SANOU;Üretici görseli;https://en.sanouchuck.com/productshow.aspx?id=1;Yüksek;"Site kodu SAN.200/3 iç koddur; üretici kodu K11-200.";"Üretici: Zhejiang San Ou Machinery Co., Ltd. (sanouchuck.com); ölçüler üretici K11/K12 tablosundan.";https://www.cncdunyasi.com/urun/200-mm-torna-aynasi-k11-200-3
Torna aynaları, pens ve takım tutucular;SANOU;K11-250;;SANOU K11-250 3 ayaklı torna aynası, Ø250 mm;SANOU K11;"Seri: SANOU K11; Ürün tipi: 3 ayaklı kendinden merkezlemeli torna aynası; Standart / tip: Manuel spiral (scroll) ayna, ISO 3442; Ölçü: Ø250 mm; Ayak sayısı: 3; Bağlantı: Kısa silindirik merkezleme, arkadan 3-M12 cıvata; Malzeme: Dökme demir gövde (standart K11/K12); Ağırlık: 25,7 kg";"Geçiş deliği: 80 mm; Maks. devir: 2400 d/dk; Kutu içeriği: Ters ayak takımı, anahtar";250 mm Torna Aynası;SANOU;Üretici görseli;https://en.sanouchuck.com/productshow.aspx?id=1;Yüksek;"Site kodu SAN.250/3 iç koddur; üretici kodu K11-250.";"Üretici: Zhejiang San Ou Machinery Co., Ltd. (sanouchuck.com); ölçüler üretici K11/K12 tablosundan.";https://www.cncdunyasi.com/urun/250-mm-torna-aynasi-k11-250-3
Torna aynaları, pens ve takım tutucular;SANOU;K11-315;;SANOU K11-315 3 ayaklı torna aynası, Ø315 mm;SANOU K11;"Seri: SANOU K11; Ürün tipi: 3 ayaklı kendinden merkezlemeli torna aynası; Standart / tip: Manuel spiral (scroll) ayna, ISO 3442; Ölçü: Ø315 mm; Ayak sayısı: 3; Bağlantı: Kısa silindirik merkezleme, arkadan 3-M16 cıvata; Malzeme: Dökme demir gövde (standart K11/K12); Ağırlık: 47 kg";"Geçiş deliği: 100 mm; Maks. devir: 1800 d/dk; Kutu içeriği: Ters ayak takımı, anahtar";315 mm Torna Aynası;SANOU;Üretici görseli;https://en.sanouchuck.com/productshow.aspx?id=1;Yüksek;"Site kodu SAN.315/3 iç koddur; üretici kodu K11-315.";"Üretici: Zhejiang San Ou Machinery Co., Ltd. (sanouchuck.com); ölçüler üretici K11/K12 tablosundan.";https://www.cncdunyasi.com/urun/315-mm-torna-aynasi-k11-315-3
Torna aynaları, pens ve takım tutucular;SANOU;K11-400;;SANOU K11-400 3 ayaklı torna aynası, Ø400 mm;SANOU K11;"Seri: SANOU K11; Ürün tipi: 3 ayaklı kendinden merkezlemeli torna aynası; Standart / tip: Manuel spiral (scroll) ayna, ISO 3442; Ölçü: Ø400 mm; Ayak sayısı: 3; Bağlantı: Kısa silindirik merkezleme, arkadan 3-M16 cıvata; Malzeme: Dökme demir gövde (standart K11/K12); Ağırlık: 71 kg";"Geçiş deliği: 145 mm; Maks. devir: 1200 d/dk; Kutu içeriği: Ters ayak takımı, anahtar";400 mm Torna Aynası;SANOU;Üretici görseli;https://en.sanouchuck.com/productshow.aspx?id=1;Yüksek;"Site kodu SAN.400/3 iç koddur; üretici kodu K11-400.";"Üretici: Zhejiang San Ou Machinery Co., Ltd. (sanouchuck.com); ölçüler üretici K11/K12 tablosundan.";https://www.cncdunyasi.com/urun/400-mm-torna-aynasi-k11-400-3
Torna aynaları, pens ve takım tutucular;SANOU;K11-500;;SANOU K11-500 3 ayaklı torna aynası, Ø500 mm;SANOU K11;"Seri: SANOU K11; Ürün tipi: 3 ayaklı kendinden merkezlemeli torna aynası; Standart / tip: Manuel spiral (scroll) ayna, ISO 3442; Ölçü: Ø500 mm; Ayak sayısı: 3; Bağlantı: Kısa silindirik merkezleme, arkadan 3-M16 cıvata; Malzeme: Dökme demir gövde (standart K11/K12); Ağırlık: 117,6 kg";"Geçiş deliği: 210 mm; Maks. devir: 850 d/dk; Kutu içeriği: Ters ayak takımı, anahtar";500 mm Torna Aynası;SANOU;Üretici görseli;https://en.sanouchuck.com/productshow.aspx?id=1;Yüksek;"Site kodu SAN.500/3 iç koddur; üretici kodu K11-500.";"Üretici: Zhejiang San Ou Machinery Co., Ltd. (sanouchuck.com); ölçüler üretici K11/K12 tablosundan.";https://www.cncdunyasi.com/urun/500-mm-torna-aynasi-k11-500-3
Torna aynaları, pens ve takım tutucular;SANOU;K11-80;K01-80;SANOU K11-80 3 ayaklı torna aynası, Ø80 mm;SANOU K11;"Seri: SANOU K11; Ürün tipi: 3 ayaklı kendinden merkezlemeli torna aynası; Standart / tip: Manuel spiral (scroll) ayna, ISO 3442; Ölçü: Ø80 mm; Ayak sayısı: 3; Bağlantı: Kısa silindirik merkezleme, arkadan 3-M6 cıvata; Malzeme: Dökme demir gövde (standart K11/K12); Ağırlık: 1,9 kg";"Geçiş deliği: 16 mm; Maks. devir: 4800 d/dk; Kutu içeriği: Ters ayak takımı, anahtar";80 mm Torna Aynası;SANOU;Üretici görseli;https://en.sanouchuck.com/productshow.aspx?id=1;Orta;"Site kodu SAN.080/3 iç koddur; üretici kodu K11-80.";"Üretici: Zhejiang San Ou Machinery Co., Ltd. (sanouchuck.com); ölçüler üretici K11/K12 tablosundan. 80 mm hem K11-80 hem de dişli bağlantılı K01-80 mini sürüm olarak var; sitedeki model hangisi belirsiz [TEYİT].";https://www.cncdunyasi.com/urun/80-mm-torna-aynasi-k11-80-3
Torna aynaları, pens ve takım tutucular;SANOU;K12-100;;SANOU K12-100 4 ayaklı torna aynası, Ø100 mm;SANOU K12;"Seri: SANOU K12; Ürün tipi: 4 ayaklı kendinden merkezlemeli torna aynası; Standart / tip: Manuel spiral (scroll) ayna, ISO 3442; Ölçü: Ø100 mm; Ayak sayısı: 4; Bağlantı: Kısa silindirik merkezleme, arkadan 3-M8 cıvata; Malzeme: Dökme demir gövde (standart K11/K12)";"Geçiş deliği: 22 mm; Maks. devir: 3500 d/dk; Kutu içeriği: Ters ayak takımı, anahtar";100 mm Torna Aynası;SANOU;Üretici görseli;https://en.sanouchuck.com/productshow.aspx?id=17;Yüksek;"Site kodu SAN.100/4 iç koddur; üretici kodu K12-100.";"Üretici: Zhejiang San Ou Machinery Co., Ltd. (sanouchuck.com); ölçüler üretici K11/K12 tablosundan.";https://www.cncdunyasi.com/urun/100-mm-4-ayakli-torna-aynasi
Torna aynaları, pens ve takım tutucular;SANOU;K12-125;;SANOU K12-125 4 ayaklı torna aynası, Ø125 mm;SANOU K12;"Seri: SANOU K12; Ürün tipi: 4 ayaklı kendinden merkezlemeli torna aynası; Standart / tip: Manuel spiral (scroll) ayna, ISO 3442; Ölçü: Ø125 mm; Ayak sayısı: 4; Bağlantı: Kısa silindirik merkezleme, arkadan 3-M8 cıvata; Malzeme: Dökme demir gövde (standart K11/K12)";"Geçiş deliği: 30 mm; Maks. devir: 3000 d/dk; Kutu içeriği: Ters ayak takımı, anahtar";125 mm Torna Aynası;SANOU;Üretici görseli;https://en.sanouchuck.com/productshow.aspx?id=17;Yüksek;"Site kodu SAN.125/4 iç koddur; üretici kodu K12-125.";"Üretici: Zhejiang San Ou Machinery Co., Ltd. (sanouchuck.com); ölçüler üretici K11/K12 tablosundan.";https://www.cncdunyasi.com/urun/125-mm-4-ayakli-torna-aynasi
Torna aynaları, pens ve takım tutucular;SANOU;K12-160;;SANOU K12-160 4 ayaklı torna aynası, Ø160 mm;SANOU K12;"Seri: SANOU K12; Ürün tipi: 4 ayaklı kendinden merkezlemeli torna aynası; Standart / tip: Manuel spiral (scroll) ayna, ISO 3442; Ölçü: Ø160 mm; Ayak sayısı: 4; Bağlantı: Kısa silindirik merkezleme, arkadan 3-M8 cıvata; Malzeme: Dökme demir gövde (standart K11/K12)";"Geçiş deliği: 45 mm; Maks. devir: 2500 d/dk; Kutu içeriği: Ters ayak takımı, anahtar";160 mm Torna Aynası;SANOU;Üretici görseli;https://en.sanouchuck.com/productshow.aspx?id=17;Yüksek;"Site kodu SAN.160/4 iç koddur; üretici kodu K12-160.";"Üretici: Zhejiang San Ou Machinery Co., Ltd. (sanouchuck.com); ölçüler üretici K11/K12 tablosundan.";https://www.cncdunyasi.com/urun/160-mm-4-ayakli-torna-aynasi
Torna aynaları, pens ve takım tutucular;SANOU;K12-200;;SANOU K12-200 4 ayaklı torna aynası, Ø200 mm;SANOU K12;"Seri: SANOU K12; Ürün tipi: 4 ayaklı kendinden merkezlemeli torna aynası; Standart / tip: Manuel spiral (scroll) ayna, ISO 3442; Ölçü: Ø200 mm; Ayak sayısı: 4; Bağlantı: Kısa silindirik merkezleme, arkadan 3-M10 cıvata; Malzeme: Dökme demir gövde (standart K11/K12)";"Geçiş deliği: 65 mm; Maks. devir: 2000 d/dk; Kutu içeriği: Ters ayak takımı, anahtar";200 mm Torna Aynası;SANOU;Üretici görseli;https://en.sanouchuck.com/productshow.aspx?id=17;Yüksek;"Site kodu SAN.200/4 iç koddur; üretici kodu K12-200.";"Üretici: Zhejiang San Ou Machinery Co., Ltd. (sanouchuck.com); ölçüler üretici K11/K12 tablosundan.";https://www.cncdunyasi.com/urun/200-mm-4-ayakli-torna-aynasi
Torna aynaları, pens ve takım tutucular;SANOU;K12-250;;SANOU K12-250 4 ayaklı torna aynası, Ø250 mm;SANOU K12;"Seri: SANOU K12; Ürün tipi: 4 ayaklı kendinden merkezlemeli torna aynası; Standart / tip: Manuel spiral (scroll) ayna, ISO 3442; Ölçü: Ø250 mm; Ayak sayısı: 4; Bağlantı: Kısa silindirik merkezleme, arkadan 3-M12 cıvata; Malzeme: Dökme demir gövde (standart K11/K12)";"Geçiş deliği: 80 mm; Maks. devir: 1600 d/dk; Kutu içeriği: Ters ayak takımı, anahtar";250 mm Torna Aynası;SANOU;Üretici görseli;https://en.sanouchuck.com/productshow.aspx?id=17;Yüksek;"Site kodu SAN.250/4 iç koddur; üretici kodu K12-250.";"Üretici: Zhejiang San Ou Machinery Co., Ltd. (sanouchuck.com); ölçüler üretici K11/K12 tablosundan.";https://www.cncdunyasi.com/urun/250-mm-4-ayakli-torna-aynasi
Torna aynaları, pens ve takım tutucular;SANOU;K12-315;;SANOU K12-315 4 ayaklı torna aynası, Ø315 mm;SANOU K12;"Seri: SANOU K12; Ürün tipi: 4 ayaklı kendinden merkezlemeli torna aynası; Standart / tip: Manuel spiral (scroll) ayna, ISO 3442; Ölçü: Ø315 mm; Ayak sayısı: 4; Bağlantı: Kısa silindirik merkezleme, arkadan 3-M16 cıvata; Malzeme: Dökme demir gövde (standart K11/K12)";"Geçiş deliği: 100 mm; Maks. devir: 1200 d/dk; Kutu içeriği: Ters ayak takımı, anahtar";315 mm Torna Aynası;SANOU;Üretici görseli;https://en.sanouchuck.com/productshow.aspx?id=17;Yüksek;"Site kodu SAN.315/4 iç koddur; üretici kodu K12-315.";"Üretici: Zhejiang San Ou Machinery Co., Ltd. (sanouchuck.com); ölçüler üretici K11/K12 tablosundan.";https://www.cncdunyasi.com/urun/315-mm-4-ayakli-torna-aynasi
Torna aynaları, pens ve takım tutucular;SANOU;K12-400;;SANOU K12-400 4 ayaklı torna aynası, Ø400 mm;SANOU K12;"Seri: SANOU K12; Ürün tipi: 4 ayaklı kendinden merkezlemeli torna aynası; Standart / tip: Manuel spiral (scroll) ayna, ISO 3442; Ölçü: Ø400 mm; Ayak sayısı: 4; Bağlantı: Kısa silindirik merkezleme, arkadan 3-M16 cıvata; Malzeme: Dökme demir gövde (standart K11/K12)";"Geçiş deliği: 145 mm; Maks. devir: 1000 d/dk; Kutu içeriği: Ters ayak takımı, anahtar";400 mm Torna Aynası;SANOU;Üretici görseli;https://en.sanouchuck.com/productshow.aspx?id=17;Yüksek;"Site kodu SAN.400/4 iç koddur; üretici kodu K12-400.";"Üretici: Zhejiang San Ou Machinery Co., Ltd. (sanouchuck.com); ölçüler üretici K11/K12 tablosundan.";https://www.cncdunyasi.com/urun/400-mm-4-ayakli-torna-aynasi
Torna aynaları, pens ve takım tutucular;SANOU;K12-500;;SANOU K12-500 4 ayaklı torna aynası, Ø500 mm;SANOU K12;"Seri: SANOU K12; Ürün tipi: 4 ayaklı kendinden merkezlemeli torna aynası; Standart / tip: Manuel spiral (scroll) ayna, ISO 3442; Ölçü: Ø500 mm; Ayak sayısı: 4; Bağlantı: Kısa silindirik merkezleme, arkadan 6-M16 cıvata; Malzeme: Dökme demir gövde (standart K11/K12)";"Geçiş deliği: 210 mm; Maks. devir: 800 d/dk; Kutu içeriği: Ters ayak takımı, anahtar";500 mm Torna Aynası;SANOU;Üretici görseli;https://en.sanouchuck.com/productshow.aspx?id=17;Yüksek;"Site kodu SAN.500/4 iç koddur; üretici kodu K12-500.";"Üretici: Zhejiang San Ou Machinery Co., Ltd. (sanouchuck.com); ölçüler üretici K11/K12 tablosundan. K12-500 arka bağlantı 6-M16.";https://www.cncdunyasi.com/urun/500-mm-4-ayakli-torna-aynasi
Torna aynaları, pens ve takım tutucular;SANOU;K12-80;K02-80;SANOU K12-80 4 ayaklı torna aynası, Ø80 mm;SANOU K12;"Seri: SANOU K12; Ürün tipi: 4 ayaklı kendinden merkezlemeli torna aynası; Standart / tip: Manuel spiral (scroll) ayna, ISO 3442; Ölçü: Ø80 mm; Ayak sayısı: 4; Bağlantı: Kısa silindirik merkezleme, arkadan 3-M6 cıvata; Malzeme: Dökme demir gövde (standart K11/K12)";"Geçiş deliği: 16 mm; Maks. devir: 4000 d/dk; Kutu içeriği: Ters ayak takımı, anahtar";80 mm Torna Aynası;SANOU;Üretici görseli;https://en.sanouchuck.com/productshow.aspx?id=17;Orta;"Site kodu SAN.080/4 iç koddur; üretici kodu K12-80.";"Üretici: Zhejiang San Ou Machinery Co., Ltd. (sanouchuck.com); ölçüler üretici K11/K12 tablosundan. 80 mm hem K12-80 hem de dişli bağlantılı K02-80 mini sürüm olarak var; sitedeki model hangisi belirsiz [TEYİT].";https://www.cncdunyasi.com/urun/80-mm-4-ayakli-torna-aynasi
Torna aynaları, pens ve takım tutucular;(markasız);BT30 takım tutucu sıkma aparatı;T007601;BT30 takım tutucu montaj (sıkma) aparatı;BT30;"Seri: BT30; Ürün tipi: Takım tutucu montaj / sıkma aparatı; Standart / tip: BT30 (MAS 403) konik; Bağlantı: BT30 konik yuva";;BT30 Montaj Aparatı;ERIC;Yok;;Orta;"Site markası 'ERIC' doğrulanamadı; T007601 iç kod. Açıklama başlıkta 'döküm gövde', özelliklerde 'alaşımlı çelik' diyor (tutarsız).";Malzeme belirsiz olduğu için yazılmadı [TEYİT].;https://www.cncdunyasi.com/urun/bt30-montaj-aparati
Torna aynaları, pens ve takım tutucular;(markasız);BT40 takım tutucu sıkma aparatı;T007602;BT40 takım tutucu montaj (sıkma) aparatı;BT40;"Seri: BT40; Ürün tipi: Takım tutucu montaj / sıkma aparatı; Standart / tip: BT40 (MAS 403) konik; Bağlantı: BT40 konik yuva";;BT40 Montaj Aparatı;ERIC;Yok;;Orta;"Site markası 'ERIC' doğrulanamadı; T007602 iç kod. Açıklama başlıkta 'döküm gövde', özelliklerde 'alaşımlı çelik' diyor (tutarsız).";Malzeme belirsiz olduğu için yazılmadı [TEYİT].;https://www.cncdunyasi.com/urun/bt40-montaj-aparati
Torna aynaları, pens ve takım tutucular;(markasız);BT50 takım tutucu sıkma aparatı;T007603;BT50 takım tutucu montaj (sıkma) aparatı;BT50;"Seri: BT50; Ürün tipi: Takım tutucu montaj / sıkma aparatı; Standart / tip: BT50 (MAS 403) konik; Bağlantı: BT50 konik yuva";;BT50 Montaj Aparatı;ERIC;Yok;;Orta;"Site markası 'ERIC' doğrulanamadı; T007603 iç kod. Açıklama başlıkta 'döküm gövde', özelliklerde 'alaşımlı çelik' diyor (tutarsız).";Malzeme belirsiz olduğu için yazılmadı [TEYİT].;https://www.cncdunyasi.com/urun/bt50-montaj-aparati
Torna aynaları, pens ve takım tutucular;(markasız);ER11 pens (DIN 6499 / ISO 15488);;ER11 pens, DIN 6499 / ISO 15488 (çap seçmeli);ER11 (DIN 6499);"Seri: ER11; Ürün tipi: Yaylı pens (collet); Standart / tip: DIN 6499 / ISO 15488, 8° koniklik; Bağlama aralığı: 0,5–7 mm (seriye göre; her pens tek çap); Malzeme: Yay çeliği";Uyumlu somun dişi: M13x0,75;ER11 Pens;ERIC;Yok;;Orta;"Site markası 'ERIC' üretici olarak doğrulanamadı; jenerik standart parça.";"Çap seçeneklidir; pens ölçüsü varyant olarak girilmeli. Bağlama aralığı standart ER seri değeridir.";https://www.cncdunyasi.com/urun/er11-pens-cesitleri
Torna aynaları, pens ve takım tutucular;(markasız);ER11 pens seti, 5 parça (3–7 mm);;ER11 pens seti, 5 parça, 3–7 mm;ER11 (DIN 6499);"Seri: ER11; Ürün tipi: Pens seti; Standart / tip: DIN 6499 / ISO 15488; Bağlama aralığı: 3–7 mm (3, 4, 5, 6, 7 mm pensler); Malzeme: Yay çeliği";Set içeriği: 5 adet pens;ER11 Pens Seti;ERIC;Yok;;Orta;Site markası 'ERIC' üretici olarak doğrulanamadı.;Jenerik standart pens seti.;https://www.cncdunyasi.com/urun/er11-pens-seti
Torna aynaları, pens ve takım tutucular;(markasız);ER16 pens (DIN 6499 / ISO 15488);;ER16 pens, DIN 6499 / ISO 15488 (çap seçmeli);ER16 (DIN 6499);"Seri: ER16; Ürün tipi: Yaylı pens (collet); Standart / tip: DIN 6499 / ISO 15488, 8° koniklik; Bağlama aralığı: 0,5–10 mm (seriye göre; her pens tek çap); Malzeme: Yay çeliği";Uyumlu somun dişi: M22x1,5;ER16 Pens;ERIC;Yok;;Orta;"Site markası 'ERIC' üretici olarak doğrulanamadı; jenerik standart parça.";"Çap seçeneklidir; pens ölçüsü varyant olarak girilmeli. Bağlama aralığı standart ER seri değeridir.";https://www.cncdunyasi.com/urun/er16-pens-cesitleri
Torna aynaları, pens ve takım tutucular;(markasız);ER16 pens seti, 8 parça (3–10 mm);;ER16 pens seti, 8 parça, 3–10 mm;ER16 (DIN 6499);"Seri: ER16; Ürün tipi: Pens seti; Standart / tip: DIN 6499 / ISO 15488; Bağlama aralığı: 3–10 mm (3, 4, 5, 6, 7, 8, 9, 10 mm pensler); Malzeme: Yay çeliği";Set içeriği: 8 adet pens;ER16 Pens Seti;ERIC;Yok;;Orta;Site markası 'ERIC' üretici olarak doğrulanamadı.;Jenerik standart pens seti.;https://www.cncdunyasi.com/urun/er16-pens-seti
Torna aynaları, pens ve takım tutucular;(markasız);ER16 pens somun anahtarı;ER16ANH;ER16 pens somun anahtarı;ER16 (DIN 6499);"Seri: ER16; Ürün tipi: Pens somun anahtarı; Standart / tip: ER16 standart somun için; Malzeme: Çelik başlık, PVC kaplı sap";Uzunluk: 150–250 mm (boyuta göre);ER16 Pens Somun Anahtarı;ERIC;Yok;;Orta;"Site markası 'ERIC' doğrulanamadı; ER16ANH sitenin iç kodu.";Jenerik aksesuar.;https://www.cncdunyasi.com/urun/er16-pens-somun-anahtari
Torna aynaları, pens ve takım tutucular;(markasız);ER16 pens somunu (DIN 6499);;ER16 pens somunu, DIN 6499;ER16 (DIN 6499);"Seri: ER16; Ürün tipi: Pens somunu; Standart / tip: DIN 6499 / ISO 15488, standart (A tipi) somun; Bağlantı: Diş M22x1,5; Malzeme: Çelik";;ER16 Pens Somunu;ERIC;Yok;;Orta;"Site markası 'ERIC' üretici olarak doğrulanamadı; açıklama yalnız ürün adı.";Somun tipi (standart / rulmanlı / mini) belirtilmemiş [TEYİT].;https://www.cncdunyasi.com/urun/er16-pens-somunu
Torna aynaları, pens ve takım tutucular;(markasız);ER20 pens (DIN 6499 / ISO 15488);;ER20 pens, DIN 6499 / ISO 15488 (çap seçmeli);ER20 (DIN 6499);"Seri: ER20; Ürün tipi: Yaylı pens (collet); Standart / tip: DIN 6499 / ISO 15488, 8° koniklik; Bağlama aralığı: 1–13 mm (seriye göre; her pens tek çap); Malzeme: Yay çeliği";Uyumlu somun dişi: M25x1,5;ER20 Pens;ERIC;Yok;;Orta;"Site markası 'ERIC' üretici olarak doğrulanamadı; jenerik standart parça.";"Çap seçeneklidir; pens ölçüsü varyant olarak girilmeli. Bağlama aralığı standart ER seri değeridir.";https://www.cncdunyasi.com/urun/er20-pens-cesitleri
Torna aynaları, pens ve takım tutucular;(markasız);ER20 pens seti, 11 parça (3–13 mm);;ER20 pens seti, 11 parça, 3–13 mm;ER20 (DIN 6499);"Seri: ER20; Ürün tipi: Pens seti; Standart / tip: DIN 6499 / ISO 15488; Bağlama aralığı: 3–13 mm (3, 4, 5, 6, 7, 8, 9, 10, 11, 12, 13 mm pensler); Malzeme: Yay çeliği";Set içeriği: 11 adet pens;ER20 Pens Seti;ERIC;Yok;;Orta;Site markası 'ERIC' üretici olarak doğrulanamadı.;Jenerik standart pens seti.;https://www.cncdunyasi.com/urun/er20-pens-seti
Torna aynaları, pens ve takım tutucular;(markasız);ER20 pens somun anahtarı;ER20ANH;ER20 pens somun anahtarı;ER20 (DIN 6499);"Seri: ER20; Ürün tipi: Pens somun anahtarı; Standart / tip: ER20 standart somun için; Malzeme: Çelik başlık, PVC kaplı sap";Uzunluk: 150–250 mm (boyuta göre);ER20 Pens Somun Anahtarı;ERIC;Yok;;Orta;"Site markası 'ERIC' doğrulanamadı; ER20ANH sitenin iç kodu.";Jenerik aksesuar.;https://www.cncdunyasi.com/urun/er20-pens-somun-anahtari
Torna aynaları, pens ve takım tutucular;(markasız);ER20 pens somunu (DIN 6499);;ER20 pens somunu, DIN 6499;ER20 (DIN 6499);"Seri: ER20; Ürün tipi: Pens somunu; Standart / tip: DIN 6499 / ISO 15488, standart (A tipi) somun; Bağlantı: Diş M25x1,5; Malzeme: Çelik";;ER20 Pens Somunu;ERIC;Yok;;Orta;"Site markası 'ERIC' üretici olarak doğrulanamadı; açıklama yalnız ürün adı.";Somun tipi (standart / rulmanlı / mini) belirtilmemiş [TEYİT].;https://www.cncdunyasi.com/urun/er20-pens-somunu
Torna aynaları, pens ve takım tutucular;(markasız);ER25 pens (DIN 6499 / ISO 15488);;ER25 pens, DIN 6499 / ISO 15488 (çap seçmeli);ER25 (DIN 6499);"Seri: ER25; Ürün tipi: Yaylı pens (collet); Standart / tip: DIN 6499 / ISO 15488, 8° koniklik; Bağlama aralığı: 1–16 mm (seriye göre; her pens tek çap); Malzeme: Yay çeliği";Uyumlu somun dişi: M32x1,5;ER25 Pens;ERIC;Yok;;Orta;"Site markası 'ERIC' üretici olarak doğrulanamadı; jenerik standart parça.";"Çap seçeneklidir; pens ölçüsü varyant olarak girilmeli. Bağlama aralığı standart ER seri değeridir.";https://www.cncdunyasi.com/urun/er25-pens-cesitleri
Torna aynaları, pens ve takım tutucular;(markasız);ER25 pens seti, 15 parça (2–16 mm);;ER25 pens seti, 15 parça, 2–16 mm;ER25 (DIN 6499);"Seri: ER25; Ürün tipi: Pens seti; Standart / tip: DIN 6499 / ISO 15488; Bağlama aralığı: 2–16 mm (2, 3, 4, 5, 6, 7, 8, 9, 10, 11, 12, 13, 14, 15, 16 mm pensler); Malzeme: Yay çeliği";Set içeriği: 15 adet pens;ER25 Pens Seti;ERIC;Yok;;Orta;Site markası 'ERIC' üretici olarak doğrulanamadı.;Jenerik standart pens seti.;https://www.cncdunyasi.com/urun/er25-pens-seti
Torna aynaları, pens ve takım tutucular;(markasız);ER25 pens somun anahtarı;ER25ANH;ER25 pens somun anahtarı;ER25 (DIN 6499);"Seri: ER25; Ürün tipi: Pens somun anahtarı; Standart / tip: ER25 standart somun için; Malzeme: Çelik başlık, PVC kaplı sap";Uzunluk: 150–250 mm (boyuta göre);ER25 Pens Somun Anahtarı;ERIC;Yok;;Orta;"Site markası 'ERIC' doğrulanamadı; ER25ANH sitenin iç kodu.";Jenerik aksesuar.;https://www.cncdunyasi.com/urun/er25-pens-somun-anahtari
Torna aynaları, pens ve takım tutucular;(markasız);ER25 pens somunu (DIN 6499);;ER25 pens somunu, DIN 6499;ER25 (DIN 6499);"Seri: ER25; Ürün tipi: Pens somunu; Standart / tip: DIN 6499 / ISO 15488, standart (A tipi) somun; Bağlantı: Diş M32x1,5; Malzeme: Çelik";;ER25 Pens Somunu;ERIC;Yok;;Orta;"Site markası 'ERIC' üretici olarak doğrulanamadı; açıklama yalnız ürün adı.";Somun tipi (standart / rulmanlı / mini) belirtilmemiş [TEYİT].;https://www.cncdunyasi.com/urun/er25-pens-somunu
Torna aynaları, pens ve takım tutucular;(markasız);ER32 pens (DIN 6499 / ISO 15488);;ER32 pens, DIN 6499 / ISO 15488 (çap seçmeli);ER32 (DIN 6499);"Seri: ER32; Ürün tipi: Yaylı pens (collet); Standart / tip: DIN 6499 / ISO 15488, 8° koniklik; Bağlama aralığı: 2–20 mm (seriye göre; her pens tek çap); Malzeme: Yay çeliği";Uyumlu somun dişi: M40x1,5;ER32 Pens;ERIC;Yok;;Orta;"Site markası 'ERIC' üretici olarak doğrulanamadı; jenerik standart parça.";"Çap seçeneklidir; pens ölçüsü varyant olarak girilmeli. Bağlama aralığı standart ER seri değeridir.";https://www.cncdunyasi.com/urun/er32-pens-cesitleri
Torna aynaları, pens ve takım tutucular;(markasız);ER32 pens seti, 18 parça (3–20 mm);;ER32 pens seti, 18 parça, 3–20 mm;ER32 (DIN 6499);"Seri: ER32; Ürün tipi: Pens seti; Standart / tip: DIN 6499 / ISO 15488; Bağlama aralığı: 3–20 mm (3, 4, 5, 6, 7, 8, 9, 10, 11, 12, 13, 14, 15, 16, 17, 18, 19, 20 mm pensler); Malzeme: Yay çeliği";Set içeriği: 18 adet pens;ER32 Pens Seti;ERIC;Yok;;Orta;Site markası 'ERIC' üretici olarak doğrulanamadı.;Jenerik standart pens seti.;https://www.cncdunyasi.com/urun/er32-pens-seti
Torna aynaları, pens ve takım tutucular;(markasız);ER32 pens somun anahtarı;ER32ANH;ER32 pens somun anahtarı;ER32 (DIN 6499);"Seri: ER32; Ürün tipi: Pens somun anahtarı; Standart / tip: ER32 standart somun için; Malzeme: Çelik başlık, PVC kaplı sap";Uzunluk: 150–250 mm (boyuta göre);ER32 Pens Somun Anahtarı;ERIC;Yok;;Orta;"Site markası 'ERIC' doğrulanamadı; ER32ANH sitenin iç kodu.";Jenerik aksesuar.;https://www.cncdunyasi.com/urun/er32-pens-somun-anahtari
Torna aynaları, pens ve takım tutucular;(markasız);ER32 pens somunu (DIN 6499);;ER32 pens somunu, DIN 6499;ER32 (DIN 6499);"Seri: ER32; Ürün tipi: Pens somunu; Standart / tip: DIN 6499 / ISO 15488, standart (A tipi) somun; Bağlantı: Diş M40x1,5; Malzeme: Çelik";;ER32 Pens Somunu;ERIC;Yok;;Orta;"Site markası 'ERIC' üretici olarak doğrulanamadı; açıklama yalnız ürün adı.";Somun tipi (standart / rulmanlı / mini) belirtilmemiş [TEYİT].;https://www.cncdunyasi.com/urun/er32-pens-somunu
Torna aynaları, pens ve takım tutucular;(markasız);ER40 pens (DIN 6499 / ISO 15488);;ER40 pens, DIN 6499 / ISO 15488 (çap seçmeli);ER40 (DIN 6499);"Seri: ER40; Ürün tipi: Yaylı pens (collet); Standart / tip: DIN 6499 / ISO 15488, 8° koniklik; Bağlama aralığı: 3–26 mm (seriye göre; her pens tek çap); Malzeme: Yay çeliği";Uyumlu somun dişi: M50x1,5;ER40 Pens;ERIC;Yok;;Orta;"Site markası 'ERIC' üretici olarak doğrulanamadı; jenerik standart parça.";"Çap seçeneklidir; pens ölçüsü varyant olarak girilmeli. Bağlama aralığı standart ER seri değeridir.";https://www.cncdunyasi.com/urun/er40-pens-cesitleri
Torna aynaları, pens ve takım tutucular;(markasız);ER40 pens seti, 23 parça (4–26 mm);;ER40 pens seti, 23 parça, 4–26 mm;ER40 (DIN 6499);"Seri: ER40; Ürün tipi: Pens seti; Standart / tip: DIN 6499 / ISO 15488; Bağlama aralığı: 4–26 mm (4, 5, 6, 7, 8, 9, 10, 11, 12, 13, 14, 15, 16, 17, 18, 19, 20, 21, 22, 23, 24, 25, 26 mm pensler); Malzeme: Yay çeliği";Set içeriği: 23 adet pens;ER40 Pens Seti;ERIC;Yok;;Orta;Site markası 'ERIC' üretici olarak doğrulanamadı.;Jenerik standart pens seti.;https://www.cncdunyasi.com/urun/er40-pens-seti
Torna aynaları, pens ve takım tutucular;(markasız);ER40 pens somun anahtarı;ER40ANH;ER40 pens somun anahtarı;ER40 (DIN 6499);"Seri: ER40; Ürün tipi: Pens somun anahtarı; Standart / tip: ER40 standart somun için; Malzeme: Çelik başlık, PVC kaplı sap";Uzunluk: 150–250 mm (boyuta göre);ER40 Pens Somun Anahtarı;ERIC;Yok;;Orta;"Site markası 'ERIC' doğrulanamadı; ER40ANH sitenin iç kodu.";Jenerik aksesuar.;https://www.cncdunyasi.com/urun/er40-pens-somun-anahtari
Torna aynaları, pens ve takım tutucular;(markasız);ER40 pens somunu (DIN 6499);;ER40 pens somunu, DIN 6499;ER40 (DIN 6499);"Seri: ER40; Ürün tipi: Pens somunu; Standart / tip: DIN 6499 / ISO 15488, standart (A tipi) somun; Bağlantı: Diş M50x1,5; Malzeme: Çelik";;ER40 Pens Somunu;ERIC;Yok;;Orta;"Site markası 'ERIC' üretici olarak doğrulanamadı; açıklama yalnız ürün adı.";Somun tipi (standart / rulmanlı / mini) belirtilmemiş [TEYİT].;https://www.cncdunyasi.com/urun/er40-pens-somunu
Torna aynaları, pens ve takım tutucular;(markasız);HSK-F63 magazin takım tutucu çatalı;;HSK-F63 takım magazini tutucu çatalı;HSK-F63;"Seri: HSK-F63; Ürün tipi: Takım magazini tutucu çatal (klips); Standart / tip: HSK-F63";;HSK F63 Takım Tutucu Çatal;CNCDunyasi;Yok;;Orta;"Site markası 'CNCDunyasi' satıcı etiketi; gerçek üretici bilinmiyor.";"Jenerik yedek parça; malzeme ve ölçü belirtilmemiş.";https://www.cncdunyasi.com/urun/hsk-f-63-takim-tutucu-catal
Torna aynaları, pens ve takım tutucular;(markasız);ISO30 (SK30) magazin takım tutucu çatalı;;ISO30 (SK30) takım magazini tutucu çatalı;ISO30 (SK30);"Seri: ISO30 (SK30); Ürün tipi: Takım magazini tutucu çatal (klips); Standart / tip: ISO30 (SK30)";;İso30 Takım Tutucu Çatal;CNCDunyasi;Yok;;Orta;"Site markası 'CNCDunyasi' satıcı etiketi; gerçek üretici bilinmiyor.";"Jenerik yedek parça; malzeme ve ölçü belirtilmemiş.";https://www.cncdunyasi.com/urun/iso30-takim-tutucu-catal
Torna aynaları, pens ve takım tutucular;(markasız);ISO30 ER32 pens tutucu;;ISO30 (SK30) – ER32 pensli takım tutucu;ISO30 / ER32;"Seri: ISO30; Ürün tipi: Pens tutuculu takım tutucu (collet chuck); Standart / tip: ISO30 konik, ER32 (DIN 6499) pens yuvası; Bağlama aralığı: 2–20 mm (ER32 pens ile); Bağlantı: ISO30 (SK30) konik; Hassasiyet: Balans G2.5 @ 24.000 d/dk; Malzeme: Çelik";;İso30 Er32 Takım Tutucu;CNCDunyasi;Yok;;Orta;"Site markası 'CNCDunyasi' satıcı etiketi; gerçek üretici bilinmiyor. Kod 'İSO30' eksik (ER32 yok).";Boy (L) ölçüsü belirtilmemiş [TEYİT].;https://www.cncdunyasi.com/urun/iso30-er32-takim-tutucu
Vakum ve toz emme;(markasız);PU toz emme hortumu Ø102 mm;;Spiral takviyeli PU toz emme hortumu, Ø102 mm;;"Ürün tipi: Esnek toz/talaş emme hortumu; Çap: 102 mm";Kullanım: Ahşap işleme toz/talaş toplama;102 mm Toz Emme Hortumu;Flex;Yok;;Düşük;"'Flex' marka değil, hortum tipi tanımı; site model alanındaki 'PU70' kodu üretici kodu olarak doğrulanamadı. Çapın iç çap olduğu ve uzunluk/satış birimi belirtilmemiş.";"Jenerik PU (poliüretan) spiral hortum olduğu tahmin ediliyor ('PU70' ibaresi); malzeme ve et kalınlığı [TEYİT].";https://www.cncdunyasi.com/urun/102-mm-toz-emme-hortumu
Vakum ve toz emme;(markasız);PU toz emme hortumu Ø110 mm;;Spiral takviyeli PU toz emme hortumu, Ø110 mm;;"Ürün tipi: Esnek toz/talaş emme hortumu; Çap: 110 mm";Kullanım: Ahşap işleme toz/talaş toplama;110 mm Toz Emme Hortumu;Flex;Yok;;Düşük;"'Flex' marka değil, hortum tipi tanımı; site model alanındaki 'PU70' kodu üretici kodu olarak doğrulanamadı. Çapın iç çap olduğu ve uzunluk/satış birimi belirtilmemiş.";"Jenerik PU (poliüretan) spiral hortum olduğu tahmin ediliyor ('PU70' ibaresi); malzeme ve et kalınlığı [TEYİT].";https://www.cncdunyasi.com/urun/110-mm-toz-emme-hortumu
Vakum ve toz emme;(markasız);PU toz emme hortumu Ø120 mm;;Spiral takviyeli PU toz emme hortumu, Ø120 mm;;"Ürün tipi: Esnek toz/talaş emme hortumu; Çap: 120 mm";Kullanım: Ahşap işleme toz/talaş toplama;120 mm Toz Emme Hortumu;Flex;Yok;;Düşük;"'Flex' marka değil, hortum tipi tanımı; site model alanındaki 'PU70' kodu üretici kodu olarak doğrulanamadı. Çapın iç çap olduğu ve uzunluk/satış birimi belirtilmemiş.";"Jenerik PU (poliüretan) spiral hortum olduğu tahmin ediliyor ('PU70' ibaresi); malzeme ve et kalınlığı [TEYİT].";https://www.cncdunyasi.com/urun/120-mm-toz-emme-hortumu
Vakum ve toz emme;(markasız);PU toz emme hortumu Ø127 mm;;Spiral takviyeli PU toz emme hortumu, Ø127 mm;;"Ürün tipi: Esnek toz/talaş emme hortumu; Çap: 127 mm";Kullanım: Ahşap işleme toz/talaş toplama;127 mm Toz Emme Hortumu;Flex;Yok;;Düşük;"'Flex' marka değil, hortum tipi tanımı; site model alanındaki 'PU70' kodu üretici kodu olarak doğrulanamadı. Çapın iç çap olduğu ve uzunluk/satış birimi belirtilmemiş.";"Jenerik PU (poliüretan) spiral hortum olduğu tahmin ediliyor ('PU70' ibaresi); malzeme ve et kalınlığı [TEYİT].";https://www.cncdunyasi.com/urun/127-mm-toz-emme-hortumu
Vakum ve toz emme;(markasız);PU toz emme hortumu Ø130 mm;;Spiral takviyeli PU toz emme hortumu, Ø130 mm;;"Ürün tipi: Esnek toz/talaş emme hortumu; Çap: 130 mm";Kullanım: Ahşap işleme toz/talaş toplama;130 mm Toz Emme Hortumu;Flex;Yok;;Düşük;"'Flex' marka değil, hortum tipi tanımı; site model alanındaki 'PU70' kodu üretici kodu olarak doğrulanamadı. Çapın iç çap olduğu ve uzunluk/satış birimi belirtilmemiş.";"Jenerik PU (poliüretan) spiral hortum olduğu tahmin ediliyor ('PU70' ibaresi); malzeme ve et kalınlığı [TEYİT].";https://www.cncdunyasi.com/urun/130-mm-toz-emme-hortumu
Vakum ve toz emme;(markasız);PU toz emme hortumu Ø140 mm;;Spiral takviyeli PU toz emme hortumu, Ø140 mm;;"Ürün tipi: Esnek toz/talaş emme hortumu; Çap: 140 mm";Kullanım: Ahşap işleme toz/talaş toplama;140 mm Toz Emme Hortumu;Flex;Yok;;Düşük;"'Flex' marka değil, hortum tipi tanımı; site model alanındaki 'PU70' kodu üretici kodu olarak doğrulanamadı. Çapın iç çap olduğu ve uzunluk/satış birimi belirtilmemiş.";"Jenerik PU (poliüretan) spiral hortum olduğu tahmin ediliyor ('PU70' ibaresi); malzeme ve et kalınlığı [TEYİT].";https://www.cncdunyasi.com/urun/140-mm-toz-emme-hortumu
Vakum ve toz emme;(markasız);PU toz emme hortumu Ø152 mm;;Spiral takviyeli PU toz emme hortumu, Ø152 mm;;"Ürün tipi: Esnek toz/talaş emme hortumu; Çap: 152 mm";Kullanım: Ahşap işleme toz/talaş toplama;152 mm Toz Emme Hortumu;Flex;Yok;;Düşük;"'Flex' marka değil, hortum tipi tanımı; site model alanındaki 'PU70' kodu üretici kodu olarak doğrulanamadı. Çapın iç çap olduğu ve uzunluk/satış birimi belirtilmemiş.";"Jenerik PU (poliüretan) spiral hortum olduğu tahmin ediliyor ('PU70' ibaresi); malzeme ve et kalınlığı [TEYİT].";https://www.cncdunyasi.com/urun/152-mm-toz-emme-hortumu-1762431652661
Vakum ve toz emme;(markasız);PU toz emme hortumu Ø160 mm;;Spiral takviyeli PU toz emme hortumu, Ø160 mm;;"Ürün tipi: Esnek toz/talaş emme hortumu; Çap: 160 mm";Kullanım: Ahşap işleme toz/talaş toplama;160 mm Toz Emme Hortumu;Flex;Yok;;Düşük;"'Flex' marka değil, hortum tipi tanımı; site model alanındaki 'PU70' kodu üretici kodu olarak doğrulanamadı. Çapın iç çap olduğu ve uzunluk/satış birimi belirtilmemiş.";"Jenerik PU (poliüretan) spiral hortum olduğu tahmin ediliyor ('PU70' ibaresi); malzeme ve et kalınlığı [TEYİT].";https://www.cncdunyasi.com/urun/160-mm-toz-emme-hortumu
Vakum ve toz emme;(markasız);PU toz emme hortumu Ø175 mm;;Spiral takviyeli PU toz emme hortumu, Ø175 mm;;"Ürün tipi: Esnek toz/talaş emme hortumu; Çap: 175 mm";Kullanım: Ahşap işleme toz/talaş toplama;175 mm Toz Emme Hortumu;Flex;Yok;;Düşük;"'Flex' marka değil, hortum tipi tanımı; site model alanındaki 'PU70' kodu üretici kodu olarak doğrulanamadı. Çapın iç çap olduğu ve uzunluk/satış birimi belirtilmemiş.";"Jenerik PU (poliüretan) spiral hortum olduğu tahmin ediliyor ('PU70' ibaresi); malzeme ve et kalınlığı [TEYİT].";https://www.cncdunyasi.com/urun/175-mm-toz-emme-hortumu
Vakum ve toz emme;(markasız);PU toz emme hortumu Ø180 mm;;Spiral takviyeli PU toz emme hortumu, Ø180 mm;;"Ürün tipi: Esnek toz/talaş emme hortumu; Çap: 180 mm";Kullanım: Ahşap işleme toz/talaş toplama;180 mm Toz Emme Hortumu;Flex;Yok;;Düşük;"'Flex' marka değil, hortum tipi tanımı; site model alanındaki 'PU70' kodu üretici kodu olarak doğrulanamadı. Çapın iç çap olduğu ve uzunluk/satış birimi belirtilmemiş.";"Jenerik PU (poliüretan) spiral hortum olduğu tahmin ediliyor ('PU70' ibaresi); malzeme ve et kalınlığı [TEYİT].";https://www.cncdunyasi.com/urun/180-mm-toz-emme-hortumu
Vakum ve toz emme;(markasız);PU toz emme hortumu Ø203 mm;;Spiral takviyeli PU toz emme hortumu, Ø203 mm;;"Ürün tipi: Esnek toz/talaş emme hortumu; Çap: 203 mm";Kullanım: Ahşap işleme toz/talaş toplama;203 mm Toz Emme Hortumu;Flex;Yok;;Düşük;"'Flex' marka değil, hortum tipi tanımı; site model alanındaki 'PU70' kodu üretici kodu olarak doğrulanamadı. Çapın iç çap olduğu ve uzunluk/satış birimi belirtilmemiş.";"Jenerik PU (poliüretan) spiral hortum olduğu tahmin ediliyor ('PU70' ibaresi); malzeme ve et kalınlığı [TEYİT].";https://www.cncdunyasi.com/urun/203-mm-toz-emme-hortumu
Vakum ve toz emme;(markasız);PU toz emme hortumu Ø225 mm;;Spiral takviyeli PU toz emme hortumu, Ø225 mm;;"Ürün tipi: Esnek toz/talaş emme hortumu; Çap: 225 mm";Kullanım: Ahşap işleme toz/talaş toplama;225 mm Toz Emme Hortumu;Flex;Yok;;Düşük;"'Flex' marka değil, hortum tipi tanımı; site model alanındaki 'PU70' kodu üretici kodu olarak doğrulanamadı. Çapın iç çap olduğu ve uzunluk/satış birimi belirtilmemiş.";"Jenerik PU (poliüretan) spiral hortum olduğu tahmin ediliyor ('PU70' ibaresi); malzeme ve et kalınlığı [TEYİT].";https://www.cncdunyasi.com/urun/225-mm-toz-emme-hortumu
Vakum ve toz emme;(markasız);PU toz emme hortumu Ø250 mm;;Spiral takviyeli PU toz emme hortumu, Ø250 mm;;"Ürün tipi: Esnek toz/talaş emme hortumu; Çap: 250 mm";Kullanım: Ahşap işleme toz/talaş toplama;250 mm Toz Emme Hortumu;Flex;Yok;;Düşük;"'Flex' marka değil, hortum tipi tanımı; site model alanındaki 'PU70' kodu üretici kodu olarak doğrulanamadı. Çapın iç çap olduğu ve uzunluk/satış birimi belirtilmemiş.";"Jenerik PU (poliüretan) spiral hortum olduğu tahmin ediliyor ('PU70' ibaresi); malzeme ve et kalınlığı [TEYİT].";https://www.cncdunyasi.com/urun/250-mm-toz-emme-hortumu
Vakum ve toz emme;(markasız);PU toz emme hortumu Ø275 mm;;Spiral takviyeli PU toz emme hortumu, Ø275 mm;;"Ürün tipi: Esnek toz/talaş emme hortumu; Çap: 275 mm";Kullanım: Ahşap işleme toz/talaş toplama;275 mm Toz Emme Hortumu;Flex;Yok;;Düşük;"'Flex' marka değil, hortum tipi tanımı; site model alanındaki 'PU70' kodu üretici kodu olarak doğrulanamadı. Çapın iç çap olduğu ve uzunluk/satış birimi belirtilmemiş.";"Jenerik PU (poliüretan) spiral hortum olduğu tahmin ediliyor ('PU70' ibaresi); malzeme ve et kalınlığı [TEYİT].";https://www.cncdunyasi.com/urun/275-mm-toz-emme-hortumu
Vakum ve toz emme;(markasız);PU toz emme hortumu Ø305 mm;;Spiral takviyeli PU toz emme hortumu, Ø305 mm;;"Ürün tipi: Esnek toz/talaş emme hortumu; Çap: 305 mm";Kullanım: Ahşap işleme toz/talaş toplama;305 mm Toz Emme Hortumu;Flex;Yok;;Düşük;"'Flex' marka değil, hortum tipi tanımı; site model alanındaki 'PU70' kodu üretici kodu olarak doğrulanamadı. Çapın iç çap olduğu ve uzunluk/satış birimi belirtilmemiş.";"Jenerik PU (poliüretan) spiral hortum olduğu tahmin ediliyor ('PU70' ibaresi); malzeme ve et kalınlığı [TEYİT].";https://www.cncdunyasi.com/urun/305-mm-toz-emme-hortumu
Vakum ve toz emme;(markasız);PU toz emme hortumu Ø350 mm;;Spiral takviyeli PU toz emme hortumu, Ø350 mm;;"Ürün tipi: Esnek toz/talaş emme hortumu; Çap: 350 mm";Kullanım: Ahşap işleme toz/talaş toplama;350 mm Toz Emme Hortumu;Flex;Yok;;Düşük;"'Flex' marka değil, hortum tipi tanımı; site model alanındaki 'PU70' kodu üretici kodu olarak doğrulanamadı. Çapın iç çap olduğu ve uzunluk/satış birimi belirtilmemiş.";"Jenerik PU (poliüretan) spiral hortum olduğu tahmin ediliyor ('PU70' ibaresi); malzeme ve et kalınlığı [TEYİT].";https://www.cncdunyasi.com/urun/350-mm-toz-emme-hortumu
Vakum ve toz emme;(markasız);PU toz emme hortumu Ø40 mm;;Spiral takviyeli PU toz emme hortumu, Ø40 mm;;"Ürün tipi: Esnek toz/talaş emme hortumu; Çap: 40 mm";Kullanım: Ahşap işleme toz/talaş toplama;40 mm Toz Emme Hortumu;Flex;Yok;;Düşük;"'Flex' marka değil, hortum tipi tanımı; site model alanındaki 'PU70' kodu üretici kodu olarak doğrulanamadı. Çapın iç çap olduğu ve uzunluk/satış birimi belirtilmemiş.";"Jenerik PU (poliüretan) spiral hortum olduğu tahmin ediliyor ('PU70' ibaresi); malzeme ve et kalınlığı [TEYİT].";https://www.cncdunyasi.com/urun/40-mm-toz-emme-hortumu
Vakum ve toz emme;(markasız);PU toz emme hortumu Ø400 mm;;Spiral takviyeli PU toz emme hortumu, Ø400 mm;;"Ürün tipi: Esnek toz/talaş emme hortumu; Çap: 400 mm";Kullanım: Ahşap işleme toz/talaş toplama;400 mm Toz Emme Hortumu;Flex;Yok;;Düşük;"'Flex' marka değil, hortum tipi tanımı; site model alanındaki 'PU70' kodu üretici kodu olarak doğrulanamadı. Çapın iç çap olduğu ve uzunluk/satış birimi belirtilmemiş.";"Jenerik PU (poliüretan) spiral hortum olduğu tahmin ediliyor ('PU70' ibaresi); malzeme ve et kalınlığı [TEYİT].";https://www.cncdunyasi.com/urun/400-mm-toz-emme-hortumu
Vakum ve toz emme;(markasız);PU toz emme hortumu Ø52 mm;;Spiral takviyeli PU toz emme hortumu, Ø52 mm;;"Ürün tipi: Esnek toz/talaş emme hortumu; Çap: 52 mm";Kullanım: Ahşap işleme toz/talaş toplama;52 mm Toz Emme Hortumu;Flex;Yok;;Düşük;"'Flex' marka değil, hortum tipi tanımı; site model alanındaki 'PU70' kodu üretici kodu olarak doğrulanamadı. Çapın iç çap olduğu ve uzunluk/satış birimi belirtilmemiş.";"Jenerik PU (poliüretan) spiral hortum olduğu tahmin ediliyor ('PU70' ibaresi); malzeme ve et kalınlığı [TEYİT].";https://www.cncdunyasi.com/urun/52-mm-toz-emme-hortumu
Vakum ve toz emme;(markasız);PU toz emme hortumu Ø60 mm;;Spiral takviyeli PU toz emme hortumu, Ø60 mm;;"Ürün tipi: Esnek toz/talaş emme hortumu; Çap: 60 mm";Kullanım: Ahşap işleme toz/talaş toplama;60 mm Toz Emme Hortumu;Flex;Yok;;Düşük;"'Flex' marka değil, hortum tipi tanımı; site model alanındaki 'PU70' kodu üretici kodu olarak doğrulanamadı. Çapın iç çap olduğu ve uzunluk/satış birimi belirtilmemiş.";"Jenerik PU (poliüretan) spiral hortum olduğu tahmin ediliyor ('PU70' ibaresi); malzeme ve et kalınlığı [TEYİT].";https://www.cncdunyasi.com/urun/60-mm-toz-emme-hortumu
Vakum ve toz emme;(markasız);PU toz emme hortumu Ø63 mm;;Spiral takviyeli PU toz emme hortumu, Ø63 mm;;"Ürün tipi: Esnek toz/talaş emme hortumu; Çap: 63 mm";Kullanım: Ahşap işleme toz/talaş toplama;63 mm Toz Emme Hortumu ;Flex;Yok;;Düşük;"'Flex' marka değil, hortum tipi tanımı; site model alanındaki 'PU70' kodu üretici kodu olarak doğrulanamadı. Çapın iç çap olduğu ve uzunluk/satış birimi belirtilmemiş.";"Jenerik PU (poliüretan) spiral hortum olduğu tahmin ediliyor ('PU70' ibaresi); malzeme ve et kalınlığı [TEYİT].";https://www.cncdunyasi.com/urun/63-mm-toz-emme-hortumu
Vakum ve toz emme;(markasız);PU toz emme hortumu Ø70 mm;;Spiral takviyeli PU toz emme hortumu, Ø70 mm;;"Ürün tipi: Esnek toz/talaş emme hortumu; Çap: 70 mm";Kullanım: Ahşap işleme toz/talaş toplama;70 mm Toz Emme Hortumu;Flex;Yok;;Düşük;"'Flex' marka değil, hortum tipi tanımı; site model alanındaki 'PU70' kodu üretici kodu olarak doğrulanamadı. Çapın iç çap olduğu ve uzunluk/satış birimi belirtilmemiş.";"Jenerik PU (poliüretan) spiral hortum olduğu tahmin ediliyor ('PU70' ibaresi); malzeme ve et kalınlığı [TEYİT].";https://www.cncdunyasi.com/urun/70-mm-toz-emme-hortumu
Vakum ve toz emme;(markasız);PU toz emme hortumu Ø76 mm;;Spiral takviyeli PU toz emme hortumu, Ø76 mm;;"Ürün tipi: Esnek toz/talaş emme hortumu; Çap: 76 mm";Kullanım: Ahşap işleme toz/talaş toplama;76 mm Toz Emme Hortumu;Flex;Yok;;Düşük;"'Flex' marka değil, hortum tipi tanımı; site model alanındaki 'PU70' kodu üretici kodu olarak doğrulanamadı. Çapın iç çap olduğu ve uzunluk/satış birimi belirtilmemiş.";"Jenerik PU (poliüretan) spiral hortum olduğu tahmin ediliyor ('PU70' ibaresi); malzeme ve et kalınlığı [TEYİT].";https://www.cncdunyasi.com/urun/76-mm-toz-emme-hortumu
Vakum ve toz emme;(markasız);PU toz emme hortumu Ø80 mm;;Spiral takviyeli PU toz emme hortumu, Ø80 mm;;"Ürün tipi: Esnek toz/talaş emme hortumu; Çap: 80 mm";Kullanım: Ahşap işleme toz/talaş toplama;80 mm Toz Emme Hortumu;Flex;Yok;;Düşük;"'Flex' marka değil, hortum tipi tanımı; site model alanındaki 'PU70' kodu üretici kodu olarak doğrulanamadı. Çapın iç çap olduğu ve uzunluk/satış birimi belirtilmemiş.";"Jenerik PU (poliüretan) spiral hortum olduğu tahmin ediliyor ('PU70' ibaresi); malzeme ve et kalınlığı [TEYİT].";https://www.cncdunyasi.com/urun/80-mm-toz-emme-hortumu
Vakum ve toz emme;(markasız);PU toz emme hortumu Ø90 mm;;Spiral takviyeli PU toz emme hortumu, Ø90 mm;;"Ürün tipi: Esnek toz/talaş emme hortumu; Çap: 90 mm";Kullanım: Ahşap işleme toz/talaş toplama;90 mm Toz Emme Hortumu;Flex;Yok;;Düşük;"'Flex' marka değil, hortum tipi tanımı; site model alanındaki 'PU70' kodu üretici kodu olarak doğrulanamadı. Çapın iç çap olduğu ve uzunluk/satış birimi belirtilmemiş.";"Jenerik PU (poliüretan) spiral hortum olduğu tahmin ediliyor ('PU70' ibaresi); malzeme ve et kalınlığı [TEYİT].";https://www.cncdunyasi.com/urun/90-mm-toz-emme-hortumu
Vakum ve toz emme;(markasız);Yan kanallı (ring) blower vakum pompası 0,75 kW 145 m³/h;VP075145;Yan kanallı blower vakum pompası, 0,75 kW, 145 m³/h;;"Ürün tipi: Yan kanallı (ring) blower vakum pompası; Güç: 0,75 kW; Hava debisi: 145 m³/h";;0,75 Kw 145 Metre3 Vakum Motoru;VP;Yok;;Düşük;"Marka 'VP' ve 'VP…' kodları üretici bilgisi değil; gerilim/faz, vakum değeri belirtilmemiş.";Gerçek üretici belirlenemedi [TEYİT].;https://www.cncdunyasi.com/urun/0-75-kw-145-m3-blower-vakum-pompa-motoru
Vakum ve toz emme;(markasız);Yan kanallı (ring) blower vakum pompası 1,3 kW 145 m³/h;VP13145;Yan kanallı blower vakum pompası, 1,3 kW, 145 m³/h;;"Ürün tipi: Yan kanallı (ring) blower vakum pompası; Güç: 1,3 kW; Hava debisi: 145 m³/h";;1,3 Kw 145 Metre3 Vakum Motoru;VP;Yok;;Düşük;"Marka 'VP' ve 'VP…' kodları üretici bilgisi değil; gerilim/faz, vakum değeri belirtilmemiş.";Gerçek üretici belirlenemedi [TEYİT].;https://www.cncdunyasi.com/urun/1-3-kw-145-m3-blower-vakum-pompa-motoru
Vakum ve toz emme;(markasız);Yan kanallı (ring) blower vakum pompası 1,5 kW 210 m³/h;VP15210;Yan kanallı blower vakum pompası, 1,5 kW, 210 m³/h;;"Ürün tipi: Yan kanallı (ring) blower vakum pompası; Güç: 1,5 kW; Hava debisi: 210 m³/h";;1,5 Kw 210 Metre3 Vakum Motoru;VP;Yok;;Düşük;"Marka 'VP' ve 'VP…' kodları üretici bilgisi değil; gerilim/faz, vakum değeri belirtilmemiş. Aynı ad ve 'VP15210' koduyla iki ayrı kayıt var; yalnız adresteki '-380' ekiyle ayrılıyor.";Gerçek üretici belirlenemedi [TEYİT].;https://www.cncdunyasi.com/urun/1-5-kw-210-m3-blower-vakum-pompa-motoru
Vakum ve toz emme;(markasız);Yan kanallı (ring) blower vakum pompası 1,5 kW 210 m³/h;VP15210;Yan kanallı blower vakum pompası, 1,5 kW, 210 m³/h (380 V);;"Ürün tipi: Yan kanallı (ring) blower vakum pompası; Güç: 1,5 kW; Hava debisi: 210 m³/h";;1,5 Kw 210 Metre3 Vakum Motoru;VP;Yok;;Düşük;"Marka 'VP' ve 'VP…' kodları üretici bilgisi değil; gerilim/faz, vakum değeri belirtilmemiş. Aynı ad ve 'VP15210' koduyla iki ayrı kayıt var; yalnız adresteki '-380' ekiyle ayrılıyor.";"Gerçek üretici belirlenemedi [TEYİT]. Adreste '380' ibaresi var; 380 V trifaze sürüm olabilir [TEYİT].";https://www.cncdunyasi.com/urun/1-5-kw-210-m3-blower-vakum-pompa-motoru-380
Vakum ve toz emme;(markasız);Yan kanallı (ring) blower vakum pompası 2,2 kW 270 m³/h;VP22270;Yan kanallı blower vakum pompası, 2,2 kW, 270 m³/h (380 V);;"Ürün tipi: Yan kanallı (ring) blower vakum pompası; Güç: 2,2 kW; Hava debisi: 270 m³/h";;2,2 Kw 270 Metre3 Vakum Motoru;VP;Yok;;Düşük;"Marka 'VP' ve 'VP…' kodları üretici bilgisi değil; gerilim/faz, vakum değeri belirtilmemiş.";"Gerçek üretici belirlenemedi [TEYİT]. Adreste '380' ibaresi var; 380 V trifaze sürüm olabilir [TEYİT].";https://www.cncdunyasi.com/urun/2-2-kw-270-m3-blower-vakum-pompa-motoru-380
Vakum ve toz emme;(markasız);Yan kanallı (ring) blower vakum pompası 4 kW 318 m³/h;VP40318;Yan kanallı blower vakum pompası, 4 kW, 318 m³/h (380 V);;"Ürün tipi: Yan kanallı (ring) blower vakum pompası; Güç: 4 kW; Hava debisi: 318 m³/h";;4 Kw 318 Metre3 Vakum Motoru;VP;Yok;;Düşük;"Marka 'VP' ve 'VP…' kodları üretici bilgisi değil; gerilim/faz, vakum değeri belirtilmemiş.";"Gerçek üretici belirlenemedi [TEYİT]. Adreste '380' ibaresi var; 380 V trifaze sürüm olabilir [TEYİT].";https://www.cncdunyasi.com/urun/4-kw-318-m3-blower-vakum-pompa-motoru-380
Vakum ve toz emme;(markasız);Yan kanallı (ring) blower vakum pompası 7,5 kW 520 m³/h;VP75520;Yan kanallı blower vakum pompası, 7,5 kW, 520 m³/h (380 V);;"Ürün tipi: Yan kanallı (ring) blower vakum pompası; Güç: 7,5 kW; Hava debisi: 520 m³/h";;7,5 Kw 520 Metre3 Vakum Motoru;VP;Yok;;Düşük;"Marka 'VP' ve 'VP…' kodları üretici bilgisi değil; gerilim/faz, vakum değeri belirtilmemiş.";"Gerçek üretici belirlenemedi [TEYİT]. Adreste '380' ibaresi var; 380 V trifaze sürüm olabilir [TEYİT].";https://www.cncdunyasi.com/urun/7-5-kw-520-m3-blower-vakum-pompa-motoru-380
Yağlama sistemleri;(markasız);Otomatik elektrikli kızak yağlama pompası 2 L 220 V;;Otomatik kızak yağlama pompası, 2 L, 220 V AC;;"Ürün tipi: Elektrikli otomatik yağlama pompası (zaman ayarlı); Tank hacmi: 2 L; Gerilim: 220 V AC; Çalışma tipi: Otomatik; çalışma/bekleme süresi ve miktar ayarlı; Çıkış basıncı: 1,35 MPa";"Akım: 0,40 A; Uyarı: Yağ seviyesi düşük sesli ikaz; Uygun yağ: Kızak yağı (ör. Mobil Vactra No.2)";Otomatik Yağlama (2 Litre);CNCDunyasi;Yok;;Düşük;"Marka 'CNCDunyasi' site etiketi; gerçek üretici ve model kodu verilmemiş.";"Jenerik (muhtemelen Çin üretimi) yağlama ünitesi; üretici/model belirlenemedi [TEYİT].";https://www.cncdunyasi.com/urun/otomatik-yaglama-pompasi
Yağlama sistemleri;(markasız);Y-8;;Manuel kızak yağlama pompası Y-8, 0,5 L;;"Ürün tipi: Manuel pistonlu el yağlama pompası; Tank hacmi: 0,5 L (500 cc); Çalışma tipi: Manuel (kollu/pistonlu)";Valf: Tek yönlü çek valf;Manuel Yağlama;CNCDunyasi;Yok;;Düşük;"Marka 'CNCDunyasi' site etiketi; 'Y-8' jenerik model adı. Site model alanı açıklama metniyle karışık.";"Y-8 birçok Çinli üreticinin kullandığı jenerik el pompası tanımı; üretici belirsiz [TEYİT].";https://www.cncdunyasi.com/urun/manuel-yaglama-pompasi
Ölçme ve kalibrasyon;Pro'sKit;MT-1233D;;Pro'sKit MT-1233D dijital multimetre, 1999 sayım, ışıklı ekran;Pro'sKit MT-12xx;"Seri: Pro'sKit MT-12xx; Ürün tipi: Dijital multimetre (3½ hane, 1999 sayım); Ölçüm aralığı: DCV 200 mV–500 V; ACV 200/500 V; DCA 2000 µA–10 A; 200 Ω–200 MΩ; Hassasiyet: DCV ±(%0,8 + 3d); Ölçüler: 130 × 72 × 28 mm";"Kare dalga çıkışı: 50 Hz, 5 Vp-p; Pil: 2 × 1,5 V AAA";PROSKIT Dijital Multimetre - MT-1233D;Proskit;Yok;https://www.proskit.com/Product/MT-1233D;Orta;Öne çıkan özelliklerde 'AC akım' yazıyor, teknik tabloda ise yalnız DC akım kademeleri var.;"Kod Pro'sKit ürün sayfasında mevcut (MT-1233D); değerler site açıklamasından, üretici sayfasıyla birebir karşılaştırılamadı.";https://www.cncdunyasi.com/urun/proskit-dijital-multimetre-mt-1233d
Ölçme ve kalibrasyon;Pro'sKit;MT-1236;;Pro'sKit MT-1236 True-RMS dijital multimetre, 5999 sayım;Pro'sKit MT-12xx;"Seri: Pro'sKit MT-12xx; Ürün tipi: True-RMS dijital multimetre (3 5/6 hane, 5999 sayım); Ölçüm aralığı: DCV/ACV 600 mV–600 V; DCA/ACA 60 mA–10 A; 600 Ω–60 MΩ; 60 nF–100 mF; 9,999 Hz–9,999 MHz; -20…1000 °C; Hassasiyet: DCV ±(%0,5 + 5d); Ölçüler: 148 × 79 × 48 mm; Ağırlık: 210 g (pilsiz)";"Güvenlik: CAT II 600 V (site); Pil: 3 × 1,5 V AAA (dahil değil); Diğer: NCV, diyot, süreklilik, görev oranı, LED lamba";Proskit MT-1236 Dijital Multimetre;Proskit;Yok;https://www.proskit.com/Product/MT-1236;Yüksek;;Özellikler proskit.com ürün sayfasından doğrulandı.;https://www.cncdunyasi.com/urun/proskit-mt-1236-dijital-multimetre
Ölçme ve kalibrasyon;(markasız);DT-830D;;DT-830D dijital multimetre, siyah;;"Ürün tipi: Dijital multimetre (3½ hane); Ölçüm aralığı: DCV 200 mV–1000 V; ACV 200/750 V; DCA 200 µA–10 A; 200 Ω–2000 kΩ";"Diğer testler: Diyot, transistör (hFE), sesli süreklilik, kare dalga çıkışı; Renk: Siyah";DT-830D Dijital Multimetre - Siyah;Marxlow;Yok;;Düşük;"Site markası 'Marxlow' bir dağıtıcı etiketi; DT-830D jenerik model tanımıdır.";Jenerik DT-830 ailesi multimetre, üretici belirsiz.;https://www.cncdunyasi.com/urun/dt-830d-dijital-multimetre-siyah
Ölçme ve kalibrasyon;(markasız);DT-830D;;DT-830D dijital multimetre, sarı;;"Ürün tipi: Dijital multimetre (3½ hane); Ölçüm aralığı: DCV 200 mV–1000 V; ACV 200/750 V; DCA 200 µA–10 A; 200 Ω–2000 kΩ";"Diğer testler: Diyot, transistör (hFE), sesli süreklilik, kare dalga çıkışı; Renk: Sarı";DT-830D Dijital Multimetre - Sarı;Marxlow;Yok;;Düşük;"Site markası 'Marxlow' bir dağıtıcı etiketi; DT-830D jenerik model tanımıdır.";Jenerik DT-830 ailesi multimetre, üretici belirsiz.;https://www.cncdunyasi.com/urun/dt-830d-dijital-multimetre-sari
Ölçme ve kalibrasyon;(markasız);Dijital ekranlı kontrol kalemi (AC/DC 12–250 V);;Dijital ekranlı kontrol kalemi, AC/DC 12–250 V, temassız algılamalı;;"Ürün tipi: Dijital ekranlı gerilim kontrol kalemi / tornavida; Ölçüm aralığı: 12–250 V AC/DC (temaslı); 70–600 V AC temassız algılama";"Kademeler: 12 / 36 / 55 / 110 / 220 V; Fonksiyon: Kopukluk (süreklilik) testi";Dijital Kontrol Kalemi;CNCDunyasi;Yok;;Düşük;Site markası 'CNCDunyasi' gerçek üretici değil.;Jenerik ürün, üretici ve model kodu belirlenemedi.;https://www.cncdunyasi.com/urun/dijital-kontrol-kalemi
Ölçme ve kalibrasyon;(markasız);MAS830L;;MAS830L dijital multimetre, aydınlatmalı LCD;;"Ürün tipi: Dijital multimetre (3½ hane); Ölçüm aralığı: DCV 200 mV–600 V; ACV 200–600 V; DCA 200 µA–10 A; 200 Ω–2 MΩ; Hassasiyet: DCV ±%0,8; Ağırlık: 170 g";"Diğer testler: Diyot, transistör (hFE), sesli süreklilik; Pil: 9 V (6F22)";MAS 830L Dijital Multimetre;Marxlow;Yok;;Düşük;"Site markası 'Marxlow'; MAS830L modeli aslen Mastech (Hong Kong) modelidir, satılan ürünün Mastech orijinali mi muadil mi olduğu belirsiz.";"Marxlow etiketli muadil olabilir; Mastech orijinalliği teyit edilmeli [TEYİT].";https://www.cncdunyasi.com/urun/mas-830l-dijital-multimetre
Şalt ürünleri;Opaş;YKL 101 010;;Opaş YKL 101 010 aç-kapa (0-1) pako şalter, 1×10 A, kilitli;Opaş pako şalter;"Ürün tipi: Aç-kapa (0-1) pako şalter, kilitli; Anma akımı: 10 A; Kutup / kontak: 1 kutup; Montaj: Pano ön yüzü";;Opaş 1*10 Açma Kapama Şalteri (Kilitli);Opaş;Üretici görseli;https://www.opaselektrik.com.tr/1-kutup-ac-kapa-salterler/;Orta;;Opaş kod yapısı (seri + kutup/fonksiyon + akım, örn. 101 010) üretici sayfasındaki örnek koda göre.;https://www.cncdunyasi.com/urun/opas-1-10-acma-kapama-pako-salter-kilitli
Şalt ürünleri;Opaş;YKL 101 016;;Opaş YKL 101 016 aç-kapa (0-1) pako şalter, 1×16 A, kilitli;Opaş pako şalter;"Ürün tipi: Aç-kapa (0-1) pako şalter, kilitli; Anma akımı: 16 A; Kutup / kontak: 1 kutup; Montaj: Pano ön yüzü";;Opaş 1*16 Açma Kapama Şalteri (Kilitli);Opaş;Üretici görseli;https://www.opaselektrik.com.tr/1-kutup-ac-kapa-salterler/;Orta;;Opaş kod yapısı (seri + kutup/fonksiyon + akım, örn. 101 010) üretici sayfasındaki örnek koda göre.;https://www.cncdunyasi.com/urun/opas-1-16-acma-kapama-pako-salter-kilitli
Şalt ürünleri;Opaş;YKL 105 010;;Opaş YKL 105 010 kutup değiştirici (1-0-2) pako şalter, 1×10 A;Opaş pako şalter;"Ürün tipi: Kutup değiştirici (1-0-2) pako şalter; Anma akımı: 10 A; Kutup / kontak: 1 kutup; Montaj: Pano ön yüzü";;Opaş 1*10 Kutup Değiştirici Pako Şalter;Opaş;Yok;;Orta;;Opaş kod yapısı (seri + kutup/fonksiyon + akım, örn. 101 010) üretici sayfasındaki örnek koda göre. Site kodu YKL (kilitli) önekli ama ad kilitli demiyor [TEYİT].;https://www.cncdunyasi.com/urun/opas-1-10-kutup-degistirici-pako-salter
Şalt ürünleri;Opaş;YKL 301 010;;Opaş YKL 301 010 aç-kapa (0-1) pako şalter, 3×10 A, kilitli;Opaş pako şalter;"Ürün tipi: Aç-kapa (0-1) pako şalter, kilitli; Anma akımı: 10 A; Kutup / kontak: 3 kutup; Montaj: Pano ön yüzü";;Opaş 3*10 Açma Kapama Şalteri (Kilitli);Opaş;Üretici görseli;;Düşük;"Site model alanında 'YKL101-010' (1 kutuplu kod) yazıyor; 3 kutuplu kilitli için beklenen kod YKL 301 010.";Opaş kod yapısı (seri + kutup/fonksiyon + akım, örn. 101 010) üretici sayfasındaki örnek koda göre.;https://www.cncdunyasi.com/urun/opas-3-10-acma-kapama-pako-salter-kilitli
Şalt ürünleri;Opaş;YPT 101 010;;Opaş YPT 101 010 aç-kapa (0-1) pako şalter, 1×10 A;Opaş pako şalter;"Ürün tipi: Aç-kapa (0-1) pako şalter; Anma akımı: 10 A; Kutup / kontak: 1 kutup; Montaj: Pano ön yüzü";;Opaş 1*10 Açma Kapama Şalteri (Normal);Opaş;Üretici görseli;https://www.opaselektrik.com.tr/1-kutup-ac-kapa-salterler/;Orta;;Opaş kod yapısı (seri + kutup/fonksiyon + akım, örn. 101 010) üretici sayfasındaki örnek koda göre.;https://www.cncdunyasi.com/urun/opas-1-10-acma-kapama-pako-salter
Şalt ürünleri;Opaş;YPT 101 016;;Opaş YPT 101 016 aç-kapa (0-1) pako şalter, 1×16 A;Opaş pako şalter;"Ürün tipi: Aç-kapa (0-1) pako şalter; Anma akımı: 16 A; Kutup / kontak: 1 kutup; Montaj: Pano ön yüzü";;Opaş 1*16 Açma Kapama Şalteri (Normal);Opaş;Üretici görseli;https://www.opaselektrik.com.tr/1-kutup-ac-kapa-salterler/;Orta;;Opaş kod yapısı (seri + kutup/fonksiyon + akım, örn. 101 010) üretici sayfasındaki örnek koda göre.;https://www.cncdunyasi.com/urun/opas-1-16-acma-kapama-pako-salter
Şalt ürünleri;Opaş;YPT 112 010;;Opaş YPT 112 010 2 kademeli pako şalter, 1×10 A;Opaş pako şalter;"Ürün tipi: 2 kademeli pako şalter; Anma akımı: 10 A; Kutup / kontak: 1 kutup; Montaj: Pano ön yüzü";;Opaş 1*10 2 Kademe Pako Şalter;Opaş;Yok;;Orta;;Opaş kod yapısı (seri + kutup/fonksiyon + akım, örn. 101 010) üretici sayfasındaki örnek koda göre.;https://www.cncdunyasi.com/urun/opas-1-10-2-kademe-pako-salter
Şalt ürünleri;Opaş;YPT 112 016;;Opaş YPT 112 016 2 kademeli pako şalter, 1×16 A;Opaş pako şalter;"Ürün tipi: 2 kademeli pako şalter; Anma akımı: 16 A; Kutup / kontak: 1 kutup; Montaj: Pano ön yüzü";;Opaş 1*16 2 Kademe Pako Şalter;Opaş;Yok;;Orta;;Opaş kod yapısı (seri + kutup/fonksiyon + akım, örn. 101 010) üretici sayfasındaki örnek koda göre.;https://www.cncdunyasi.com/urun/opas-1-16-2-kademe-pako-salter
Şalt ürünleri;Opaş;YPT 301 010;;Opaş YPT 301 010 aç-kapa (0-1) pako şalter, 3×10 A;Opaş pako şalter;"Ürün tipi: Aç-kapa (0-1) pako şalter; Anma akımı: 10 A; Kutup / kontak: 3 kutup; Montaj: Pano ön yüzü";;Opaş 3*10 Açma Kapama Şalteri (Normal);Opaş;Üretici görseli;;Orta;;Opaş kod yapısı (seri + kutup/fonksiyon + akım, örn. 101 010) üretici sayfasındaki örnek koda göre.;https://www.cncdunyasi.com/urun/opas-3-10-acma-kapama-pako-salter
Şalt ürünleri;Siemens;3RT2016;3RT2016-1AP02;Siemens SIRIUS 3RT2016 kontaktör, 9 A, 4 kW;Siemens SIRIUS 3RT2;"Seri: Siemens SIRIUS 3RT2; Ürün tipi: Güç kontaktörü, 3 kutup; Anma akımı: 9 A (AC-3, 400 V); Motor gücü (AC-3): 4 kW (400 V); Kutup / kontak: 3 kutup ana kontak; Anma gerilimi: 690 V AC'ye kadar; Montaj: Vida veya 35 mm DIN ray";Boyut: S00;Siemens Sirius 9A Kontaktör 4Kw;Siemens;Yok;;Orta;"Site 'Sirius' seri adını model kodu olarak vermiş; bobin gerilimi ve yardımcı kontak bilgisi yok.";"Bobin gerilimi belirtilmediği için tam sipariş kodu belirlenemedi; örn. 230 V AC bobinli: 3RT2016-1AP01 [TEYİT].";https://www.cncdunyasi.com/urun/siemens-sirius-9a-kontaktor-4kw
Şalt ürünleri;Siemens;3RT2017;3RT2017-1AP02;Siemens SIRIUS 3RT2017 kontaktör, 12 A, 5,5 kW;Siemens SIRIUS 3RT2;"Seri: Siemens SIRIUS 3RT2; Ürün tipi: Güç kontaktörü, 3 kutup; Anma akımı: 12 A (AC-3, 400 V); Motor gücü (AC-3): 5,5 kW (400 V); Kutup / kontak: 3 kutup ana kontak; Anma gerilimi: 690 V AC'ye kadar; Montaj: Vida veya 35 mm DIN ray";Boyut: S00;Siemens Sirius 12A Kontaktör 5,5Kw;Siemens;Yok;;Orta;"Site 'Sirius' seri adını model kodu olarak vermiş; bobin gerilimi ve yardımcı kontak bilgisi yok.";"Bobin gerilimi belirtilmediği için tam sipariş kodu belirlenemedi; örn. 230 V AC bobinli: 3RT2017-1AP01 [TEYİT].";https://www.cncdunyasi.com/urun/siemens-sirius-12a-kontaktor-5-5-kw
Şalt ürünleri;Siemens;3RT2018;3RT2025 (S0, 17 A);Siemens SIRIUS 3RT2018 kontaktör, 16 A, 7,5 kW;Siemens SIRIUS 3RT2;"Seri: Siemens SIRIUS 3RT2; Ürün tipi: Güç kontaktörü, 3 kutup; Anma akımı: 16 A (AC-3, 400 V); Motor gücü (AC-3): 7,5 kW (400 V); Kutup / kontak: 3 kutup ana kontak; Anma gerilimi: 690 V AC'ye kadar; Montaj: Vida veya 35 mm DIN ray";Boyut: S00;Siemens Sirius 16A Kontaktör 7,5Kw;Siemens;Yok;;Orta;"Site 'Sirius' seri adını model kodu olarak vermiş; bobin gerilimi ve yardımcı kontak bilgisi yok.";"Bobin gerilimi belirtilmediği için tam sipariş kodu belirlenemedi; örn. 230 V AC bobinli: 3RT2018-1AP01 [TEYİT]. 3RT2018 (S00, 16 A) varsayıldı; S0 muadili 3RT2025 (17 A).";https://www.cncdunyasi.com/urun/siemens-sirius-16a-kontaktor-7-5-kw
Şalt ürünleri;Siemens;3RT2026;;Siemens SIRIUS 3RT2026 kontaktör, 25 A, 11 kW;Siemens SIRIUS 3RT2;"Seri: Siemens SIRIUS 3RT2; Ürün tipi: Güç kontaktörü, 3 kutup; Anma akımı: 25 A (AC-3, 400 V); Motor gücü (AC-3): 11 kW (400 V); Kutup / kontak: 3 kutup ana kontak; Anma gerilimi: 690 V AC'ye kadar; Montaj: Vida veya 35 mm DIN ray";Boyut: S0;Siemens Sirius 25A Kontaktör 11Kw;Siemens;Yok;;Orta;"Site 'Sirius' seri adını model kodu olarak vermiş; bobin gerilimi ve yardımcı kontak bilgisi yok.";"Bobin gerilimi belirtilmediği için tam sipariş kodu belirlenemedi; örn. 230 V AC bobinli: 3RT2026-1AP00 [TEYİT].";https://www.cncdunyasi.com/urun/siemens-sirius-25a-kontaktor-11-kw
Şalt ürünleri;Siemens;3RT2027;;Siemens SIRIUS 3RT2027 kontaktör, 32 A, 15 kW;Siemens SIRIUS 3RT2;"Seri: Siemens SIRIUS 3RT2; Ürün tipi: Güç kontaktörü, 3 kutup; Anma akımı: 32 A (AC-3, 400 V); Motor gücü (AC-3): 15 kW (400 V); Kutup / kontak: 3 kutup ana kontak; Anma gerilimi: 690 V AC'ye kadar; Montaj: Vida veya 35 mm DIN ray";Boyut: S0;Siemens Sirius 32A Kontaktör 15Kw;Siemens;Yok;;Orta;"Site 'Sirius' seri adını model kodu olarak vermiş; bobin gerilimi ve yardımcı kontak bilgisi yok.";"Bobin gerilimi belirtilmediği için tam sipariş kodu belirlenemedi; örn. 230 V AC bobinli: 3RT2027-1AP00 [TEYİT].";https://www.cncdunyasi.com/urun/siemens-sirius-32a-kontaktor-15-kw
Şalt ürünleri;Siemens;3RT2035;3RT2028 (S0, 38 A);Siemens SIRIUS 3RT2035 kontaktör, 40 A, 18,5 kW;Siemens SIRIUS 3RT2;"Seri: Siemens SIRIUS 3RT2; Ürün tipi: Güç kontaktörü, 3 kutup; Anma akımı: 40 A (AC-3, 400 V); Motor gücü (AC-3): 18,5 kW (400 V); Kutup / kontak: 3 kutup ana kontak; Anma gerilimi: 690 V AC'ye kadar";Boyut: S2;Siemens Sirius 40A Kontaktör 18,5Kw;Siemens;Yok;;Orta;"Site 'Sirius' seri adını model kodu olarak vermiş; bobin gerilimi ve yardımcı kontak bilgisi yok.";"Bobin gerilimi belirtilmediği için tam sipariş kodu belirlenemedi; örn. 230 V AC bobinli: 3RT2035-1AP00 [TEYİT]. 40 A için 3RT2035 (S2) varsayıldı; S0'da en yakın 3RT2028 (38 A).";https://www.cncdunyasi.com/urun/siemens-sirius-40a-kontaktor-18-5-kw
Şalt ürünleri;Siemens;3RT2036;;Siemens SIRIUS 3RT2036 kontaktör, 50 A, 22 kW;Siemens SIRIUS 3RT2;"Seri: Siemens SIRIUS 3RT2; Ürün tipi: Güç kontaktörü, 3 kutup; Anma akımı: 50 A (AC-3, 400 V); Motor gücü (AC-3): 22 kW (400 V); Kutup / kontak: 3 kutup ana kontak; Anma gerilimi: 690 V AC'ye kadar";Boyut: S2;Siemens Sirius 50A Kontaktör 22Kw;Siemens;Yok;;Orta;"Site 'Sirius' seri adını model kodu olarak vermiş; bobin gerilimi ve yardımcı kontak bilgisi yok.";"Bobin gerilimi belirtilmediği için tam sipariş kodu belirlenemedi; örn. 230 V AC bobinli: 3RT2036-1AP00 [TEYİT].";https://www.cncdunyasi.com/urun/siemens-sirius-50a-kontaktor-22-kw
Şalt ürünleri;Siemens;3RT2037;;Siemens SIRIUS 3RT2037 kontaktör, 65 A, 30 kW;Siemens SIRIUS 3RT2;"Seri: Siemens SIRIUS 3RT2; Ürün tipi: Güç kontaktörü, 3 kutup; Anma akımı: 65 A (AC-3, 400 V); Motor gücü (AC-3): 30 kW (400 V); Kutup / kontak: 3 kutup ana kontak; Anma gerilimi: 690 V AC'ye kadar";Boyut: S2;Siemens Sirius 65A Kontaktör 30Kw;Siemens;Yok;;Orta;"Site 'Sirius' seri adını model kodu olarak vermiş; bobin gerilimi ve yardımcı kontak bilgisi yok.";"Bobin gerilimi belirtilmediği için tam sipariş kodu belirlenemedi; örn. 230 V AC bobinli: 3RT2037-1AP00 [TEYİT].";https://www.cncdunyasi.com/urun/siemens-sirius-65a-kontaktor-30-kw
Şalt ürünleri;Siemens;3RT2038;3RT2045 (S3, 80 A);Siemens SIRIUS 3RT2038 kontaktör, 80 A, 37 kW;Siemens SIRIUS 3RT2;"Seri: Siemens SIRIUS 3RT2; Ürün tipi: Güç kontaktörü, 3 kutup; Anma akımı: 80 A (AC-3, 400 V); Motor gücü (AC-3): 37 kW (400 V); Kutup / kontak: 3 kutup ana kontak; Anma gerilimi: 690 V AC'ye kadar";Boyut: S2;Siemens Sirius 80A Kontaktör 37Kw;Siemens;Yok;;Orta;"Site 'Sirius' seri adını model kodu olarak vermiş; bobin gerilimi ve yardımcı kontak bilgisi yok.";"Bobin gerilimi belirtilmediği için tam sipariş kodu belirlenemedi; örn. 230 V AC bobinli: 3RT2038-1AP00 [TEYİT]. 80 A için 3RT2038 (S2) varsayıldı; S3 karşılığı 3RT2045.";https://www.cncdunyasi.com/urun/siemens-sirius-80a-kontaktor-37-kw
Şalt ürünleri;Siemens;3RT2046;;Siemens SIRIUS 3RT2046 kontaktör, 95 A, 45 kW;Siemens SIRIUS 3RT2;"Seri: Siemens SIRIUS 3RT2; Ürün tipi: Güç kontaktörü, 3 kutup; Anma akımı: 95 A (AC-3, 400 V); Motor gücü (AC-3): 45 kW (400 V); Kutup / kontak: 3 kutup ana kontak; Anma gerilimi: 690 V AC'ye kadar";Boyut: S3;Siemens Sirius 95A Kontaktör 45Kw;Siemens;Yok;;Orta;"Site 'Sirius' seri adını model kodu olarak vermiş; bobin gerilimi ve yardımcı kontak bilgisi yok.";"Bobin gerilimi belirtilmediği için tam sipariş kodu belirlenemedi; örn. 230 V AC bobinli: 3RT2046-1AP00 [TEYİT].";https://www.cncdunyasi.com/urun/siemens-sirius-95a-kontaktor-45-kw
Şalt ürünleri;Siemens;3RU2116-1GB0;;Siemens SIRIUS 3RU2116-1GB0 termik röle, 4,5–6,3 A;Siemens SIRIUS 3RU2;"Seri: Siemens SIRIUS 3RU2; Ürün tipi: Termik aşırı yük rölesi (Class 10); Ayar aralığı: 4,5–6,3 A; Kutup / kontak: 3 kutup, 1 NA + 1 NK yardımcı kontak; Montaj: Kontaktöre doğrudan montaj";"Boyut: S00; Uyumlu kontaktör: 3RT201";Siemens Sirius 4,5-6,3A Termik Röle;Siemens;Yok;https://sieportal.siemens.com/en-ww/products-services/detail/3RU2116-1GB0;Orta;"Site 'S' seri kodu veriyor; ayar aralığı dışında teknik bilgi yok.";Kod, 3RU2 aralık kodlaması (3RV2 ile aynı harf kodları, B0 = vidalı) üzerinden belirlendi [TEYİT].;https://www.cncdunyasi.com/urun/siemens-sirius-4-5-6-3-a-termik-role
Şalt ürünleri;Siemens;3RU2116-1KB0;;Siemens SIRIUS 3RU2116-1KB0 termik röle, 9–12,5 A;Siemens SIRIUS 3RU2;"Seri: Siemens SIRIUS 3RU2; Ürün tipi: Termik aşırı yük rölesi (Class 10); Ayar aralığı: 9–12,5 A; Kutup / kontak: 3 kutup, 1 NA + 1 NK yardımcı kontak; Montaj: Kontaktöre doğrudan montaj";"Boyut: S00; Uyumlu kontaktör: 3RT201";Siemens Sirius 9-12A Termik Röle;Siemens;Yok;https://sieportal.siemens.com/en-ww/products-services/detail/3RU2116-1KB0;Orta;"Site 'S' seri kodu veriyor; ayar aralığı dışında teknik bilgi yok. Siemens aralığı 9–12,5 A (sitede 9–12 A).";Kod, 3RU2 aralık kodlaması (3RV2 ile aynı harf kodları, B0 = vidalı) üzerinden belirlendi [TEYİT].;https://www.cncdunyasi.com/urun/siemens-sirius-9-12-a-termik-role
Şalt ürünleri;Siemens;3RU2116-4AB0;;Siemens SIRIUS 3RU2116-4AB0 termik röle, 11–16 A;Siemens SIRIUS 3RU2;"Seri: Siemens SIRIUS 3RU2; Ürün tipi: Termik aşırı yük rölesi (Class 10); Ayar aralığı: 11–16 A; Kutup / kontak: 3 kutup, 1 NA + 1 NK yardımcı kontak; Montaj: Kontaktöre doğrudan montaj";"Boyut: S00; Uyumlu kontaktör: 3RT201";Siemens Sirius 11-16A Termik Röle;Siemens;Yok;https://sieportal.siemens.com/en-ww/products-services/detail/3RU2116-4AB0;Orta;"Site 'S' seri kodu veriyor; ayar aralığı dışında teknik bilgi yok.";Kod, 3RU2 aralık kodlaması (3RV2 ile aynı harf kodları, B0 = vidalı) üzerinden belirlendi [TEYİT].;https://www.cncdunyasi.com/urun/siemens-sirius-11-16-a-termik-role
Şalt ürünleri;Siemens;3RU2126-4CB0;;Siemens SIRIUS 3RU2126-4CB0 termik röle, 17–22 A;Siemens SIRIUS 3RU2;"Seri: Siemens SIRIUS 3RU2; Ürün tipi: Termik aşırı yük rölesi (Class 10); Ayar aralığı: 17–22 A; Kutup / kontak: 3 kutup, 1 NA + 1 NK yardımcı kontak; Montaj: Kontaktöre doğrudan montaj";"Boyut: S0; Uyumlu kontaktör: 3RT202";Siemens Sirius 17-22A Termik Röle;Siemens;Yok;https://sieportal.siemens.com/en-ww/products-services/detail/3RU2126-4CB0;Orta;"Site 'S' seri kodu veriyor; ayar aralığı dışında teknik bilgi yok.";Kod, 3RU2 aralık kodlaması (3RV2 ile aynı harf kodları, B0 = vidalı) üzerinden belirlendi [TEYİT].;https://www.cncdunyasi.com/urun/siemens-sirius-17-22-a-termik-role
Şalt ürünleri;Siemens;3RU2126-4EB0;;Siemens SIRIUS 3RU2126-4EB0 termik röle, 27–32 A;Siemens SIRIUS 3RU2;"Seri: Siemens SIRIUS 3RU2; Ürün tipi: Termik aşırı yük rölesi (Class 10); Ayar aralığı: 27–32 A; Kutup / kontak: 3 kutup, 1 NA + 1 NK yardımcı kontak; Montaj: Kontaktöre doğrudan montaj";"Boyut: S0; Uyumlu kontaktör: 3RT202";Siemens Sirius 27-32A Termik Röle;Siemens;Yok;https://sieportal.siemens.com/en-ww/products-services/detail/3RU2126-4EB0;Orta;"Site 'S' seri kodu veriyor; ayar aralığı dışında teknik bilgi yok.";Kod, 3RU2 aralık kodlaması (3RV2 ile aynı harf kodları, B0 = vidalı) üzerinden belirlendi [TEYİT].;https://www.cncdunyasi.com/urun/siemens-sirius-27-32-a-termik-role
Şalt ürünleri;Siemens;3RV1031-4HA10;;Siemens SIRIUS 3RV1031-4HA10 motor koruma şalteri, 45–63 A;Siemens SIRIUS 3RV1;"Seri: Siemens SIRIUS 3RV1; Ürün tipi: Motor koruma şalteri (Class 10), 3 kutup; Ayar aralığı: 45–63 A; Kutup / kontak: 3 kutup; Anma gerilimi: 690 V AC'ye kadar; Montaj: Vida veya 35 mm DIN ray; Anma akımı: 63 A";Boyut: S2;Siemens 45-63 100 Ka S2 Motor Koruma Şalteri;Siemens;Yok;https://sieportal.siemens.com/en-ww/products-services/detail/3RV1031-4HA10;Düşük;"45–63 A aralığı güncel 3RV2 serisinde yok (3RV2 S2: 47–57 / 54–65 A); eski 3RV1031-4HA10'a karşılık geliyor. Sitedeki 100 kA da doğrulanamadı.";"Eski seri 3RV1031-4HA10 varsayıldı; güncel muadil için 3RV2031 ailesinden aralık seçilmeli [TEYİT].";https://www.cncdunyasi.com/urun/siemens-45-63-100ka-s2-sirius-motor-koruma-salteri
Şalt ürünleri;Siemens;3RV2011-1BA10;;Siemens SIRIUS 3RV2011-1BA10 motor koruma şalteri, 1,4–2 A;Siemens SIRIUS 3RV2;"Seri: Siemens SIRIUS 3RV2; Ürün tipi: Motor koruma şalteri (Class 10), 3 kutup; Ayar aralığı: 1,4–2 A; Kutup / kontak: 3 kutup; Anma gerilimi: 690 V AC'ye kadar; Montaj: Vida veya 35 mm DIN ray; Kesme kapasitesi: 100 kA (400 V, Icu); Anma akımı: 2 A";Boyut: S00;Siemens 1,4-2 100Ka S00 Sirius Motor Koruma Şalteri;Siemens;Yok;https://sieportal.siemens.com/en-ww/products-services/detail/3RV2011-1BA10;Yüksek;;Ayar aralığı → kod Siemens 3RV2 seçim tablosuyla doğrulandı (vidalı bağlantı, standart kesme kapasitesi).;https://www.cncdunyasi.com/urun/siemens-1-4-2-100ka-s00-sirius-motor-koruma-salteri
Şalt ürünleri;Siemens;3RV2011-1CA10;;Siemens SIRIUS 3RV2011-1CA10 motor koruma şalteri, 1,8–2,5 A;Siemens SIRIUS 3RV2;"Seri: Siemens SIRIUS 3RV2; Ürün tipi: Motor koruma şalteri (Class 10), 3 kutup; Ayar aralığı: 1,8–2,5 A; Kutup / kontak: 3 kutup; Anma gerilimi: 690 V AC'ye kadar; Montaj: Vida veya 35 mm DIN ray; Kesme kapasitesi: 100 kA (400 V, Icu); Anma akımı: 2,5 A";Boyut: S00;Siemens 1,8-2,5 100Ka S00 Sirius Motor Koruma Şalteri;Siemens;Yok;https://sieportal.siemens.com/en-ww/products-services/detail/3RV2011-1CA10;Yüksek;;Ayar aralığı → kod Siemens 3RV2 seçim tablosuyla doğrulandı (vidalı bağlantı, standart kesme kapasitesi).;https://www.cncdunyasi.com/urun/siemens-1-8-2-5-100ka-s00-sirius-motor-koruma-salteri
Şalt ürünleri;Siemens;3RV2011-1EA10;;Siemens SIRIUS 3RV2011-1EA10 motor koruma şalteri, 2,8–4 A;Siemens SIRIUS 3RV2;"Seri: Siemens SIRIUS 3RV2; Ürün tipi: Motor koruma şalteri (Class 10), 3 kutup; Ayar aralığı: 2,8–4 A; Kutup / kontak: 3 kutup; Anma gerilimi: 690 V AC'ye kadar; Montaj: Vida veya 35 mm DIN ray; Kesme kapasitesi: 100 kA (400 V, Icu); Anma akımı: 4 A";Boyut: S00;Siemens 2,8-4 100Ka S00 Sirius Motor Koruma Şalteri;Siemens;Yok;https://sieportal.siemens.com/en-ww/products-services/detail/3RV2011-1EA10;Yüksek;;Ayar aralığı → kod Siemens 3RV2 seçim tablosuyla doğrulandı (vidalı bağlantı, standart kesme kapasitesi).;https://www.cncdunyasi.com/urun/siemens-2-8-4-100ka-s00-sirius-motor-koruma-salteri
Şalt ürünleri;Siemens;3RV2011-1FA10;;Siemens SIRIUS 3RV2011-1FA10 motor koruma şalteri, 3,5–5 A;Siemens SIRIUS 3RV2;"Seri: Siemens SIRIUS 3RV2; Ürün tipi: Motor koruma şalteri (Class 10), 3 kutup; Ayar aralığı: 3,5–5 A; Kutup / kontak: 3 kutup; Anma gerilimi: 690 V AC'ye kadar; Montaj: Vida veya 35 mm DIN ray; Kesme kapasitesi: 100 kA (400 V, Icu); Anma akımı: 5 A";Boyut: S00;Siemens 3,5-5 100Ka S00 Sirius Motor Koruma Şalteri;Siemens;Yok;https://sieportal.siemens.com/en-ww/products-services/detail/3RV2011-1FA10;Yüksek;;Ayar aralığı → kod Siemens 3RV2 seçim tablosuyla doğrulandı (vidalı bağlantı, standart kesme kapasitesi).;https://www.cncdunyasi.com/urun/siemens-3-5-5-100ka-s00-sirius-motor-koruma-salteri
Şalt ürünleri;Siemens;3RV2011-1GA10;;Siemens SIRIUS 3RV2011-1GA10 motor koruma şalteri, 4,5–6,3 A;Siemens SIRIUS 3RV2;"Seri: Siemens SIRIUS 3RV2; Ürün tipi: Motor koruma şalteri (Class 10), 3 kutup; Ayar aralığı: 4,5–6,3 A; Kutup / kontak: 3 kutup; Anma gerilimi: 690 V AC'ye kadar; Montaj: Vida veya 35 mm DIN ray; Kesme kapasitesi: 100 kA (400 V, Icu); Anma akımı: 6,3 A";Boyut: S00;Siemens 4,5-6,3 100Ka S00 Sirius Motor Koruma Şalteri;Siemens;Yok;https://sieportal.siemens.com/en-ww/products-services/detail/3RV2011-1GA10;Yüksek;;Ayar aralığı → kod Siemens 3RV2 seçim tablosuyla doğrulandı (vidalı bağlantı, standart kesme kapasitesi).;https://www.cncdunyasi.com/urun/siemens-4-5-6-3-100ka-s00-sirius-motor-koruma-salteri
Şalt ürünleri;Siemens;3RV2011-1HA10;;Siemens SIRIUS 3RV2011-1HA10 motor koruma şalteri, 5,5–8 A;Siemens SIRIUS 3RV2;"Seri: Siemens SIRIUS 3RV2; Ürün tipi: Motor koruma şalteri (Class 10), 3 kutup; Ayar aralığı: 5,5–8 A; Kutup / kontak: 3 kutup; Anma gerilimi: 690 V AC'ye kadar; Montaj: Vida veya 35 mm DIN ray; Kesme kapasitesi: 100 kA (400 V, Icu); Anma akımı: 8 A";Boyut: S00;Siemens 5,5-8 100Ka S00 Sirius Motor Koruma Şalteri;Siemens;Yok;https://sieportal.siemens.com/en-ww/products-services/detail/3RV2011-1HA10;Yüksek;;Ayar aralığı → kod Siemens 3RV2 seçim tablosuyla doğrulandı (vidalı bağlantı, standart kesme kapasitesi).;https://www.cncdunyasi.com/urun/siemens-5-5-8-100ka-s00-sirius-motor-koruma-salteri
Şalt ürünleri;Siemens;3RV2011-1KA10;;Siemens SIRIUS 3RV2011-1KA10 motor koruma şalteri, 9–12,5 A;Siemens SIRIUS 3RV2;"Seri: Siemens SIRIUS 3RV2; Ürün tipi: Motor koruma şalteri (Class 10), 3 kutup; Ayar aralığı: 9–12,5 A; Kutup / kontak: 3 kutup; Anma gerilimi: 690 V AC'ye kadar; Montaj: Vida veya 35 mm DIN ray; Kesme kapasitesi: 100 kA (400 V, Icu); Anma akımı: 12,5 A";Boyut: S00;Siemens 9-12,5 100Ka S00 Sirius Motor Koruma Şalteri;Siemens;Yok;https://sieportal.siemens.com/en-ww/products-services/detail/3RV2011-1KA10;Yüksek;;Ayar aralığı → kod Siemens 3RV2 seçim tablosuyla doğrulandı (vidalı bağlantı, standart kesme kapasitesi).;https://www.cncdunyasi.com/urun/siemens-9-12-5-100ka-s00-sirius-motor-koruma-salteri
Şalt ürünleri;Siemens;3RV2021-4BA10;;Siemens SIRIUS 3RV2021-4BA10 motor koruma şalteri, 14–20 A;Siemens SIRIUS 3RV2;"Seri: Siemens SIRIUS 3RV2; Ürün tipi: Motor koruma şalteri (Class 10), 3 kutup; Ayar aralığı: 14–20 A; Kutup / kontak: 3 kutup; Anma gerilimi: 690 V AC'ye kadar; Montaj: Vida veya 35 mm DIN ray; Anma akımı: 20 A";Boyut: S0;Siemens 14-20 55 Ka S0 Motor Koruma Şalteri;Siemens;Yok;https://sieportal.siemens.com/en-ww/products-services/detail/3RV2021-4BA10;Yüksek;"Site '55 kA' yazıyor; Siemens kataloğunda S0 için Icu değeri aralığa göre 50–55 kA civarı, sitedeki değer doğrulanamadı.";Ayar aralığı → kod Siemens 3RV2 seçim tablosuyla doğrulandı (vidalı bağlantı, standart kesme kapasitesi).;https://www.cncdunyasi.com/urun/siemens-14-20-50ka-s0-sirius-motor-koruma-salteri
Şalt ürünleri;Siemens;3RV2021-4CA10;;Siemens SIRIUS 3RV2021-4CA10 motor koruma şalteri, 17–22 A;Siemens SIRIUS 3RV2;"Seri: Siemens SIRIUS 3RV2; Ürün tipi: Motor koruma şalteri (Class 10), 3 kutup; Ayar aralığı: 17–22 A; Kutup / kontak: 3 kutup; Anma gerilimi: 690 V AC'ye kadar; Montaj: Vida veya 35 mm DIN ray; Anma akımı: 22 A";Boyut: S0;Siemens 17-22 55 Ka S0 Motor Koruma Şalteri;Siemens;Yok;https://sieportal.siemens.com/en-ww/products-services/detail/3RV2021-4CA10;Yüksek;"Site '55 kA' yazıyor; Siemens kataloğunda S0 için Icu değeri aralığa göre 50–55 kA civarı, sitedeki değer doğrulanamadı.";Ayar aralığı → kod Siemens 3RV2 seçim tablosuyla doğrulandı (vidalı bağlantı, standart kesme kapasitesi).;https://www.cncdunyasi.com/urun/siemens-17-22-50ka-s0-sirius-motor-koruma-salteri
Şalt ürünleri;Siemens;3RV2021-4DA10;;Siemens SIRIUS 3RV2021-4DA10 motor koruma şalteri, 20–25 A;Siemens SIRIUS 3RV2;"Seri: Siemens SIRIUS 3RV2; Ürün tipi: Motor koruma şalteri (Class 10), 3 kutup; Ayar aralığı: 20–25 A; Kutup / kontak: 3 kutup; Anma gerilimi: 690 V AC'ye kadar; Montaj: Vida veya 35 mm DIN ray; Anma akımı: 25 A";Boyut: S0;Siemens 20-25 100 Ka S0 Motor Koruma Şalteri;Siemens;Yok;https://sieportal.siemens.com/en-ww/products-services/detail/3RV2021-4DA10;Yüksek;"Site '100 kA' yazıyor; Siemens kataloğunda S0 için Icu değeri aralığa göre 50–55 kA civarı, sitedeki değer doğrulanamadı.";Ayar aralığı → kod Siemens 3RV2 seçim tablosuyla doğrulandı (vidalı bağlantı, standart kesme kapasitesi).;https://www.cncdunyasi.com/urun/siemens-20-25-100ka-s0-sirius-motor-koruma-salteri
Şalt ürünleri;Siemens;3RV2021-4EA10;;Siemens SIRIUS 3RV2021-4EA10 motor koruma şalteri, 27–32 A;Siemens SIRIUS 3RV2;"Seri: Siemens SIRIUS 3RV2; Ürün tipi: Motor koruma şalteri (Class 10), 3 kutup; Ayar aralığı: 27–32 A; Kutup / kontak: 3 kutup; Anma gerilimi: 690 V AC'ye kadar; Montaj: Vida veya 35 mm DIN ray; Anma akımı: 32 A";Boyut: S0;Siemens 27-32 100 Ka S0 Motor Koruma Şalteri;Siemens;Yok;https://sieportal.siemens.com/en-ww/products-services/detail/3RV2021-4EA10;Yüksek;"Site '100 kA' yazıyor; Siemens kataloğunda S0 için Icu değeri aralığa göre 50–55 kA civarı, sitedeki değer doğrulanamadı.";Ayar aralığı → kod Siemens 3RV2 seçim tablosuyla doğrulandı (vidalı bağlantı, standart kesme kapasitesi).;https://www.cncdunyasi.com/urun/siemens-27-32-100ka-s0-sirius-motor-koruma-salteri
Şalt ürünleri;Siemens;3RV2031-4UA10;;Siemens SIRIUS 3RV2031-4UA10 motor koruma şalteri, 32–40 A;Siemens SIRIUS 3RV2;"Seri: Siemens SIRIUS 3RV2; Ürün tipi: Motor koruma şalteri (Class 10), 3 kutup; Ayar aralığı: 32–40 A; Kutup / kontak: 3 kutup; Anma gerilimi: 690 V AC'ye kadar; Montaj: Vida veya 35 mm DIN ray; Anma akımı: 40 A";Boyut: S2;Siemens 34-40 20Ka S2 Sirius Motor Koruma Şalteri;Siemens;Yok;https://sieportal.siemens.com/en-ww/products-services/detail/3RV2031-4UA10;Orta;"Site '34–40 A' ve adreste 10 kA / adda 20 kA yazıyor; Siemens 3RV2 S2'de bu aralık yok, en yakın 32–40 A (3RV2031-4UA10).";32–40 A aralığı varsayıldı [TEYİT].;https://www.cncdunyasi.com/urun/siemens-34-40-10ka-s2-sirius-motor-koruma-salteri
Şalt ürünleri;Siemens;3RV29 aksesuar (tip belirsiz);;Siemens SIRIUS 3RV2 motor koruma şalteri aksesuarı;Siemens SIRIUS 3RV2;"Seri: Siemens SIRIUS 3RV2; Ürün tipi: Motor koruma şalteri aksesuarı";;Siemens Motor Koruma Aksesuarı;Siemens;Yok;;Düşük;"Site kaydı hangi aksesuar olduğunu (yardımcı kontak bloğu, bara, kutu vb.) belirtmiyor; açıklama kontaktör metninden kopya.";Aksesuar tipi ve sipariş kodu belirlenemedi [TEYİT].;https://www.cncdunyasi.com/urun/siemens-motor-koruma-aksesuari
Şalt ürünleri;Siemens;5SL6110-6;;Siemens 5SL6 W otomat, 1 kutup, B eğrisi, 10 A, 6 kA;Siemens 5SL6;"Seri: Siemens 5SL6; Ürün tipi: Minyatür devre kesici (W otomat); Anma akımı: 10 A; Anma gerilimi: 230/400 V AC; Kutup / kontak: 1 kutup; Kesme kapasitesi: 6 kA; Montaj: 35 mm DIN ray";Açma eğrisi: B;Siemens 1*10 W Otomat B Tipi 6Ka;Siemens;Yok;https://sieportal.siemens.com/en-ww/products-services/detail/5SL6110-6;Orta;"Site model alanı yalnız 'S'; sigorta kategorisinde listelenmiş ama ürün minyatür devre kesici.";"5SL6 kod yapısı (5SL6 + kutup + akım, -6 = B, -7 = C) bilinen katalog yapısına göre; tek tek doğrulanmadı.";https://www.cncdunyasi.com/urun/siemens-1-10-w-otomat-b-tipi-6-ka-sigorta
Şalt ürünleri;Siemens;5SL6110-7;;Siemens 5SL6 W otomat, 1 kutup, C eğrisi, 10 A, 6 kA;Siemens 5SL6;"Seri: Siemens 5SL6; Ürün tipi: Minyatür devre kesici (W otomat); Anma akımı: 10 A; Anma gerilimi: 230/400 V AC; Kutup / kontak: 1 kutup; Kesme kapasitesi: 6 kA; Montaj: 35 mm DIN ray";Açma eğrisi: C;Siemens 1*10 W Otomat C Tipi 6Ka;Siemens;Yok;https://sieportal.siemens.com/en-ww/products-services/detail/5SL6110-7;Orta;"Site model alanı yalnız 'S'; sigorta kategorisinde listelenmiş ama ürün minyatür devre kesici.";"5SL6 kod yapısı (5SL6 + kutup + akım, -6 = B, -7 = C) bilinen katalog yapısına göre; tek tek doğrulanmadı.";https://www.cncdunyasi.com/urun/siemens-1-10-w-otomat-c-tipi-6-ka-sigorta
Şalt ürünleri;Siemens;5SL6116-6;;Siemens 5SL6 W otomat, 1 kutup, B eğrisi, 16 A, 6 kA;Siemens 5SL6;"Seri: Siemens 5SL6; Ürün tipi: Minyatür devre kesici (W otomat); Anma akımı: 16 A; Anma gerilimi: 230/400 V AC; Kutup / kontak: 1 kutup; Kesme kapasitesi: 6 kA; Montaj: 35 mm DIN ray";Açma eğrisi: B;Siemens 1*16 W Otomat B Tipi 6Ka;Siemens;Yok;https://sieportal.siemens.com/en-ww/products-services/detail/5SL6116-6;Orta;"Site model alanı yalnız 'S'; sigorta kategorisinde listelenmiş ama ürün minyatür devre kesici.";"5SL6 kod yapısı (5SL6 + kutup + akım, -6 = B, -7 = C) bilinen katalog yapısına göre; tek tek doğrulanmadı.";https://www.cncdunyasi.com/urun/siemens-1-16-w-otomat-b-tipi-6-ka-sigorta
Şalt ürünleri;Siemens;5SL6116-7;;Siemens 5SL6 W otomat, 1 kutup, C eğrisi, 16 A, 6 kA;Siemens 5SL6;"Seri: Siemens 5SL6; Ürün tipi: Minyatür devre kesici (W otomat); Anma akımı: 16 A; Anma gerilimi: 230/400 V AC; Kutup / kontak: 1 kutup; Kesme kapasitesi: 6 kA; Montaj: 35 mm DIN ray";Açma eğrisi: C;Siemens 1*16 W Otomat C Tipi 6Ka;Siemens;Yok;https://sieportal.siemens.com/en-ww/products-services/detail/5SL6116-7;Orta;"Site model alanı yalnız 'S'; sigorta kategorisinde listelenmiş ama ürün minyatür devre kesici.";"5SL6 kod yapısı (5SL6 + kutup + akım, -6 = B, -7 = C) bilinen katalog yapısına göre; tek tek doğrulanmadı.";https://www.cncdunyasi.com/urun/siemens-1-16-w-otomat-c-tipi-6-ka-sigorta
Şalt ürünleri;Siemens;5SL6120-6;;Siemens 5SL6 W otomat, 1 kutup, B eğrisi, 20 A, 6 kA;Siemens 5SL6;"Seri: Siemens 5SL6; Ürün tipi: Minyatür devre kesici (W otomat); Anma akımı: 20 A; Anma gerilimi: 230/400 V AC; Kutup / kontak: 1 kutup; Kesme kapasitesi: 6 kA; Montaj: 35 mm DIN ray";Açma eğrisi: B;Siemens 1*20 W Otomat B Tipi 6Ka;Siemens;Yok;https://sieportal.siemens.com/en-ww/products-services/detail/5SL6120-6;Orta;"Site model alanı yalnız 'S'; sigorta kategorisinde listelenmiş ama ürün minyatür devre kesici.";"5SL6 kod yapısı (5SL6 + kutup + akım, -6 = B, -7 = C) bilinen katalog yapısına göre; tek tek doğrulanmadı.";https://www.cncdunyasi.com/urun/siemens-1-20-w-otomat-b-tipi-6-ka-sigorta
Şalt ürünleri;Siemens;5SL6120-7;;Siemens 5SL6 W otomat, 1 kutup, C eğrisi, 20 A, 6 kA;Siemens 5SL6;"Seri: Siemens 5SL6; Ürün tipi: Minyatür devre kesici (W otomat); Anma akımı: 20 A; Anma gerilimi: 230/400 V AC; Kutup / kontak: 1 kutup; Kesme kapasitesi: 6 kA; Montaj: 35 mm DIN ray";Açma eğrisi: C;Siemens 1*20 W Otomat C Tipi 6Ka;Siemens;Yok;https://sieportal.siemens.com/en-ww/products-services/detail/5SL6120-7;Orta;"Site model alanı yalnız 'S'; sigorta kategorisinde listelenmiş ama ürün minyatür devre kesici.";"5SL6 kod yapısı (5SL6 + kutup + akım, -6 = B, -7 = C) bilinen katalog yapısına göre; tek tek doğrulanmadı.";https://www.cncdunyasi.com/urun/siemens-1-20-w-otomat-c-tipi-6-ka-sigorta
Şalt ürünleri;Siemens;5SL6125-6;;Siemens 5SL6 W otomat, 1 kutup, B eğrisi, 25 A, 6 kA;Siemens 5SL6;"Seri: Siemens 5SL6; Ürün tipi: Minyatür devre kesici (W otomat); Anma akımı: 25 A; Anma gerilimi: 230/400 V AC; Kutup / kontak: 1 kutup; Kesme kapasitesi: 6 kA; Montaj: 35 mm DIN ray";Açma eğrisi: B;Siemens 1*25 W Otomat B Tipi 6Ka;Siemens;Yok;https://sieportal.siemens.com/en-ww/products-services/detail/5SL6125-6;Orta;"Site model alanı yalnız 'S'; sigorta kategorisinde listelenmiş ama ürün minyatür devre kesici.";"5SL6 kod yapısı (5SL6 + kutup + akım, -6 = B, -7 = C) bilinen katalog yapısına göre; tek tek doğrulanmadı.";https://www.cncdunyasi.com/urun/siemens-1-25-w-otomat-b-tipi-6-ka-sigorta
Şalt ürünleri;Siemens;5SL6125-7;;Siemens 5SL6 W otomat, 1 kutup, C eğrisi, 25 A, 6 kA;Siemens 5SL6;"Seri: Siemens 5SL6; Ürün tipi: Minyatür devre kesici (W otomat); Anma akımı: 25 A; Anma gerilimi: 230/400 V AC; Kutup / kontak: 1 kutup; Kesme kapasitesi: 6 kA; Montaj: 35 mm DIN ray";Açma eğrisi: C;Siemens 1*25 W Otomat C Tipi 6Ka;Siemens;Yok;https://sieportal.siemens.com/en-ww/products-services/detail/5SL6125-7;Orta;"Site model alanı yalnız 'S'; sigorta kategorisinde listelenmiş ama ürün minyatür devre kesici.";"5SL6 kod yapısı (5SL6 + kutup + akım, -6 = B, -7 = C) bilinen katalog yapısına göre; tek tek doğrulanmadı.";https://www.cncdunyasi.com/urun/siemens-1-25-w-otomat-c-tipi-6-ka-sigorta
Şalt ürünleri;Siemens;5SL6132-6;;Siemens 5SL6 W otomat, 1 kutup, B eğrisi, 32 A, 6 kA;Siemens 5SL6;"Seri: Siemens 5SL6; Ürün tipi: Minyatür devre kesici (W otomat); Anma akımı: 32 A; Anma gerilimi: 230/400 V AC; Kutup / kontak: 1 kutup; Kesme kapasitesi: 6 kA; Montaj: 35 mm DIN ray";Açma eğrisi: B;Siemens 1*32 W Otomat B Tipi 6Ka;Siemens;Yok;https://sieportal.siemens.com/en-ww/products-services/detail/5SL6132-6;Orta;"Site model alanı yalnız 'S'; sigorta kategorisinde listelenmiş ama ürün minyatür devre kesici.";"5SL6 kod yapısı (5SL6 + kutup + akım, -6 = B, -7 = C) bilinen katalog yapısına göre; tek tek doğrulanmadı.";https://www.cncdunyasi.com/urun/siemens-1-32-w-otomat-b-tipi-6-ka-sigorta
Şalt ürünleri;Siemens;5SL6132-7;;Siemens 5SL6 W otomat, 1 kutup, C eğrisi, 32 A, 6 kA;Siemens 5SL6;"Seri: Siemens 5SL6; Ürün tipi: Minyatür devre kesici (W otomat); Anma akımı: 32 A; Anma gerilimi: 230/400 V AC; Kutup / kontak: 1 kutup; Kesme kapasitesi: 6 kA; Montaj: 35 mm DIN ray";Açma eğrisi: C;Siemens 1*32 W Otomat C Tipi 6Ka;Siemens;Yok;https://sieportal.siemens.com/en-ww/products-services/detail/5SL6132-7;Orta;"Site model alanı yalnız 'S'; sigorta kategorisinde listelenmiş ama ürün minyatür devre kesici.";"5SL6 kod yapısı (5SL6 + kutup + akım, -6 = B, -7 = C) bilinen katalog yapısına göre; tek tek doğrulanmadı.";https://www.cncdunyasi.com/urun/siemens-1-32-w-otomat-c-tipi-6-ka-sigorta
Şalt ürünleri;Siemens;5SL6140-6;;Siemens 5SL6 W otomat, 1 kutup, B eğrisi, 40 A, 6 kA;Siemens 5SL6;"Seri: Siemens 5SL6; Ürün tipi: Minyatür devre kesici (W otomat); Anma akımı: 40 A; Anma gerilimi: 230/400 V AC; Kutup / kontak: 1 kutup; Kesme kapasitesi: 6 kA; Montaj: 35 mm DIN ray";Açma eğrisi: B;Siemens 1*40 W Otomat B Tipi 6Ka;Siemens;Yok;https://sieportal.siemens.com/en-ww/products-services/detail/5SL6140-6;Orta;"Site model alanı yalnız 'S'; sigorta kategorisinde listelenmiş ama ürün minyatür devre kesici.";"5SL6 kod yapısı (5SL6 + kutup + akım, -6 = B, -7 = C) bilinen katalog yapısına göre; tek tek doğrulanmadı.";https://www.cncdunyasi.com/urun/siemens-1-40-w-otomat-b-tipi-6-ka-sigorta
Şalt ürünleri;Siemens;5SL6140-7;;Siemens 5SL6 W otomat, 1 kutup, C eğrisi, 40 A, 6 kA;Siemens 5SL6;"Seri: Siemens 5SL6; Ürün tipi: Minyatür devre kesici (W otomat); Anma akımı: 40 A; Anma gerilimi: 230/400 V AC; Kutup / kontak: 1 kutup; Kesme kapasitesi: 6 kA; Montaj: 35 mm DIN ray";Açma eğrisi: C;Siemens 1*40 W Otomat C Tipi 6Ka;Siemens;Yok;https://sieportal.siemens.com/en-ww/products-services/detail/5SL6140-7;Orta;"Site model alanı yalnız 'S'; sigorta kategorisinde listelenmiş ama ürün minyatür devre kesici.";"5SL6 kod yapısı (5SL6 + kutup + akım, -6 = B, -7 = C) bilinen katalog yapısına göre; tek tek doğrulanmadı.";https://www.cncdunyasi.com/urun/siemens-1-40-w-otomat-c-tipi-6-ka-sigorta
Şalt ürünleri;Siemens;5SL6150-7;;Siemens 5SL6 W otomat, 1 kutup, C eğrisi, 50 A, 6 kA;Siemens 5SL6;"Seri: Siemens 5SL6; Ürün tipi: Minyatür devre kesici (W otomat); Anma akımı: 50 A; Anma gerilimi: 230/400 V AC; Kutup / kontak: 1 kutup; Kesme kapasitesi: 6 kA; Montaj: 35 mm DIN ray";Açma eğrisi: C;Siemens 1*50 W Otomat C Tipi 6Ka;Siemens;Yok;https://sieportal.siemens.com/en-ww/products-services/detail/5SL6150-7;Orta;"Site model alanı yalnız 'S'; sigorta kategorisinde listelenmiş ama ürün minyatür devre kesici.";"5SL6 kod yapısı (5SL6 + kutup + akım, -6 = B, -7 = C) bilinen katalog yapısına göre; tek tek doğrulanmadı.";https://www.cncdunyasi.com/urun/siemens-1-50-w-otomat-c-tipi-6-ka-sigorta
Şalt ürünleri;Siemens;5SL6163-7;;Siemens 5SL6 W otomat, 1 kutup, C eğrisi, 63 A, 6 kA;Siemens 5SL6;"Seri: Siemens 5SL6; Ürün tipi: Minyatür devre kesici (W otomat); Anma akımı: 63 A; Anma gerilimi: 230/400 V AC; Kutup / kontak: 1 kutup; Kesme kapasitesi: 6 kA; Montaj: 35 mm DIN ray";Açma eğrisi: C;Siemens 1*63 W Otomat C Tipi 6Ka;Siemens;Yok;https://sieportal.siemens.com/en-ww/products-services/detail/5SL6163-7;Orta;"Site model alanı yalnız 'S'; sigorta kategorisinde listelenmiş ama ürün minyatür devre kesici.";"5SL6 kod yapısı (5SL6 + kutup + akım, -6 = B, -7 = C) bilinen katalog yapısına göre; tek tek doğrulanmadı.";https://www.cncdunyasi.com/urun/siemens-1-63-w-otomat-c-tipi-6-ka-sigorta
Şalt ürünleri;Siemens;5SL6310-7;;Siemens 5SL6 W otomat, 3 kutup, C eğrisi, 10 A, 6 kA;Siemens 5SL6;"Seri: Siemens 5SL6; Ürün tipi: Minyatür devre kesici (W otomat); Anma akımı: 10 A; Anma gerilimi: 230/400 V AC; Kutup / kontak: 3 kutup; Kesme kapasitesi: 6 kA; Montaj: 35 mm DIN ray";Açma eğrisi: C;Siemens 3*10 W Otomat C Tipi 6Ka;Siemens;Yok;https://sieportal.siemens.com/en-ww/products-services/detail/5SL6310-7;Orta;"Site model alanı yalnız 'S'; sigorta kategorisinde listelenmiş ama ürün minyatür devre kesici.";"5SL6 kod yapısı (5SL6 + kutup + akım, -6 = B, -7 = C) bilinen katalog yapısına göre; tek tek doğrulanmadı.";https://www.cncdunyasi.com/urun/siemens-3-10-w-otomat-c-tipi-6-ka-sigorta
Şalt ürünleri;Siemens;5SL6316-7;;Siemens 5SL6 W otomat, 3 kutup, C eğrisi, 16 A, 6 kA;Siemens 5SL6;"Seri: Siemens 5SL6; Ürün tipi: Minyatür devre kesici (W otomat); Anma akımı: 16 A; Anma gerilimi: 230/400 V AC; Kutup / kontak: 3 kutup; Kesme kapasitesi: 6 kA; Montaj: 35 mm DIN ray";Açma eğrisi: C;Siemens 3*16 W Otomat C Tipi 6Ka;Siemens;Yok;https://sieportal.siemens.com/en-ww/products-services/detail/5SL6316-7;Orta;"Site model alanı yalnız 'S'; sigorta kategorisinde listelenmiş ama ürün minyatür devre kesici.";"5SL6 kod yapısı (5SL6 + kutup + akım, -6 = B, -7 = C) bilinen katalog yapısına göre; tek tek doğrulanmadı.";https://www.cncdunyasi.com/urun/siemens-3-16-w-otomat-c-tipi-6-ka-sigorta
Şalt ürünleri;Siemens;5SL6320-7;;Siemens 5SL6 W otomat, 3 kutup, C eğrisi, 20 A, 6 kA;Siemens 5SL6;"Seri: Siemens 5SL6; Ürün tipi: Minyatür devre kesici (W otomat); Anma akımı: 20 A; Anma gerilimi: 230/400 V AC; Kutup / kontak: 3 kutup; Kesme kapasitesi: 6 kA; Montaj: 35 mm DIN ray";Açma eğrisi: C;Siemens 3*20 W Otomat C Tipi 6Ka;Siemens;Yok;https://sieportal.siemens.com/en-ww/products-services/detail/5SL6320-7;Orta;"Site model alanı yalnız 'S'; sigorta kategorisinde listelenmiş ama ürün minyatür devre kesici.";"5SL6 kod yapısı (5SL6 + kutup + akım, -6 = B, -7 = C) bilinen katalog yapısına göre; tek tek doğrulanmadı.";https://www.cncdunyasi.com/urun/siemens-3-20-w-otomat-c-tipi-6-ka-sigorta
Şalt ürünleri;Siemens;5SL6325-7;;Siemens 5SL6 W otomat, 3 kutup, C eğrisi, 25 A, 6 kA;Siemens 5SL6;"Seri: Siemens 5SL6; Ürün tipi: Minyatür devre kesici (W otomat); Anma akımı: 25 A; Anma gerilimi: 230/400 V AC; Kutup / kontak: 3 kutup; Kesme kapasitesi: 6 kA; Montaj: 35 mm DIN ray";Açma eğrisi: C;Siemens 3*25 W Otomat C Tipi 6Ka;Siemens;Yok;https://sieportal.siemens.com/en-ww/products-services/detail/5SL6325-7;Orta;"Site model alanı yalnız 'S'; sigorta kategorisinde listelenmiş ama ürün minyatür devre kesici.";"5SL6 kod yapısı (5SL6 + kutup + akım, -6 = B, -7 = C) bilinen katalog yapısına göre; tek tek doğrulanmadı.";https://www.cncdunyasi.com/urun/siemens-3-25-w-otomat-c-tipi-6-ka-sigorta
Şalt ürünleri;Siemens;5SL6332-7;;Siemens 5SL6 W otomat, 3 kutup, C eğrisi, 32 A, 6 kA;Siemens 5SL6;"Seri: Siemens 5SL6; Ürün tipi: Minyatür devre kesici (W otomat); Anma akımı: 32 A; Anma gerilimi: 230/400 V AC; Kutup / kontak: 3 kutup; Kesme kapasitesi: 6 kA; Montaj: 35 mm DIN ray";Açma eğrisi: C;Siemens 3*32 W Otomat C Tipi 6Ka;Siemens;Yok;https://sieportal.siemens.com/en-ww/products-services/detail/5SL6332-7;Orta;"Site model alanı yalnız 'S'; sigorta kategorisinde listelenmiş ama ürün minyatür devre kesici.";"5SL6 kod yapısı (5SL6 + kutup + akım, -6 = B, -7 = C) bilinen katalog yapısına göre; tek tek doğrulanmadı.";https://www.cncdunyasi.com/urun/siemens-3-32-w-otomat-c-tipi-6-ka-sigorta
Şalt ürünleri;Siemens;5SL6340-7;;Siemens 5SL6 W otomat, 3 kutup, C eğrisi, 40 A, 6 kA;Siemens 5SL6;"Seri: Siemens 5SL6; Ürün tipi: Minyatür devre kesici (W otomat); Anma akımı: 40 A; Anma gerilimi: 230/400 V AC; Kutup / kontak: 3 kutup; Kesme kapasitesi: 6 kA; Montaj: 35 mm DIN ray";Açma eğrisi: C;Siemens 3*40 W Otomat C Tipi 6Ka;Siemens;Yok;https://sieportal.siemens.com/en-ww/products-services/detail/5SL6340-7;Orta;"Site model alanı yalnız 'S'; sigorta kategorisinde listelenmiş ama ürün minyatür devre kesici.";"5SL6 kod yapısı (5SL6 + kutup + akım, -6 = B, -7 = C) bilinen katalog yapısına göre; tek tek doğrulanmadı.";https://www.cncdunyasi.com/urun/siemens-3-40-w-otomat-c-tipi-6-ka-sigorta
Şalt ürünleri;Siemens;5SL6350-7;;Siemens 5SL6 W otomat, 3 kutup, C eğrisi, 50 A, 6 kA;Siemens 5SL6;"Seri: Siemens 5SL6; Ürün tipi: Minyatür devre kesici (W otomat); Anma akımı: 50 A; Anma gerilimi: 230/400 V AC; Kutup / kontak: 3 kutup; Kesme kapasitesi: 6 kA; Montaj: 35 mm DIN ray";Açma eğrisi: C;Siemens 3*50 W Otomat C Tipi 6Ka;Siemens;Yok;https://sieportal.siemens.com/en-ww/products-services/detail/5SL6350-7;Orta;"Site model alanı yalnız 'S'; sigorta kategorisinde listelenmiş ama ürün minyatür devre kesici.";"5SL6 kod yapısı (5SL6 + kutup + akım, -6 = B, -7 = C) bilinen katalog yapısına göre; tek tek doğrulanmadı.";https://www.cncdunyasi.com/urun/siemens-3-50-w-otomat-c-tipi-6-ka-sigorta
Şalt ürünleri;Siemens;5SL6363-7;;Siemens 5SL6 W otomat, 3 kutup, C eğrisi, 63 A, 6 kA;Siemens 5SL6;"Seri: Siemens 5SL6; Ürün tipi: Minyatür devre kesici (W otomat); Anma akımı: 63 A; Anma gerilimi: 230/400 V AC; Kutup / kontak: 3 kutup; Kesme kapasitesi: 6 kA; Montaj: 35 mm DIN ray";Açma eğrisi: C;Siemens 3*63 W Otomat C Tipi 6Ka;Siemens;Yok;https://sieportal.siemens.com/en-ww/products-services/detail/5SL6363-7;Orta;"Site model alanı yalnız 'S'; sigorta kategorisinde listelenmiş ama ürün minyatür devre kesici.";"5SL6 kod yapısı (5SL6 + kutup + akım, -6 = B, -7 = C) bilinen katalog yapısına göre; tek tek doğrulanmadı.";https://www.cncdunyasi.com/urun/siemens-3-63-w-otomat-c-tipi-6-ka-sigorta
Şalt ürünleri;(markasız);ABS plastik pano 250×350×150 mm;;ABS plastik pano, 25×35×15 cm;;"Ürün tipi: ABS plastik pano (dağıtım/otomasyon kutusu); Ölçüler: 250 × 350 × 150 mm (site ölçüsü 25×35×15 cm)";Malzeme: ABS;25*35*15 ABS Pano;Zeybek;Yok;;Düşük;"'Zeybek' bir satıcı (zeybekmarket.com), 'ZEY.AP02' satıcının iç kodu; gerçek üretici, IP sınıfı ve kapak tipi verilmemiş.";Gerçek üretici belirlenemedi [TEYİT].;https://www.cncdunyasi.com/urun/25-35-15-abs-pano
Şalt ürünleri;(markasız);ABS plastik pano 300×400×170 mm;;ABS plastik pano, 30×40×17 cm;;"Ürün tipi: ABS plastik pano (dağıtım/otomasyon kutusu); Ölçüler: 300 × 400 × 170 mm (site ölçüsü 30×40×17 cm)";Malzeme: ABS; 30*40*17 ABS Pano;Zeybek;Yok;;Düşük;"'Zeybek' bir satıcı (zeybekmarket.com), 'ZEY.AP03' satıcının iç kodu; gerçek üretici, IP sınıfı ve kapak tipi verilmemiş.";Gerçek üretici belirlenemedi [TEYİT].;https://www.cncdunyasi.com/urun/30-40-17-abs-pano
Şalt ürünleri;(markasız);ABS plastik pano 300×400×220 mm;;ABS plastik pano, 30×40×22 cm;;"Ürün tipi: ABS plastik pano (dağıtım/otomasyon kutusu); Ölçüler: 300 × 400 × 220 mm (site ölçüsü 30×40×22 cm)";Malzeme: ABS; 30*40*22 ABS Pano;Zeybek;Yok;;Düşük;"'Zeybek' bir satıcı (zeybekmarket.com), 'ZEY.AP04' satıcının iç kodu; gerçek üretici, IP sınıfı ve kapak tipi verilmemiş.";Gerçek üretici belirlenemedi [TEYİT].;https://www.cncdunyasi.com/urun/30-40-22-abs-pano
Şalt ürünleri;(markasız);ABS plastik pano 350×500×190 mm;;ABS plastik pano, 35×50×19 cm;;"Ürün tipi: ABS plastik pano (dağıtım/otomasyon kutusu); Ölçüler: 350 × 500 × 190 mm (site ölçüsü 35×50×19 cm)";Malzeme: ABS;35*50*19 ABS Pano;Zeybek;Yok;;Düşük;"'Zeybek' bir satıcı (zeybekmarket.com), 'ZEY.AP05' satıcının iç kodu; gerçek üretici, IP sınıfı ve kapak tipi verilmemiş.";Gerçek üretici belirlenemedi [TEYİT].;https://www.cncdunyasi.com/urun/35-50-19-abs-pano
Şalt ürünleri;(markasız);ABS plastik pano 400×500×180 mm;;ABS plastik pano, 40×50×18 cm;;"Ürün tipi: ABS plastik pano (dağıtım/otomasyon kutusu); Ölçüler: 400 × 500 × 180 mm (site ölçüsü 40×50×18 cm)";Malzeme: ABS;40*50*18 ABS Pano;Zeybek;Yok;;Düşük;"'Zeybek' bir satıcı (zeybekmarket.com), 'ZEY.AP06' satıcının iç kodu; gerçek üretici, IP sınıfı ve kapak tipi verilmemiş.";Gerçek üretici belirlenemedi [TEYİT].;https://www.cncdunyasi.com/urun/40-50-18-abs-pano
Şalt ürünleri;(markasız);ABS plastik pano 400×500×240 mm;;ABS plastik pano, 40×50×24 cm;;"Ürün tipi: ABS plastik pano (dağıtım/otomasyon kutusu); Ölçüler: 400 × 500 × 240 mm (site ölçüsü 40×50×24 cm)";Malzeme: ABS;40*50*24 ABS Pano;Zeybek;Yok;;Düşük;"'Zeybek' bir satıcı (zeybekmarket.com), 'ZEY.AP07' satıcının iç kodu; gerçek üretici, IP sınıfı ve kapak tipi verilmemiş.";Gerçek üretici belirlenemedi [TEYİT].;https://www.cncdunyasi.com/urun/40-50-24-abs-pano
Şalt ürünleri;(markasız);ABS plastik pano 400×600×200 mm;;ABS plastik pano, 40×60×20 cm;;"Ürün tipi: ABS plastik pano (dağıtım/otomasyon kutusu); Ölçüler: 400 × 600 × 200 mm (site ölçüsü 40×60×20 cm)";Malzeme: ABS;40*60*20 ABS Pano;Zeybek;Yok;;Düşük;"'Zeybek' bir satıcı (zeybekmarket.com), 'ZEY.AP08' satıcının iç kodu; gerçek üretici, IP sınıfı ve kapak tipi verilmemiş.";Gerçek üretici belirlenemedi [TEYİT].;https://www.cncdunyasi.com/urun/40-60-20-abs-pano
Şalt ürünleri;(markasız);ABS plastik pano 500×700×250 mm;;ABS plastik pano, 50×70×25 cm;;"Ürün tipi: ABS plastik pano (dağıtım/otomasyon kutusu); Ölçüler: 500 × 700 × 250 mm (site ölçüsü 50×70×25 cm)";Malzeme: ABS;50*70*25 ABS Pano;Zeybek;Yok;;Düşük;"'Zeybek' bir satıcı (zeybekmarket.com), 'ZEY.AP10' satıcının iç kodu; gerçek üretici, IP sınıfı ve kapak tipi verilmemiş.";Gerçek üretici belirlenemedi [TEYİT].;https://www.cncdunyasi.com/urun/50-70-25-abs-pano
Şalt ürünleri;(markasız);ABS plastik pano 600×800×260 mm;;ABS plastik pano, 60×80×26 cm;;"Ürün tipi: ABS plastik pano (dağıtım/otomasyon kutusu); Ölçüler: 600 × 800 × 260 mm (site ölçüsü 60×80×26 cm)";Malzeme: ABS;60*80*26 Abs Pano;Zeybek;Yok;;Düşük;"'Zeybek' bir satıcı (zeybekmarket.com), 'ZEY.AP11' satıcının iç kodu; gerçek üretici, IP sınıfı ve kapak tipi verilmemiş.";Gerçek üretici belirlenemedi [TEYİT].;https://www.cncdunyasi.com/urun/60-80-26-abs-pano
Şalt ürünleri;(markasız);İzoleli kablo yüksüğü 0,34 mm² (DIN 46228-4 tipi);;İzoleli kablo yüksüğü, 0,34 mm², 1000 adet;;Ürün tipi: İzoleli kablo yüksüğü (kablo ucu);"Kablo kesiti: 0,34 mm²; Paket: 1000 adet";0,34 mm İzoleli Kablo Yüksüğü (1000 Adet);Zeybek;Yok;;Düşük;"'Zeybek' satıcı adı, 'ZB.KY-0.34' satıcı kodu; üretici, uç boyu ve renk kodu verilmemiş. Adda 'mm' yazıyor, doğrusu mm².";"Jenerik ürün; üretici belirlenemedi [TEYİT].";https://www.cncdunyasi.com/urun/0-34-mm-izoleli-kablo-yuksugu
Şalt ürünleri;(markasız);İzoleli kablo yüksüğü 0,50 mm² (DIN 46228-4 tipi);;İzoleli kablo yüksüğü, 0,50 mm², 1000 adet;;Ürün tipi: İzoleli kablo yüksüğü (kablo ucu);"Kablo kesiti: 0,50 mm²; Paket: 1000 adet";0,50 mm İzoleli Kablo Yüksüğü (1000 Adet);Zeybek;Yok;;Düşük;"'Zeybek' satıcı adı, 'ZB.KY-0.50' satıcı kodu; üretici, uç boyu ve renk kodu verilmemiş. Adda 'mm' yazıyor, doğrusu mm².";"Jenerik ürün; üretici belirlenemedi [TEYİT].";https://www.cncdunyasi.com/urun/0-50-mm-izoleli-kablo-yuksugu
Şalt ürünleri;(markasız);İzoleli kablo yüksüğü 0,75 mm² (DIN 46228-4 tipi);;İzoleli kablo yüksüğü, 0,75 mm², 1000 adet;;Ürün tipi: İzoleli kablo yüksüğü (kablo ucu);"Kablo kesiti: 0,75 mm²; Paket: 1000 adet";0,75 mm İzoleli Kablo Yüksüğü (1000 Adet);Zeybek;Yok;;Düşük;"'Zeybek' satıcı adı, 'ZB.KY-0.75' satıcı kodu; üretici, uç boyu ve renk kodu verilmemiş. Adda 'mm' yazıyor, doğrusu mm².";"Jenerik ürün; üretici belirlenemedi [TEYİT].";https://www.cncdunyasi.com/urun/0-75-mm-izoleli-kablo-yuksugu
Şalt ürünleri;(markasız);İzoleli kablo yüksüğü 1 mm² (DIN 46228-4 tipi);;İzoleli kablo yüksüğü, 1 mm², 1000 adet;;Ürün tipi: İzoleli kablo yüksüğü (kablo ucu);"Kablo kesiti: 1 mm²; Paket: 1000 adet";1 mm İzoleli Kablo Yüksüğü (1000 Adet);Zeybek;Yok;;Düşük;"'Zeybek' satıcı adı, 'ZB.KY-1.00' satıcı kodu; üretici, uç boyu ve renk kodu verilmemiş. Adda 'mm' yazıyor, doğrusu mm².";"Jenerik ürün; üretici belirlenemedi [TEYİT].";https://www.cncdunyasi.com/urun/1-mm-izoleli-kablo-yuksugu
Şalt ürünleri;(markasız);İzoleli kablo yüksüğü 1,5 mm² (DIN 46228-4 tipi);;İzoleli kablo yüksüğü, 1,5 mm², 1000 adet;;Ürün tipi: İzoleli kablo yüksüğü (kablo ucu);"Kablo kesiti: 1,5 mm²; Paket: 1000 adet";1,5 mm İzoleli Kablo Yüksüğü (1000 Adet);Zeybek;Yok;;Düşük;"'Zeybek' satıcı adı, 'ZB.KY-1.50' satıcı kodu; üretici, uç boyu ve renk kodu verilmemiş. Adda 'mm' yazıyor, doğrusu mm².";"Jenerik ürün; üretici belirlenemedi [TEYİT].";https://www.cncdunyasi.com/urun/1-5-mm-izoleli-kablo-yuksugu
Şalt ürünleri;(markasız);İzoleli kablo yüksüğü 2,5 mm² (DIN 46228-4 tipi);;İzoleli kablo yüksüğü, 2,5 mm², 500 adet;;Ürün tipi: İzoleli kablo yüksüğü (kablo ucu);"Kablo kesiti: 2,5 mm²; Paket: 500 adet";2,5 mm İzoleli Kablo Yüksüğü (500 Adet);Zeybek;Yok;;Düşük;"'Zeybek' satıcı adı, 'ZB.KY-2.50' satıcı kodu; üretici, uç boyu ve renk kodu verilmemiş. Adda 'mm' yazıyor, doğrusu mm².";"Jenerik ürün; üretici belirlenemedi [TEYİT].";https://www.cncdunyasi.com/urun/2-5-mm-izoleli-kablo-yuksugu
